window,frames_in_window,reflection_ratio_6s_mean,reflection_ratio_6s_min,reflection_ratio_6s_max,raw_peak_spacing_cm,raw_peak_std_cm,raw_peak_measurements_n,direction_filtered_incident_lambda_cm,raw_minus_incident_cm,raw_minus_incident_percent,note
previous 18.0-19.8 s stable direct measurement,56,0.015728847103678698,0.012561927488269,0.0196032371852456,22.43221025336697,0.20618689088799597,12,22.4,0.03221025336697281,0.14379577395970003,original result compared with 301-frame low-reflection correction
14-24 s low reflection,301,0.026761234402924085,0.012561927488269,0.043001849126915,22.49747474747475,0.5040334120653631,99,22.4,0.09747474747475238,0.43515512265514456,main comparison window
25-31 s transition,181,0.1810683867481233,0.0921944789213576,0.2706879778634293,22.20357142857144,1.258574113499814,70,23.25,-1.0464285714285602,-4.500768049155098,reflection starts to matter
31-36 s high reflection,151,0.30213895942794716,0.2642914217978282,0.3314594320829211,24.753125000000004,0.6465712918803858,32,23.200000000000003,1.5531250000000014,6.694504310344833,exclude or direction-filter
