method,acf_lambda_cm
raw,24.450000000000003
incident filtered,22.700000000000003
reflected filtered,21.150000000000002
