{
  "ci_sample_load_stress_ratio": [
    1.0,
    1.0,
    1.0,
    1.0,
    1.0
  ],
  "ci_sample_loads": [
    528.635,
    531.1448,
    533.646,
    536.1428,
    538.6386
  ],
  "ci_sample_stresses": [
    528.635,
    531.1448,
    533.646,
    536.1428,
    538.6386
  ],
  "ci_load_stress_ratio": 1.0,
  "ci_ab44_max_load_N": 4670.727,
  "ci_ab44_max_stress": 4670.727,
  "ci_destroy_max_load_N": 9026.582,
  "ci_E_groups": 4,
  "ci_E_slopes": [
    1678579.4372958746,
    1778100.0343806872,
    1781736.5598498066,
    1778222.0624775463
  ],
  "al_E_groups": 3,
  "al_E_slopes": [
    660604.2636589612,
    678132.5211388711,
    679213.7973114917
  ],
  "al_max_load_N": 7387.249,
  "al_destroy_headers": [
    "\u65f6\u95f4",
    "\u8f7d\u8377",
    "\u884c\u7a0b",
    "\u5f15\u4f38\u8ba11",
    "\u4f4d\u79fb",
    "\u4f4d\u79fb(\u5e94\u53d8)",
    "\u5f15\u4f38\u8ba11(\u5e94\u53d8)"
  ],
  "al_elastic_slope_from_destroy": 663309.5264519802,
  "al_Rp02_load": 6924.457,
  "al_Rp02_idx": 12772,
  "poly_max_load_N": 1028.076,
  "poly_npts": 41666,
  "poly_headers": [
    "\u65f6\u95f4",
    "\u8f7d\u8377",
    "\u884c\u7a0b",
    "\u4f4d\u79fb"
  ],
  "poly_yield_N": 0
}