item_id,group,source_file,source_label,question_no,question_text,inferred_topic,cheatsheet_path,page_reference,solution_route,own_steps,needed_supplement,score_basis,estimated_score,max_score,normalized_percent,confidence,notes
Q0001,往年期末题-主目录,D:\虚拟C盘\学习\流体力学\题库\期末试题\2006.6流体力学期末真题.doc,2006.6流体力学期末真题.doc,1,1．第一部分 共20分，每题5分 [1]. 一直径为10cm长200m的光滑圆管水平连接着两个20℃的水槽，其中一个的水位为800m，另一为650m，问其流量约为多少？若管子粗糙，实际流量为100m3/h，问平均粗糙度是多少？ [2]. 一个直径2cm光滑铝球（SG=2.7）在20℃的静止水中下沉，若其基于迎风面积的阻力系数为0.5，问该球下沉的终极速度是多少。 [3]. 一个500K和200kPa的空气源为一喷管提供等熵流动，若在某截面的压力为150kPa，问该处的马赫数和温度各是多少？ [4]. 有一温度500K、压力300kPa的大空气容器连接一Laval喷管，其喉部面积为0.06平方米。若由其作定常等熵流动，最大质量流量为多少？,可压缩流/喷管/激波/膨胀波,P3 > 等熵流+Laval；P4 > 激波+膨胀波；Q4 > 第7章题库速解；R2 > 查表衔接；M14 > 查表动作；M26 > 可压查表,P3；P4,先判等熵、阻塞、内激波、斜激波或膨胀波；按 P3/P4 分段写公式；用 M26 明确输入量：等熵/面积用 M，正激波用 M1，斜激波用 M1、theta，PM 用 nu(M)；最后检查 pe/pb 和总压是否跨激波重置。,1. 判定等熵段、阻塞、激波或膨胀波；2. 写 T0/T、p0/p、A/A* 或激波关系；3. 选择亚声/超声支；4. 标出需要查表的 M、β、ν；5. 回代压力、温度、流量并检查 pe/pb。,斜激波图、PM 函数和面积-马赫数完整表仍可能需要教材；v80 把查表输入和后续接公式写得更明确。 v68 已补 M=1/2/3 的等熵、面积、PM 角和正激波锚点；完整斜激波/PM/面积查表仍需教材。 v80 保留喷管/激波/PM 查表动作和 0.528 易错判断，并补 Fanno 等截面绝热摩擦管入口；同时保留 Ma 物理意义、等熵任意两点、最大速度、弱/强斜激波、脱体激波、PM 最大偏转、背压/出口内压易错和波阻概念；复杂波系仍需按图逐段判支路。,主题命中“可压缩流/喷管/激波/膨胀波”，v80 基础过程覆盖约 81%。；仍依赖教材图表或读图；v80 有小查表/查表动作和收口模板，但不是完整数值表。,7.7,10.0,77.0,中高,
Q0002,往年期末题-主目录,D:\虚拟C盘\学习\流体力学\题库\期末试题\2006.6流体力学期末真题.doc,2006.6流体力学期末真题.doc,2,2．第二部分 共80分，每题20分 [1]. 一水池有20?C的水1 m3，其底部接一ε约为0.0012的粗糙圆管（见右图）。求此时的出口流量Q（m3/h）。如果流体为SAE 10W30 号油，问圆管出口为湍流还是层流？（提示：本题若需迭代，初始值，迭代步数） [2]. 一充满氦气的气球由一细线栓于地面，细线的重量、阻力皆可忽略，环境空气为20?C和一个大气压。气球不含氦气时的材料重量为0.2N。气球内的氦气压力为120kPa，直径50cm。求：若风速分别为（a）4m/s和（b）24m/s时θ角是多少。 [3]. 考虑20?C的水以5m/s的速度流过直径1.2米的圆柱。请问需要多大强度的偶极子?来模拟这一流动？如果远处来流静压为150kPa，应用无粘理论，给出角度θ为(a) 180?、 (b) 135?、和(c) 90?时圆柱表面的压力。若该圆柱有环量Γ，求其为多少时θ??35°和145°处有驻点。 [4]. 空气流过一连接两大气源的Laval喷管，连接喉部和下游气源的水银柱高为（如右图）。估算下游气源压力。喷管中有正激波吗？如果有，它是在喷管出口还是上游一些？如果该喷管精确地运行于超音速的设计条件，水银柱高应为多少？,粘性管路/沿程局部损失/泵水轮机,P5 > 管路损失；Q5 > 粘性流动题库速解；M21 > 题图决策卡；M22 > 误判；M26 > 管路/模型,P5,由 Q 求 V，算 Re，判层/湍；层流用 H-P 或 64/Re，光滑湍流可用 0.3164/Re^(1/4)，粗糙管查 Moody；局部损失用所在管段速度；汇总后代入机械能求目标量。,1. 由 Q 和管径求 V；2. 算 Re 判断层流/湍流；3. 取 lambda 或查 Moody/Colebrook；4. 汇总沿程/局部损失；5. 代入机械能方程求目标量。,局部损失系数、粗糙度和物性仍需题给或查教材；v80 明确了 Moody、光滑管和局部损失速度的收口。 v80 保留管路机械能、沿程/局部损失、泵/水轮机功率、Moody/Colebrook 入口，并补圆管层流抛物线速度分布、湍流丰满剖面和平均/最大速度易错。,主题命中“粘性管路/沿程局部损失/泵水轮机”，v80 基础过程覆盖约 85%。；仍依赖教材图表或读图；v80 有小查表/查表动作和收口模板，但不是完整数值表。,8.1,10.0,81.0,中高,
Q0003,往年期末题-主目录,D:\虚拟C盘\学习\流体力学\题库\期末试题\2006年流体力学期末试卷.doc,2006年流体力学期末试卷.doc,1,1．第一部分 共20分，每题5分 [1]. 一直径为10cm长200m的光滑圆管水平连接着两个20℃的水槽，其中一个的水位为800m，另一为650m，问其流量约为多少？若管子粗糙，实际流量为100m3/h，问平均粗糙度是多少？ [2]. 一个直径2cm光滑铝球（SG=2.7）在20℃的静止水中下沉，若其基于迎风面积的阻力系数为0.5，问该球下沉的终极速度是多少。 [3]. 一个500K和200kPa的空气源为一喷管提供等熵流动，若在某截面的压力为150kPa，问该处的马赫数和温度各是多少？ [4]. 有一温度500K、压力300kPa的大空气容器连接一Laval喷管，其喉部面积为0.06平方米。若由其作定常等熵流动，最大质量流量为多少？,可压缩流/喷管/激波/膨胀波,P3 > 等熵流+Laval；P4 > 激波+膨胀波；Q4 > 第7章题库速解；R2 > 查表衔接；M14 > 查表动作；M26 > 可压查表,P3；P4,先判等熵、阻塞、内激波、斜激波或膨胀波；按 P3/P4 分段写公式；用 M26 明确输入量：等熵/面积用 M，正激波用 M1，斜激波用 M1、theta，PM 用 nu(M)；最后检查 pe/pb 和总压是否跨激波重置。,1. 判定等熵段、阻塞、激波或膨胀波；2. 写 T0/T、p0/p、A/A* 或激波关系；3. 选择亚声/超声支；4. 标出需要查表的 M、β、ν；5. 回代压力、温度、流量并检查 pe/pb。,斜激波图、PM 函数和面积-马赫数完整表仍可能需要教材；v80 把查表输入和后续接公式写得更明确。 v68 已补 M=1/2/3 的等熵、面积、PM 角和正激波锚点；完整斜激波/PM/面积查表仍需教材。 v80 保留喷管/激波/PM 查表动作和 0.528 易错判断，并补 Fanno 等截面绝热摩擦管入口；同时保留 Ma 物理意义、等熵任意两点、最大速度、弱/强斜激波、脱体激波、PM 最大偏转、背压/出口内压易错和波阻概念；复杂波系仍需按图逐段判支路。,主题命中“可压缩流/喷管/激波/膨胀波”，v80 基础过程覆盖约 81%。；仍依赖教材图表或读图；v80 有小查表/查表动作和收口模板，但不是完整数值表。,7.7,10.0,77.0,中高,
Q0004,往年期末题-主目录,D:\虚拟C盘\学习\流体力学\题库\期末试题\2006年流体力学期末试卷.doc,2006年流体力学期末试卷.doc,2,2．第二部分 共80分，每题20分 [1]. 一水池有20?C的水1 m3，其底部接一ε约为0.0012的粗糙圆管（见右图）。求此时的出口流量Q（m3/h）。如果流体为SAE 10W30 号油，问圆管出口为湍流还是层流？（提示：本题若需迭代，初始值，迭代步数） [2]. 一充满氦气的气球由一细线栓于地面，细线的重量、阻力皆可忽略，环境空气为20?C和一个大气压。气球不含氦气时的材料重量为0.2N。气球内的氦气压力为120kPa，直径50cm。求：若风速分别为（a）4m/s和（b）24m/s时θ角是多少。 [3]. 考虑20?C的水以5m/s的速度流过直径1.2米的圆柱。请问需要多大强度的偶极子?来模拟这一流动？如果远处来流静压为150kPa，应用无粘理论，给出角度θ为(a) 180?、 (b) 135?、和(c) 90?时圆柱表面的压力。若该圆柱有环量Γ，求其为多少时θ??35°和145°处有驻点。 [4]. 空气流过一连接两大气源的Laval喷管，连接喉部和下游气源的水银柱高为（如右图）。估算下游气源压力。喷管中有正激波吗？如果有，它是在喷管出口还是上游一些？如果该喷管精确地运行于超音速的设计条件，水银柱高应为多少？ 更多清华大学本科试卷 尽在www.juanjuantx.com,粘性管路/沿程局部损失/泵水轮机,P5 > 管路损失；Q5 > 粘性流动题库速解；M21 > 题图决策卡；M22 > 误判；M26 > 管路/模型,P5,由 Q 求 V，算 Re，判层/湍；层流用 H-P 或 64/Re，光滑湍流可用 0.3164/Re^(1/4)，粗糙管查 Moody；局部损失用所在管段速度；汇总后代入机械能求目标量。,1. 由 Q 和管径求 V；2. 算 Re 判断层流/湍流；3. 取 lambda 或查 Moody/Colebrook；4. 汇总沿程/局部损失；5. 代入机械能方程求目标量。,局部损失系数、粗糙度和物性仍需题给或查教材；v80 明确了 Moody、光滑管和局部损失速度的收口。 v80 保留管路机械能、沿程/局部损失、泵/水轮机功率、Moody/Colebrook 入口，并补圆管层流抛物线速度分布、湍流丰满剖面和平均/最大速度易错。,主题命中“粘性管路/沿程局部损失/泵水轮机”，v80 基础过程覆盖约 85%。；仍依赖教材图表或读图；v80 有小查表/查表动作和收口模板，但不是完整数值表。,8.1,10.0,81.0,中高,
Q0005,往年期末题-主目录,D:\虚拟C盘\学习\流体力学\题库\期末试题\2007.7流体力学期末真题及答案.pdf,2007.7流体力学期末真题及答案.pdf,整卷,"[[PDF_PAGE 1]]

[[PDF_PAGE 2]]

[[PDF_PAGE 3]]

[[PDF_PAGE 4]]

[[PDF_PAGE 5]]

[[PDF_PAGE 6]]

[[PDF_PAGE 7]]

[[PDF_PAGE 8]]

[[PDF_PAGE 9]]",概念简答/定义解释,M18 > 往年题可能问法：一句话答案；M23 > 概念短答库；R6 > 可直接抄的结论句；M9 > 高频小问速答；M12 > 概念题保底,无直接页码,先定位 M18/M23/R6 的可抄定义句；按“定义一句+原因一句+后果一句”写；若有公式页，再补适用条件和易错点。,1. 先按题干关键词选模型；2. 在 v80 对应页写首个控制方程/公式；3. 把题给几何、单位和边界条件代入；4. 做代数求解或列出需要查图查表的位置；5. 检查单位、方向、绝压/表压或适用条件。,v80 已显著补强短答，但长论述、实验现象细节和教材原话仍可能扣少量分。 v67 补长论述结构，v69 补读图/收口检查，v80 补层流/湍流/渐变流可抄定义；教材原话仍可能扣分。 v80 已补 N-S 各项标准意义、控制体外力组成、层/湍速度剖面、Boussinesq 涡黏、水击波速因素、孔板/自由射流概念、渐变流测压管水头、Ma 物理意义与 0.3 判据、深水波定义、RTT 守恒入口、完全/部分相似短答和标准四行答案模板，适合先写过程分。,主题命中“概念简答/定义解释”，v80 基础过程覆盖约 89%。,8.9,10.0,89.0,中高,
Q0006,往年期末题-主目录,D:\虚拟C盘\学习\流体力学\题库\期末试题\工程流体力学期末考试及答案.pdf,工程流体力学期末考试及答案.pdf,1,1.流体力学研究中为什么要引入连续介质假设。（4 分）,概念简答/定义解释,M18 > 往年题可能问法：一句话答案；M23 > 概念短答库；R6 > 可直接抄的结论句；M9 > 高频小问速答；M12 > 概念题保底,无直接页码,先定位 M18/M23/R6 的可抄定义句；按“定义一句+原因一句+后果一句”写；若有公式页，再补适用条件和易错点。,1. 先按题干关键词选模型；2. 在 v80 对应页写首个控制方程/公式；3. 把题给几何、单位和边界条件代入；4. 做代数求解或列出需要查图查表的位置；5. 检查单位、方向、绝压/表压或适用条件。,v80 已显著补强短答，但长论述、实验现象细节和教材原话仍可能扣少量分。 v67 补长论述结构，v69 补读图/收口检查，v80 补层流/湍流/渐变流可抄定义；教材原话仍可能扣分。 v80 已补 N-S 各项标准意义、控制体外力组成、层/湍速度剖面、Boussinesq 涡黏、水击波速因素、孔板/自由射流概念、渐变流测压管水头、Ma 物理意义与 0.3 判据、深水波定义、RTT 守恒入口、完全/部分相似短答和标准四行答案模板，适合先写过程分。,主题命中“概念简答/定义解释”，v80 基础过程覆盖约 89%。,3.6,4.0,90.0,中,
Q0007,往年期末题-主目录,D:\虚拟C盘\学习\流体力学\题库\期末试题\工程流体力学期末考试及答案.pdf,工程流体力学期末考试及答案.pdf,2,2.如图所示，p 表示绝对压强，pa 表示大气压强，试在图中括号内填写所表示的压强。（4 分）,静水压力/测压/闸门,P1 > 静水压旧题急救；Q1 > 平面/曲面闸门完整答案骨架；M19 > 真空度/负表压；M21 > 题图决策卡,P1,先按静水压图题入口读液面和高程；用同高同压逐段写压力链；闸门题套 Q1 的合力、压力中心、铰链取矩；最后检查表压/绝压和负表压。,1. 选同一静止连通液体等压面；2. 沿竖直方向逐段加减 rho g h；3. 若为闸门，求 F 与压力中心；4. 对铰链或曲面分量列平衡；5. 判断表压/绝压。,满分仍需要题图高程、铰链位置、面积惯性矩或多液体界面读数；v80 已给模板但不能替代读图。,主题命中“静水压力/测压/闸门”，v80 基础过程覆盖约 84%。；仍依赖教材图表或读图；v80 有小查表/查表动作和收口模板，但不是完整数值表。,3.2,4.0,80.0,中,
Q0008,往年期末题-主目录,D:\虚拟C盘\学习\流体力学\题库\期末试题\工程流体力学期末考试及答案.pdf,工程流体力学期末考试及答案.pdf,3,3.如果流体的密度表示为ρ= ρ（x，y，z，t），分别写出它的当地导数和迁移导数的表达式（6 分）,概念简答/定义解释,M18 > 往年题可能问法：一句话答案；M23 > 概念短答库；R6 > 可直接抄的结论句；M9 > 高频小问速答；M12 > 概念题保底,无直接页码,先定位 M18/M23/R6 的可抄定义句；按“定义一句+原因一句+后果一句”写；若有公式页，再补适用条件和易错点。,1. 先按题干关键词选模型；2. 在 v80 对应页写首个控制方程/公式；3. 把题给几何、单位和边界条件代入；4. 做代数求解或列出需要查图查表的位置；5. 检查单位、方向、绝压/表压或适用条件。,v80 已显著补强短答，但长论述、实验现象细节和教材原话仍可能扣少量分。 v67 补长论述结构，v69 补读图/收口检查，v80 补层流/湍流/渐变流可抄定义；教材原话仍可能扣分。 v80 已补 N-S 各项标准意义、控制体外力组成、层/湍速度剖面、Boussinesq 涡黏、水击波速因素、孔板/自由射流概念、渐变流测压管水头、Ma 物理意义与 0.3 判据、深水波定义、RTT 守恒入口、完全/部分相似短答和标准四行答案模板，适合先写过程分。,主题命中“概念简答/定义解释”，v80 基础过程覆盖约 89%。；仍依赖教材图表或读图；v80 有小查表/查表动作和收口模板，但不是完整数值表。,5.1,6.0,85.0,中,
Q0009,往年期末题-主目录,D:\虚拟C盘\学习\流体力学\题库\期末试题\工程流体力学期末考试及答案.pdf,工程流体力学期末考试及答案.pdf,4,4.简述粘性流体绕流物体时产生阻力的原因。如何减少阻力? （6 分）,概念简答/定义解释,M18 > 往年题可能问法：一句话答案；M23 > 概念短答库；R6 > 可直接抄的结论句；M9 > 高频小问速答；M12 > 概念题保底,无直接页码,先定位 M18/M23/R6 的可抄定义句；按“定义一句+原因一句+后果一句”写；若有公式页，再补适用条件和易错点。,1. 先按题干关键词选模型；2. 在 v80 对应页写首个控制方程/公式；3. 把题给几何、单位和边界条件代入；4. 做代数求解或列出需要查图查表的位置；5. 检查单位、方向、绝压/表压或适用条件。,v80 已显著补强短答，但长论述、实验现象细节和教材原话仍可能扣少量分。 v67 补长论述结构，v69 补读图/收口检查，v80 补层流/湍流/渐变流可抄定义；教材原话仍可能扣分。 v80 已补 N-S 各项标准意义、控制体外力组成、层/湍速度剖面、Boussinesq 涡黏、水击波速因素、孔板/自由射流概念、渐变流测压管水头、Ma 物理意义与 0.3 判据、深水波定义、RTT 守恒入口、完全/部分相似短答和标准四行答案模板，适合先写过程分。,主题命中“概念简答/定义解释”，v80 基础过程覆盖约 89%。,5.3,6.0,88.3,中,
Q0010,往年期末题-主目录,D:\虚拟C盘\学习\流体力学\题库\期末试题\工程流体力学期末考试及答案.pdf,工程流体力学期末考试及答案.pdf,5,5.如图，在两块相距 20mm 的平板间充满动力粘度为 0.065（N·s）/m²的油，如果以 1m/s 速度拉动距上平板 5mm，面积为 0.5m²的薄板（不计厚度），求需要的拉力（12 分）。,边界层/外绕流阻力,P6 > 平板边界层；P6 > 位移/动量厚度；M24 > 边界层积分题；Q5 > 边界层题库速解；M13 > 微题,P6,先算 Re_x/Re_L 判层流、湍流或转捩；直接题用 delta、Cf、阻力公式；速度剖面题用 M24 的 delta*、theta 和 Karman 模板；外绕流判断摩擦/压差阻力和分离。,1. 算 Re_x 或 Re_L；2. 判断层流/湍流/低 Re；3. 选厚度、Cf 或阻力公式；4. 若为厚度定义题，尝试写积分；5. 说明 v80 缺失的定义或图表。,"复杂非零压梯度动量积分、实验阻力图和扫描图数值仍需教材/图表；v80 已覆盖书10.3/10.5 常见剖面。 v80 已补 delta*, theta, H 的物理意义；复杂动量积分推导仍需手算。 v80 已补局部摩阻系数 cf、单位宽阻力 D'、CD=2theta/L、转捩位置 xcr、平板层/湍/混合阻力判定和湿表面积/迎风面积区分；复杂分离与实验阻力图仍需教材。 v80 保留给定速度剖面到 delta、theta、delta_E、tau_w、CD 的通用积分链，补强 delta、delta*、theta、delta_E 的物理意义，保留层/湍速度剖面标准句、Boussinesq 涡黏、吸气/吹气修正、自由射流动量通量入口、Theta 分离判据和 Karman--Pohlhausen 配边界步骤。",主题命中“边界层/外绕流阻力”，v80 基础过程覆盖约 87%。；仍依赖教材图表或读图；v80 有小查表/查表动作和收口模板，但不是完整数值表。,10.0,12.0,83.3,中高,
Q0011,往年期末题-主目录,D:\虚拟C盘\学习\流体力学\题库\期末试题\工程流体力学期末考试及答案.pdf,工程流体力学期末考试及答案.pdf,6,6.如图所示，有一直径 d=12cm 的圆柱体，其质量 m=5kg，在力 F=100N 的作用下，当淹深 h=0.5m 时，处 于静止状态，求测压管中水柱的高度 H。（12 分）,静水压力/测压/闸门,P1 > 静水压旧题急救；Q1 > 平面/曲面闸门完整答案骨架；M19 > 真空度/负表压；M21 > 题图决策卡,P1,先按静水压图题入口读液面和高程；用同高同压逐段写压力链；闸门题套 Q1 的合力、压力中心、铰链取矩；最后检查表压/绝压和负表压。,1. 选同一静止连通液体等压面；2. 沿竖直方向逐段加减 rho g h；3. 若为闸门，求 F 与压力中心；4. 对铰链或曲面分量列平衡；5. 判断表压/绝压。,满分仍需要题图高程、铰链位置、面积惯性矩或多液体界面读数；v80 已给模板但不能替代读图。,主题命中“静水压力/测压/闸门”，v80 基础过程覆盖约 84%。；仍依赖教材图表或读图；v80 有小查表/查表动作和收口模板，但不是完整数值表。,9.6,12.0,80.0,中高,
Q0012,往年期末题-主目录,D:\虚拟C盘\学习\流体力学\题库\期末试题\工程流体力学期末考试及答案.pdf,工程流体力学期末考试及答案.pdf,7,7.有一水平喷嘴，如图所示，D1=200mm 和 D2=100mm，喷嘴进口水的绝对压强为 345kPa，出口为大气， pa=103.4kPa，出口水速为 22m/s。求固定喷嘴法兰螺栓上所受的力为多少?假定为不可压缩定常流动，忽略 摩擦损失。（12 分）,流体运动学/连续/流线迹线,P1 > 连续性；Q1 > 迹线/流线/脉线；M18 > 往年题可能问法；M23 > 概念短答库；T6 > 常见问法到答案,P1,先判速度场/描述方法；写连续、旋度、流线/迹线微分式；概念题直接用 M18/M23 的一句话答案；应力题转 Q1 张量模板。,1. 先按题干关键词选模型；2. 在 v80 对应页写首个控制方程/公式；3. 把题给几何、单位和边界条件代入；4. 做代数求解或列出需要查图查表的位置；5. 检查单位、方向、绝压/表压或适用条件。,若要求长篇推导或复杂坐标变换，仍需教材细节；v80 已足够支撑多数简答和基础计算过程。 v67 已补推导题固定结构，v69/v80 补截面、边界条件和概念收口检查。 v80 保留新题定位入口、非定常 Bernoulli 推导条件、速度势单值/路径无关证明、Lagrange/Kelvin 可抄证明句、涡管强度 ΩA 守恒、涡量矩模板、自由射流动量通量和 RTT 入口，并补纳维-斯托克斯原词、圆管断面速度分布原词、渐变流测压管水头；更长证明仍需教材措辞。,主题命中“流体运动学/连续/流线迹线”，v80 基础过程覆盖约 85%。；仍依赖教材图表或读图；v80 有小查表/查表动作和收口模板，但不是完整数值表。,9.7,12.0,80.8,中高,
Q0013,往年期末题-主目录,D:\虚拟C盘\学习\流体力学\题库\期末试题\工程流体力学期末考试及答案.pdf,工程流体力学期末考试及答案.pdf,8,8.不可压缩流体无旋流动的速度分布为 u=Ax+By，v=Cx+Dy，w=0，若此流场满足连续性方程，试导出 A、 B、C、D 所需满足的条件。（不计重力影响）（10 分）,流体运动学/连续/流线迹线,P1 > 连续性；Q1 > 迹线/流线/脉线；M18 > 往年题可能问法；M23 > 概念短答库；T6 > 常见问法到答案,P1,先判速度场/描述方法；写连续、旋度、流线/迹线微分式；概念题直接用 M18/M23 的一句话答案；应力题转 Q1 张量模板。,1. 先按题干关键词选模型；2. 在 v80 对应页写首个控制方程/公式；3. 把题给几何、单位和边界条件代入；4. 做代数求解或列出需要查图查表的位置；5. 检查单位、方向、绝压/表压或适用条件。,若要求长篇推导或复杂坐标变换，仍需教材细节；v80 已足够支撑多数简答和基础计算过程。 v67 已补推导题固定结构，v69/v80 补截面、边界条件和概念收口检查。 v80 保留新题定位入口、非定常 Bernoulli 推导条件、速度势单值/路径无关证明、Lagrange/Kelvin 可抄证明句、涡管强度 ΩA 守恒、涡量矩模板、自由射流动量通量和 RTT 入口，并补纳维-斯托克斯原词、圆管断面速度分布原词、渐变流测压管水头；更长证明仍需教材措辞。,主题命中“流体运动学/连续/流线迹线”，v80 基础过程覆盖约 85%。,8.5,10.0,85.0,中高,
Q0014,往年期末题-主目录,D:\虚拟C盘\学习\流体力学\题库\期末试题\工程流体力学期末考试及答案.pdf,工程流体力学期末考试及答案.pdf,9,9.水流过一段转弯变径管，如图所示，已知小管径 d1=200mm，截面压力 p1=70kPa，大管径 d2=400mm，压 力 p2=40kPa，流速 v2=1m/s。两截面中心高度差 z=1m，求管中流量及水流方向。（12 分）,Bernoulli/机械能/动量控制体,P1 > 控制体动量模板；P1 > 伯努利/机械能；Q2 > 弯管受力/喷嘴反力；M21 > 题图决策卡；M26 > 高频计算/查表/控制体收口,P1,先选截面，写连续和 Bernoulli/机械能；再按控制体受力图列压力力、壁面力和动量通量；多出口用 M26 通式；求出壁面对流体的力后按题问管/螺栓取反。,1. 先按题干关键词选模型；2. 在 v80 对应页写首个控制方程/公式；3. 把题给几何、单位和边界条件代入；4. 做代数求解或列出需要查图查表的位置；5. 检查单位、方向、绝压/表压或适用条件。,复杂三维受力和图中方向仍要自己画清楚；v80 已补多出口通式和喷嘴/弯管收口流程。 v69 把截面号、面积、高程、表压/绝压、CV取反和局损速度集中到读图/收口八查。 v80 保留雷诺输运、压力力方向/表压、孔板/文丘里流量计公式链，并补控制体外力组成与自由射流动量通量提示；复杂控制体仍需画受力图。,主题命中“Bernoulli/机械能/动量控制体”，v80 基础过程覆盖约 84%。；仍依赖教材图表或读图；v80 有小查表/查表动作和收口模板，但不是完整数值表。,9.6,12.0,80.0,中高,
Q0015,往年期末题-主目录,D:\虚拟C盘\学习\流体力学\题库\期末试题\工程流体力学期末考试及答案.pdf,工程流体力学期末考试及答案.pdf,10,10.空气从炉膛入口进入，在炉膛内与燃料燃烧后变成烟气，烟气通过烟道经烟囱排放道大气中，如果烟气 密度为 0.6kg/m3，烟道内压力损失为 8ρv²/2，烟囱内压力损失为 26ρv²/2，求烟囱出口处的烟气速度 v 和烟 道与烟囱底部接头处的烟气静压 p。其中，炉膛入口标高为 0m，烟道与烟囱接头处标高为 5m，烟囱出口标 高为 40m，空气密度为 1.2kg/m²。 （12 分）,概念简答/定义解释,M18 > 往年题可能问法：一句话答案；M23 > 概念短答库；R6 > 可直接抄的结论句；M9 > 高频小问速答；M12 > 概念题保底,无直接页码,先定位 M18/M23/R6 的可抄定义句；按“定义一句+原因一句+后果一句”写；若有公式页，再补适用条件和易错点。,1. 先按题干关键词选模型；2. 在 v80 对应页写首个控制方程/公式；3. 把题给几何、单位和边界条件代入；4. 做代数求解或列出需要查图查表的位置；5. 检查单位、方向、绝压/表压或适用条件。,v80 已显著补强短答，但长论述、实验现象细节和教材原话仍可能扣少量分。 v67 补长论述结构，v69 补读图/收口检查，v80 补层流/湍流/渐变流可抄定义；教材原话仍可能扣分。 v80 已补 N-S 各项标准意义、控制体外力组成、层/湍速度剖面、Boussinesq 涡黏、水击波速因素、孔板/自由射流概念、渐变流测压管水头、Ma 物理意义与 0.3 判据、深水波定义、RTT 守恒入口、完全/部分相似短答和标准四行答案模板，适合先写过程分。,主题命中“概念简答/定义解释”，v80 基础过程覆盖约 89%。,10.7,12.0,89.2,中高,
Q0016,往年期末题-主目录,D:\虚拟C盘\学习\流体力学\题库\期末试题\流体力学2022春期末考试试题.pdf,流体力学2022春期末考试试题.pdf,简答1,简述欧拉法和拉格朗日法的差异。,概念简答/定义解释,M18 > 往年题可能问法：一句话答案；M23 > 概念短答库；R6 > 可直接抄的结论句；M9 > 高频小问速答；M12 > 概念题保底,无直接页码,先定位 M18/M23/R6 的可抄定义句；按“定义一句+原因一句+后果一句”写；若有公式页，再补适用条件和易错点。,1. 先按题干关键词选模型；2. 在 v80 对应页写首个控制方程/公式；3. 把题给几何、单位和边界条件代入；4. 做代数求解或列出需要查图查表的位置；5. 检查单位、方向、绝压/表压或适用条件。,v80 已显著补强短答，但长论述、实验现象细节和教材原话仍可能扣少量分。 v67 补长论述结构，v69 补读图/收口检查，v80 补层流/湍流/渐变流可抄定义；教材原话仍可能扣分。 v80 已补 N-S 各项标准意义、控制体外力组成、层/湍速度剖面、Boussinesq 涡黏、水击波速因素、孔板/自由射流概念、渐变流测压管水头、Ma 物理意义与 0.3 判据、深水波定义、RTT 守恒入口、完全/部分相似短答和标准四行答案模板，适合先写过程分。,2022 春期末卷为本次人工核验样本，按 15 道简答 45 分、4 道计算 55 分的原卷结构估分；简答共 15/45，计算共 41/55。,2.5,3.0,83.3,高,
Q0017,往年期末题-主目录,D:\虚拟C盘\学习\流体力学\题库\期末试题\流体力学2022春期末考试试题.pdf,流体力学2022春期末考试试题.pdf,简答2,简述层流和紊流的差异。,概念简答/定义解释,M18 > 往年题可能问法：一句话答案；M23 > 概念短答库；R6 > 可直接抄的结论句；M9 > 高频小问速答；M12 > 概念题保底,无直接页码,先定位 M18/M23/R6 的可抄定义句；按“定义一句+原因一句+后果一句”写；若有公式页，再补适用条件和易错点。,1. 先按题干关键词选模型；2. 在 v80 对应页写首个控制方程/公式；3. 把题给几何、单位和边界条件代入；4. 做代数求解或列出需要查图查表的位置；5. 检查单位、方向、绝压/表压或适用条件。,v80 已显著补强短答，但长论述、实验现象细节和教材原话仍可能扣少量分。 v67 补长论述结构，v69 补读图/收口检查，v80 补层流/湍流/渐变流可抄定义；教材原话仍可能扣分。 v80 已补 N-S 各项标准意义、控制体外力组成、层/湍速度剖面、Boussinesq 涡黏、水击波速因素、孔板/自由射流概念、渐变流测压管水头、Ma 物理意义与 0.3 判据、深水波定义、RTT 守恒入口、完全/部分相似短答和标准四行答案模板，适合先写过程分。,2022 春期末卷为本次人工核验样本，按 15 道简答 45 分、4 道计算 55 分的原卷结构估分；简答共 15/45，计算共 41/55。,2.5,3.0,83.3,高,
Q0018,往年期末题-主目录,D:\虚拟C盘\学习\流体力学\题库\期末试题\流体力学2022春期末考试试题.pdf,流体力学2022春期末考试试题.pdf,简答3,简述深水波的定义。,概念简答/定义解释,M18 > 往年题可能问法：一句话答案；M23 > 概念短答库；R6 > 可直接抄的结论句；M9 > 高频小问速答；M12 > 概念题保底,无直接页码,先定位 M18/M23/R6 的可抄定义句；按“定义一句+原因一句+后果一句”写；若有公式页，再补适用条件和易错点。,1. 先按题干关键词选模型；2. 在 v80 对应页写首个控制方程/公式；3. 把题给几何、单位和边界条件代入；4. 做代数求解或列出需要查图查表的位置；5. 检查单位、方向、绝压/表压或适用条件。,v80 已显著补强短答，但长论述、实验现象细节和教材原话仍可能扣少量分。 v67 补长论述结构，v69 补读图/收口检查，v80 补层流/湍流/渐变流可抄定义；教材原话仍可能扣分。 v80 已补 N-S 各项标准意义、控制体外力组成、层/湍速度剖面、Boussinesq 涡黏、水击波速因素、孔板/自由射流概念、渐变流测压管水头、Ma 物理意义与 0.3 判据、深水波定义、RTT 守恒入口、完全/部分相似短答和标准四行答案模板，适合先写过程分。,2022 春期末卷为本次人工核验样本，按 15 道简答 45 分、4 道计算 55 分的原卷结构估分；简答共 15/45，计算共 41/55。,2.0,3.0,66.7,高,
Q0019,往年期末题-主目录,D:\虚拟C盘\学习\流体力学\题库\期末试题\流体力学2022春期末考试试题.pdf,流体力学2022春期末考试试题.pdf,简答4,写出一元恒定总流能量方程，并简述其适用条件。,概念简答/定义解释,M18 > 往年题可能问法：一句话答案；M23 > 概念短答库；R6 > 可直接抄的结论句；M9 > 高频小问速答；M12 > 概念题保底,无直接页码,先定位 M18/M23/R6 的可抄定义句；按“定义一句+原因一句+后果一句”写；若有公式页，再补适用条件和易错点。,1. 先按题干关键词选模型；2. 在 v80 对应页写首个控制方程/公式；3. 把题给几何、单位和边界条件代入；4. 做代数求解或列出需要查图查表的位置；5. 检查单位、方向、绝压/表压或适用条件。,v80 已显著补强短答，但长论述、实验现象细节和教材原话仍可能扣少量分。 v67 补长论述结构，v69 补读图/收口检查，v80 补层流/湍流/渐变流可抄定义；教材原话仍可能扣分。 v80 已补 N-S 各项标准意义、控制体外力组成、层/湍速度剖面、Boussinesq 涡黏、水击波速因素、孔板/自由射流概念、渐变流测压管水头、Ma 物理意义与 0.3 判据、深水波定义、RTT 守恒入口、完全/部分相似短答和标准四行答案模板，适合先写过程分。,2022 春期末卷为本次人工核验样本，按 15 道简答 45 分、4 道计算 55 分的原卷结构估分；简答共 15/45，计算共 41/55。,2.5,3.0,83.3,高,
Q0020,往年期末题-主目录,D:\虚拟C盘\学习\流体力学\题库\期末试题\流体力学2022春期末考试试题.pdf,流体力学2022春期末考试试题.pdf,简答5,为什么相似准则中雷诺数准则和傅汝德数准则总是矛盾的？,量纲分析/相似准则,P1 > 量纲分析模板；M25 > 量纲相似+推导骨架；M4 > 流程H；M6 > 标准解模板：相似；M13 > 模型律；M26 > 管路/模型,P1,列变量和基本量纲；选量纲独立且不含待求量的重复变量；逐个令 pi=X rho^a V^b L^c 求指数；最后用 M26 的 F~rho V^2 L^2、Delta p~rho V^2、Fr/Re 缩尺速度比做换算。,1. 先按题干关键词选模型；2. 在 v80 对应页写首个控制方程/公式；3. 把题给几何、单位和边界条件代入；4. 做代数求解或列出需要查图查表的位置；5. 检查单位、方向、绝压/表压或适用条件。,"若变量很冷门或需完整实验相似设计，仍需教材解释；v80 补了常见模型力、压强和速度比例换算。 v80 已补 Buckingham pi 五步流程和 Re/Fr/Ma/We/Eu 判据表；复杂多变量推导仍需手算。 v80 已补模型换算库 Q,t,f,F,Delta p,M,P 和 Re/Fr 冲突答题句；复杂 pi 群仍需手算。 v80 保留量纲齐次/Rayleigh 指数配平、完全/部分相似及 Re/Fr 冲突说明、关键词到 π 群的定位入口、球阻力 CD=f(Re) 标准推导，并补量纲公式、雷诺相似、自模化和压力系数 Cp/Eu 定义；冷门变量仍需逐项列量纲。",2022 春期末卷为本次人工核验样本，按 15 道简答 45 分、4 道计算 55 分的原卷结构估分；简答共 15/45，计算共 41/55。,2.5,3.0,83.3,高,
Q0021,往年期末题-主目录,D:\虚拟C盘\学习\流体力学\题库\期末试题\流体力学2022春期末考试试题.pdf,流体力学2022春期末考试试题.pdf,简答6,简述边界层中的流动有什么特点。,概念简答/定义解释,M18 > 往年题可能问法：一句话答案；M23 > 概念短答库；R6 > 可直接抄的结论句；M9 > 高频小问速答；M12 > 概念题保底,无直接页码,先定位 M18/M23/R6 的可抄定义句；按“定义一句+原因一句+后果一句”写；若有公式页，再补适用条件和易错点。,1. 先按题干关键词选模型；2. 在 v80 对应页写首个控制方程/公式；3. 把题给几何、单位和边界条件代入；4. 做代数求解或列出需要查图查表的位置；5. 检查单位、方向、绝压/表压或适用条件。,v80 已显著补强短答，但长论述、实验现象细节和教材原话仍可能扣少量分。 v67 补长论述结构，v69 补读图/收口检查，v80 补层流/湍流/渐变流可抄定义；教材原话仍可能扣分。 v80 已补 N-S 各项标准意义、控制体外力组成、层/湍速度剖面、Boussinesq 涡黏、水击波速因素、孔板/自由射流概念、渐变流测压管水头、Ma 物理意义与 0.3 判据、深水波定义、RTT 守恒入口、完全/部分相似短答和标准四行答案模板，适合先写过程分。,2022 春期末卷为本次人工核验样本，按 15 道简答 45 分、4 道计算 55 分的原卷结构估分；简答共 15/45，计算共 41/55。,2.5,3.0,83.3,高,
Q0022,往年期末题-主目录,D:\虚拟C盘\学习\流体力学\题库\期末试题\流体力学2022春期末考试试题.pdf,流体力学2022春期末考试试题.pdf,简答7,圆球绕流阻力系数在某一雷诺数附近随雷诺数增大突然大幅度减小，说明原因。,边界层/外绕流阻力,P6 > 平板边界层；P6 > 位移/动量厚度；M24 > 边界层积分题；Q5 > 边界层题库速解；M13 > 微题,P6,先算 Re_x/Re_L 判层流、湍流或转捩；直接题用 delta、Cf、阻力公式；速度剖面题用 M24 的 delta*、theta 和 Karman 模板；外绕流判断摩擦/压差阻力和分离。,1. 算 Re_x 或 Re_L；2. 判断层流/湍流/低 Re；3. 选厚度、Cf 或阻力公式；4. 若为厚度定义题，尝试写积分；5. 说明 v80 缺失的定义或图表。,"复杂非零压梯度动量积分、实验阻力图和扫描图数值仍需教材/图表；v80 已覆盖书10.3/10.5 常见剖面。 v80 已补 delta*, theta, H 的物理意义；复杂动量积分推导仍需手算。 v80 已补局部摩阻系数 cf、单位宽阻力 D'、CD=2theta/L、转捩位置 xcr、平板层/湍/混合阻力判定和湿表面积/迎风面积区分；复杂分离与实验阻力图仍需教材。 v80 保留给定速度剖面到 delta、theta、delta_E、tau_w、CD 的通用积分链，补强 delta、delta*、theta、delta_E 的物理意义，保留层/湍速度剖面标准句、Boussinesq 涡黏、吸气/吹气修正、自由射流动量通量入口、Theta 分离判据和 Karman--Pohlhausen 配边界步骤。",2022 春期末卷为本次人工核验样本，按 15 道简答 45 分、4 道计算 55 分的原卷结构估分；简答共 15/45，计算共 41/55。,2.5,3.0,83.3,高,
Q0023,往年期末题-主目录,D:\虚拟C盘\学习\流体力学\题库\期末试题\流体力学2022春期末考试试题.pdf,流体力学2022春期末考试试题.pdf,简答8,简述什么是控制体？,概念简答/定义解释,M18 > 往年题可能问法：一句话答案；M23 > 概念短答库；R6 > 可直接抄的结论句；M9 > 高频小问速答；M12 > 概念题保底,无直接页码,先定位 M18/M23/R6 的可抄定义句；按“定义一句+原因一句+后果一句”写；若有公式页，再补适用条件和易错点。,1. 先按题干关键词选模型；2. 在 v80 对应页写首个控制方程/公式；3. 把题给几何、单位和边界条件代入；4. 做代数求解或列出需要查图查表的位置；5. 检查单位、方向、绝压/表压或适用条件。,v80 已显著补强短答，但长论述、实验现象细节和教材原话仍可能扣少量分。 v67 补长论述结构，v69 补读图/收口检查，v80 补层流/湍流/渐变流可抄定义；教材原话仍可能扣分。 v80 已补 N-S 各项标准意义、控制体外力组成、层/湍速度剖面、Boussinesq 涡黏、水击波速因素、孔板/自由射流概念、渐变流测压管水头、Ma 物理意义与 0.3 判据、深水波定义、RTT 守恒入口、完全/部分相似短答和标准四行答案模板，适合先写过程分。,2022 春期末卷为本次人工核验样本，按 15 道简答 45 分、4 道计算 55 分的原卷结构估分；简答共 15/45，计算共 41/55。,2.5,3.0,83.3,高,
Q0024,往年期末题-主目录,D:\虚拟C盘\学习\流体力学\题库\期末试题\流体力学2022春期末考试试题.pdf,流体力学2022春期末考试试题.pdf,简答9,写出描述牛顿流体运动的纳维斯托克斯（N-S）方程，并简述方程各项的意义。,概念简答/定义解释,M18 > 往年题可能问法：一句话答案；M23 > 概念短答库；R6 > 可直接抄的结论句；M9 > 高频小问速答；M12 > 概念题保底,无直接页码,先定位 M18/M23/R6 的可抄定义句；按“定义一句+原因一句+后果一句”写；若有公式页，再补适用条件和易错点。,1. 先按题干关键词选模型；2. 在 v80 对应页写首个控制方程/公式；3. 把题给几何、单位和边界条件代入；4. 做代数求解或列出需要查图查表的位置；5. 检查单位、方向、绝压/表压或适用条件。,v80 已显著补强短答，但长论述、实验现象细节和教材原话仍可能扣少量分。 v67 补长论述结构，v69 补读图/收口检查，v80 补层流/湍流/渐变流可抄定义；教材原话仍可能扣分。 v80 已补 N-S 各项标准意义、控制体外力组成、层/湍速度剖面、Boussinesq 涡黏、水击波速因素、孔板/自由射流概念、渐变流测压管水头、Ma 物理意义与 0.3 判据、深水波定义、RTT 守恒入口、完全/部分相似短答和标准四行答案模板，适合先写过程分。,2022 春期末卷为本次人工核验样本，按 15 道简答 45 分、4 道计算 55 分的原卷结构估分；简答共 15/45，计算共 41/55。,2.0,3.0,66.7,高,
Q0025,往年期末题-主目录,D:\虚拟C盘\学习\流体力学\题库\期末试题\流体力学2022春期末考试试题.pdf,流体力学2022春期末考试试题.pdf,简答10,利用 π 定理推求水下航行器所受流体阻力 F 的表达式。,量纲分析/相似准则,P1 > 量纲分析模板；M25 > 量纲相似+推导骨架；M4 > 流程H；M6 > 标准解模板：相似；M13 > 模型律；M26 > 管路/模型,P1,列变量和基本量纲；选量纲独立且不含待求量的重复变量；逐个令 pi=X rho^a V^b L^c 求指数；最后用 M26 的 F~rho V^2 L^2、Delta p~rho V^2、Fr/Re 缩尺速度比做换算。,1. 先按题干关键词选模型；2. 在 v80 对应页写首个控制方程/公式；3. 把题给几何、单位和边界条件代入；4. 做代数求解或列出需要查图查表的位置；5. 检查单位、方向、绝压/表压或适用条件。,"若变量很冷门或需完整实验相似设计，仍需教材解释；v80 补了常见模型力、压强和速度比例换算。 v80 已补 Buckingham pi 五步流程和 Re/Fr/Ma/We/Eu 判据表；复杂多变量推导仍需手算。 v80 已补模型换算库 Q,t,f,F,Delta p,M,P 和 Re/Fr 冲突答题句；复杂 pi 群仍需手算。 v80 保留量纲齐次/Rayleigh 指数配平、完全/部分相似及 Re/Fr 冲突说明、关键词到 π 群的定位入口、球阻力 CD=f(Re) 标准推导，并补量纲公式、雷诺相似、自模化和压力系数 Cp/Eu 定义；冷门变量仍需逐项列量纲。",2022 春期末卷为本次人工核验样本，按 15 道简答 45 分、4 道计算 55 分的原卷结构估分；简答共 15/45，计算共 41/55。,2.7,3.0,90.0,高,
Q0026,往年期末题-主目录,D:\虚拟C盘\学习\流体力学\题库\期末试题\流体力学2022春期末考试试题.pdf,流体力学2022春期末考试试题.pdf,简答11,简述流线和迹线的定义。,概念简答/定义解释,M18 > 往年题可能问法：一句话答案；M23 > 概念短答库；R6 > 可直接抄的结论句；M9 > 高频小问速答；M12 > 概念题保底,无直接页码,先定位 M18/M23/R6 的可抄定义句；按“定义一句+原因一句+后果一句”写；若有公式页，再补适用条件和易错点。,1. 先按题干关键词选模型；2. 在 v80 对应页写首个控制方程/公式；3. 把题给几何、单位和边界条件代入；4. 做代数求解或列出需要查图查表的位置；5. 检查单位、方向、绝压/表压或适用条件。,v80 已显著补强短答，但长论述、实验现象细节和教材原话仍可能扣少量分。 v67 补长论述结构，v69 补读图/收口检查，v80 补层流/湍流/渐变流可抄定义；教材原话仍可能扣分。 v80 已补 N-S 各项标准意义、控制体外力组成、层/湍速度剖面、Boussinesq 涡黏、水击波速因素、孔板/自由射流概念、渐变流测压管水头、Ma 物理意义与 0.3 判据、深水波定义、RTT 守恒入口、完全/部分相似短答和标准四行答案模板，适合先写过程分。,2022 春期末卷为本次人工核验样本，按 15 道简答 45 分、4 道计算 55 分的原卷结构估分；简答共 15/45，计算共 41/55。,2.5,3.0,83.3,高,
Q0027,往年期末题-主目录,D:\虚拟C盘\学习\流体力学\题库\期末试题\流体力学2022春期末考试试题.pdf,流体力学2022春期末考试试题.pdf,简答12,简述水击波的传播速度跟哪些因素有关。,水波/水击/课程概念缺口,M18 > 深水波/水击；M20 > 水击基本式；M23 > Re/Fr/水击/深水波,无直接页码,概念题直接写 M18/M23：深水波 h>lambda/2；水击波速受液体弹性、管壁弹性、管径/壁厚影响；快关阀压升用 rho a Delta V。,1. 先按题干关键词选模型；2. 在 v80 对应页写首个控制方程/公式；3. 把题给几何、单位和边界条件代入；4. 做代数求解或列出需要查图查表的位置；5. 检查单位、方向、绝压/表压或适用条件。,如果题目要求水波完整色散关系或水击波速推导，v80 仍不足，需要教材。 v69 已补水波色散式、深水/浅水相速和水击快关公式；复杂波动推导仍需教材。 v80 已补明渠 Fr 缓流/急流/水跃判据，并保留水波色散式和水击快关公式。 v80 保留第一页和反推模板中的水击/声速/水波/明渠定位、水击波速因素与近似公式、深水波 h>lambda/2(kh>pi) 标准定义、浅水判据、色散关系和水击快关公式；少量冷门波动推导仍需教材。,2022 春期末卷为本次人工核验样本，按 15 道简答 45 分、4 道计算 55 分的原卷结构估分；简答共 15/45，计算共 41/55。,2.0,3.0,66.7,高,
Q0028,往年期末题-主目录,D:\虚拟C盘\学习\流体力学\题库\期末试题\流体力学2022春期末考试试题.pdf,流体力学2022春期末考试试题.pdf,简答13,什么是渐变流？在一元流动中，渐变流断面的测压管水头有什么特征。,静水压力/测压/闸门,P1 > 静水压旧题急救；Q1 > 平面/曲面闸门完整答案骨架；M19 > 真空度/负表压；M21 > 题图决策卡,P1,先按静水压图题入口读液面和高程；用同高同压逐段写压力链；闸门题套 Q1 的合力、压力中心、铰链取矩；最后检查表压/绝压和负表压。,1. 选同一静止连通液体等压面；2. 沿竖直方向逐段加减 rho g h；3. 若为闸门，求 F 与压力中心；4. 对铰链或曲面分量列平衡；5. 判断表压/绝压。,满分仍需要题图高程、铰链位置、面积惯性矩或多液体界面读数；v80 已给模板但不能替代读图。,2022 春期末卷为本次人工核验样本，按 15 道简答 45 分、4 道计算 55 分的原卷结构估分；简答共 15/45，计算共 41/55。,2.0,3.0,66.7,高,
Q0029,往年期末题-主目录,D:\虚拟C盘\学习\流体力学\题库\期末试题\流体力学2022春期末考试试题.pdf,流体力学2022春期末考试试题.pdf,简答14,圆管中断面流速分布在层流流态和紊流流态分别是什么样的？,粘性管路/沿程局部损失/泵水轮机,P5 > 管路损失；Q5 > 粘性流动题库速解；M21 > 题图决策卡；M22 > 误判；M26 > 管路/模型,P5,由 Q 求 V，算 Re，判层/湍；层流用 H-P 或 64/Re，光滑湍流可用 0.3164/Re^(1/4)，粗糙管查 Moody；局部损失用所在管段速度；汇总后代入机械能求目标量。,1. 由 Q 和管径求 V；2. 算 Re 判断层流/湍流；3. 取 lambda 或查 Moody/Colebrook；4. 汇总沿程/局部损失；5. 代入机械能方程求目标量。,局部损失系数、粗糙度和物性仍需题给或查教材；v80 明确了 Moody、光滑管和局部损失速度的收口。 v80 保留管路机械能、沿程/局部损失、泵/水轮机功率、Moody/Colebrook 入口，并补圆管层流抛物线速度分布、湍流丰满剖面和平均/最大速度易错。,2022 春期末卷为本次人工核验样本，按 15 道简答 45 分、4 道计算 55 分的原卷结构估分；简答共 15/45，计算共 41/55。,2.0,3.0,66.7,高,
Q0030,往年期末题-主目录,D:\虚拟C盘\学习\流体力学\题库\期末试题\流体力学2022春期末考试试题.pdf,流体力学2022春期末考试试题.pdf,简答15,写出不可压缩流体运动连续方程的一般形式。,流体运动学/连续/流线迹线,P1 > 连续性；Q1 > 迹线/流线/脉线；M18 > 往年题可能问法；M23 > 概念短答库；T6 > 常见问法到答案,P1,先判速度场/描述方法；写连续、旋度、流线/迹线微分式；概念题直接用 M18/M23 的一句话答案；应力题转 Q1 张量模板。,1. 先按题干关键词选模型；2. 在 v80 对应页写首个控制方程/公式；3. 把题给几何、单位和边界条件代入；4. 做代数求解或列出需要查图查表的位置；5. 检查单位、方向、绝压/表压或适用条件。,若要求长篇推导或复杂坐标变换，仍需教材细节；v80 已足够支撑多数简答和基础计算过程。 v67 已补推导题固定结构，v69/v80 补截面、边界条件和概念收口检查。 v80 保留新题定位入口、非定常 Bernoulli 推导条件、速度势单值/路径无关证明、Lagrange/Kelvin 可抄证明句、涡管强度 ΩA 守恒、涡量矩模板、自由射流动量通量和 RTT 入口，并补纳维-斯托克斯原词、圆管断面速度分布原词、渐变流测压管水头；更长证明仍需教材措辞。,2022 春期末卷为本次人工核验样本，按 15 道简答 45 分、4 道计算 55 分的原卷结构估分；简答共 15/45，计算共 41/55。,2.5,3.0,83.3,高,
Q0031,往年期末题-主目录,D:\虚拟C盘\学习\流体力学\题库\期末试题\流体力学2022春期末考试试题.pdf,流体力学2022春期末考试试题.pdf,计算1,密闭容器上层为空气，中层为油，下层为水，给测压管水面高程，求压力表 A 的读数。,静水压力/测压/闸门,P1 > 静水压旧题急救；Q1 > 平面/曲面闸门完整答案骨架；M19 > 真空度/负表压；M21 > 题图决策卡,P1,先按静水压图题入口读液面和高程；用同高同压逐段写压力链；闸门题套 Q1 的合力、压力中心、铰链取矩；最后检查表压/绝压和负表压。,1. 选同一静止连通液体等压面；2. 沿竖直方向逐段加减 rho g h；3. 若为闸门，求 F 与压力中心；4. 对铰链或曲面分量列平衡；5. 判断表压/绝压。,满分仍需要题图高程、铰链位置、面积惯性矩或多液体界面读数；v80 已给模板但不能替代读图。,2022 春期末卷为本次人工核验样本，按 15 道简答 45 分、4 道计算 55 分的原卷结构估分；简答共 15/45，计算共 41/55。,8.0,10.0,80.0,高,
Q0032,往年期末题-主目录,D:\虚拟C盘\学习\流体力学\题库\期末试题\流体力学2022春期末考试试题.pdf,流体力学2022春期末考试试题.pdf,计算2,变径圆管左端螺丝固定，流体从右端射出，给管径、比压计液体比重和测管水头差，理想流体，求固定螺丝推力。,Bernoulli/机械能/动量控制体,P1 > 控制体动量模板；P1 > 伯努利/机械能；Q2 > 弯管受力/喷嘴反力；M21 > 题图决策卡；M26 > 高频计算/查表/控制体收口,P1,先选截面，写连续和 Bernoulli/机械能；再按控制体受力图列压力力、壁面力和动量通量；多出口用 M26 通式；求出壁面对流体的力后按题问管/螺栓取反。,1. 先按题干关键词选模型；2. 在 v80 对应页写首个控制方程/公式；3. 把题给几何、单位和边界条件代入；4. 做代数求解或列出需要查图查表的位置；5. 检查单位、方向、绝压/表压或适用条件。,复杂三维受力和图中方向仍要自己画清楚；v80 已补多出口通式和喷嘴/弯管收口流程。 v69 把截面号、面积、高程、表压/绝压、CV取反和局损速度集中到读图/收口八查。 v80 保留雷诺输运、压力力方向/表压、孔板/文丘里流量计公式链，并补控制体外力组成与自由射流动量通量提示；复杂控制体仍需画受力图。,2022 春期末卷为本次人工核验样本，按 15 道简答 45 分、4 道计算 55 分的原卷结构估分；简答共 15/45，计算共 41/55。,12.0,15.0,80.0,高,
Q0033,往年期末题-主目录,D:\虚拟C盘\学习\流体力学\题库\期末试题\流体力学2022春期末考试试题.pdf,流体力学2022春期末考试试题.pdf,计算3,两个油箱经突扩钢管连接，分别考虑短管局部损失和长管沿程损失，求输油流量、A/B 点压强和所需液面差。,粘性管路/沿程局部损失/泵水轮机,P5 > 管路损失；Q5 > 粘性流动题库速解；M21 > 题图决策卡；M22 > 误判；M26 > 管路/模型,P5,由 Q 求 V，算 Re，判层/湍；层流用 H-P 或 64/Re，光滑湍流可用 0.3164/Re^(1/4)，粗糙管查 Moody；局部损失用所在管段速度；汇总后代入机械能求目标量。,1. 由 Q 和管径求 V；2. 算 Re 判断层流/湍流；3. 取 lambda 或查 Moody/Colebrook；4. 汇总沿程/局部损失；5. 代入机械能方程求目标量。,局部损失系数、粗糙度和物性仍需题给或查教材；v80 明确了 Moody、光滑管和局部损失速度的收口。 v80 保留管路机械能、沿程/局部损失、泵/水轮机功率、Moody/Colebrook 入口，并补圆管层流抛物线速度分布、湍流丰满剖面和平均/最大速度易错。,2022 春期末卷为本次人工核验样本，按 15 道简答 45 分、4 道计算 55 分的原卷结构估分；简答共 15/45，计算共 41/55。,13.0,15.0,86.7,高,
Q0034,往年期末题-主目录,D:\虚拟C盘\学习\流体力学\题库\期末试题\流体力学2022春期末考试试题.pdf,流体力学2022春期末考试试题.pdf,计算4,半圆柱形气膜馆受大风正面来袭，用势流理论给外部流速分布、压力分布并计算升力合力。,势流/圆柱/镜像/升力,P2 > 基本流表；P2 > 圆柱绕流；Q3 > 势流题库速解；T2/T3 > 原题压缩收录；R6 > 结论句,P2,先搭基元叠加或圆柱绕流模型；求速度场和 Cp；再用 Bernoulli 求压力，沿边界积分力；环量题写 Kutta-Joukowski 升力。,1. 写 phi/psi 或基元叠加；2. 求速度分量；3. 用 Bernoulli 得压力或 Cp；4. 沿边界积分压力分量；5. 说明理想势流假设和单位展长。,半圆柱/开孔/镜像图的几何积分限仍要读图；真实阻力不能用理想势流满分解释。 v80 保留薄板小攻角环量估计和 Kutta 升力收口；复杂构形仍需正确选镜像/基元。,2022 春期末卷为本次人工核验样本，按 15 道简答 45 分、4 道计算 55 分的原卷结构估分；简答共 15/45，计算共 41/55。,13.5,15.0,90.0,高,
Q0035,往年期末题-其他目录,D:\虚拟C盘\学习\流体力学\题库\其他试题\2003上海交大流体力学期末试题及答案.pdf,2003上海交大流体力学期末试题及答案.pdf,一,一.概念题（回答对或错，错者要简要说明理由）（闭卷） gz + =,概念简答/定义解释,M18 > 往年题可能问法：一句话答案；M23 > 概念短答库；R6 > 可直接抄的结论句；M9 > 高频小问速答；M12 > 概念题保底,无直接页码,先定位 M18/M23/R6 的可抄定义句；按“定义一句+原因一句+后果一句”写；若有公式页，再补适用条件和易错点。,1. 先按题干关键词选模型；2. 在 v80 对应页写首个控制方程/公式；3. 把题给几何、单位和边界条件代入；4. 做代数求解或列出需要查图查表的位置；5. 检查单位、方向、绝压/表压或适用条件。,v80 已显著补强短答，但长论述、实验现象细节和教材原话仍可能扣少量分。 v67 补长论述结构，v69 补读图/收口检查，v80 补层流/湍流/渐变流可抄定义；教材原话仍可能扣分。 v80 已补 N-S 各项标准意义、控制体外力组成、层/湍速度剖面、Boussinesq 涡黏、水击波速因素、孔板/自由射流概念、渐变流测压管水头、Ma 物理意义与 0.3 判据、深水波定义、RTT 守恒入口、完全/部分相似短答和标准四行答案模板，适合先写过程分。,主题命中“概念简答/定义解释”，v80 基础过程覆盖约 89%。,8.9,10.0,89.0,中,
Q0036,往年期末题-其他目录,D:\虚拟C盘\学习\流体力学\题库\其他试题\2003上海交大流体力学期末试题及答案.pdf,2003上海交大流体力学期末试题及答案.pdf,3,3. 儒可夫斯基升力定理 L = ρUΓ ，证明没有环量就不能产生升力。通常的机翼必须做成 尖锐后缘，是为了产生绕翼型的环量 Γ 。,势流/圆柱/镜像/升力,P2 > 基本流表；P2 > 圆柱绕流；Q3 > 势流题库速解；T2/T3 > 原题压缩收录；R6 > 结论句,P2,先搭基元叠加或圆柱绕流模型；求速度场和 Cp；再用 Bernoulli 求压力，沿边界积分力；环量题写 Kutta-Joukowski 升力。,1. 写 phi/psi 或基元叠加；2. 求速度分量；3. 用 Bernoulli 得压力或 Cp；4. 沿边界积分压力分量；5. 说明理想势流假设和单位展长。,半圆柱/开孔/镜像图的几何积分限仍要读图；真实阻力不能用理想势流满分解释。 v80 保留薄板小攻角环量估计和 Kutta 升力收口；复杂构形仍需正确选镜像/基元。,主题命中“势流/圆柱/镜像/升力”，v80 基础过程覆盖约 82%。；题目要求推导或定义积分；v80 有 M24/M25/M26 骨架，但完整推导仍扣少量严谨性分。,7.4,10.0,74.0,中,
Q0037,往年期末题-其他目录,D:\虚拟C盘\学习\流体力学\题库\其他试题\2003上海交大流体力学期末试题及答案.pdf,2003上海交大流体力学期末试题及答案.pdf,6,6. 达西公式 d 2 g 表明：当管子长度和直径确定后，沿程阻力 h f 与平均速度v的 平方成正比。 错，还要看达西摩擦因子是否包含速度项。,粘性管路/沿程局部损失/泵水轮机,P5 > 管路损失；Q5 > 粘性流动题库速解；M21 > 题图决策卡；M22 > 误判；M26 > 管路/模型,P5,由 Q 求 V，算 Re，判层/湍；层流用 H-P 或 64/Re，光滑湍流可用 0.3164/Re^(1/4)，粗糙管查 Moody；局部损失用所在管段速度；汇总后代入机械能求目标量。,1. 由 Q 和管径求 V；2. 算 Re 判断层流/湍流；3. 取 lambda 或查 Moody/Colebrook；4. 汇总沿程/局部损失；5. 代入机械能方程求目标量。,局部损失系数、粗糙度和物性仍需题给或查教材；v80 明确了 Moody、光滑管和局部损失速度的收口。 v80 保留管路机械能、沿程/局部损失、泵/水轮机功率、Moody/Colebrook 入口，并补圆管层流抛物线速度分布、湍流丰满剖面和平均/最大速度易错。,主题命中“粘性管路/沿程局部损失/泵水轮机”，v80 基础过程覆盖约 85%。；仍依赖教材图表或读图；v80 有小查表/查表动作和收口模板，但不是完整数值表。,8.1,10.0,81.0,中,
Q0038,往年期末题-其他目录,D:\虚拟C盘\学习\流体力学\题库\其他试题\2003上海交大流体力学期末试题及答案.pdf,2003上海交大流体力学期末试题及答案.pdf,8,8. 物体在无自由液面的不可压缩粘性流体中作匀速直线运动时，受到的阻力主要由物面上的边界层内 的速度剖面形状决定。 错，还有边界层分离引起得形状阻力。 mhtml:file://F:\Study\学习资料\流体力学\流体力学期末考试(2003.mht 2010/6/7 w 页码，2/6(W),边界层/外绕流阻力,P6 > 平板边界层；P6 > 位移/动量厚度；M24 > 边界层积分题；Q5 > 边界层题库速解；M13 > 微题,P6,先算 Re_x/Re_L 判层流、湍流或转捩；直接题用 delta、Cf、阻力公式；速度剖面题用 M24 的 delta*、theta 和 Karman 模板；外绕流判断摩擦/压差阻力和分离。,1. 算 Re_x 或 Re_L；2. 判断层流/湍流/低 Re；3. 选厚度、Cf 或阻力公式；4. 若为厚度定义题，尝试写积分；5. 说明 v80 缺失的定义或图表。,"复杂非零压梯度动量积分、实验阻力图和扫描图数值仍需教材/图表；v80 已覆盖书10.3/10.5 常见剖面。 v80 已补 delta*, theta, H 的物理意义；复杂动量积分推导仍需手算。 v80 已补局部摩阻系数 cf、单位宽阻力 D'、CD=2theta/L、转捩位置 xcr、平板层/湍/混合阻力判定和湿表面积/迎风面积区分；复杂分离与实验阻力图仍需教材。 v80 保留给定速度剖面到 delta、theta、delta_E、tau_w、CD 的通用积分链，补强 delta、delta*、theta、delta_E 的物理意义，保留层/湍速度剖面标准句、Boussinesq 涡黏、吸气/吹气修正、自由射流动量通量入口、Theta 分离判据和 Karman--Pohlhausen 配边界步骤。",主题命中“边界层/外绕流阻力”，v80 基础过程覆盖约 87%。,8.7,10.0,87.0,中高,
Q0039,往年期末题-其他目录,D:\虚拟C盘\学习\流体力学\题库\其他试题\2003上海交大流体力学期末试题及答案.pdf,2003上海交大流体力学期末试题及答案.pdf,10,10. 在收缩喷管的出口截面上达到声速时，流量达最大值，背压继续下降不能使流量增大。为此在后部再 连接扩张喷管，让气体达到超声速，可使流量进一步提高。 错，喉部达声速时流量最大，不可能再提高。 （计算题开卷）,可压缩流/喷管/激波/膨胀波,P3 > 等熵流+Laval；P4 > 激波+膨胀波；Q4 > 第7章题库速解；R2 > 查表衔接；M14 > 查表动作；M26 > 可压查表,P3；P4,先判等熵、阻塞、内激波、斜激波或膨胀波；按 P3/P4 分段写公式；用 M26 明确输入量：等熵/面积用 M，正激波用 M1，斜激波用 M1、theta，PM 用 nu(M)；最后检查 pe/pb 和总压是否跨激波重置。,1. 判定等熵段、阻塞、激波或膨胀波；2. 写 T0/T、p0/p、A/A* 或激波关系；3. 选择亚声/超声支；4. 标出需要查表的 M、β、ν；5. 回代压力、温度、流量并检查 pe/pb。,斜激波图、PM 函数和面积-马赫数完整表仍可能需要教材；v80 把查表输入和后续接公式写得更明确。 v68 已补 M=1/2/3 的等熵、面积、PM 角和正激波锚点；完整斜激波/PM/面积查表仍需教材。 v80 保留喷管/激波/PM 查表动作和 0.528 易错判断，并补 Fanno 等截面绝热摩擦管入口；同时保留 Ma 物理意义、等熵任意两点、最大速度、弱/强斜激波、脱体激波、PM 最大偏转、背压/出口内压易错和波阻概念；复杂波系仍需按图逐段判支路。,主题命中“可压缩流/喷管/激波/膨胀波”，v80 基础过程覆盖约 81%。,8.1,10.0,81.0,中高,
Q0040,往年期末题-其他目录,D:\虚拟C盘\学习\流体力学\题库\其他试题\2003上海交大流体力学期末试题及答案.pdf,2003上海交大流体力学期末试题及答案.pdf,二,二．图示一二维圆柱体，直径d=2cm，水平放置在 α = 60° 的斜平壁上。左侧盛水，圆柱与斜面的接触点 A的淹深h=1cm。试求此圆柱单位长柱面上所受总压力F的大小（N）和方向。,势流/圆柱/镜像/升力,P2 > 基本流表；P2 > 圆柱绕流；Q3 > 势流题库速解；T2/T3 > 原题压缩收录；R6 > 结论句,P2,先搭基元叠加或圆柱绕流模型；求速度场和 Cp；再用 Bernoulli 求压力，沿边界积分力；环量题写 Kutta-Joukowski 升力。,1. 写 phi/psi 或基元叠加；2. 求速度分量；3. 用 Bernoulli 得压力或 Cp；4. 沿边界积分压力分量；5. 说明理想势流假设和单位展长。,半圆柱/开孔/镜像图的几何积分限仍要读图；真实阻力不能用理想势流满分解释。 v80 保留薄板小攻角环量估计和 Kutta 升力收口；复杂构形仍需正确选镜像/基元。,主题命中“势流/圆柱/镜像/升力”，v80 基础过程覆盖约 82%。；仍依赖教材图表或读图；v80 有小查表/查表动作和收口模板，但不是完整数值表。,7.8,10.0,78.0,中高,
Q0041,往年期末题-其他目录,D:\虚拟C盘\学习\流体力学\题库\其他试题\2003上海交大流体力学期末试题及答案.pdf,2003上海交大流体力学期末试题及答案.pdf,三,三． 10°C 的水通过一根铸铁管（ε＝ 0.2mm）从贮水池A流向贮水池B。两贮水池的水位差H＝2cm，水管 长度l=20cm，其中有6个弯头（K＝1.5）。为了使流量Q = 0.002m3/s，试设计水管管径d(mm)。（从设 mhtml:file://F:\Study\学习资料\流体力学\流体力学期末考试(2003.mht 2010/6/7 w 页码，3/6(W) d = 0.05m算起）,Bernoulli/机械能/动量控制体,P1 > 控制体动量模板；P1 > 伯努利/机械能；Q2 > 弯管受力/喷嘴反力；M21 > 题图决策卡；M26 > 高频计算/查表/控制体收口,P1,先选截面，写连续和 Bernoulli/机械能；再按控制体受力图列压力力、壁面力和动量通量；多出口用 M26 通式；求出壁面对流体的力后按题问管/螺栓取反。,1. 先按题干关键词选模型；2. 在 v80 对应页写首个控制方程/公式；3. 把题给几何、单位和边界条件代入；4. 做代数求解或列出需要查图查表的位置；5. 检查单位、方向、绝压/表压或适用条件。,复杂三维受力和图中方向仍要自己画清楚；v80 已补多出口通式和喷嘴/弯管收口流程。 v69 把截面号、面积、高程、表压/绝压、CV取反和局损速度集中到读图/收口八查。 v80 保留雷诺输运、压力力方向/表压、孔板/文丘里流量计公式链，并补控制体外力组成与自由射流动量通量提示；复杂控制体仍需画受力图。,主题命中“Bernoulli/机械能/动量控制体”，v80 基础过程覆盖约 84%。,8.4,10.0,84.0,中高,
Q0042,往年期末题-其他目录,D:\虚拟C盘\学习\流体力学\题库\其他试题\2003上海交大流体力学期末试题及答案.pdf,2003上海交大流体力学期末试题及答案.pdf,四,四．设平板湍流边界层内速度剖面为1/6指数律： mhtml:file://F:\Study\学习资料\流体力学\流体力学期末考试(2003.mht 2010/6/7 w 页码，4/6(W) u y 1 =( ) 6 U δ 式中U为来流速度， δ 为边界层厚度。设壁面切应力满足如下关系式 1 τ w = 0.0233ρU 2 ( μ / ρUδ ) 4 试推导(1)边界层厚度 δ / x ；(2)壁面摩擦系数Cf的表达式，并与1/7指数律比较。 解 （1）动量厚度 1 6 7 3 3 θ = δ ∫ η 6 (1 − η 6 ) d η = δ ( η 6 − η 3 )10 = 1 1 4 0 7 4 28 由书上壁面切应力（C4.5.12）式和动量积分方程 1 dθ 3 dθ τ w = 0.0233 ρU 2 ( μ / ρU δ ) 4 = ρU 2 = ρU 2 dx 28 d x 1 μ 14 δ 4 d δ = 0.217( ) dx 整理得 ρU 5 μ 14,边界层/外绕流阻力,P6 > 平板边界层；P6 > 位移/动量厚度；M24 > 边界层积分题；Q5 > 边界层题库速解；M13 > 微题,P6,先算 Re_x/Re_L 判层流、湍流或转捩；直接题用 delta、Cf、阻力公式；速度剖面题用 M24 的 delta*、theta 和 Karman 模板；外绕流判断摩擦/压差阻力和分离。,1. 算 Re_x 或 Re_L；2. 判断层流/湍流/低 Re；3. 选厚度、Cf 或阻力公式；4. 若为厚度定义题，尝试写积分；5. 说明 v80 缺失的定义或图表。,"复杂非零压梯度动量积分、实验阻力图和扫描图数值仍需教材/图表；v80 已覆盖书10.3/10.5 常见剖面。 v80 已补 delta*, theta, H 的物理意义；复杂动量积分推导仍需手算。 v80 已补局部摩阻系数 cf、单位宽阻力 D'、CD=2theta/L、转捩位置 xcr、平板层/湍/混合阻力判定和湿表面积/迎风面积区分；复杂分离与实验阻力图仍需教材。 v80 保留给定速度剖面到 delta、theta、delta_E、tau_w、CD 的通用积分链，补强 delta、delta*、theta、delta_E 的物理意义，保留层/湍速度剖面标准句、Boussinesq 涡黏、吸气/吹气修正、自由射流动量通量入口、Theta 分离判据和 Karman--Pohlhausen 配边界步骤。",主题命中“边界层/外绕流阻力”，v80 基础过程覆盖约 87%。；题目要求推导或定义积分；v80 有 M24/M25/M26 骨架，但完整推导仍扣少量严谨性分。；仍依赖教材图表或读图；v80 有小查表/查表动作和收口模板，但不是完整数值表。,7.5,10.0,75.0,中高,
Q0043,往年期末题-其他目录,D:\虚拟C盘\学习\流体力学\题库\其他试题\2003上海交大流体力学期末试题及答案.pdf,2003上海交大流体力学期末试题及答案.pdf,0.05,0.0593 Cf = 1 比1/7指数律略大 Re x 5 mhtml:file://F:\Study\学习资料\流体力学\流体力学期末考试(2003.mht 2010/6/7 w 页码，5/6(W),概念简答/定义解释,M18 > 往年题可能问法：一句话答案；M23 > 概念短答库；R6 > 可直接抄的结论句；M9 > 高频小问速答；M12 > 概念题保底,无直接页码,先定位 M18/M23/R6 的可抄定义句；按“定义一句+原因一句+后果一句”写；若有公式页，再补适用条件和易错点。,1. 先按题干关键词选模型；2. 在 v80 对应页写首个控制方程/公式；3. 把题给几何、单位和边界条件代入；4. 做代数求解或列出需要查图查表的位置；5. 检查单位、方向、绝压/表压或适用条件。,v80 已显著补强短答，但长论述、实验现象细节和教材原话仍可能扣少量分。 v67 补长论述结构，v69 补读图/收口检查，v80 补层流/湍流/渐变流可抄定义；教材原话仍可能扣分。 v80 已补 N-S 各项标准意义、控制体外力组成、层/湍速度剖面、Boussinesq 涡黏、水击波速因素、孔板/自由射流概念、渐变流测压管水头、Ma 物理意义与 0.3 判据、深水波定义、RTT 守恒入口、完全/部分相似短答和标准四行答案模板，适合先写过程分。,主题命中“概念简答/定义解释”，v80 基础过程覆盖约 89%。,8.9,10.0,89.0,中高,
Q0044,往年期末题-其他目录,D:\虚拟C盘\学习\流体力学\题库\其他试题\2003上海交大流体力学期末试题及答案.pdf,2003上海交大流体力学期末试题及答案.pdf,五,"五．在一拉伐尔喷管中（参见中册183页图C5.4.5）,贮气箱中的参数为 T0 = 350 K, p0 = 106 Pa ；喷管 出口截面积Ae=0.001m2, 背压 pb = 9.3 × 10 Pa 。设喉部的马赫数 M t = 0.6, 5 γ = 1.4 ，求 (1) 出口参数 Te , ρ e , M e , Ve (2) 喉部参数 Tt , ρ t , pt , Vt , At 解法一：管内为等熵流 (1) 出口参数 γ −1 Te p 9.315 × 105 1.4",可压缩流/喷管/激波/膨胀波,P3 > 等熵流+Laval；P4 > 激波+膨胀波；Q4 > 第7章题库速解；R2 > 查表衔接；M14 > 查表动作；M26 > 可压查表,P3；P4,先判等熵、阻塞、内激波、斜激波或膨胀波；按 P3/P4 分段写公式；用 M26 明确输入量：等熵/面积用 M，正激波用 M1，斜激波用 M1、theta，PM 用 nu(M)；最后检查 pe/pb 和总压是否跨激波重置。,1. 判定等熵段、阻塞、激波或膨胀波；2. 写 T0/T、p0/p、A/A* 或激波关系；3. 选择亚声/超声支；4. 标出需要查表的 M、β、ν；5. 回代压力、温度、流量并检查 pe/pb。,斜激波图、PM 函数和面积-马赫数完整表仍可能需要教材；v80 把查表输入和后续接公式写得更明确。 v68 已补 M=1/2/3 的等熵、面积、PM 角和正激波锚点；完整斜激波/PM/面积查表仍需教材。 v80 保留喷管/激波/PM 查表动作和 0.528 易错判断，并补 Fanno 等截面绝热摩擦管入口；同时保留 Ma 物理意义、等熵任意两点、最大速度、弱/强斜激波、脱体激波、PM 最大偏转、背压/出口内压易错和波阻概念；复杂波系仍需按图逐段判支路。,主题命中“可压缩流/喷管/激波/膨胀波”，v80 基础过程覆盖约 81%。；仍依赖教材图表或读图；v80 有小查表/查表动作和收口模板，但不是完整数值表。,7.7,10.0,77.0,中高,
Q0045,往年期末题-其他目录,D:\虚拟C盘\学习\流体力学\题库\其他试题\2003上海交大流体力学期末试题及答案.pdf,2003上海交大流体力学期末试题及答案.pdf,0.4,"0.4 =( e) γ =( ) = 0.98 T0 p0 106 Te = 0.98 × 350 = 343K 2 T0 2 350 Me = ( − 1) = ( − 1) = 0.32 γ − 1 Te 0.4 343 pe 9.315 × 105 ρe = = = 9.46 kg/m3 , Ve = M e γ RTe = 118.8m/s RTe 287 × 343 (2) 喉部参数 Mt = 0.6 ，查表FG1 = 0.93284 T0 Tt = 0.93284 × 350 = 326.5K = 0.784 p0 pt = 0.784 × 106 = 7.84 ×105 Pa pt 7.84 × 105 ρt = = = 8.367 kg/m3 , Vt = M t γ RTt = 217.32 m/s RTt 287 × 326.5 ρeVe Ae 9.4528 × 120.25 × 0.001 At = = = 6.25 × 10−4 m 2 ρ tVt At = ρ eVe Ae ρtVt 8.367 × 217.32 解法二： = 0.9315 （1）由 p 0 倒查表FG1得 Me = 0.32 = 0.98 Te = 0.98 × 350 = 343K Ve = M e γ RTe = 0.32 1.4 × 287 × 343 = 118.8 m/s mhtml:file://F:\Study\学习资料\流体力学\流体力学期末考试(2003.mht 2010/6/7 w 页码，6/6(W) pe 9.315 × 105 ρe = = = 9.46 kg/m3 RTe 287 × 343 = 0.9315 查表FG1得 Ae / A = 1.92 (2) 由 p 0 A* = Ae / 1.92 = 0.001 / 1.92 = 52.1 × 10 −4 m 2 由Mt = 0.6 查表FG1得 At / A = 1.1882 At = 1.1882 × 52.1 × 10 −4 = 6.2 × 10 −4 m 2 mhtml:file://F:\Study\学习资料\流体力学\流体力学期末考试(2003.mht 2010/6/7",概念简答/定义解释,M18 > 往年题可能问法：一句话答案；M23 > 概念短答库；R6 > 可直接抄的结论句；M9 > 高频小问速答；M12 > 概念题保底,无直接页码,先定位 M18/M23/R6 的可抄定义句；按“定义一句+原因一句+后果一句”写；若有公式页，再补适用条件和易错点。,1. 先按题干关键词选模型；2. 在 v80 对应页写首个控制方程/公式；3. 把题给几何、单位和边界条件代入；4. 做代数求解或列出需要查图查表的位置；5. 检查单位、方向、绝压/表压或适用条件。,v80 已显著补强短答，但长论述、实验现象细节和教材原话仍可能扣少量分。 v67 补长论述结构，v69 补读图/收口检查，v80 补层流/湍流/渐变流可抄定义；教材原话仍可能扣分。 v80 已补 N-S 各项标准意义、控制体外力组成、层/湍速度剖面、Boussinesq 涡黏、水击波速因素、孔板/自由射流概念、渐变流测压管水头、Ma 物理意义与 0.3 判据、深水波定义、RTT 守恒入口、完全/部分相似短答和标准四行答案模板，适合先写过程分。,主题命中“概念简答/定义解释”，v80 基础过程覆盖约 89%。；仍依赖教材图表或读图；v80 有小查表/查表动作和收口模板，但不是完整数值表。,8.5,10.0,85.0,中高,
Q0046,课本/题库习题,D:\虚拟C盘\学习\流体力学\题库\习题\各章习题-1\第三章流体运动学例题1.doc,第三章流体运动学例题1.doc,未编号,试求（x=1m，y=2m）点上的速度和加速度。,流体运动学/连续/流线迹线,P1 > 连续性；Q1 > 迹线/流线/脉线；M18 > 往年题可能问法；M23 > 概念短答库；T6 > 常见问法到答案,P1,先判速度场/描述方法；写连续、旋度、流线/迹线微分式；概念题直接用 M18/M23 的一句话答案；应力题转 Q1 张量模板。,1. 先按题干关键词选模型；2. 在 v80 对应页写首个控制方程/公式；3. 把题给几何、单位和边界条件代入；4. 做代数求解或列出需要查图查表的位置；5. 检查单位、方向、绝压/表压或适用条件。,若要求长篇推导或复杂坐标变换，仍需教材细节；v80 已足够支撑多数简答和基础计算过程。 v67 已补推导题固定结构，v69/v80 补截面、边界条件和概念收口检查。 v80 保留新题定位入口、非定常 Bernoulli 推导条件、速度势单值/路径无关证明、Lagrange/Kelvin 可抄证明句、涡管强度 ΩA 守恒、涡量矩模板、自由射流动量通量和 RTT 入口，并补纳维-斯托克斯原词、圆管断面速度分布原词、渐变流测压管水头；更长证明仍需教材措辞。,主题命中“流体运动学/连续/流线迹线”，v80 基础过程覆盖约 85%。,8.5,10.0,85.0,中,
Q0047,课本/题库习题,D:\虚拟C盘\学习\流体力学\题库\习题\各章习题-1\第三章流体运动学例题1.doc,第三章流体运动学例题1.doc,未编号,例题 3-2流体质点速度沿方向成线性规律变化，已知相距两点的速度为。流动是定常的，试求、两点的质点加速度。,流体运动学/连续/流线迹线,P1 > 连续性；Q1 > 迹线/流线/脉线；M18 > 往年题可能问法；M23 > 概念短答库；T6 > 常见问法到答案,P1,先判速度场/描述方法；写连续、旋度、流线/迹线微分式；概念题直接用 M18/M23 的一句话答案；应力题转 Q1 张量模板。,1. 先按题干关键词选模型；2. 在 v80 对应页写首个控制方程/公式；3. 把题给几何、单位和边界条件代入；4. 做代数求解或列出需要查图查表的位置；5. 检查单位、方向、绝压/表压或适用条件。,若要求长篇推导或复杂坐标变换，仍需教材细节；v80 已足够支撑多数简答和基础计算过程。 v67 已补推导题固定结构，v69/v80 补截面、边界条件和概念收口检查。 v80 保留新题定位入口、非定常 Bernoulli 推导条件、速度势单值/路径无关证明、Lagrange/Kelvin 可抄证明句、涡管强度 ΩA 守恒、涡量矩模板、自由射流动量通量和 RTT 入口，并补纳维-斯托克斯原词、圆管断面速度分布原词、渐变流测压管水头；更长证明仍需教材措辞。,主题命中“流体运动学/连续/流线迹线”，v80 基础过程覆盖约 85%。,8.5,10.0,85.0,中,
Q0048,课本/题库习题,D:\虚拟C盘\学习\流体力学\题库\习题\各章习题-1\第三章流体运动学例题1.doc,第三章流体运动学例题1.doc,未编号,例题 3-3 求流体的迹线和流线方程。已知直角坐标系中的速度场。试求： ① 迹线方程； ② 流线方程； ③ 以拉格朗日变数表示的流体速度。,流体运动学/连续/流线迹线,P1 > 连续性；Q1 > 迹线/流线/脉线；M18 > 往年题可能问法；M23 > 概念短答库；T6 > 常见问法到答案,P1,先判速度场/描述方法；写连续、旋度、流线/迹线微分式；概念题直接用 M18/M23 的一句话答案；应力题转 Q1 张量模板。,1. 先按题干关键词选模型；2. 在 v80 对应页写首个控制方程/公式；3. 把题给几何、单位和边界条件代入；4. 做代数求解或列出需要查图查表的位置；5. 检查单位、方向、绝压/表压或适用条件。,若要求长篇推导或复杂坐标变换，仍需教材细节；v80 已足够支撑多数简答和基础计算过程。 v67 已补推导题固定结构，v69/v80 补截面、边界条件和概念收口检查。 v80 保留新题定位入口、非定常 Bernoulli 推导条件、速度势单值/路径无关证明、Lagrange/Kelvin 可抄证明句、涡管强度 ΩA 守恒、涡量矩模板、自由射流动量通量和 RTT 入口，并补纳维-斯托克斯原词、圆管断面速度分布原词、渐变流测压管水头；更长证明仍需教材措辞。,主题命中“流体运动学/连续/流线迹线”，v80 基础过程覆盖约 85%。；仍依赖教材图表或读图；v80 有小查表/查表动作和收口模板，但不是完整数值表。,8.1,10.0,81.0,中,
Q0049,课本/题库习题,D:\虚拟C盘\学习\流体力学\题库\习题\各章习题-1\第三章流体运动学例题1.doc,第三章流体运动学例题1.doc,未编号,由这个一般的流线方程可见，流线是随时间变化的，不同时刻有不同的流线。 （3） 线方程代入欧拉速度表达式或由迹线方程求时间偏导数可得以拉格朗日法表示的速度为,流体运动学/连续/流线迹线,P1 > 连续性；Q1 > 迹线/流线/脉线；M18 > 往年题可能问法；M23 > 概念短答库；T6 > 常见问法到答案,P1,先判速度场/描述方法；写连续、旋度、流线/迹线微分式；概念题直接用 M18/M23 的一句话答案；应力题转 Q1 张量模板。,1. 先按题干关键词选模型；2. 在 v80 对应页写首个控制方程/公式；3. 把题给几何、单位和边界条件代入；4. 做代数求解或列出需要查图查表的位置；5. 检查单位、方向、绝压/表压或适用条件。,若要求长篇推导或复杂坐标变换，仍需教材细节；v80 已足够支撑多数简答和基础计算过程。 v67 已补推导题固定结构，v69/v80 补截面、边界条件和概念收口检查。 v80 保留新题定位入口、非定常 Bernoulli 推导条件、速度势单值/路径无关证明、Lagrange/Kelvin 可抄证明句、涡管强度 ΩA 守恒、涡量矩模板、自由射流动量通量和 RTT 入口，并补纳维-斯托克斯原词、圆管断面速度分布原词、渐变流测压管水头；更长证明仍需教材措辞。,主题命中“流体运动学/连续/流线迹线”，v80 基础过程覆盖约 85%。；仍依赖教材图表或读图；v80 有小查表/查表动作和收口模板，但不是完整数值表。,8.1,10.0,81.0,中,
Q0050,课本/题库习题,D:\虚拟C盘\学习\流体力学\题库\习题\各章习题-1\第三章流体运动学例题2.doc,第三章流体运动学例题2.doc,未编号,例题 3-5 已知二维流场的速度势为 试求、并检验是否满足连续条件和无旋条件；,流体运动学/连续/流线迹线,P1 > 连续性；Q1 > 迹线/流线/脉线；M18 > 往年题可能问法；M23 > 概念短答库；T6 > 常见问法到答案,P1,先判速度场/描述方法；写连续、旋度、流线/迹线微分式；概念题直接用 M18/M23 的一句话答案；应力题转 Q1 张量模板。,1. 先按题干关键词选模型；2. 在 v80 对应页写首个控制方程/公式；3. 把题给几何、单位和边界条件代入；4. 做代数求解或列出需要查图查表的位置；5. 检查单位、方向、绝压/表压或适用条件。,若要求长篇推导或复杂坐标变换，仍需教材细节；v80 已足够支撑多数简答和基础计算过程。 v67 已补推导题固定结构，v69/v80 补截面、边界条件和概念收口检查。 v80 保留新题定位入口、非定常 Bernoulli 推导条件、速度势单值/路径无关证明、Lagrange/Kelvin 可抄证明句、涡管强度 ΩA 守恒、涡量矩模板、自由射流动量通量和 RTT 入口，并补纳维-斯托克斯原词、圆管断面速度分布原词、渐变流测压管水头；更长证明仍需教材措辞。,主题命中“流体运动学/连续/流线迹线”，v80 基础过程覆盖约 85%。,8.5,10.0,85.0,中,
Q0051,课本/题库习题,D:\虚拟C盘\学习\流体力学\题库\习题\各章习题-1\第二章流体静力学补充例题1.doc,第二章流体静力学补充例题1.doc,11.06,"11.068 101.563 1006.513 例题2-2 潜艇内的水银气压计读数，多管水银差压计读数,海平面上水银气压计读数为760mm，海水重度为10055N/m3，试求潜艇在海面下的深度。 题2-2 图 式中为海水重度；为水银重度；",静水压力/测压/闸门,P1 > 静水压旧题急救；Q1 > 平面/曲面闸门完整答案骨架；M19 > 真空度/负表压；M21 > 题图决策卡,P1,先按静水压图题入口读液面和高程；用同高同压逐段写压力链；闸门题套 Q1 的合力、压力中心、铰链取矩；最后检查表压/绝压和负表压。,1. 选同一静止连通液体等压面；2. 沿竖直方向逐段加减 rho g h；3. 若为闸门，求 F 与压力中心；4. 对铰链或曲面分量列平衡；5. 判断表压/绝压。,满分仍需要题图高程、铰链位置、面积惯性矩或多液体界面读数；v80 已给模板但不能替代读图。,主题命中“静水压力/测压/闸门”，v80 基础过程覆盖约 84%。；仍依赖教材图表或读图；v80 有小查表/查表动作和收口模板，但不是完整数值表。,8.0,10.0,80.0,中高,
Q0052,课本/题库习题,D:\虚拟C盘\学习\流体力学\题库\习题\各章习题-1\第二章流体静力学补充例题2.doc,第二章流体静力学补充例题2.doc,未编号,例题2-4 附图是运送液体的槽车简化模型：槽车以等加速度做水平运动。槽车静止时，车内液体的高度为。试求槽车在等加速度运动过程中自由液面的形状。假定自由液面的压力为。,流体运动学/连续/流线迹线,P1 > 连续性；Q1 > 迹线/流线/脉线；M18 > 往年题可能问法；M23 > 概念短答库；T6 > 常见问法到答案,P1,先判速度场/描述方法；写连续、旋度、流线/迹线微分式；概念题直接用 M18/M23 的一句话答案；应力题转 Q1 张量模板。,1. 先按题干关键词选模型；2. 在 v80 对应页写首个控制方程/公式；3. 把题给几何、单位和边界条件代入；4. 做代数求解或列出需要查图查表的位置；5. 检查单位、方向、绝压/表压或适用条件。,若要求长篇推导或复杂坐标变换，仍需教材细节；v80 已足够支撑多数简答和基础计算过程。 v67 已补推导题固定结构，v69/v80 补截面、边界条件和概念收口检查。 v80 保留新题定位入口、非定常 Bernoulli 推导条件、速度势单值/路径无关证明、Lagrange/Kelvin 可抄证明句、涡管强度 ΩA 守恒、涡量矩模板、自由射流动量通量和 RTT 入口，并补纳维-斯托克斯原词、圆管断面速度分布原词、渐变流测压管水头；更长证明仍需教材措辞。,主题命中“流体运动学/连续/流线迹线”，v80 基础过程覆盖约 85%。；仍依赖教材图表或读图；v80 有小查表/查表动作和收口模板，但不是完整数值表。,8.1,10.0,81.0,中高,
Q0053,课本/题库习题,D:\虚拟C盘\学习\流体力学\题库\习题\各章习题-1\第二章流体静力学补充例题2.doc,第二章流体静力学补充例题2.doc,未编号,上式给出了一簇斜率为的倾斜平面，就是槽车运动时液体的等压面。自由液面通过原点，可确定积分常数。因此自由液面方程为,静水压力/测压/闸门,P1 > 静水压旧题急救；Q1 > 平面/曲面闸门完整答案骨架；M19 > 真空度/负表压；M21 > 题图决策卡,P1,先按静水压图题入口读液面和高程；用同高同压逐段写压力链；闸门题套 Q1 的合力、压力中心、铰链取矩；最后检查表压/绝压和负表压。,1. 选同一静止连通液体等压面；2. 沿竖直方向逐段加减 rho g h；3. 若为闸门，求 F 与压力中心；4. 对铰链或曲面分量列平衡；5. 判断表压/绝压。,满分仍需要题图高程、铰链位置、面积惯性矩或多液体界面读数；v80 已给模板但不能替代读图。,主题命中“静水压力/测压/闸门”，v80 基础过程覆盖约 84%。,8.4,10.0,84.0,中,
Q0054,课本/题库习题,D:\虚拟C盘\学习\流体力学\题库\习题\各章习题-1\第二章流体静力学补充例题2.doc,第二章流体静力学补充例题2.doc,未编号,自由液面上的压力为，可确定积分常数，上式成为,概念简答/定义解释,M18 > 往年题可能问法：一句话答案；M23 > 概念短答库；R6 > 可直接抄的结论句；M9 > 高频小问速答；M12 > 概念题保底,无直接页码,先定位 M18/M23/R6 的可抄定义句；按“定义一句+原因一句+后果一句”写；若有公式页，再补适用条件和易错点。,1. 先按题干关键词选模型；2. 在 v80 对应页写首个控制方程/公式；3. 把题给几何、单位和边界条件代入；4. 做代数求解或列出需要查图查表的位置；5. 检查单位、方向、绝压/表压或适用条件。,v80 已显著补强短答，但长论述、实验现象细节和教材原话仍可能扣少量分。 v67 补长论述结构，v69 补读图/收口检查，v80 补层流/湍流/渐变流可抄定义；教材原话仍可能扣分。 v80 已补 N-S 各项标准意义、控制体外力组成、层/湍速度剖面、Boussinesq 涡黏、水击波速因素、孔板/自由射流概念、渐变流测压管水头、Ma 物理意义与 0.3 判据、深水波定义、RTT 守恒入口、完全/部分相似短答和标准四行答案模板，适合先写过程分。,主题命中“概念简答/定义解释”，v80 基础过程覆盖约 89%。,8.9,10.0,89.0,中,
Q0055,课本/题库习题,D:\虚拟C盘\学习\流体力学\题库\习题\各章习题-1\第二章流体静力学补充例题2.doc,第二章流体静力学补充例题2.doc,未编号,例题2-5 直径D=0.8m，d=0.3m的圆柱形容器空重100N，支承在距离液面为b=1.5m的支架C上，由于容器内部建立真空，将水吸入容器。容器内液面高度为a+b=1.9m，试求支架上的支承力R。,静水压力/测压/闸门,P1 > 静水压旧题急救；Q1 > 平面/曲面闸门完整答案骨架；M19 > 真空度/负表压；M21 > 题图决策卡,P1,先按静水压图题入口读液面和高程；用同高同压逐段写压力链；闸门题套 Q1 的合力、压力中心、铰链取矩；最后检查表压/绝压和负表压。,1. 选同一静止连通液体等压面；2. 沿竖直方向逐段加减 rho g h；3. 若为闸门，求 F 与压力中心；4. 对铰链或曲面分量列平衡；5. 判断表压/绝压。,满分仍需要题图高程、铰链位置、面积惯性矩或多液体界面读数；v80 已给模板但不能替代读图。,主题命中“静水压力/测压/闸门”，v80 基础过程覆盖约 84%。,8.4,10.0,84.0,中高,
Q0056,课本/题库习题,D:\虚拟C盘\学习\流体力学\题库\习题\各章习题-1\第四章流体动力学补充例题1.doc,第四章流体动力学补充例题1.doc,未编号,例4-1 大管直径，小管直径，已知大管中过流断面上的速度分布为（式中表示点所在半径，以计）。试求管中流量及小管中的平均速度。,Bernoulli/机械能/动量控制体,P1 > 控制体动量模板；P1 > 伯努利/机械能；Q2 > 弯管受力/喷嘴反力；M21 > 题图决策卡；M26 > 高频计算/查表/控制体收口,P1,先选截面，写连续和 Bernoulli/机械能；再按控制体受力图列压力力、壁面力和动量通量；多出口用 M26 通式；求出壁面对流体的力后按题问管/螺栓取反。,1. 先按题干关键词选模型；2. 在 v80 对应页写首个控制方程/公式；3. 把题给几何、单位和边界条件代入；4. 做代数求解或列出需要查图查表的位置；5. 检查单位、方向、绝压/表压或适用条件。,复杂三维受力和图中方向仍要自己画清楚；v80 已补多出口通式和喷嘴/弯管收口流程。 v69 把截面号、面积、高程、表压/绝压、CV取反和局损速度集中到读图/收口八查。 v80 保留雷诺输运、压力力方向/表压、孔板/文丘里流量计公式链，并补控制体外力组成与自由射流动量通量提示；复杂控制体仍需画受力图。,主题命中“Bernoulli/机械能/动量控制体”，v80 基础过程覆盖约 84%。；仍依赖教材图表或读图；v80 有小查表/查表动作和收口模板，但不是完整数值表。,8.0,10.0,80.0,中,
Q0057,课本/题库习题,D:\虚拟C盘\学习\流体力学\题库\习题\各章习题-1\第四章流体动力学补充例题1.doc,第四章流体动力学补充例题1.doc,未编号,[答：] 例4-2管路在点分为、两支，已知、；、，。试求、。,粘性管路/沿程局部损失/泵水轮机,P5 > 管路损失；Q5 > 粘性流动题库速解；M21 > 题图决策卡；M22 > 误判；M26 > 管路/模型,P5,由 Q 求 V，算 Re，判层/湍；层流用 H-P 或 64/Re，光滑湍流可用 0.3164/Re^(1/4)，粗糙管查 Moody；局部损失用所在管段速度；汇总后代入机械能求目标量。,1. 由 Q 和管径求 V；2. 算 Re 判断层流/湍流；3. 取 lambda 或查 Moody/Colebrook；4. 汇总沿程/局部损失；5. 代入机械能方程求目标量。,局部损失系数、粗糙度和物性仍需题给或查教材；v80 明确了 Moody、光滑管和局部损失速度的收口。 v80 保留管路机械能、沿程/局部损失、泵/水轮机功率、Moody/Colebrook 入口，并补圆管层流抛物线速度分布、湍流丰满剖面和平均/最大速度易错。,主题命中“粘性管路/沿程局部损失/泵水轮机”，v80 基础过程覆盖约 85%。,8.5,10.0,85.0,中,
Q0058,课本/题库习题,D:\虚拟C盘\学习\流体力学\题库\习题\各章习题-1\第四章流体动力学补充例题1.doc,第四章流体动力学补充例题1.doc,未编号,[答：] 例4-3 一高度为水箱，横截面积为，进水通道1和出水通道2的横截面积和水流速度分别为，与，。设水均匀垂直流入流出通道，容器内水的深度为，水密度可作常数处理。液面上方为空气，密度为。求深度随时间的变化率。,静水压力/测压/闸门,P1 > 静水压旧题急救；Q1 > 平面/曲面闸门完整答案骨架；M19 > 真空度/负表压；M21 > 题图决策卡,P1,先按静水压图题入口读液面和高程；用同高同压逐段写压力链；闸门题套 Q1 的合力、压力中心、铰链取矩；最后检查表压/绝压和负表压。,1. 选同一静止连通液体等压面；2. 沿竖直方向逐段加减 rho g h；3. 若为闸门，求 F 与压力中心；4. 对铰链或曲面分量列平衡；5. 判断表压/绝压。,满分仍需要题图高程、铰链位置、面积惯性矩或多液体界面读数；v80 已给模板但不能替代读图。,主题命中“静水压力/测压/闸门”，v80 基础过程覆盖约 84%。；仍依赖教材图表或读图；v80 有小查表/查表动作和收口模板，但不是完整数值表。,8.0,10.0,80.0,中高,
Q0059,课本/题库习题,D:\虚拟C盘\学习\流体力学\题库\习题\各章习题-1\第四章流体动力学补充例题1.doc,第四章流体动力学补充例题1.doc,未编号,可知进水量大于出水量时，则，反之。 例4-4 有一直径，高的水筒，用一直径水管充水，如供水管的水流速度，试求将水充满这个水筒需要多少时间（应用积分形式连续性方程求解）。,概念简答/定义解释,M18 > 往年题可能问法：一句话答案；M23 > 概念短答库；R6 > 可直接抄的结论句；M9 > 高频小问速答；M12 > 概念题保底,无直接页码,先定位 M18/M23/R6 的可抄定义句；按“定义一句+原因一句+后果一句”写；若有公式页，再补适用条件和易错点。,1. 先按题干关键词选模型；2. 在 v80 对应页写首个控制方程/公式；3. 把题给几何、单位和边界条件代入；4. 做代数求解或列出需要查图查表的位置；5. 检查单位、方向、绝压/表压或适用条件。,v80 已显著补强短答，但长论述、实验现象细节和教材原话仍可能扣少量分。 v67 补长论述结构，v69 补读图/收口检查，v80 补层流/湍流/渐变流可抄定义；教材原话仍可能扣分。 v80 已补 N-S 各项标准意义、控制体外力组成、层/湍速度剖面、Boussinesq 涡黏、水击波速因素、孔板/自由射流概念、渐变流测压管水头、Ma 物理意义与 0.3 判据、深水波定义、RTT 守恒入口、完全/部分相似短答和标准四行答案模板，适合先写过程分。,主题命中“概念简答/定义解释”，v80 基础过程覆盖约 89%。,8.9,10.0,89.0,中高,
Q0060,课本/题库习题,D:\虚拟C盘\学习\流体力学\题库\习题\各章习题-2\第三章 运动学.doc,第三章 运动学.doc,未编号,第三章 运动学 3-1 在直径为D的圆形风道断面上，用下法选定五个点，以测局部风速。设想用和管轴同心但不同半径的圆周，将全部断面分为中间是圆，其它是圆环的五个面积相等的部分。测点即位于等分此部分面积的圆周上，这样测得的各点流速，分别代表相应断面的平均流速。（1）试计算各测点到管心的距离，表为直径的倍数。（2）若各点流速为，空气密度为，求质量流量G。(),粘性管路/沿程局部损失/泵水轮机,P5 > 管路损失；Q5 > 粘性流动题库速解；M21 > 题图决策卡；M22 > 误判；M26 > 管路/模型,P5,由 Q 求 V，算 Re，判层/湍；层流用 H-P 或 64/Re，光滑湍流可用 0.3164/Re^(1/4)，粗糙管查 Moody；局部损失用所在管段速度；汇总后代入机械能求目标量。,1. 由 Q 和管径求 V；2. 算 Re 判断层流/湍流；3. 取 lambda 或查 Moody/Colebrook；4. 汇总沿程/局部损失；5. 代入机械能方程求目标量。,局部损失系数、粗糙度和物性仍需题给或查教材；v80 明确了 Moody、光滑管和局部损失速度的收口。 v80 保留管路机械能、沿程/局部损失、泵/水轮机功率、Moody/Colebrook 入口，并补圆管层流抛物线速度分布、湍流丰满剖面和平均/最大速度易错。,主题命中“粘性管路/沿程局部损失/泵水轮机”，v80 基础过程覆盖约 85%。；仍依赖教材图表或读图；v80 有小查表/查表动作和收口模板，但不是完整数值表。,8.1,10.0,81.0,中高,
Q0061,课本/题库习题,D:\虚拟C盘\学习\流体力学\题库\习题\各章习题-2\第三章 运动学.doc,第三章 运动学.doc,未编号,3-2 已知平面流动的速度分量为： 式中为常数，求流线方程并画出若干条流线。(),流体运动学/连续/流线迹线,P1 > 连续性；Q1 > 迹线/流线/脉线；M18 > 往年题可能问法；M23 > 概念短答库；T6 > 常见问法到答案,P1,先判速度场/描述方法；写连续、旋度、流线/迹线微分式；概念题直接用 M18/M23 的一句话答案；应力题转 Q1 张量模板。,1. 先按题干关键词选模型；2. 在 v80 对应页写首个控制方程/公式；3. 把题给几何、单位和边界条件代入；4. 做代数求解或列出需要查图查表的位置；5. 检查单位、方向、绝压/表压或适用条件。,若要求长篇推导或复杂坐标变换，仍需教材细节；v80 已足够支撑多数简答和基础计算过程。 v67 已补推导题固定结构，v69/v80 补截面、边界条件和概念收口检查。 v80 保留新题定位入口、非定常 Bernoulli 推导条件、速度势单值/路径无关证明、Lagrange/Kelvin 可抄证明句、涡管强度 ΩA 守恒、涡量矩模板、自由射流动量通量和 RTT 入口，并补纳维-斯托克斯原词、圆管断面速度分布原词、渐变流测压管水头；更长证明仍需教材措辞。,主题命中“流体运动学/连续/流线迹线”，v80 基础过程覆盖约 85%。,8.5,10.0,85.0,中,
Q0062,课本/题库习题,D:\虚拟C盘\学习\流体力学\题库\习题\各章习题-2\第三章 运动学.doc,第三章 运动学.doc,未编号,"3-3 已知平面流动的速度分量为： 试求：和时，过点的流线方程。(t=0,xy=1;t=1,(x+1)(y-1)=0)",流体运动学/连续/流线迹线,P1 > 连续性；Q1 > 迹线/流线/脉线；M18 > 往年题可能问法；M23 > 概念短答库；T6 > 常见问法到答案,P1,先判速度场/描述方法；写连续、旋度、流线/迹线微分式；概念题直接用 M18/M23 的一句话答案；应力题转 Q1 张量模板。,1. 先按题干关键词选模型；2. 在 v80 对应页写首个控制方程/公式；3. 把题给几何、单位和边界条件代入；4. 做代数求解或列出需要查图查表的位置；5. 检查单位、方向、绝压/表压或适用条件。,若要求长篇推导或复杂坐标变换，仍需教材细节；v80 已足够支撑多数简答和基础计算过程。 v67 已补推导题固定结构，v69/v80 补截面、边界条件和概念收口检查。 v80 保留新题定位入口、非定常 Bernoulli 推导条件、速度势单值/路径无关证明、Lagrange/Kelvin 可抄证明句、涡管强度 ΩA 守恒、涡量矩模板、自由射流动量通量和 RTT 入口，并补纳维-斯托克斯原词、圆管断面速度分布原词、渐变流测压管水头；更长证明仍需教材措辞。,主题命中“流体运动学/连续/流线迹线”，v80 基础过程覆盖约 85%。,8.5,10.0,85.0,中,
Q0063,课本/题库习题,D:\虚拟C盘\学习\流体力学\题库\习题\各章习题-2\第二章 静力学-1.doc,第二章 静力学-1.doc,未编号,"第二章 静力学 2-1已知水深，水银柱高度，大气压强，连接橡皮软管中全部是空气。求封闭水箱水面的绝对压强值及真空度。（402mmHg,328mmHg）",静水压力/测压/闸门,P1 > 静水压旧题急救；Q1 > 平面/曲面闸门完整答案骨架；M19 > 真空度/负表压；M21 > 题图决策卡,P1,先按静水压图题入口读液面和高程；用同高同压逐段写压力链；闸门题套 Q1 的合力、压力中心、铰链取矩；最后检查表压/绝压和负表压。,1. 选同一静止连通液体等压面；2. 沿竖直方向逐段加减 rho g h；3. 若为闸门，求 F 与压力中心；4. 对铰链或曲面分量列平衡；5. 判断表压/绝压。,满分仍需要题图高程、铰链位置、面积惯性矩或多液体界面读数；v80 已给模板但不能替代读图。,主题命中“静水压力/测压/闸门”，v80 基础过程覆盖约 84%。,8.4,10.0,84.0,中,
Q0064,课本/题库习题,D:\虚拟C盘\学习\流体力学\题库\习题\各章习题-2\第二章 静力学-1.doc,第二章 静力学-1.doc,未编号,图2-1 2-2 为了精确测定容重为的液体中A、B两点的微小压差，特设计图示微压计。测定时的各液面差如图示。试求与的关系及同一高程上A、B两点的压差。(),静水压力/测压/闸门,P1 > 静水压旧题急救；Q1 > 平面/曲面闸门完整答案骨架；M19 > 真空度/负表压；M21 > 题图决策卡,P1,先按静水压图题入口读液面和高程；用同高同压逐段写压力链；闸门题套 Q1 的合力、压力中心、铰链取矩；最后检查表压/绝压和负表压。,1. 选同一静止连通液体等压面；2. 沿竖直方向逐段加减 rho g h；3. 若为闸门，求 F 与压力中心；4. 对铰链或曲面分量列平衡；5. 判断表压/绝压。,满分仍需要题图高程、铰链位置、面积惯性矩或多液体界面读数；v80 已给模板但不能替代读图。,主题命中“静水压力/测压/闸门”，v80 基础过程覆盖约 84%。；仍依赖教材图表或读图；v80 有小查表/查表动作和收口模板，但不是完整数值表。,8.0,10.0,80.0,中,
Q0065,课本/题库习题,D:\虚拟C盘\学习\流体力学\题库\习题\各章习题-2\第二章 静力学-1.doc,第二章 静力学-1.doc,未编号,图2-2 2-3 有一矩形底孔闸门，高，宽，上游水深，下游水深。试用图解法及解析法求作用于闸门上的水静压力及作用点。(59kN作用于闸门中心),静水压力/测压/闸门,P1 > 静水压旧题急救；Q1 > 平面/曲面闸门完整答案骨架；M19 > 真空度/负表压；M21 > 题图决策卡,P1,先按静水压图题入口读液面和高程；用同高同压逐段写压力链；闸门题套 Q1 的合力、压力中心、铰链取矩；最后检查表压/绝压和负表压。,1. 选同一静止连通液体等压面；2. 沿竖直方向逐段加减 rho g h；3. 若为闸门，求 F 与压力中心；4. 对铰链或曲面分量列平衡；5. 判断表压/绝压。,满分仍需要题图高程、铰链位置、面积惯性矩或多液体界面读数；v80 已给模板但不能替代读图。,主题命中“静水压力/测压/闸门”，v80 基础过程覆盖约 84%。；仍依赖教材图表或读图；v80 有小查表/查表动作和收口模板，但不是完整数值表。,8.0,10.0,80.0,中,
Q0066,课本/题库习题,D:\虚拟C盘\学习\流体力学\题库\习题\各章习题-2\第二章 静力学-1.doc,第二章 静力学-1.doc,未编号,"图2-3 2-4 有一直立的金属平面矩形闸门，背水面用三根相同的工字梁作支撑，闸门与水深同高。求各横梁均匀受力时的位置。（水面下1.15m,2.11m,2.73m）",静水压力/测压/闸门,P1 > 静水压旧题急救；Q1 > 平面/曲面闸门完整答案骨架；M19 > 真空度/负表压；M21 > 题图决策卡,P1,先按静水压图题入口读液面和高程；用同高同压逐段写压力链；闸门题套 Q1 的合力、压力中心、铰链取矩；最后检查表压/绝压和负表压。,1. 选同一静止连通液体等压面；2. 沿竖直方向逐段加减 rho g h；3. 若为闸门，求 F 与压力中心；4. 对铰链或曲面分量列平衡；5. 判断表压/绝压。,满分仍需要题图高程、铰链位置、面积惯性矩或多液体界面读数；v80 已给模板但不能替代读图。,主题命中“静水压力/测压/闸门”，v80 基础过程覆盖约 84%。；仍依赖教材图表或读图；v80 有小查表/查表动作和收口模板，但不是完整数值表。,8.0,10.0,80.0,中高,
Q0067,课本/题库习题,D:\虚拟C盘\学习\流体力学\题库\习题\各章习题-2\第二章 静力学-1.doc,第二章 静力学-1.doc,未编号,"图2-5 2-5 有一圆滚门，长度，直径，上游水深，下游水深，求作用于圆滚门上的水平和铅直分压力。(590kN,920kN)",概念简答/定义解释,M18 > 往年题可能问法：一句话答案；M23 > 概念短答库；R6 > 可直接抄的结论句；M9 > 高频小问速答；M12 > 概念题保底,无直接页码,先定位 M18/M23/R6 的可抄定义句；按“定义一句+原因一句+后果一句”写；若有公式页，再补适用条件和易错点。,1. 先按题干关键词选模型；2. 在 v80 对应页写首个控制方程/公式；3. 把题给几何、单位和边界条件代入；4. 做代数求解或列出需要查图查表的位置；5. 检查单位、方向、绝压/表压或适用条件。,v80 已显著补强短答，但长论述、实验现象细节和教材原话仍可能扣少量分。 v67 补长论述结构，v69 补读图/收口检查，v80 补层流/湍流/渐变流可抄定义；教材原话仍可能扣分。 v80 已补 N-S 各项标准意义、控制体外力组成、层/湍速度剖面、Boussinesq 涡黏、水击波速因素、孔板/自由射流概念、渐变流测压管水头、Ma 物理意义与 0.3 判据、深水波定义、RTT 守恒入口、完全/部分相似短答和标准四行答案模板，适合先写过程分。,主题命中“概念简答/定义解释”，v80 基础过程覆盖约 89%。；仍依赖教材图表或读图；v80 有小查表/查表动作和收口模板，但不是完整数值表。,8.5,10.0,85.0,中,
Q0068,课本/题库习题,D:\虚拟C盘\学习\流体力学\题库\习题\各章习题-2\第二章 静力学-1.doc,第二章 静力学-1.doc,未编号,2-6 图（a）为圆筒，图（b）为圆球。试分别绘出压力体图并标出力的方向。,边界层/外绕流阻力,P6 > 平板边界层；P6 > 位移/动量厚度；M24 > 边界层积分题；Q5 > 边界层题库速解；M13 > 微题,P6,先算 Re_x/Re_L 判层流、湍流或转捩；直接题用 delta、Cf、阻力公式；速度剖面题用 M24 的 delta*、theta 和 Karman 模板；外绕流判断摩擦/压差阻力和分离。,1. 算 Re_x 或 Re_L；2. 判断层流/湍流/低 Re；3. 选厚度、Cf 或阻力公式；4. 若为厚度定义题，尝试写积分；5. 说明 v80 缺失的定义或图表。,"复杂非零压梯度动量积分、实验阻力图和扫描图数值仍需教材/图表；v80 已覆盖书10.3/10.5 常见剖面。 v80 已补 delta*, theta, H 的物理意义；复杂动量积分推导仍需手算。 v80 已补局部摩阻系数 cf、单位宽阻力 D'、CD=2theta/L、转捩位置 xcr、平板层/湍/混合阻力判定和湿表面积/迎风面积区分；复杂分离与实验阻力图仍需教材。 v80 保留给定速度剖面到 delta、theta、delta_E、tau_w、CD 的通用积分链，补强 delta、delta*、theta、delta_E 的物理意义，保留层/湍速度剖面标准句、Boussinesq 涡黏、吸气/吹气修正、自由射流动量通量入口、Theta 分离判据和 Karman--Pohlhausen 配边界步骤。",主题命中“边界层/外绕流阻力”，v80 基础过程覆盖约 87%。；仍依赖教材图表或读图；v80 有小查表/查表动作和收口模板，但不是完整数值表。,8.3,10.0,83.0,中,
Q0069,课本/题库习题,D:\虚拟C盘\学习\流体力学\题库\习题\各章习题-2\第二章 静力学-补充例题.doc,第二章 静力学-补充例题.doc,未编号,例题2-4 附图是运送液体的槽车简化模型：槽车以等加速度做水平运动。槽车静止时，车内液体的高度为。试求槽车在等加速度运动过程中自由液面的形状。假定自由液面的压力为。,流体运动学/连续/流线迹线,P1 > 连续性；Q1 > 迹线/流线/脉线；M18 > 往年题可能问法；M23 > 概念短答库；T6 > 常见问法到答案,P1,先判速度场/描述方法；写连续、旋度、流线/迹线微分式；概念题直接用 M18/M23 的一句话答案；应力题转 Q1 张量模板。,1. 先按题干关键词选模型；2. 在 v80 对应页写首个控制方程/公式；3. 把题给几何、单位和边界条件代入；4. 做代数求解或列出需要查图查表的位置；5. 检查单位、方向、绝压/表压或适用条件。,若要求长篇推导或复杂坐标变换，仍需教材细节；v80 已足够支撑多数简答和基础计算过程。 v67 已补推导题固定结构，v69/v80 补截面、边界条件和概念收口检查。 v80 保留新题定位入口、非定常 Bernoulli 推导条件、速度势单值/路径无关证明、Lagrange/Kelvin 可抄证明句、涡管强度 ΩA 守恒、涡量矩模板、自由射流动量通量和 RTT 入口，并补纳维-斯托克斯原词、圆管断面速度分布原词、渐变流测压管水头；更长证明仍需教材措辞。,主题命中“流体运动学/连续/流线迹线”，v80 基础过程覆盖约 85%。；仍依赖教材图表或读图；v80 有小查表/查表动作和收口模板，但不是完整数值表。,8.1,10.0,81.0,中高,
Q0070,课本/题库习题,D:\虚拟C盘\学习\流体力学\题库\习题\各章习题-2\第二章 静力学-补充例题.doc,第二章 静力学-补充例题.doc,未编号,上式给出了一簇斜率为的倾斜平面，就是槽车运动时液体的等压面。自由液面通过原点，可确定积分常数。因此自由液面方程为,静水压力/测压/闸门,P1 > 静水压旧题急救；Q1 > 平面/曲面闸门完整答案骨架；M19 > 真空度/负表压；M21 > 题图决策卡,P1,先按静水压图题入口读液面和高程；用同高同压逐段写压力链；闸门题套 Q1 的合力、压力中心、铰链取矩；最后检查表压/绝压和负表压。,1. 选同一静止连通液体等压面；2. 沿竖直方向逐段加减 rho g h；3. 若为闸门，求 F 与压力中心；4. 对铰链或曲面分量列平衡；5. 判断表压/绝压。,满分仍需要题图高程、铰链位置、面积惯性矩或多液体界面读数；v80 已给模板但不能替代读图。,主题命中“静水压力/测压/闸门”，v80 基础过程覆盖约 84%。,8.4,10.0,84.0,中,
Q0071,课本/题库习题,D:\虚拟C盘\学习\流体力学\题库\习题\各章习题-2\第二章 静力学-补充例题.doc,第二章 静力学-补充例题.doc,未编号,自由液面上的压力为，可确定积分常数，上式成为,概念简答/定义解释,M18 > 往年题可能问法：一句话答案；M23 > 概念短答库；R6 > 可直接抄的结论句；M9 > 高频小问速答；M12 > 概念题保底,无直接页码,先定位 M18/M23/R6 的可抄定义句；按“定义一句+原因一句+后果一句”写；若有公式页，再补适用条件和易错点。,1. 先按题干关键词选模型；2. 在 v80 对应页写首个控制方程/公式；3. 把题给几何、单位和边界条件代入；4. 做代数求解或列出需要查图查表的位置；5. 检查单位、方向、绝压/表压或适用条件。,v80 已显著补强短答，但长论述、实验现象细节和教材原话仍可能扣少量分。 v67 补长论述结构，v69 补读图/收口检查，v80 补层流/湍流/渐变流可抄定义；教材原话仍可能扣分。 v80 已补 N-S 各项标准意义、控制体外力组成、层/湍速度剖面、Boussinesq 涡黏、水击波速因素、孔板/自由射流概念、渐变流测压管水头、Ma 物理意义与 0.3 判据、深水波定义、RTT 守恒入口、完全/部分相似短答和标准四行答案模板，适合先写过程分。,主题命中“概念简答/定义解释”，v80 基础过程覆盖约 89%。,8.9,10.0,89.0,中,
Q0072,课本/题库习题,D:\虚拟C盘\学习\流体力学\题库\习题\各章习题-2\第二章 静力学-补充例题.doc,第二章 静力学-补充例题.doc,未编号,例题2-5 直径D=0.8m，d=0.3m的圆柱形容器空重100N，支承在距离液面为b=1.5m的支架C上，由于容器内部建立真空，将水吸入容器。容器内液面高度为a+b=1.9m，试求支架上的支承力R。,静水压力/测压/闸门,P1 > 静水压旧题急救；Q1 > 平面/曲面闸门完整答案骨架；M19 > 真空度/负表压；M21 > 题图决策卡,P1,先按静水压图题入口读液面和高程；用同高同压逐段写压力链；闸门题套 Q1 的合力、压力中心、铰链取矩；最后检查表压/绝压和负表压。,1. 选同一静止连通液体等压面；2. 沿竖直方向逐段加减 rho g h；3. 若为闸门，求 F 与压力中心；4. 对铰链或曲面分量列平衡；5. 判断表压/绝压。,满分仍需要题图高程、铰链位置、面积惯性矩或多液体界面读数；v80 已给模板但不能替代读图。,主题命中“静水压力/测压/闸门”，v80 基础过程覆盖约 84%。,8.4,10.0,84.0,中高,
Q0073,课本/题库习题,D:\虚拟C盘\学习\流体力学\题库\习题\各章习题-2\第五章 流动损失.doc,第五章 流动损失.doc,未编号,5-1 油在管中以的流速流动，油的密度，，。水银压差计测得，试求（1）油在管中的流态？（2）油的运动粘滞系数？（3）若保持相同的平均流速反向流动，压差计的读数有何变化？（层流；7.9*10-5；反向流读书无变化）,粘性管路/沿程局部损失/泵水轮机,P5 > 管路损失；Q5 > 粘性流动题库速解；M21 > 题图决策卡；M22 > 误判；M26 > 管路/模型,P5,由 Q 求 V，算 Re，判层/湍；层流用 H-P 或 64/Re，光滑湍流可用 0.3164/Re^(1/4)，粗糙管查 Moody；局部损失用所在管段速度；汇总后代入机械能求目标量。,1. 由 Q 和管径求 V；2. 算 Re 判断层流/湍流；3. 取 lambda 或查 Moody/Colebrook；4. 汇总沿程/局部损失；5. 代入机械能方程求目标量。,局部损失系数、粗糙度和物性仍需题给或查教材；v80 明确了 Moody、光滑管和局部损失速度的收口。 v80 保留管路机械能、沿程/局部损失、泵/水轮机功率、Moody/Colebrook 入口，并补圆管层流抛物线速度分布、湍流丰满剖面和平均/最大速度易错。,主题命中“粘性管路/沿程局部损失/泵水轮机”，v80 基础过程覆盖约 85%。,8.5,10.0,85.0,中高,
Q0074,课本/题库习题,D:\虚拟C盘\学习\流体力学\题库\习题\各章习题-2\第五章 流动损失.doc,第五章 流动损失.doc,未编号,5-3 如管道的长度不变，通过的流量不变，欲使沿程水头损失减少一半，直径需增大百分之几？试分别讨论下列三种情况： （1）管内流动为层流 （2）管内流动为光滑区 （3）管内流动为粗糙区（层流区增大19%；光滑区增大16%；阻力平方区增大14%）,粘性管路/沿程局部损失/泵水轮机,P5 > 管路损失；Q5 > 粘性流动题库速解；M21 > 题图决策卡；M22 > 误判；M26 > 管路/模型,P5,由 Q 求 V，算 Re，判层/湍；层流用 H-P 或 64/Re，光滑湍流可用 0.3164/Re^(1/4)，粗糙管查 Moody；局部损失用所在管段速度；汇总后代入机械能求目标量。,1. 由 Q 和管径求 V；2. 算 Re 判断层流/湍流；3. 取 lambda 或查 Moody/Colebrook；4. 汇总沿程/局部损失；5. 代入机械能方程求目标量。,局部损失系数、粗糙度和物性仍需题给或查教材；v80 明确了 Moody、光滑管和局部损失速度的收口。 v80 保留管路机械能、沿程/局部损失、泵/水轮机功率、Moody/Colebrook 入口，并补圆管层流抛物线速度分布、湍流丰满剖面和平均/最大速度易错。,主题命中“粘性管路/沿程局部损失/泵水轮机”，v80 基础过程覆盖约 85%。,8.5,10.0,85.0,中高,
Q0075,课本/题库习题,D:\虚拟C盘\学习\流体力学\题库\习题\各章习题-2\第五章 流动损失.doc,第五章 流动损失.doc,未编号,5-4 为测定90°弯头的局部阻力系数，可采用如图所示的装置。已知AB段管长，管径，。实测数据为（1）AB两断面测压管水头差；（2）经两分钟流入量水箱的水量为。求弯头的局部阻力系数。（0.33）,Bernoulli/机械能/动量控制体,P1 > 控制体动量模板；P1 > 伯努利/机械能；Q2 > 弯管受力/喷嘴反力；M21 > 题图决策卡；M26 > 高频计算/查表/控制体收口,P1,先选截面，写连续和 Bernoulli/机械能；再按控制体受力图列压力力、壁面力和动量通量；多出口用 M26 通式；求出壁面对流体的力后按题问管/螺栓取反。,1. 先按题干关键词选模型；2. 在 v80 对应页写首个控制方程/公式；3. 把题给几何、单位和边界条件代入；4. 做代数求解或列出需要查图查表的位置；5. 检查单位、方向、绝压/表压或适用条件。,复杂三维受力和图中方向仍要自己画清楚；v80 已补多出口通式和喷嘴/弯管收口流程。 v69 把截面号、面积、高程、表压/绝压、CV取反和局损速度集中到读图/收口八查。 v80 保留雷诺输运、压力力方向/表压、孔板/文丘里流量计公式链，并补控制体外力组成与自由射流动量通量提示；复杂控制体仍需画受力图。,主题命中“Bernoulli/机械能/动量控制体”，v80 基础过程覆盖约 84%。；仍依赖教材图表或读图；v80 有小查表/查表动作和收口模板，但不是完整数值表。,8.0,10.0,80.0,中高,
Q0076,课本/题库习题,D:\虚拟C盘\学习\流体力学\题库\习题\各章习题-2\第五章 流动损失.doc,第五章 流动损失.doc,未编号,5-5 两条长度相同，断面面积相等的风管，它们的断面形状不同，一为圆形，一为正方形，如它们的沿程水头损失相等，而且流动都处于阻力平方区，试问哪条管道过流能力大？为什么？（圆管为方管流量的1.08倍）,粘性管路/沿程局部损失/泵水轮机,P5 > 管路损失；Q5 > 粘性流动题库速解；M21 > 题图决策卡；M22 > 误判；M26 > 管路/模型,P5,由 Q 求 V，算 Re，判层/湍；层流用 H-P 或 64/Re，光滑湍流可用 0.3164/Re^(1/4)，粗糙管查 Moody；局部损失用所在管段速度；汇总后代入机械能求目标量。,1. 由 Q 和管径求 V；2. 算 Re 判断层流/湍流；3. 取 lambda 或查 Moody/Colebrook；4. 汇总沿程/局部损失；5. 代入机械能方程求目标量。,局部损失系数、粗糙度和物性仍需题给或查教材；v80 明确了 Moody、光滑管和局部损失速度的收口。 v80 保留管路机械能、沿程/局部损失、泵/水轮机功率、Moody/Colebrook 入口，并补圆管层流抛物线速度分布、湍流丰满剖面和平均/最大速度易错。,主题命中“粘性管路/沿程局部损失/泵水轮机”，v80 基础过程覆盖约 85%。；题型偏概念简答；v80 已有短答库，但非对应专栏仍扣少量组织分。；仍依赖教材图表或读图；v80 有小查表/查表动作和收口模板，但不是完整数值表。,7.5,10.0,75.0,中高,
Q0077,课本/题库习题,D:\虚拟C盘\学习\流体力学\题库\习题\各章习题-2\第五章 流动损失.doc,第五章 流动损失.doc,未编号,5-6 在断面既要由扩大到，方向又转90°的流动中，图（a）为先扩后弯，图（b）为先弯后扩。已知：，，。渐扩管对应于流速的阻力系数；弯管阻力系数（两者相同）；先弯后扩的干扰修正系数，先扩后弯的干扰修正系数。求两种情况的总局部水头损失。（0.171m;0.657m;3.85）,粘性管路/沿程局部损失/泵水轮机,P5 > 管路损失；Q5 > 粘性流动题库速解；M21 > 题图决策卡；M22 > 误判；M26 > 管路/模型,P5,由 Q 求 V，算 Re，判层/湍；层流用 H-P 或 64/Re，光滑湍流可用 0.3164/Re^(1/4)，粗糙管查 Moody；局部损失用所在管段速度；汇总后代入机械能求目标量。,1. 由 Q 和管径求 V；2. 算 Re 判断层流/湍流；3. 取 lambda 或查 Moody/Colebrook；4. 汇总沿程/局部损失；5. 代入机械能方程求目标量。,局部损失系数、粗糙度和物性仍需题给或查教材；v80 明确了 Moody、光滑管和局部损失速度的收口。 v80 保留管路机械能、沿程/局部损失、泵/水轮机功率、Moody/Colebrook 入口，并补圆管层流抛物线速度分布、湍流丰满剖面和平均/最大速度易错。,主题命中“粘性管路/沿程局部损失/泵水轮机”，v80 基础过程覆盖约 85%。；仍依赖教材图表或读图；v80 有小查表/查表动作和收口模板，但不是完整数值表。,8.1,10.0,81.0,中高,
Q0078,课本/题库习题,D:\虚拟C盘\学习\流体力学\题库\习题\各章习题-2\第四章 动力学-1.doc,第四章 动力学-1.doc,未编号,4-1 用水银比压计量测管中水流，过流断面中点流速u如图。测得A点的比压计读数汞柱。（1）求该点的流速u；（2）若管中流体是密度为0.8g/cm3的油，仍不变，该点流速为若干，不计损失。,静水压力/测压/闸门,P1 > 静水压旧题急救；Q1 > 平面/曲面闸门完整答案骨架；M19 > 真空度/负表压；M21 > 题图决策卡,P1,先按静水压图题入口读液面和高程；用同高同压逐段写压力链；闸门题套 Q1 的合力、压力中心、铰链取矩；最后检查表压/绝压和负表压。,1. 选同一静止连通液体等压面；2. 沿竖直方向逐段加减 rho g h；3. 若为闸门，求 F 与压力中心；4. 对铰链或曲面分量列平衡；5. 判断表压/绝压。,满分仍需要题图高程、铰链位置、面积惯性矩或多液体界面读数；v80 已给模板但不能替代读图。,主题命中“静水压力/测压/闸门”，v80 基础过程覆盖约 84%。；仍依赖教材图表或读图；v80 有小查表/查表动作和收口模板，但不是完整数值表。,8.0,10.0,80.0,中高,
Q0079,课本/题库习题,D:\虚拟C盘\学习\流体力学\题库\习题\各章习题-2\第四章 动力学-1.doc,第四章 动力学-1.doc,未编号,4-2水由图中喷嘴流出，管嘴出口d=75mm，不考虑损失，计算H值以m计，p值以kN/m2计。,Bernoulli/机械能/动量控制体,P1 > 控制体动量模板；P1 > 伯努利/机械能；Q2 > 弯管受力/喷嘴反力；M21 > 题图决策卡；M26 > 高频计算/查表/控制体收口,P1,先选截面，写连续和 Bernoulli/机械能；再按控制体受力图列压力力、壁面力和动量通量；多出口用 M26 通式；求出壁面对流体的力后按题问管/螺栓取反。,1. 先按题干关键词选模型；2. 在 v80 对应页写首个控制方程/公式；3. 把题给几何、单位和边界条件代入；4. 做代数求解或列出需要查图查表的位置；5. 检查单位、方向、绝压/表压或适用条件。,复杂三维受力和图中方向仍要自己画清楚；v80 已补多出口通式和喷嘴/弯管收口流程。 v69 把截面号、面积、高程、表压/绝压、CV取反和局损速度集中到读图/收口八查。 v80 保留雷诺输运、压力力方向/表压、孔板/文丘里流量计公式链，并补控制体外力组成与自由射流动量通量提示；复杂控制体仍需画受力图。,主题命中“Bernoulli/机械能/动量控制体”，v80 基础过程覆盖约 84%。；仍依赖教材图表或读图；v80 有小查表/查表动作和收口模板，但不是完整数值表。,8.0,10.0,80.0,中,
Q0080,课本/题库习题,D:\虚拟C盘\学习\流体力学\题库\习题\各章习题-2\第四章 动力学-1.doc,第四章 动力学-1.doc,未编号,4-3水由管中铅直流出，求流量及测压计读数。水流无损失。,静水压力/测压/闸门,P1 > 静水压旧题急救；Q1 > 平面/曲面闸门完整答案骨架；M19 > 真空度/负表压；M21 > 题图决策卡,P1,先按静水压图题入口读液面和高程；用同高同压逐段写压力链；闸门题套 Q1 的合力、压力中心、铰链取矩；最后检查表压/绝压和负表压。,1. 选同一静止连通液体等压面；2. 沿竖直方向逐段加减 rho g h；3. 若为闸门，求 F 与压力中心；4. 对铰链或曲面分量列平衡；5. 判断表压/绝压。,满分仍需要题图高程、铰链位置、面积惯性矩或多液体界面读数；v80 已给模板但不能替代读图。,主题命中“静水压力/测压/闸门”，v80 基础过程覆盖约 84%。,8.4,10.0,84.0,中,
Q0081,课本/题库习题,D:\虚拟C盘\学习\流体力学\题库\习题\各章习题-2\第四章 动力学-1.doc,第四章 动力学-1.doc,未编号,4-4一压缩空气罐与文丘里式的引射管连接，d1，d2，h均为已知，问气罐压强p0多大方才能将B池水抽出。,静水压力/测压/闸门,P1 > 静水压旧题急救；Q1 > 平面/曲面闸门完整答案骨架；M19 > 真空度/负表压；M21 > 题图决策卡,P1,先按静水压图题入口读液面和高程；用同高同压逐段写压力链；闸门题套 Q1 的合力、压力中心、铰链取矩；最后检查表压/绝压和负表压。,1. 选同一静止连通液体等压面；2. 沿竖直方向逐段加减 rho g h；3. 若为闸门，求 F 与压力中心；4. 对铰链或曲面分量列平衡；5. 判断表压/绝压。,满分仍需要题图高程、铰链位置、面积惯性矩或多液体界面读数；v80 已给模板但不能替代读图。,主题命中“静水压力/测压/闸门”，v80 基础过程覆盖约 84%。,8.4,10.0,84.0,中,
Q0082,课本/题库习题,D:\虚拟C盘\学习\流体力学\题库\习题\各章习题-2\第四章 动力学-1.doc,第四章 动力学-1.doc,未编号,4-5求水流对1m宽的挑流坎AB作用的水平分力和铅直分力。假定A、B两断面间水重为2.69kN。而且断面B流出的流动可以认为是自由射流。,Bernoulli/机械能/动量控制体,P1 > 控制体动量模板；P1 > 伯努利/机械能；Q2 > 弯管受力/喷嘴反力；M21 > 题图决策卡；M26 > 高频计算/查表/控制体收口,P1,先选截面，写连续和 Bernoulli/机械能；再按控制体受力图列压力力、壁面力和动量通量；多出口用 M26 通式；求出壁面对流体的力后按题问管/螺栓取反。,1. 先按题干关键词选模型；2. 在 v80 对应页写首个控制方程/公式；3. 把题给几何、单位和边界条件代入；4. 做代数求解或列出需要查图查表的位置；5. 检查单位、方向、绝压/表压或适用条件。,复杂三维受力和图中方向仍要自己画清楚；v80 已补多出口通式和喷嘴/弯管收口流程。 v69 把截面号、面积、高程、表压/绝压、CV取反和局损速度集中到读图/收口八查。 v80 保留雷诺输运、压力力方向/表压、孔板/文丘里流量计公式链，并补控制体外力组成与自由射流动量通量提示；复杂控制体仍需画受力图。,主题命中“Bernoulli/机械能/动量控制体”，v80 基础过程覆盖约 84%。,8.4,10.0,84.0,中,
Q0083,课本/题库习题,D:\虚拟C盘\学习\流体力学\题库\习题\各章习题-2\第四章 动力学-1.doc,第四章 动力学-1.doc,未编号,4-6水流垂直于底面的宽度为1.2m，求它对建筑物的水平作用力。,概念简答/定义解释,M18 > 往年题可能问法：一句话答案；M23 > 概念短答库；R6 > 可直接抄的结论句；M9 > 高频小问速答；M12 > 概念题保底,无直接页码,先定位 M18/M23/R6 的可抄定义句；按“定义一句+原因一句+后果一句”写；若有公式页，再补适用条件和易错点。,1. 先按题干关键词选模型；2. 在 v80 对应页写首个控制方程/公式；3. 把题给几何、单位和边界条件代入；4. 做代数求解或列出需要查图查表的位置；5. 检查单位、方向、绝压/表压或适用条件。,v80 已显著补强短答，但长论述、实验现象细节和教材原话仍可能扣少量分。 v67 补长论述结构，v69 补读图/收口检查，v80 补层流/湍流/渐变流可抄定义；教材原话仍可能扣分。 v80 已补 N-S 各项标准意义、控制体外力组成、层/湍速度剖面、Boussinesq 涡黏、水击波速因素、孔板/自由射流概念、渐变流测压管水头、Ma 物理意义与 0.3 判据、深水波定义、RTT 守恒入口、完全/部分相似短答和标准四行答案模板，适合先写过程分。,主题命中“概念简答/定义解释”，v80 基础过程覆盖约 89%。,8.9,10.0,89.0,中,
Q0084,课本/题库习题,D:\虚拟C盘\学习\流体力学\题库\习题\各章习题-2\第四章 动力学-补充例题.doc,第四章 动力学-补充例题.doc,未编号,例4-1 大管直径，小管直径，已知大管中过流断面上的速度分布为（式中表示点所在半径，以计）。试求管中流量及小管中的平均速度。,Bernoulli/机械能/动量控制体,P1 > 控制体动量模板；P1 > 伯努利/机械能；Q2 > 弯管受力/喷嘴反力；M21 > 题图决策卡；M26 > 高频计算/查表/控制体收口,P1,先选截面，写连续和 Bernoulli/机械能；再按控制体受力图列压力力、壁面力和动量通量；多出口用 M26 通式；求出壁面对流体的力后按题问管/螺栓取反。,1. 先按题干关键词选模型；2. 在 v80 对应页写首个控制方程/公式；3. 把题给几何、单位和边界条件代入；4. 做代数求解或列出需要查图查表的位置；5. 检查单位、方向、绝压/表压或适用条件。,复杂三维受力和图中方向仍要自己画清楚；v80 已补多出口通式和喷嘴/弯管收口流程。 v69 把截面号、面积、高程、表压/绝压、CV取反和局损速度集中到读图/收口八查。 v80 保留雷诺输运、压力力方向/表压、孔板/文丘里流量计公式链，并补控制体外力组成与自由射流动量通量提示；复杂控制体仍需画受力图。,主题命中“Bernoulli/机械能/动量控制体”，v80 基础过程覆盖约 84%。；仍依赖教材图表或读图；v80 有小查表/查表动作和收口模板，但不是完整数值表。,8.0,10.0,80.0,中,
Q0085,课本/题库习题,D:\虚拟C盘\学习\流体力学\题库\习题\各章习题-2\第四章 动力学-补充例题.doc,第四章 动力学-补充例题.doc,未编号,[答：] 例4-2管路在点分为、两支，已知、；、，。试求、。,粘性管路/沿程局部损失/泵水轮机,P5 > 管路损失；Q5 > 粘性流动题库速解；M21 > 题图决策卡；M22 > 误判；M26 > 管路/模型,P5,由 Q 求 V，算 Re，判层/湍；层流用 H-P 或 64/Re，光滑湍流可用 0.3164/Re^(1/4)，粗糙管查 Moody；局部损失用所在管段速度；汇总后代入机械能求目标量。,1. 由 Q 和管径求 V；2. 算 Re 判断层流/湍流；3. 取 lambda 或查 Moody/Colebrook；4. 汇总沿程/局部损失；5. 代入机械能方程求目标量。,局部损失系数、粗糙度和物性仍需题给或查教材；v80 明确了 Moody、光滑管和局部损失速度的收口。 v80 保留管路机械能、沿程/局部损失、泵/水轮机功率、Moody/Colebrook 入口，并补圆管层流抛物线速度分布、湍流丰满剖面和平均/最大速度易错。,主题命中“粘性管路/沿程局部损失/泵水轮机”，v80 基础过程覆盖约 85%。,8.5,10.0,85.0,中,
Q0086,课本/题库习题,D:\虚拟C盘\学习\流体力学\题库\习题\各章习题-2\第四章 动力学-补充例题.doc,第四章 动力学-补充例题.doc,未编号,[答：] 例4-3 一高度为水箱，横截面积为，进水通道1和出水通道2的横截面积和水流速度分别为，与，。设水均匀垂直流入流出通道，容器内水的深度为，水密度可作常数处理。液面上方为空气，密度为。求深度随时间的变化率。,静水压力/测压/闸门,P1 > 静水压旧题急救；Q1 > 平面/曲面闸门完整答案骨架；M19 > 真空度/负表压；M21 > 题图决策卡,P1,先按静水压图题入口读液面和高程；用同高同压逐段写压力链；闸门题套 Q1 的合力、压力中心、铰链取矩；最后检查表压/绝压和负表压。,1. 选同一静止连通液体等压面；2. 沿竖直方向逐段加减 rho g h；3. 若为闸门，求 F 与压力中心；4. 对铰链或曲面分量列平衡；5. 判断表压/绝压。,满分仍需要题图高程、铰链位置、面积惯性矩或多液体界面读数；v80 已给模板但不能替代读图。,主题命中“静水压力/测压/闸门”，v80 基础过程覆盖约 84%。；仍依赖教材图表或读图；v80 有小查表/查表动作和收口模板，但不是完整数值表。,8.0,10.0,80.0,中高,
Q0087,课本/题库习题,D:\虚拟C盘\学习\流体力学\题库\习题\各章习题-2\第四章 动力学-补充例题.doc,第四章 动力学-补充例题.doc,未编号,可知进水量大于出水量时，则，反之。 例4-4 有一直径，高的水筒，用一直径水管充水，如供水管的水流速度，试求将水充满这个水筒需要多少时间（应用积分形式连续性方程求解）。,概念简答/定义解释,M18 > 往年题可能问法：一句话答案；M23 > 概念短答库；R6 > 可直接抄的结论句；M9 > 高频小问速答；M12 > 概念题保底,无直接页码,先定位 M18/M23/R6 的可抄定义句；按“定义一句+原因一句+后果一句”写；若有公式页，再补适用条件和易错点。,1. 先按题干关键词选模型；2. 在 v80 对应页写首个控制方程/公式；3. 把题给几何、单位和边界条件代入；4. 做代数求解或列出需要查图查表的位置；5. 检查单位、方向、绝压/表压或适用条件。,v80 已显著补强短答，但长论述、实验现象细节和教材原话仍可能扣少量分。 v67 补长论述结构，v69 补读图/收口检查，v80 补层流/湍流/渐变流可抄定义；教材原话仍可能扣分。 v80 已补 N-S 各项标准意义、控制体外力组成、层/湍速度剖面、Boussinesq 涡黏、水击波速因素、孔板/自由射流概念、渐变流测压管水头、Ma 物理意义与 0.3 判据、深水波定义、RTT 守恒入口、完全/部分相似短答和标准四行答案模板，适合先写过程分。,主题命中“概念简答/定义解释”，v80 基础过程覆盖约 89%。,8.9,10.0,89.0,中高,
Q0088,课本/题库习题,D:\虚拟C盘\学习\流体力学\题库\习题\流体力学习题.pdf,流体力学习题.pdf,5,5、通常气体的粘度，随温度的身高而（ ）；液体粘度随温度升高而（ ）。 计算题,概念简答/定义解释,M18 > 往年题可能问法：一句话答案；M23 > 概念短答库；R6 > 可直接抄的结论句；M9 > 高频小问速答；M12 > 概念题保底,无直接页码,先定位 M18/M23/R6 的可抄定义句；按“定义一句+原因一句+后果一句”写；若有公式页，再补适用条件和易错点。,1. 先按题干关键词选模型；2. 在 v80 对应页写首个控制方程/公式；3. 把题给几何、单位和边界条件代入；4. 做代数求解或列出需要查图查表的位置；5. 检查单位、方向、绝压/表压或适用条件。,v80 已显著补强短答，但长论述、实验现象细节和教材原话仍可能扣少量分。 v67 补长论述结构，v69 补读图/收口检查，v80 补层流/湍流/渐变流可抄定义；教材原话仍可能扣分。 v80 已补 N-S 各项标准意义、控制体外力组成、层/湍速度剖面、Boussinesq 涡黏、水击波速因素、孔板/自由射流概念、渐变流测压管水头、Ma 物理意义与 0.3 判据、深水波定义、RTT 守恒入口、完全/部分相似短答和标准四行答案模板，适合先写过程分。,主题命中“概念简答/定义解释”，v80 基础过程覆盖约 89%。,8.9,10.0,89.0,中,
Q0089,课本/题库习题,D:\虚拟C盘\学习\流体力学\题库\习题\流体力学习题.pdf,流体力学习题.pdf,1,"1、 将直径为 2.00cm 的软管连接到草坪洒水器上，洒水器装了一个有 24 个小 孔的莲蓬头，每个小孔直径均为 0.12 cm，如果水在软管中的速率为 1.0m/s,求由 洒水器各个小孔喷出的水的速率。",概念简答/定义解释,M18 > 往年题可能问法：一句话答案；M23 > 概念短答库；R6 > 可直接抄的结论句；M9 > 高频小问速答；M12 > 概念题保底,无直接页码,先定位 M18/M23/R6 的可抄定义句；按“定义一句+原因一句+后果一句”写；若有公式页，再补适用条件和易错点。,1. 先按题干关键词选模型；2. 在 v80 对应页写首个控制方程/公式；3. 把题给几何、单位和边界条件代入；4. 做代数求解或列出需要查图查表的位置；5. 检查单位、方向、绝压/表压或适用条件。,v80 已显著补强短答，但长论述、实验现象细节和教材原话仍可能扣少量分。 v67 补长论述结构，v69 补读图/收口检查，v80 补层流/湍流/渐变流可抄定义；教材原话仍可能扣分。 v80 已补 N-S 各项标准意义、控制体外力组成、层/湍速度剖面、Boussinesq 涡黏、水击波速因素、孔板/自由射流概念、渐变流测压管水头、Ma 物理意义与 0.3 判据、深水波定义、RTT 守恒入口、完全/部分相似短答和标准四行答案模板，适合先写过程分。,主题命中“概念简答/定义解释”，v80 基础过程覆盖约 89%。,8.9,10.0,89.0,中高,
Q0090,课本/题库习题,D:\虚拟C盘\学习\流体力学\题库\习题\流体力学习题.pdf,流体力学习题.pdf,2,2、 有人在盛有水的 U 形管的一边顶端吹气，使空气以 15 m/s 的速率流过管的 顶端，问两管中水面高度相差多少？（已知空气密度为 1.29 kg/m3 ）,静水压力/测压/闸门,P1 > 静水压旧题急救；Q1 > 平面/曲面闸门完整答案骨架；M19 > 真空度/负表压；M21 > 题图决策卡,P1,先按静水压图题入口读液面和高程；用同高同压逐段写压力链；闸门题套 Q1 的合力、压力中心、铰链取矩；最后检查表压/绝压和负表压。,1. 选同一静止连通液体等压面；2. 沿竖直方向逐段加减 rho g h；3. 若为闸门，求 F 与压力中心；4. 对铰链或曲面分量列平衡；5. 判断表压/绝压。,满分仍需要题图高程、铰链位置、面积惯性矩或多液体界面读数；v80 已给模板但不能替代读图。,主题命中“静水压力/测压/闸门”，v80 基础过程覆盖约 84%。,8.4,10.0,84.0,中,
Q0091,课本/题库习题,D:\虚拟C盘\学习\流体力学\题库\习题\流体力学习题.pdf,流体力学习题.pdf,3,"3、 图 3-20 中，大口径直立圆筒下方有一小孔，小孔距离筒内水面高度 h=1.2m, 小孔的截面积 S=0.2cm2, 计算小孔的出水速度。",概念简答/定义解释,M18 > 往年题可能问法：一句话答案；M23 > 概念短答库；R6 > 可直接抄的结论句；M9 > 高频小问速答；M12 > 概念题保底,无直接页码,先定位 M18/M23/R6 的可抄定义句；按“定义一句+原因一句+后果一句”写；若有公式页，再补适用条件和易错点。,1. 先按题干关键词选模型；2. 在 v80 对应页写首个控制方程/公式；3. 把题给几何、单位和边界条件代入；4. 做代数求解或列出需要查图查表的位置；5. 检查单位、方向、绝压/表压或适用条件。,v80 已显著补强短答，但长论述、实验现象细节和教材原话仍可能扣少量分。 v67 补长论述结构，v69 补读图/收口检查，v80 补层流/湍流/渐变流可抄定义；教材原话仍可能扣分。 v80 已补 N-S 各项标准意义、控制体外力组成、层/湍速度剖面、Boussinesq 涡黏、水击波速因素、孔板/自由射流概念、渐变流测压管水头、Ma 物理意义与 0.3 判据、深水波定义、RTT 守恒入口、完全/部分相似短答和标准四行答案模板，适合先写过程分。,主题命中“概念简答/定义解释”，v80 基础过程覆盖约 89%。；仍依赖教材图表或读图；v80 有小查表/查表动作和收口模板，但不是完整数值表。,8.5,10.0,85.0,中,
Q0092,课本/题库习题,D:\虚拟C盘\学习\流体力学\题库\习题\流体力学习题.pdf,流体力学习题.pdf,4,4、 利用压缩空气把水从密封的大桶内通过一管子以 1.2 m/s 的流速压出（图 3-21），当管子的出口处高于筒内液面 60cm 时，问桶内空气的压强有多大？,静水压力/测压/闸门,P1 > 静水压旧题急救；Q1 > 平面/曲面闸门完整答案骨架；M19 > 真空度/负表压；M21 > 题图决策卡,P1,先按静水压图题入口读液面和高程；用同高同压逐段写压力链；闸门题套 Q1 的合力、压力中心、铰链取矩；最后检查表压/绝压和负表压。,1. 选同一静止连通液体等压面；2. 沿竖直方向逐段加减 rho g h；3. 若为闸门，求 F 与压力中心；4. 对铰链或曲面分量列平衡；5. 判断表压/绝压。,满分仍需要题图高程、铰链位置、面积惯性矩或多液体界面读数；v80 已给模板但不能替代读图。,主题命中“静水压力/测压/闸门”，v80 基础过程覆盖约 84%。；仍依赖教材图表或读图；v80 有小查表/查表动作和收口模板，但不是完整数值表。,8.0,10.0,80.0,中,
Q0093,课本/题库习题,D:\虚拟C盘\学习\流体力学\题库\习题\流体力学习题.pdf,流体力学习题.pdf,5,"5、 如图 3-22 所示管道中有水流动，粗处截面积为 A，细处为 a ,A=16a,设 A 处 压强为 2.0×10 Pa.(1)当 a 处的压强为 1.1×105 Pa 时，是计算 A 处的流速 v 和 a 处的流速 v（2）设 A 处管道直径为 5.0cm 试计算相应的流量。",静水压力/测压/闸门,P1 > 静水压旧题急救；Q1 > 平面/曲面闸门完整答案骨架；M19 > 真空度/负表压；M21 > 题图决策卡,P1,先按静水压图题入口读液面和高程；用同高同压逐段写压力链；闸门题套 Q1 的合力、压力中心、铰链取矩；最后检查表压/绝压和负表压。,1. 选同一静止连通液体等压面；2. 沿竖直方向逐段加减 rho g h；3. 若为闸门，求 F 与压力中心；4. 对铰链或曲面分量列平衡；5. 判断表压/绝压。,满分仍需要题图高程、铰链位置、面积惯性矩或多液体界面读数；v80 已给模板但不能替代读图。,主题命中“静水压力/测压/闸门”，v80 基础过程覆盖约 84%。；仍依赖教材图表或读图；v80 有小查表/查表动作和收口模板，但不是完整数值表。,8.0,10.0,80.0,中高,
Q0094,课本/题库习题,D:\虚拟C盘\学习\流体力学\题库\习题\流体力学习题.pdf,流体力学习题.pdf,6,"6、 水以 5 m/s 的速率通过横截面积为 4.0cm2 的管道流动。当管道横截面积增 加到 8.0 cm2 时，管道高度逐渐下降了 10cm,试问：（1）低管道内的水流速是多 少？（2）如果高处管道内的压强为 1.5×105Pa，则低处管道内的压强是多少？",静水压力/测压/闸门,P1 > 静水压旧题急救；Q1 > 平面/曲面闸门完整答案骨架；M19 > 真空度/负表压；M21 > 题图决策卡,P1,先按静水压图题入口读液面和高程；用同高同压逐段写压力链；闸门题套 Q1 的合力、压力中心、铰链取矩；最后检查表压/绝压和负表压。,1. 选同一静止连通液体等压面；2. 沿竖直方向逐段加减 rho g h；3. 若为闸门，求 F 与压力中心；4. 对铰链或曲面分量列平衡；5. 判断表压/绝压。,满分仍需要题图高程、铰链位置、面积惯性矩或多液体界面读数；v80 已给模板但不能替代读图。,主题命中“静水压力/测压/闸门”，v80 基础过程覆盖约 84%。；仍依赖教材图表或读图；v80 有小查表/查表动作和收口模板，但不是完整数值表。,8.0,10.0,80.0,中高,
Q0095,课本/题库习题,D:\虚拟C盘\学习\流体力学\题库\习题\流体力学习题.pdf,流体力学习题.pdf,7,"7、 一段直径为 2cm 的水平管道内的压强为 142KPa,水以 2.80L/s 的流量流过该 管。试问要使管道某一段的压强为大气压（101 KPa）则这段管道的直径应缩小 为何值？",静水压力/测压/闸门,P1 > 静水压旧题急救；Q1 > 平面/曲面闸门完整答案骨架；M19 > 真空度/负表压；M21 > 题图决策卡,P1,先按静水压图题入口读液面和高程；用同高同压逐段写压力链；闸门题套 Q1 的合力、压力中心、铰链取矩；最后检查表压/绝压和负表压。,1. 选同一静止连通液体等压面；2. 沿竖直方向逐段加减 rho g h；3. 若为闸门，求 F 与压力中心；4. 对铰链或曲面分量列平衡；5. 判断表压/绝压。,满分仍需要题图高程、铰链位置、面积惯性矩或多液体界面读数；v80 已给模板但不能替代读图。,主题命中“静水压力/测压/闸门”，v80 基础过程覆盖约 84%。,8.4,10.0,84.0,中高,
Q0096,课本/题库习题,D:\虚拟C盘\学习\流体力学\题库\习题\流体力学习题.pdf,流体力学习题.pdf,8,8、 一截面积为 40 cm2 的水平管子有一细小处，其截面积为 20 cm2.水在粗管中 文东流动的速度是 1m/s。求（1）水在细小处的流速和粗、细二处的压强差； （2） 粗管中每分钟的体积流量是多少？,静水压力/测压/闸门,P1 > 静水压旧题急救；Q1 > 平面/曲面闸门完整答案骨架；M19 > 真空度/负表压；M21 > 题图决策卡,P1,先按静水压图题入口读液面和高程；用同高同压逐段写压力链；闸门题套 Q1 的合力、压力中心、铰链取矩；最后检查表压/绝压和负表压。,1. 选同一静止连通液体等压面；2. 沿竖直方向逐段加减 rho g h；3. 若为闸门，求 F 与压力中心；4. 对铰链或曲面分量列平衡；5. 判断表压/绝压。,满分仍需要题图高程、铰链位置、面积惯性矩或多液体界面读数；v80 已给模板但不能替代读图。,主题命中“静水压力/测压/闸门”，v80 基础过程覆盖约 84%。；仍依赖教材图表或读图；v80 有小查表/查表动作和收口模板，但不是完整数值表。,8.0,10.0,80.0,中高,
Q0097,课本/题库习题,D:\虚拟C盘\学习\流体力学\题库\习题\流体力学习题.pdf,流体力学习题.pdf,9,"9、 一安装在飞机上皮托管如图 3-9，在飞机飞行时压强计指示的水银柱高度差 为 1.5cm, 若空气密度为 1.23kg/m3.求：（1）由托皮管测得的飞机飞行速度。（2） 由于实际流体具有黏滞性和压缩性，而且托皮管构造各异，因此需要对伯努利方 程求出来的流速计算公式乘以校正系数 C 来进行修正。若该装置的校正系数为",静水压力/测压/闸门,P1 > 静水压旧题急救；Q1 > 平面/曲面闸门完整答案骨架；M19 > 真空度/负表压；M21 > 题图决策卡,P1,先按静水压图题入口读液面和高程；用同高同压逐段写压力链；闸门题套 Q1 的合力、压力中心、铰链取矩；最后检查表压/绝压和负表压。,1. 选同一静止连通液体等压面；2. 沿竖直方向逐段加减 rho g h；3. 若为闸门，求 F 与压力中心；4. 对铰链或曲面分量列平衡；5. 判断表压/绝压。,满分仍需要题图高程、铰链位置、面积惯性矩或多液体界面读数；v80 已给模板但不能替代读图。,主题命中“静水压力/测压/闸门”，v80 基础过程覆盖约 84%。；仍依赖教材图表或读图；v80 有小查表/查表动作和收口模板，但不是完整数值表。,8.0,10.0,80.0,中高,
Q0098,课本/题库习题,D:\虚拟C盘\学习\流体力学\题库\习题\流体力学习题.pdf,流体力学习题.pdf,10,"10、 水在管中流动，在距管壁 2.0m 远处的流速为 1.5m/s，而管壁处的水是静止 的，若水的黏度为 1.0×10-3Pa·S,试求管壁上每平方米受到的黏滞力为多少？",概念简答/定义解释,M18 > 往年题可能问法：一句话答案；M23 > 概念短答库；R6 > 可直接抄的结论句；M9 > 高频小问速答；M12 > 概念题保底,无直接页码,先定位 M18/M23/R6 的可抄定义句；按“定义一句+原因一句+后果一句”写；若有公式页，再补适用条件和易错点。,1. 先按题干关键词选模型；2. 在 v80 对应页写首个控制方程/公式；3. 把题给几何、单位和边界条件代入；4. 做代数求解或列出需要查图查表的位置；5. 检查单位、方向、绝压/表压或适用条件。,v80 已显著补强短答，但长论述、实验现象细节和教材原话仍可能扣少量分。 v67 补长论述结构，v69 补读图/收口检查，v80 补层流/湍流/渐变流可抄定义；教材原话仍可能扣分。 v80 已补 N-S 各项标准意义、控制体外力组成、层/湍速度剖面、Boussinesq 涡黏、水击波速因素、孔板/自由射流概念、渐变流测压管水头、Ma 物理意义与 0.3 判据、深水波定义、RTT 守恒入口、完全/部分相似短答和标准四行答案模板，适合先写过程分。,主题命中“概念简答/定义解释”，v80 基础过程覆盖约 89%。,8.9,10.0,89.0,中高,
Q0099,课本/作业整理题,D:\虚拟C盘\学习\流体力学\第5-8章作业与复习_整理\何枫第5章_按课件内容匹配题目_最终纠正版.pdf,何枫第5章_按课件内容匹配题目_最终纠正版.pdf,1,1. 按课件内容筛题 课件模块 直接对应题目 为什么对应,概念简答/定义解释,M18 > 往年题可能问法：一句话答案；M23 > 概念短答库；R6 > 可直接抄的结论句；M9 > 高频小问速答；M12 > 概念题保底,无直接页码,先定位 M18/M23/R6 的可抄定义句；按“定义一句+原因一句+后果一句”写；若有公式页，再补适用条件和易错点。,1. 先按题干关键词选模型；2. 在 v80 对应页写首个控制方程/公式；3. 把题给几何、单位和边界条件代入；4. 做代数求解或列出需要查图查表的位置；5. 检查单位、方向、绝压/表压或适用条件。,v80 已显著补强短答，但长论述、实验现象细节和教材原话仍可能扣少量分。 v67 补长论述结构，v69 补读图/收口检查，v80 补层流/湍流/渐变流可抄定义；教材原话仍可能扣分。 v80 已补 N-S 各项标准意义、控制体外力组成、层/湍速度剖面、Boussinesq 涡黏、水击波速因素、孔板/自由射流概念、渐变流测压管水头、Ma 物理意义与 0.3 判据、深水波定义、RTT 守恒入口、完全/部分相似短答和标准四行答案模板，适合先写过程分。,主题命中“概念简答/定义解释”，v80 基础过程覆盖约 89%。,8.9,10.0,89.0,中,
Q0100,课本/作业整理题,D:\虚拟C盘\学习\流体力学\第5-8章作业与复习_整理\何枫第5章_按课件内容匹配题目_最终纠正版.pdf,何枫第5章_按课件内容匹配题目_最终纠正版.pdf,5.3,5.3 Helmholtz 定 书 4.3、补充证明题 平面涡量输运、涡面保持、涡管强度 理 保持。 同章但非本课件 书 4.5、4.6、4.7、4.8、4.9、4.11、 这些可作为扩展或老师额外布置；不 主线 S4.4 要作为“何枫第 5 章核心题”优先复,流体运动学/连续/流线迹线,P1 > 连续性；Q1 > 迹线/流线/脉线；M18 > 往年题可能问法；M23 > 概念短答库；T6 > 常见问法到答案,P1,先判速度场/描述方法；写连续、旋度、流线/迹线微分式；概念题直接用 M18/M23 的一句话答案；应力题转 Q1 张量模板。,1. 先按题干关键词选模型；2. 在 v80 对应页写首个控制方程/公式；3. 把题给几何、单位和边界条件代入；4. 做代数求解或列出需要查图查表的位置；5. 检查单位、方向、绝压/表压或适用条件。,若要求长篇推导或复杂坐标变换，仍需教材细节；v80 已足够支撑多数简答和基础计算过程。 v67 已补推导题固定结构，v69/v80 补截面、边界条件和概念收口检查。 v80 保留新题定位入口、非定常 Bernoulli 推导条件、速度势单值/路径无关证明、Lagrange/Kelvin 可抄证明句、涡管强度 ΩA 守恒、涡量矩模板、自由射流动量通量和 RTT 入口，并补纳维-斯托克斯原词、圆管断面速度分布原词、渐变流测压管水头；更长证明仍需教材措辞。,主题命中“流体运动学/连续/流线迹线”，v80 基础过程覆盖约 85%。；题目要求推导或定义积分；v80 有 M24/M25/M26 骨架，但完整推导仍扣少量严谨性分。,7.7,10.0,77.0,中高,
Q0101,课本/作业整理题,D:\虚拟C盘\学习\流体力学\第5-8章作业与复习_整理\何枫第5章_按课件内容匹配题目_最终纠正版.pdf,何枫第5章_按课件内容匹配题目_最终纠正版.pdf,4,"4. 课件 5.2：Lamb 方程、Bernoulli 和非定常积分 核心公式 向量恒等式： V2 V · ∇V = ∇ − V × Ω, Ω=∇×V. 2 Euler 方程变为 Lamb 方程： ∂V V2 ∇p +∇ −V ×Ω=f − . ∂t 2 ρ 若 f = −∇Π，且不可压缩，则 ∂V V2 p · dl + d + +Π = (V × Ω) · dl. ∂t 2 ρ 若右边为 0，沿 1 到 2 积分： Z 2 ∂V V2 p V2 p · dl + + +Π = + +Π . 1 ∂t 2 ρ 2 2 ρ 1 若无旋，V = ∇φ，则 ∂V ∂φ · dl = d , ∂t ∂t 所以任意两点间： ∂φ V 2 p ∂φ V 2 p + + +Π = + + +Π . ∂t 2 ρ 2 ∂t 2 ρ 1 9 课件例题：U 型管自由振荡 水柱总长 L，两液面高度差初始为 h0 。设右侧液面相对平衡位置位移为 z2 ，则 z1 = −z2 , h = 2z2 . 沿整根水柱使用非定常积分。等截面一维流动，速度处处相同： dz2 V = . 两端均通大气，p1 = p2 = pa 。动能项两端相同而抵消，得到 d2 z2 L + 2gz2 = 0. dt2 初始条件： h0 z2 (0) = , ż2 (0) = 0. 2 所以振荡规律 h0 2g z2 = cos t. 2 L T = 2π . 2g r r h0 2g 2g V = ż2 = − sin t. 2 L L 课件例题：直角管突然打开阀门，t = 0 压力分布 竖直管和水平管长度均为 L，等截面。A 端、B 端均通大气。阀门刚打开时，速度仍为零，但有 加速度 a。 沿 A 到 B 的整段水柱积分： pa pa 2La + +0 = + gL. ρ ρ a= . 2 竖直段任意点，设高度为 z，从弯头算起 0 ≤ z ≤ L。A 到该点长度为 L − z， p pa a(L − z) + + gz = + gL. ρ ρ 代入 a = g/2，得 1 p = pa + ρg(L − z). 2 10 水平段任意点，设距弯头为 x，0 ≤ x ≤ L。A 到该点长度为 L + x，高度为 0： p pa a(L + x) + = + gL. ρ ρ 1 p = pa + ρg(L − x). 2 课件例题：直角管 t > 0 自由面运动 设竖管中剩余水柱高度为 h(t)，水平管长仍为 L。流速 V =− . 沿自由面到 B 端积分，因两端压强均为 pa ，且两端速度相同，动能项抵消： (h + L) = gh. 用 V = −ḣ，得 (h + L)ḧ + gh = 0. 压力分布仍按 ∂V dV ∂t dt 代入非定常积分求。",流体运动学/连续/流线迹线,P1 > 连续性；Q1 > 迹线/流线/脉线；M18 > 往年题可能问法；M23 > 概念短答库；T6 > 常见问法到答案,P1,先判速度场/描述方法；写连续、旋度、流线/迹线微分式；概念题直接用 M18/M23 的一句话答案；应力题转 Q1 张量模板。,1. 先按题干关键词选模型；2. 在 v80 对应页写首个控制方程/公式；3. 把题给几何、单位和边界条件代入；4. 做代数求解或列出需要查图查表的位置；5. 检查单位、方向、绝压/表压或适用条件。,若要求长篇推导或复杂坐标变换，仍需教材细节；v80 已足够支撑多数简答和基础计算过程。 v67 已补推导题固定结构，v69/v80 补截面、边界条件和概念收口检查。 v80 保留新题定位入口、非定常 Bernoulli 推导条件、速度势单值/路径无关证明、Lagrange/Kelvin 可抄证明句、涡管强度 ΩA 守恒、涡量矩模板、自由射流动量通量和 RTT 入口，并补纳维-斯托克斯原词、圆管断面速度分布原词、渐变流测压管水头；更长证明仍需教材措辞。,主题命中“流体运动学/连续/流线迹线”，v80 基础过程覆盖约 85%。；题目要求推导或定义积分；v80 有 M24/M25/M26 骨架，但完整推导仍扣少量严谨性分。,7.7,10.0,77.0,中高,
Q0102,课本/作业整理题,D:\虚拟C盘\学习\流体力学\第5-8章作业与复习_整理\何枫第5章_按课件内容匹配题目_最终纠正版.pdf,何枫第5章_按课件内容匹配题目_最终纠正版.pdf,5,"5. 课件 5.3：Kelvin、Lagrange、Helmholtz Kelvin 定理 环量定义： I Γ= V · dl. 若流体满足 无粘、正压、质量力有势、连续流场 则沿任意封闭流体线： = 0. 12 Lagrange 定理 在 Kelvin 定理条件下，若某一时刻流场无旋： Ω = 0, 则之前和之后都无旋： Ω ≡ 0. 直观记法：理想正压流体在有势力场中，涡量不会凭空产生。 Helmholtz 定理 同样在 Kelvin 定理条件下： 涡面由同一批流体质点组成，并随流体运动保持为涡面。 涡管强度不随时间变化。 涡管强度为 ZZ K= Ω · n dA. 同一时刻，任一涡管不同截面有相同涡通量，因为 ∇ · Ω = ∇ · (∇ × V ) = 0.",流体运动学/连续/流线迹线,P1 > 连续性；Q1 > 迹线/流线/脉线；M18 > 往年题可能问法；M23 > 概念短答库；T6 > 常见问法到答案,P1,先判速度场/描述方法；写连续、旋度、流线/迹线微分式；概念题直接用 M18/M23 的一句话答案；应力题转 Q1 张量模板。,1. 先按题干关键词选模型；2. 在 v80 对应页写首个控制方程/公式；3. 把题给几何、单位和边界条件代入；4. 做代数求解或列出需要查图查表的位置；5. 检查单位、方向、绝压/表压或适用条件。,若要求长篇推导或复杂坐标变换，仍需教材细节；v80 已足够支撑多数简答和基础计算过程。 v67 已补推导题固定结构，v69/v80 补截面、边界条件和概念收口检查。 v80 保留新题定位入口、非定常 Bernoulli 推导条件、速度势单值/路径无关证明、Lagrange/Kelvin 可抄证明句、涡管强度 ΩA 守恒、涡量矩模板、自由射流动量通量和 RTT 入口，并补纳维-斯托克斯原词、圆管断面速度分布原词、渐变流测压管水头；更长证明仍需教材措辞。,主题命中“流体运动学/连续/流线迹线”，v80 基础过程覆盖约 85%。；题型偏概念简答；v80 已有短答库，但非对应专栏仍扣少量组织分。,7.9,10.0,79.0,中高,
Q0103,课本/作业整理题,D:\虚拟C盘\学习\流体力学\第5-8章作业与复习_整理\何枫第5章_按课件内容匹配题目_最终纠正版.pdf,何枫第5章_按课件内容匹配题目_最终纠正版.pdf,书 4.4,"书 4.4：剪切来流绕固定圆柱的涡量场 远处速度： u∞ = ky, v∞ = 0. 远处涡量： ∂v∞ ∂u∞ ω∞ = − = 0 − k = −k. ∂x ∂y 理想不可压流体、质量力有势，且无粘壁面不产生新涡量，故每个质点保持自己的涡量： = 0. 所以整个流场涡量为 ωz = −k. 这题不是“算圆柱绕流速度”，而是考 Lagrange/Kelvin：已有涡量保持，不会因为绕圆柱就消失。 S4.1 圆球突然移动与等速膨胀/收缩 牛顿型流体有粘性，启动瞬间要满足无滑移条件；理想流体只满足不可穿透，可以滑移。因此牛 顿型流体启动瞬间绕圆球的流线谱一般不等同于理想流体绕圆球的流线谱。 若没有质量力，理想流体中圆球等速膨胀或等速收缩时，压力由非定常项和动能项决定： ∂φ V 2 p = p∞ − ρ + . ∂t 2 球面上压力不会简单等于静水压，而随球面运动产生的非定常势流变化。 S4.2 圆桶旋转和 Kelvin 定理 真实牛顿流体中，圆桶等角速度旋转时，粘性会逐渐把桶内流体带动起来，最终近似随桶作刚体 旋转。这时速度场 vθ = ωr 有涡量： 1 ∂(rvθ ) Ωz = = 2ω. r ∂r 所以是真实有旋运动。 这与 Kelvin 定理不矛盾，因为 Kelvin 定理要求无粘。真实圆桶带动流体靠的是粘性切应力，已 经不满足 Kelvin 定理条件。 14 S4.3 为什么可用瞬时绝对坐标系 瞬时绝对坐标系固定在物体上，优点是物面方程不随时间变化，边界条件好写： = Vb · n. 但它在每个瞬时仍可与惯性系建立速度关系，所以可以先在该坐标系求瞬时速度势，再用非定常 Bernoulli 求压强。关键是：流场对不可压无旋边界条件具有瞬时响应特性。",流体运动学/连续/流线迹线,P1 > 连续性；Q1 > 迹线/流线/脉线；M18 > 往年题可能问法；M23 > 概念短答库；T6 > 常见问法到答案,P1,先判速度场/描述方法；写连续、旋度、流线/迹线微分式；概念题直接用 M18/M23 的一句话答案；应力题转 Q1 张量模板。,1. 先按题干关键词选模型；2. 在 v80 对应页写首个控制方程/公式；3. 把题给几何、单位和边界条件代入；4. 做代数求解或列出需要查图查表的位置；5. 检查单位、方向、绝压/表压或适用条件。,若要求长篇推导或复杂坐标变换，仍需教材细节；v80 已足够支撑多数简答和基础计算过程。 v67 已补推导题固定结构，v69/v80 补截面、边界条件和概念收口检查。 v80 保留新题定位入口、非定常 Bernoulli 推导条件、速度势单值/路径无关证明、Lagrange/Kelvin 可抄证明句、涡管强度 ΩA 守恒、涡量矩模板、自由射流动量通量和 RTT 入口，并补纳维-斯托克斯原词、圆管断面速度分布原词、渐变流测压管水头；更长证明仍需教材措辞。,主题命中“流体运动学/连续/流线迹线”，v80 基础过程覆盖约 85%。；题型偏概念简答；v80 已有短答库，但非对应专栏仍扣少量组织分。,7.9,10.0,79.0,中高,
Q0104,课本/作业整理题,D:\虚拟C盘\学习\流体力学\第5-8章作业与复习_整理\何枫第5章_按课件内容匹配题目_最终纠正版.tex,何枫第5章_按课件内容匹配题目_最终纠正版.tex,5.3,5.3\ \text{Kelvin、Lagrange、Helmholtz 定理} 所以本文件只把与这三块直接相关的题列为核心。张兆顺第4章中“附加惯性、圆柱圆周运动、空腔塌缩”等题虽然同在第4章，但不是何枫这份第5章课件的主线，不再混进核心复习。 \section*{1. 按课件内容筛题} \begin{longtable}{p{3.2cm}p{5.2cm}p{6.6cm}} \toprule 课件模块 & 直接对应题目 & 为什么对应 \\ \midrule,概念简答/定义解释,M18 > 往年题可能问法：一句话答案；M23 > 概念短答库；R6 > 可直接抄的结论句；M9 > 高频小问速答；M12 > 概念题保底,无直接页码,先定位 M18/M23/R6 的可抄定义句；按“定义一句+原因一句+后果一句”写；若有公式页，再补适用条件和易错点。,1. 先按题干关键词选模型；2. 在 v80 对应页写首个控制方程/公式；3. 把题给几何、单位和边界条件代入；4. 做代数求解或列出需要查图查表的位置；5. 检查单位、方向、绝压/表压或适用条件。,v80 已显著补强短答，但长论述、实验现象细节和教材原话仍可能扣少量分。 v67 补长论述结构，v69 补读图/收口检查，v80 补层流/湍流/渐变流可抄定义；教材原话仍可能扣分。 v80 已补 N-S 各项标准意义、控制体外力组成、层/湍速度剖面、Boussinesq 涡黏、水击波速因素、孔板/自由射流概念、渐变流测压管水头、Ma 物理意义与 0.3 判据、深水波定义、RTT 守恒入口、完全/部分相似短答和标准四行答案模板，适合先写过程分。,主题命中“概念简答/定义解释”，v80 基础过程覆盖约 89%。,8.9,10.0,89.0,中高,
Q0105,课本/作业整理题,D:\虚拟C盘\学习\流体力学\第5-8章作业与复习_整理\何枫第5章_按课件内容匹配题目_最终纠正版.tex,何枫第5章_按课件内容匹配题目_最终纠正版.tex,5.3,"5.3 Helmholtz 定理 & \core{书 4.3、补充证明题} & 平面涡量输运、涡面保持、涡管强度保持。\\ \midrule 同章但非本课件主线 & 书 4.5、4.6、4.7、4.8、4.9、4.11、S4.4 & 这些可作为扩展或老师额外布置；不要作为“何枫第5章核心题”优先复习。\\ \bottomrule \end{longtable} \section*{2. 原题页} 下面页中含有相关题，也含有非本课件主线题。核心只看：4.1、4.2、4.3、4.4、4.10、4.12、S4.1--S4.3。 \includegraphics[width=\textwidth,height=0.88\textheight,keepaspectratio]{correct_ch4_assets/zhang_ch4_p-161.png} \clearpage \includegraphics[width=\textwidth,height=0.91\textheight,keepaspectratio]{correct_ch4_assets/zhang_ch4_p-162.png} \clearpage \includegraphics[width=\textwidth,height=0.91\textheight,keepaspectratio]{correct_ch4_assets/zhang_ch4_p-163.png} \clearpage \includegraphics[width=\textwidth,height=0.91\textheight,keepaspectratio]{correct_ch4_assets/zhang_ch4_p-164.png} \clearpage \section*{3. 课件 5.1：Euler 方程与物面条件} \subsection*{核心公式} 理想流体应力张量 \bm P=-p\bm I. 动量方程化为 Euler 方程 \boxed{ \frac{\partial\bm V}{\partial t} +\bm V\cdot\nabla\bm V =\bm f-\frac{\nabla p}{\rho}} \boxed{ \frac{\D\bm V}{\D t} =\bm f-\frac{\nabla p}{\rho}.} 理想流体在固壁上允许滑移，但不允许穿透： \boxed{(\bm V-\bm V_b)\cdot\bm n=0.} \subsection*{书 4.1：内外圆柱壳的物面条件} 外圆柱固定，半径为 \(b\)。外壁不可穿透： \boxed{\left.\frac{\partial\varphi}{\partial r}\right|_{r=b}=0.} 内圆柱半径为 \(a",流体运动学/连续/流线迹线,P1 > 连续性；Q1 > 迹线/流线/脉线；M18 > 往年题可能问法；M23 > 概念短答库；T6 > 常见问法到答案,P1,先判速度场/描述方法；写连续、旋度、流线/迹线微分式；概念题直接用 M18/M23 的一句话答案；应力题转 Q1 张量模板。,1. 先按题干关键词选模型；2. 在 v80 对应页写首个控制方程/公式；3. 把题给几何、单位和边界条件代入；4. 做代数求解或列出需要查图查表的位置；5. 检查单位、方向、绝压/表压或适用条件。,若要求长篇推导或复杂坐标变换，仍需教材细节；v80 已足够支撑多数简答和基础计算过程。 v67 已补推导题固定结构，v69/v80 补截面、边界条件和概念收口检查。 v80 保留新题定位入口、非定常 Bernoulli 推导条件、速度势单值/路径无关证明、Lagrange/Kelvin 可抄证明句、涡管强度 ΩA 守恒、涡量矩模板、自由射流动量通量和 RTT 入口，并补纳维-斯托克斯原词、圆管断面速度分布原词、渐变流测压管水头；更长证明仍需教材措辞。,主题命中“流体运动学/连续/流线迹线”，v80 基础过程覆盖约 85%。；题目要求推导或定义积分；v80 有 M24/M25/M26 骨架，但完整推导仍扣少量严谨性分。,7.7,10.0,77.0,中高,
Q0106,课本/作业整理题,D:\虚拟C盘\学习\流体力学\第5-8章作业与复习_整理\第5章理想流体_原题练习汇总_完整解答版.pdf,第5章理想流体_原题练习汇总_完整解答版.pdf,5.1,"5.1 速度势建立无界流体中椭圆柱运动问题 椭圆边界为 x2 y 2 + 2 − 1 = 0. F (x, y) = a2 b 流体理想、不可压、无旋，所以速度势满足拉普拉斯方程： ∇2 φ = 0, (x, y) 在椭圆外部. 1 2 物面速度由平动和转动叠加： Vb = U0 (t)i + ω(t)k × (xi + yj) = U0 (t) − ωy i + ωxj. 椭圆外法向量方向可取 2x 2y n ∥ ∇F = , . a2 b2 不可穿透条件为 ∂φ x2 y 2 = Vb · n 在 + 2 = 1. ∂n a2 b 无界远处流体原静止，故 ∇φ → 0, r → ∞. 题设环量 Γ = 0，补充条件为 I ∇φ · dl = 0. 这四条就是该问题的完整数学提法。",势流/圆柱/镜像/升力,P2 > 基本流表；P2 > 圆柱绕流；Q3 > 势流题库速解；T2/T3 > 原题压缩收录；R6 > 结论句,P2,先搭基元叠加或圆柱绕流模型；求速度场和 Cp；再用 Bernoulli 求压力，沿边界积分力；环量题写 Kutta-Joukowski 升力。,1. 写 phi/psi 或基元叠加；2. 求速度分量；3. 用 Bernoulli 得压力或 Cp；4. 沿边界积分压力分量；5. 说明理想势流假设和单位展长。,半圆柱/开孔/镜像图的几何积分限仍要读图；真实阻力不能用理想势流满分解释。 v80 保留薄板小攻角环量估计和 Kutta 升力收口；复杂构形仍需正确选镜像/基元。,主题命中“势流/圆柱/镜像/升力”，v80 基础过程覆盖约 82%。,8.2,10.0,82.0,中高,
Q0107,课本/作业整理题,D:\虚拟C盘\学习\流体力学\第5-8章作业与复习_整理\第5章理想流体_原题练习汇总_完整解答版.pdf,第5章理想流体_原题练习汇总_完整解答版.pdf,5.2,"5.2 用流函数建立管内障碍物绕流封闭方程组 不可压平面无旋流动，流函数满足 ∇2 ψ = 0 在流体区域内成立。 管壁和固体边界均不可穿透，所以它们都是流线： ψ = C1 上壁, ψ = C2 下壁, ψ = C3 固体表面. 若管内从左向右的体积流量为 Q，则上、下壁两条流线的差为 C1 − C2 = Q. 入口截面速度均匀且沿 x 轴，设入口高度为 2h，则 u= , v = 0. 2h 由 u = ∂ψ/∂y 得入口处 y + C. ψ(y) = 2h 出口处只需给出与入口相同的总流量条件。以上方程、壁面条件和流量条件构成封闭方程组。",流体运动学/连续/流线迹线,P1 > 连续性；Q1 > 迹线/流线/脉线；M18 > 往年题可能问法；M23 > 概念短答库；T6 > 常见问法到答案,P1,先判速度场/描述方法；写连续、旋度、流线/迹线微分式；概念题直接用 M18/M23 的一句话答案；应力题转 Q1 张量模板。,1. 先按题干关键词选模型；2. 在 v80 对应页写首个控制方程/公式；3. 把题给几何、单位和边界条件代入；4. 做代数求解或列出需要查图查表的位置；5. 检查单位、方向、绝压/表压或适用条件。,若要求长篇推导或复杂坐标变换，仍需教材细节；v80 已足够支撑多数简答和基础计算过程。 v67 已补推导题固定结构，v69/v80 补截面、边界条件和概念收口检查。 v80 保留新题定位入口、非定常 Bernoulli 推导条件、速度势单值/路径无关证明、Lagrange/Kelvin 可抄证明句、涡管强度 ΩA 守恒、涡量矩模板、自由射流动量通量和 RTT 入口，并补纳维-斯托克斯原词、圆管断面速度分布原词、渐变流测压管水头；更长证明仍需教材措辞。,主题命中“流体运动学/连续/流线迹线”，v80 基础过程覆盖约 85%。；仍依赖教材图表或读图；v80 有小查表/查表动作和收口模板，但不是完整数值表。,8.1,10.0,81.0,中高,
Q0108,课本/作业整理题,D:\虚拟C盘\学习\流体力学\第5-8章作业与复习_整理\第5章理想流体_原题练习汇总_完整解答版.pdf,第5章理想流体_原题练习汇总_完整解答版.pdf,5.3,"5.3 用流函数建立运动椭圆柱绕流问题 坐标取在物体上。流体绝对运动无旋，因此在随体坐标中仍可用流函数表示相对流动： ∇2 ψ = 0. 3 物面不可穿透，椭圆面为流线： x2 y 2 + 2 = 1. ψ = Cb , a2 b 远处流体原静止，而坐标系随物体以 U0 (t) 平移，所以在随体坐标中远处来流为 u → −U0 (t), v → 0, r → ∞. 对应流函数远处渐近为 ψ ∼ −U0 (t)y, r → ∞. 若已知环量为 Γ，还需附加 I V · dl = Γ. 这就是用流函数建立的定解问题。",势流/圆柱/镜像/升力,P2 > 基本流表；P2 > 圆柱绕流；Q3 > 势流题库速解；T2/T3 > 原题压缩收录；R6 > 结论句,P2,先搭基元叠加或圆柱绕流模型；求速度场和 Cp；再用 Bernoulli 求压力，沿边界积分力；环量题写 Kutta-Joukowski 升力。,1. 写 phi/psi 或基元叠加；2. 求速度分量；3. 用 Bernoulli 得压力或 Cp；4. 沿边界积分压力分量；5. 说明理想势流假设和单位展长。,半圆柱/开孔/镜像图的几何积分限仍要读图；真实阻力不能用理想势流满分解释。 v80 保留薄板小攻角环量估计和 Kutta 升力收口；复杂构形仍需正确选镜像/基元。,主题命中“势流/圆柱/镜像/升力”，v80 基础过程覆盖约 82%。；仍依赖教材图表或读图；v80 有小查表/查表动作和收口模板，但不是完整数值表。,7.8,10.0,78.0,中高,
Q0109,课本/作业整理题,D:\虚拟C盘\学习\流体力学\第5-8章作业与复习_整理\第5章理想流体_原题练习汇总_完整解答版.pdf,第5章理想流体_原题练习汇总_完整解答版.pdf,5.4,"5.4 判断流函数、速度势、变形率和刚体转动角速度 u = x2 y + y 2 , v = x2 − xy 2 , w = 0.",势流/圆柱/镜像/升力,P2 > 基本流表；P2 > 圆柱绕流；Q3 > 势流题库速解；T2/T3 > 原题压缩收录；R6 > 结论句,P2,先搭基元叠加或圆柱绕流模型；求速度场和 Cp；再用 Bernoulli 求压力，沿边界积分力；环量题写 Kutta-Joukowski 升力。,1. 写 phi/psi 或基元叠加；2. 求速度分量；3. 用 Bernoulli 得压力或 Cp；4. 沿边界积分压力分量；5. 说明理想势流假设和单位展长。,半圆柱/开孔/镜像图的几何积分限仍要读图；真实阻力不能用理想势流满分解释。 v80 保留薄板小攻角环量估计和 Kutta 升力收口；复杂构形仍需正确选镜像/基元。,主题命中“势流/圆柱/镜像/升力”，v80 基础过程覆盖约 82%。,8.2,10.0,82.0,中,
Q0110,课本/作业整理题,D:\虚拟C盘\学习\流体力学\第5-8章作业与复习_整理\第5章理想流体_原题练习汇总_完整解答版.pdf,第5章理想流体_原题练习汇总_完整解答版.pdf,1,"1. 判断是否存在不可压流函数 ∂u ∂v = 2xy, = −2xy. ∂x ∂y ∂u ∂v + = 2xy − 2xy = 0. ∂x ∂y 连续方程满足，因此存在平面不可压流函数 ψ。",流体运动学/连续/流线迹线,P1 > 连续性；Q1 > 迹线/流线/脉线；M18 > 往年题可能问法；M23 > 概念短答库；T6 > 常见问法到答案,P1,先判速度场/描述方法；写连续、旋度、流线/迹线微分式；概念题直接用 M18/M23 的一句话答案；应力题转 Q1 张量模板。,1. 先按题干关键词选模型；2. 在 v80 对应页写首个控制方程/公式；3. 把题给几何、单位和边界条件代入；4. 做代数求解或列出需要查图查表的位置；5. 检查单位、方向、绝压/表压或适用条件。,若要求长篇推导或复杂坐标变换，仍需教材细节；v80 已足够支撑多数简答和基础计算过程。 v67 已补推导题固定结构，v69/v80 补截面、边界条件和概念收口检查。 v80 保留新题定位入口、非定常 Bernoulli 推导条件、速度势单值/路径无关证明、Lagrange/Kelvin 可抄证明句、涡管强度 ΩA 守恒、涡量矩模板、自由射流动量通量和 RTT 入口，并补纳维-斯托克斯原词、圆管断面速度分布原词、渐变流测压管水头；更长证明仍需教材措辞。,主题命中“流体运动学/连续/流线迹线”，v80 基础过程覆盖约 85%。,8.5,10.0,85.0,中高,
Q0111,课本/作业整理题,D:\虚拟C盘\学习\流体力学\第5-8章作业与复习_整理\第5章理想流体_原题练习汇总_完整解答版.pdf,第5章理想流体_原题练习汇总_完整解答版.pdf,2,"2. 求流函数 u= = x2 y + y 2 对 y 积分： 1 1 ψ = x2 y 2 + y 3 + f (x). 2 3 v=− = x2 − xy 2 − xy 2 + f ′ (x) = x2 − xy 2 , 1 f ′ (x) = −x2 , f (x) = − x3 . 3 1 1 1 ψ = x2 y 2 + y 3 − x3 + C. 2 3 3 4",势流/圆柱/镜像/升力,P2 > 基本流表；P2 > 圆柱绕流；Q3 > 势流题库速解；T2/T3 > 原题压缩收录；R6 > 结论句,P2,先搭基元叠加或圆柱绕流模型；求速度场和 Cp；再用 Bernoulli 求压力，沿边界积分力；环量题写 Kutta-Joukowski 升力。,1. 写 phi/psi 或基元叠加；2. 求速度分量；3. 用 Bernoulli 得压力或 Cp；4. 沿边界积分压力分量；5. 说明理想势流假设和单位展长。,半圆柱/开孔/镜像图的几何积分限仍要读图；真实阻力不能用理想势流满分解释。 v80 保留薄板小攻角环量估计和 Kutta 升力收口；复杂构形仍需正确选镜像/基元。,主题命中“势流/圆柱/镜像/升力”，v80 基础过程覆盖约 82%。,8.2,10.0,82.0,中高,
Q0112,课本/作业整理题,D:\虚拟C盘\学习\流体力学\第5-8章作业与复习_整理\第5章理想流体_原题练习汇总_完整解答版.pdf,第5章理想流体_原题练习汇总_完整解答版.pdf,3,"3. 判断是否存在速度势 ∂v ∂u ωz = − . ∂x ∂y 计算得 ∂v ∂u = 2x − y 2 , = x2 + 2y. ∂x ∂y ωz = 2x − y 2 − x2 − 2y ̸= 0. 流动有旋，所以不存在速度势函数。",流体运动学/连续/流线迹线,P1 > 连续性；Q1 > 迹线/流线/脉线；M18 > 往年题可能问法；M23 > 概念短答库；T6 > 常见问法到答案,P1,先判速度场/描述方法；写连续、旋度、流线/迹线微分式；概念题直接用 M18/M23 的一句话答案；应力题转 Q1 张量模板。,1. 先按题干关键词选模型；2. 在 v80 对应页写首个控制方程/公式；3. 把题给几何、单位和边界条件代入；4. 做代数求解或列出需要查图查表的位置；5. 检查单位、方向、绝压/表压或适用条件。,若要求长篇推导或复杂坐标变换，仍需教材细节；v80 已足够支撑多数简答和基础计算过程。 v67 已补推导题固定结构，v69/v80 补截面、边界条件和概念收口检查。 v80 保留新题定位入口、非定常 Bernoulli 推导条件、速度势单值/路径无关证明、Lagrange/Kelvin 可抄证明句、涡管强度 ΩA 守恒、涡量矩模板、自由射流动量通量和 RTT 入口，并补纳维-斯托克斯原词、圆管断面速度分布原词、渐变流测压管水头；更长证明仍需教材措辞。,主题命中“流体运动学/连续/流线迹线”，v80 基础过程覆盖约 85%。,8.5,10.0,85.0,中高,
Q0113,课本/作业整理题,D:\虚拟C盘\学习\流体力学\第5-8章作业与复习_整理\第5章理想流体_原题练习汇总_完整解答版.pdf,第5章理想流体_原题练习汇总_完整解答版.pdf,5.7,"5.7 均匀流、点源和分布点汇叠加：过驻点流线 轴对称流中取 z 轴为对称轴，径向坐标为 r。均匀流速度 U∞ ，原点有点源 Q，线段 0 ≤ ξ ≤ a 上有均匀点汇，线密度为 −Q/a。 轴对称均匀流的流函数为 1 ΨU = U∞ r2 . 2 位于 z = ξ 处的点源对点 (z, r) 的流函数可取 q z−ξ Ψq = 1− p . 4π r2 + (z − ξ)2 因此总流函数为 Z a ! 1 Q z Q z−ξ Ψ = U∞ r 2 + 1− − 1− p dξ, 2 4π R0 4πa 0 r2 + (z − ξ)2 √ p R0 = r2 + z 2 , Ra = r2 + (z − a)2 . 积分部分为 ! Z a z−ξ 1− p dξ = a − R0 + Ra . 0 r2 + (z − ξ)2 1 Q z Q Ψ = U∞ r2 + 1− − (a − R0 + Ra ) + C. 2 4π R0 4πa 驻点由 vz = 0, vr = 0 求得。过驻点的流线就是 Ψ = Ψ驻点 . 题目要求令过驻点流函数为零，即选取常数 C 使 Ψ驻点 = 0，最后写成 Ψ = 0.",势流/圆柱/镜像/升力,P2 > 基本流表；P2 > 圆柱绕流；Q3 > 势流题库速解；T2/T3 > 原题压缩收录；R6 > 结论句,P2,先搭基元叠加或圆柱绕流模型；求速度场和 Cp；再用 Bernoulli 求压力，沿边界积分力；环量题写 Kutta-Joukowski 升力。,1. 写 phi/psi 或基元叠加；2. 求速度分量；3. 用 Bernoulli 得压力或 Cp；4. 沿边界积分压力分量；5. 说明理想势流假设和单位展长。,半圆柱/开孔/镜像图的几何积分限仍要读图；真实阻力不能用理想势流满分解释。 v80 保留薄板小攻角环量估计和 Kutta 升力收口；复杂构形仍需正确选镜像/基元。,主题命中“势流/圆柱/镜像/升力”，v80 基础过程覆盖约 82%。；题目要求推导或定义积分；v80 有 M24/M25/M26 骨架，但完整推导仍扣少量严谨性分。,7.4,10.0,74.0,中高,
Q0114,课本/作业整理题,D:\虚拟C盘\学习\流体力学\第5-8章作业与复习_整理\第5章理想流体_原题练习汇总_完整解答版.pdf,第5章理想流体_原题练习汇总_完整解答版.pdf,5.8,"5.8 证明给定轴对称流函数形式并求 c 线段 OA = a 上均匀分布点源，线密度 Q/a，两端 O, A 各放等强点汇，使全场无净流量。设 √ p R1 = r2 + z 2 , R2 = r2 + (z − a)2 . 轴对称点源流函数取 ! q z−ξ Ψq = 1− p . 4π r2 + (z − ξ)2 7 线源叠加为 ! Z a Q z−ξ Q ΨL = 1− p dξ = (a − R1 + R2 ). 4πa 0 r2 + (z − ξ)2 4πa 两端等强点汇各为 −Q/2，其流函数为 Q z Q z−a ΨS = − 1− − 1− . 8π R1 8π R2 总流函数 Ψ = Ψ L + ΨS . 整理可化为题给形式 1 1 Ψ = c (R1 − R2 ) − a 2 2 − . R1 R 2 按本解正源为流出、点汇为流入的符号约定， c=− . 16πa 若课本把源汇符号取反，则整体符号相反；流线形状不变。",势流/圆柱/镜像/升力,P2 > 基本流表；P2 > 圆柱绕流；Q3 > 势流题库速解；T2/T3 > 原题压缩收录；R6 > 结论句,P2,先搭基元叠加或圆柱绕流模型；求速度场和 Cp；再用 Bernoulli 求压力，沿边界积分力；环量题写 Kutta-Joukowski 升力。,1. 写 phi/psi 或基元叠加；2. 求速度分量；3. 用 Bernoulli 得压力或 Cp；4. 沿边界积分压力分量；5. 说明理想势流假设和单位展长。,半圆柱/开孔/镜像图的几何积分限仍要读图；真实阻力不能用理想势流满分解释。 v80 保留薄板小攻角环量估计和 Kutta 升力收口；复杂构形仍需正确选镜像/基元。,主题命中“势流/圆柱/镜像/升力”，v80 基础过程覆盖约 82%。；题目要求推导或定义积分；v80 有 M24/M25/M26 骨架，但完整推导仍扣少量严谨性分。,7.4,10.0,74.0,中高,
Q0115,课本/作业整理题,D:\虚拟C盘\学习\流体力学\第5-8章作业与复习_整理\第5章理想流体_原题练习汇总_完整解答版.pdf,第5章理想流体_原题练习汇总_完整解答版.pdf,5.9,"5.9 Rankine 卵形体绕流 均匀流 U∞ 沿 +z 方向。点源 Q 位于 z = −a，点汇 −Q 位于 z = a。令 p p RA = r2 + (z + a)2 , RB = r2 + (z − a)2 . 轴对称流函数可写为 1 Q z+a Q z−a Ψ = U∞ r 2 + 1− − 1− + C. 2 4π RA 4π RB 取经过前后驻点的分界流线为物面，令该流线上 Ψ = 0，整理得物面方程。 b2 = . 2πU∞ 在最大半径处 z = 0, r = h，有 RA = RB = h2 + a2 . 由物面方程代入可得 2a h2 √ = 2. h2 + a2 b 在前后驻点 z = ±l, r = 0 处代入同一物面方程，可得 (l2 − a2 )2 = 2ab2 l. 流速由点源、点汇和均匀流速度叠加： Q z+a z−a vz = U∞ + 3 − 3 4π RA RB 8 Q r r vr = 3 − 3 . 4π RA RB 最大速度出现在最宽截面附近 z = 0, r = h，此处 vr = 0， Q 2a vz = U∞ + . 4π (h2 + a2 )3/2 用 b2 = Q/(2πU∞ ) 写为 ab2 Vmax = U∞ 1+ 2 . (h + a2 )3/2 讨论极限：",势流/圆柱/镜像/升力,P2 > 基本流表；P2 > 圆柱绕流；Q3 > 势流题库速解；T2/T3 > 原题压缩收录；R6 > 结论句,P2,先搭基元叠加或圆柱绕流模型；求速度场和 Cp；再用 Bernoulli 求压力，沿边界积分力；环量题写 Kutta-Joukowski 升力。,1. 写 phi/psi 或基元叠加；2. 求速度分量；3. 用 Bernoulli 得压力或 Cp；4. 沿边界积分压力分量；5. 说明理想势流假设和单位展长。,半圆柱/开孔/镜像图的几何积分限仍要读图；真实阻力不能用理想势流满分解释。 v80 保留薄板小攻角环量估计和 Kutta 升力收口；复杂构形仍需正确选镜像/基元。,主题命中“势流/圆柱/镜像/升力”，v80 基础过程覆盖约 82%。；题目要求推导或定义积分；v80 有 M24/M25/M26 骨架，但完整推导仍扣少量严谨性分。,7.4,10.0,74.0,中高,
Q0116,课本/作业整理题,D:\虚拟C盘\学习\流体力学\第5-8章作业与复习_整理\第5章理想流体_原题练习汇总_完整解答版.pdf,第5章理想流体_原题练习汇总_完整解答版.pdf,5.12,"5.12 点源点汇组合的复势，证明 |z| = a 为流线 题图中点源为 Q： (0, a) ⇒ z = ia, (0, −a) ⇒ z = −ia, 点汇为 −Q： (−a, 0) ⇒ z = −a, (a, 0) ⇒ z = a. 复势按基本解叠加： Q Q Q Q w(z) = ln(z − ia) + ln(z + ia) − ln(z + a) − ln(z − a). 2π 2π 2π 2π 合并得 Q z 2 + a2 w(z) = ln 2 . 2π z − a2 验证 |z| = a。令 z = aeiθ ，则 z 2 + a2 e2iθ + 1 2eiθ cos θ = = = −i cot θ. z 2 − a2 e2iθ − 1 2ieiθ sin θ 该量辐角为常数 ±π/2，所以 Im w = arg(−i cot θ) = 常数. 2π |z| = a 是流线. 流动方向由源流向汇：一、三象限与二、四象限方向相反，可按图中源汇箭头标出。",势流/圆柱/镜像/升力,P2 > 基本流表；P2 > 圆柱绕流；Q3 > 势流题库速解；T2/T3 > 原题压缩收录；R6 > 结论句,P2,先搭基元叠加或圆柱绕流模型；求速度场和 Cp；再用 Bernoulli 求压力，沿边界积分力；环量题写 Kutta-Joukowski 升力。,1. 写 phi/psi 或基元叠加；2. 求速度分量；3. 用 Bernoulli 得压力或 Cp；4. 沿边界积分压力分量；5. 说明理想势流假设和单位展长。,半圆柱/开孔/镜像图的几何积分限仍要读图；真实阻力不能用理想势流满分解释。 v80 保留薄板小攻角环量估计和 Kutta 升力收口；复杂构形仍需正确选镜像/基元。,主题命中“势流/圆柱/镜像/升力”，v80 基础过程覆盖约 82%。；题目要求推导或定义积分；v80 有 M24/M25/M26 骨架，但完整推导仍扣少量严谨性分。；仍依赖教材图表或读图；v80 有小查表/查表动作和收口模板，但不是完整数值表。,7.0,10.0,70.0,中高,
Q0117,课本/作业整理题,D:\虚拟C盘\学习\流体力学\第5-8章作业与复习_整理\第5章理想流体_原题练习汇总_完整解答版.pdf,第5章理想流体_原题练习汇总_完整解答版.pdf,5.13,"5.13 两垂直壁面附近点涡的轨迹 用镜像法满足两壁面不可穿透。真实点涡 +Γ 在 (x, y)，镜像点涡为： (−x, y) : −Γ, (x, −y) : −Γ, (−x, −y) : +Γ. 10 真实点涡速度由三个镜像涡诱导。计算得 Γ 1 y ẋ = − , 4π y x2 + y 2 Γ 1 x ẏ = − + 2 . 4π x x + y2 故轨迹微分方程为 dy −1/x + x/(x2 + y 2 ) y3 = = − . dx 1/y − y/(x2 + y 2 ) x3 分离变量： dy dx 3 =− 3. y x 积分： 1 1 − 2 = 2 + C. 2y 2x 整理成 1 1 + = C1 . x2 y 2 √ √ 题给通过 ( 2, 2)，代入： 1 1 C1 = + = 1. 2 2 故点涡轨迹为 1 1 + = 1. x2 y 2",势流/圆柱/镜像/升力,P2 > 基本流表；P2 > 圆柱绕流；Q3 > 势流题库速解；T2/T3 > 原题压缩收录；R6 > 结论句,P2,先搭基元叠加或圆柱绕流模型；求速度场和 Cp；再用 Bernoulli 求压力，沿边界积分力；环量题写 Kutta-Joukowski 升力。,1. 写 phi/psi 或基元叠加；2. 求速度分量；3. 用 Bernoulli 得压力或 Cp；4. 沿边界积分压力分量；5. 说明理想势流假设和单位展长。,半圆柱/开孔/镜像图的几何积分限仍要读图；真实阻力不能用理想势流满分解释。 v80 保留薄板小攻角环量估计和 Kutta 升力收口；复杂构形仍需正确选镜像/基元。,主题命中“势流/圆柱/镜像/升力”，v80 基础过程覆盖约 82%。；题目要求推导或定义积分；v80 有 M24/M25/M26 骨架，但完整推导仍扣少量严谨性分。,7.4,10.0,74.0,中高,
Q0118,课本/作业整理题,D:\虚拟C盘\学习\流体力学\第5-8章作业与复习_整理\第5章理想流体_原题练习汇总_完整解答版.pdf,第5章理想流体_原题练习汇总_完整解答版.pdf,5.14,"5.14 复势中求通过圆 |z| = 3 的流量和环量 1 w(z) = (1 + i) ln(z 2 − 1) + (2 − 3i) ln(z 2 + 4) + . 圆 |z| = 3 内含有 z = ±1, z = ±2i. ln(z 2 − 1) = ln(z − 1) + ln(z + 1), ln(z 2 + 4) = ln(z − 2i) + ln(z + 2i). 因此圆内所有对数项系数之和为 AΣ = 2(1 + i) + 2(2 − 3i) = 6 − 4i. 绕圆一周，若 A ln(z − z0 ) 的变量增加 2π，则复势增量为 ∆w = 2πiA. ∆w = 2πi(6 − 4i) = 8π + 12πi. 11 ∆w = ∆φ + i∆ψ = Γ + iQ. Q = 12π, Γ = 8π. 项 1/z 是单值项，对绕一周的 ∆w 无贡献。",量纲分析/相似准则,P1 > 量纲分析模板；M25 > 量纲相似+推导骨架；M4 > 流程H；M6 > 标准解模板：相似；M13 > 模型律；M26 > 管路/模型,P1,列变量和基本量纲；选量纲独立且不含待求量的重复变量；逐个令 pi=X rho^a V^b L^c 求指数；最后用 M26 的 F~rho V^2 L^2、Delta p~rho V^2、Fr/Re 缩尺速度比做换算。,1. 先按题干关键词选模型；2. 在 v80 对应页写首个控制方程/公式；3. 把题给几何、单位和边界条件代入；4. 做代数求解或列出需要查图查表的位置；5. 检查单位、方向、绝压/表压或适用条件。,"若变量很冷门或需完整实验相似设计，仍需教材解释；v80 补了常见模型力、压强和速度比例换算。 v80 已补 Buckingham pi 五步流程和 Re/Fr/Ma/We/Eu 判据表；复杂多变量推导仍需手算。 v80 已补模型换算库 Q,t,f,F,Delta p,M,P 和 Re/Fr 冲突答题句；复杂 pi 群仍需手算。 v80 保留量纲齐次/Rayleigh 指数配平、完全/部分相似及 Re/Fr 冲突说明、关键词到 π 群的定位入口、球阻力 CD=f(Re) 标准推导，并补量纲公式、雷诺相似、自模化和压力系数 Cp/Eu 定义；冷门变量仍需逐项列量纲。",主题命中“量纲分析/相似准则”，v80 基础过程覆盖约 86%。；题目要求推导或定义积分；v80 有 M24/M25/M26 骨架，但完整推导仍扣少量严谨性分。,7.8,10.0,78.0,中高,
Q0119,课本/作业整理题,D:\虚拟C盘\学习\流体力学\第5-8章作业与复习_整理\第5章理想流体_原题练习汇总_完整解答版.pdf,第5章理想流体_原题练习汇总_完整解答版.pdf,5.15,5.15 图示圆弧边界流场复势 该题本质是保角映射题。圆弧为边界，边界必须是流线。做法是先把圆弧边界映到上半平面或直 线边界，再在映射平面写基本源/汇流动，最后代回复平面。 设映射 z = f (ζ) 把 ζ 平面的实轴映成题图圆弧边界，并把点源/点汇所在点映为 ζ0 。上半平面中，靠实轴的点 源/点汇边界问题可用镜像法写成 Q ζ − ζ0 W (ζ) = ln . 2π ζ − ζ0 于是物理平面复势为 Q f −1 (z) − ζ0 w(z) = W (f −1 (z)) = ln −1 . 2π f (z) − ζ0 如果把圆弧看成由 Joukowski 型映射生成，常用形式为 1 z=c ζ+ 或其平移、旋转形式，再按图中圆弧半径 R 与弦长 2c 确定映射常数。考试中写到这一步，核心 已经完整：边界通过映射变为实轴，点源/点汇通过镜像满足圆弧为流线。,势流/圆柱/镜像/升力,P2 > 基本流表；P2 > 圆柱绕流；Q3 > 势流题库速解；T2/T3 > 原题压缩收录；R6 > 结论句,P2,先搭基元叠加或圆柱绕流模型；求速度场和 Cp；再用 Bernoulli 求压力，沿边界积分力；环量题写 Kutta-Joukowski 升力。,1. 写 phi/psi 或基元叠加；2. 求速度分量；3. 用 Bernoulli 得压力或 Cp；4. 沿边界积分压力分量；5. 说明理想势流假设和单位展长。,半圆柱/开孔/镜像图的几何积分限仍要读图；真实阻力不能用理想势流满分解释。 v80 保留薄板小攻角环量估计和 Kutta 升力收口；复杂构形仍需正确选镜像/基元。,主题命中“势流/圆柱/镜像/升力”，v80 基础过程覆盖约 82%。；题目要求推导或定义积分；v80 有 M24/M25/M26 骨架，但完整推导仍扣少量严谨性分。；仍依赖教材图表或读图；v80 有小查表/查表动作和收口模板，但不是完整数值表。,7.0,10.0,70.0,中高,
Q0120,课本/作业整理题,D:\虚拟C盘\学习\流体力学\第5-8章作业与复习_整理\第5章理想流体_原题练习汇总_完整解答版.pdf,第5章理想流体_原题练习汇总_完整解答版.pdf,5.16,"5.16 平板绕流：环量、驻点和升力 薄平板长度 l = 1.5 m, α = 5◦ , U = 50 m/s, ρ = 0.122 kg/m3 . 平板绕流若要后缘速度有限，需满足库塔条件。薄板理论给出环量大小 |Γ| = πU l sin α. 代入： |Γ| = π × 50 × 1.5 × sin 5◦ ≈ 20.5 m2 /s. 12 方向按题图攻角取负，则 Γ ≈ −20.5 m2 /s. 升力由库塔–儒可夫斯基公式 L′ = ρU |Γ| L′ = 0.122 × 50 × 20.5 ≈ 125 N/m. 若题目默认单位展长，则 L ≈ 125 N. 分解到来流坐标，阻力理论值为零；投影到板坐标会出现小分量： Fx ≈ −10.9 N, Fy ≈ 124.5 N. 驻点由复速度为零求得，代入本题参数可得 xs ≈ −0.74 m 相对于板中心坐标。",边界层/外绕流阻力,P6 > 平板边界层；P6 > 位移/动量厚度；M24 > 边界层积分题；Q5 > 边界层题库速解；M13 > 微题,P6,先算 Re_x/Re_L 判层流、湍流或转捩；直接题用 delta、Cf、阻力公式；速度剖面题用 M24 的 delta*、theta 和 Karman 模板；外绕流判断摩擦/压差阻力和分离。,1. 算 Re_x 或 Re_L；2. 判断层流/湍流/低 Re；3. 选厚度、Cf 或阻力公式；4. 若为厚度定义题，尝试写积分；5. 说明 v80 缺失的定义或图表。,"复杂非零压梯度动量积分、实验阻力图和扫描图数值仍需教材/图表；v80 已覆盖书10.3/10.5 常见剖面。 v80 已补 delta*, theta, H 的物理意义；复杂动量积分推导仍需手算。 v80 已补局部摩阻系数 cf、单位宽阻力 D'、CD=2theta/L、转捩位置 xcr、平板层/湍/混合阻力判定和湿表面积/迎风面积区分；复杂分离与实验阻力图仍需教材。 v80 保留给定速度剖面到 delta、theta、delta_E、tau_w、CD 的通用积分链，补强 delta、delta*、theta、delta_E 的物理意义，保留层/湍速度剖面标准句、Boussinesq 涡黏、吸气/吹气修正、自由射流动量通量入口、Theta 分离判据和 Karman--Pohlhausen 配边界步骤。",主题命中“边界层/外绕流阻力”，v80 基础过程覆盖约 87%。；题目要求推导或定义积分；v80 有 M24/M25/M26 骨架，但完整推导仍扣少量严谨性分。；仍依赖教材图表或读图；v80 有小查表/查表动作和收口模板，但不是完整数值表。,7.5,10.0,75.0,中高,
Q0121,课本/作业整理题,D:\虚拟C盘\学习\流体力学\第5-8章作业与复习_整理\第5章理想流体_原题练习汇总_完整解答版.pdf,第5章理想流体_原题练习汇总_完整解答版.pdf,5.17,"5.17 无环量椭圆柱绕流的受力和力矩 题设来流速度 U∞ ，攻角 α，椭圆柱 x2 y 2 + 2 =1 a2 b 作定常无环量绕流。 因为流动为理想不可压无旋定常绕流，且无环量，达朗贝尔佯谬给出合力为零： Fx = 0, Fy = 0. 但椭圆不是圆，对来流有攻角时，压力分布关于椭圆主轴不对称，可产生力矩。由椭圆柱势流解 积分压力矩得 1 2 Mz = −ρU∞ 2 π(a2 − b2 ) sin α cos α = − ρU∞ π(a2 − b2 ) sin 2α. 2 若 a = b 为圆柱，则 Mz = 0，符合圆柱对称性。",势流/圆柱/镜像/升力,P2 > 基本流表；P2 > 圆柱绕流；Q3 > 势流题库速解；T2/T3 > 原题压缩收录；R6 > 结论句,P2,先搭基元叠加或圆柱绕流模型；求速度场和 Cp；再用 Bernoulli 求压力，沿边界积分力；环量题写 Kutta-Joukowski 升力。,1. 写 phi/psi 或基元叠加；2. 求速度分量；3. 用 Bernoulli 得压力或 Cp；4. 沿边界积分压力分量；5. 说明理想势流假设和单位展长。,半圆柱/开孔/镜像图的几何积分限仍要读图；真实阻力不能用理想势流满分解释。 v80 保留薄板小攻角环量估计和 Kutta 升力收口；复杂构形仍需正确选镜像/基元。,主题命中“势流/圆柱/镜像/升力”，v80 基础过程覆盖约 82%。；题目要求推导或定义积分；v80 有 M24/M25/M26 骨架，但完整推导仍扣少量严谨性分。,7.4,10.0,74.0,中高,
Q0122,课本/作业整理题,D:\虚拟C盘\学习\流体力学\第5-8章作业与复习_整理\第5章理想流体_原题练习汇总_完整解答版.pdf,第5章理想流体_原题练习汇总_完整解答版.pdf,5.18,"5.18 证明可压缩平面定常流动中存在流函数 可压缩平面定常流动连续方程为 ∂(ρu) ∂(ρv) + = 0. ∂x ∂y 这说明向量场 (ρu, ρv) 13 是无散的。因此可定义流函数 Ψ，使 ∂Ψ ∂Ψ = ρu, = −ρv. ∂y ∂x 验证： ∂(ρu) ∂(ρv) ∂ ∂Ψ ∂ ∂Ψ + = + − = 0. ∂x ∂y ∂x ∂y ∂y ∂x 故该定义自动满足连续方程，命题得证。",概念简答/定义解释,M18 > 往年题可能问法：一句话答案；M23 > 概念短答库；R6 > 可直接抄的结论句；M9 > 高频小问速答；M12 > 概念题保底,无直接页码,先定位 M18/M23/R6 的可抄定义句；按“定义一句+原因一句+后果一句”写；若有公式页，再补适用条件和易错点。,1. 先按题干关键词选模型；2. 在 v80 对应页写首个控制方程/公式；3. 把题给几何、单位和边界条件代入；4. 做代数求解或列出需要查图查表的位置；5. 检查单位、方向、绝压/表压或适用条件。,v80 已显著补强短答，但长论述、实验现象细节和教材原话仍可能扣少量分。 v67 补长论述结构，v69 补读图/收口检查，v80 补层流/湍流/渐变流可抄定义；教材原话仍可能扣分。 v80 已补 N-S 各项标准意义、控制体外力组成、层/湍速度剖面、Boussinesq 涡黏、水击波速因素、孔板/自由射流概念、渐变流测压管水头、Ma 物理意义与 0.3 判据、深水波定义、RTT 守恒入口、完全/部分相似短答和标准四行答案模板，适合先写过程分。,主题命中“概念简答/定义解释”，v80 基础过程覆盖约 89%。；题目要求推导或定义积分；v80 有 M24/M25/M26 骨架，但完整推导仍扣少量严谨性分。,8.1,10.0,81.0,中高,
Q0123,课本/作业整理题,D:\虚拟C盘\学习\流体力学\第5-8章作业与复习_整理\第5章理想流体_原题练习汇总_完整解答版.pdf,第5章理想流体_原题练习汇总_完整解答版.pdf,5.19,"5.19 证明给定流线方程下的涡量表达式 平面极坐标中流线方程 θ = θ(r). 沿流线 dθ = dr. 速度方向与流线切向一致，故速度分量满足 vθ dθ =r . vr dr K = rvr , K dθ vr = , vθ = K . r dr 极坐标平面涡量为 1 ∂(rvθ ) 1 ∂vr ω= − . r ∂r r ∂θ 题设速度场只依赖 r，与 θ 无关，所以第二项为零： 1 d dθ ω= rK . r dr dr 若 K 为常数，则 K d dθ ω= r . r dr dr",流体运动学/连续/流线迹线,P1 > 连续性；Q1 > 迹线/流线/脉线；M18 > 往年题可能问法；M23 > 概念短答库；T6 > 常见问法到答案,P1,先判速度场/描述方法；写连续、旋度、流线/迹线微分式；概念题直接用 M18/M23 的一句话答案；应力题转 Q1 张量模板。,1. 先按题干关键词选模型；2. 在 v80 对应页写首个控制方程/公式；3. 把题给几何、单位和边界条件代入；4. 做代数求解或列出需要查图查表的位置；5. 检查单位、方向、绝压/表压或适用条件。,若要求长篇推导或复杂坐标变换，仍需教材细节；v80 已足够支撑多数简答和基础计算过程。 v67 已补推导题固定结构，v69/v80 补截面、边界条件和概念收口检查。 v80 保留新题定位入口、非定常 Bernoulli 推导条件、速度势单值/路径无关证明、Lagrange/Kelvin 可抄证明句、涡管强度 ΩA 守恒、涡量矩模板、自由射流动量通量和 RTT 入口，并补纳维-斯托克斯原词、圆管断面速度分布原词、渐变流测压管水头；更长证明仍需教材措辞。,主题命中“流体运动学/连续/流线迹线”，v80 基础过程覆盖约 85%。；题目要求推导或定义积分；v80 有 M24/M25/M26 骨架，但完整推导仍扣少量严谨性分。；仍依赖教材图表或读图；v80 有小查表/查表动作和收口模板，但不是完整数值表。,7.3,10.0,73.0,中高,
Q0124,课本/作业整理题,D:\虚拟C盘\学习\流体力学\第5-8章作业与复习_整理\第5章理想流体_原题练习汇总_完整解答版.pdf,第5章理想流体_原题练习汇总_完整解答版.pdf,5.22,"5.22 证明涡量二阶矩 Iω 为运动不变量 不可压平面有旋理想流动满足涡量输运方程 = 0. 不可压条件给出面积元随体不变： D( dA) = 0. 定义涡量加权中心 RR RR xω dA yω dA xc = RRA , yc = RRA . ω dA A ω dA 题中 RR [(x − xc )2 + (y − yc )2 ]ω(x, y) dx dy Iω = A RR . ω(x, y) dx dy 因为 ω dA 是随体守恒的加权量，所以分母 Γ= ω dA 15 守恒。 再对分子作随体导数： ZZ ZZ D D(rc2 ) rc2 ω dA = ω dA, Dt A A Dt rc2 = (x − xc )2 + (y − yc )2 . 由不可压平面理想流动的涡量加权二阶矩守恒性质，平移中心项与一阶矩守恒相消，故 r2 ω dA = 0. Dt A c 分子、分母均守恒，所以 DIω = 0.",流体运动学/连续/流线迹线,P1 > 连续性；Q1 > 迹线/流线/脉线；M18 > 往年题可能问法；M23 > 概念短答库；T6 > 常见问法到答案,P1,先判速度场/描述方法；写连续、旋度、流线/迹线微分式；概念题直接用 M18/M23 的一句话答案；应力题转 Q1 张量模板。,1. 先按题干关键词选模型；2. 在 v80 对应页写首个控制方程/公式；3. 把题给几何、单位和边界条件代入；4. 做代数求解或列出需要查图查表的位置；5. 检查单位、方向、绝压/表压或适用条件。,若要求长篇推导或复杂坐标变换，仍需教材细节；v80 已足够支撑多数简答和基础计算过程。 v67 已补推导题固定结构，v69/v80 补截面、边界条件和概念收口检查。 v80 保留新题定位入口、非定常 Bernoulli 推导条件、速度势单值/路径无关证明、Lagrange/Kelvin 可抄证明句、涡管强度 ΩA 守恒、涡量矩模板、自由射流动量通量和 RTT 入口，并补纳维-斯托克斯原词、圆管断面速度分布原词、渐变流测压管水头；更长证明仍需教材措辞。,主题命中“流体运动学/连续/流线迹线”，v80 基础过程覆盖约 85%。；题型偏概念简答；v80 已有短答库，但非对应专栏仍扣少量组织分。；题目要求推导或定义积分；v80 有 M24/M25/M26 骨架，但完整推导仍扣少量严谨性分。；仍依赖教材图表或读图；v80 有小查表/查表动作和收口模板，但不是完整数值表。,6.7,10.0,67.0,中高,
Q0125,课本/作业整理题,D:\虚拟C盘\学习\流体力学\第5-8章作业与复习_整理\第5章理想流体_原题练习汇总_完整解答版.pdf,第5章理想流体_原题练习汇总_完整解答版.pdf,三,三、思考题 S5.1–S5.5 S5.1 长方形平板下落时是否会旋转 会。若平板姿态有微小倾斜，两侧流速和压力分布不再完全对称，压力合力对质心产生力矩。理 想流体模型中可用绕板势流解释这种力矩来源；实际流体中还会叠加粘性和分离效应。因此微小 扰动可能使平板发生旋转。 S5.2 翼尖涡方向、起动涡和绕翼环量 机翼有升力时，上下翼面存在压力差，翼尖处高压侧气流绕向低压侧，形成一对翼尖涡。左右翼 尖涡旋转方向相反。 机翼从静止开始运动时，后缘脱落一个起动涡。由开尔文环量定理，总环量守恒，机翼周围会形 成与起动涡相反方向的绕翼环量。稳定后，绕翼环量与升力满足库塔–儒可夫斯基公式 L′ = ρU∞ Γ. S5.3 奇点叠加法中奇点为什么放在物体内部 奇点若放在流体区域内，会在实际流场中产生无穷大速度或非物理源汇，这与真实外部绕流不符。 因此奇点必须放在物体内部，使流体区域内速度有限。 总点源强度必须等于总点汇强度，是为了保证远处没有净流量增减，否则无穷远处会表现为一个 净源或净汇。 圆外点源关于圆的镜像必须是强度相等的一对源汇，是为了同时满足圆面不可穿透条件和无穷远 条件。 16 S5.4 平面运动和轴对称运动中涡量沿流线是否为常数 不可压、无粘、定常平面流动的涡量方程为 V · ∇ω = 0. 所以平面定常流动中 ω = 沿流线常数. 轴对称无旋转流动中，涡量方程给出守恒量不是 ω 本身，而通常是 = 沿流线常数. 原因是轴对称流动中涡线被拉伸时，半径 r 会改变，涡量本身随几何伸缩变化。 S5.5 对称翼型零攻角为何升力为零，有攻角为何升力不为零 对称翼型零攻角时，上下表面流动和压力分布关于中线对称，压力合力的垂直分量相互抵消，因 此升力为零。 有攻角时，上下表面速度分布不再对称。满足库塔条件后，翼型周围形成环量，按 L′ = ρU∞ Γ 产生升力。 飞机起飞时需要较大升力，所以起飞攻角应大于高空平飞攻角。但攻角过大会导致分离和失速， 因此不是越大越好。,势流/圆柱/镜像/升力,P2 > 基本流表；P2 > 圆柱绕流；Q3 > 势流题库速解；T2/T3 > 原题压缩收录；R6 > 结论句,P2,先搭基元叠加或圆柱绕流模型；求速度场和 Cp；再用 Bernoulli 求压力，沿边界积分力；环量题写 Kutta-Joukowski 升力。,1. 写 phi/psi 或基元叠加；2. 求速度分量；3. 用 Bernoulli 得压力或 Cp；4. 沿边界积分压力分量；5. 说明理想势流假设和单位展长。,半圆柱/开孔/镜像图的几何积分限仍要读图；真实阻力不能用理想势流满分解释。 v80 保留薄板小攻角环量估计和 Kutta 升力收口；复杂构形仍需正确选镜像/基元。,主题命中“势流/圆柱/镜像/升力”，v80 基础过程覆盖约 82%。；题型偏概念简答；v80 已有短答库，但非对应专栏仍扣少量组织分。；仍依赖教材图表或读图；v80 有小查表/查表动作和收口模板，但不是完整数值表。,7.2,10.0,72.0,中高,
Q0126,课本/作业整理题,D:\虚拟C盘\学习\流体力学\第5-8章作业与复习_整理\第5章理想流体_原题练习汇总_完整解答版.pdf,第5章理想流体_原题练习汇总_完整解答版.pdf,四,"四、往年题节选完整解答 题 A：不可压缩无旋流动速度分布 u = Ax + By, v = Cx + Dy, w = 0 题问：若该流场满足连续性方程且无旋，求 A, B, C, D 需满足的条件。",流体运动学/连续/流线迹线,P1 > 连续性；Q1 > 迹线/流线/脉线；M18 > 往年题可能问法；M23 > 概念短答库；T6 > 常见问法到答案,P1,先判速度场/描述方法；写连续、旋度、流线/迹线微分式；概念题直接用 M18/M23 的一句话答案；应力题转 Q1 张量模板。,1. 先按题干关键词选模型；2. 在 v80 对应页写首个控制方程/公式；3. 把题给几何、单位和边界条件代入；4. 做代数求解或列出需要查图查表的位置；5. 检查单位、方向、绝压/表压或适用条件。,若要求长篇推导或复杂坐标变换，仍需教材细节；v80 已足够支撑多数简答和基础计算过程。 v67 已补推导题固定结构，v69/v80 补截面、边界条件和概念收口检查。 v80 保留新题定位入口、非定常 Bernoulli 推导条件、速度势单值/路径无关证明、Lagrange/Kelvin 可抄证明句、涡管强度 ΩA 守恒、涡量矩模板、自由射流动量通量和 RTT 入口，并补纳维-斯托克斯原词、圆管断面速度分布原词、渐变流测压管水头；更长证明仍需教材措辞。,主题命中“流体运动学/连续/流线迹线”，v80 基础过程覆盖约 85%。,8.5,10.0,85.0,中高,
Q0127,课本/作业整理题,D:\虚拟C盘\学习\流体力学\第5-8章作业与复习_整理\第5章理想流体_原题练习汇总_完整解答版.pdf,第5章理想流体_原题练习汇总_完整解答版.pdf,1,"1. 连续性方程 不可压缩流体要求 ∇ · V = 0. 本题中 ∂u ∂v ∂w = A, = D, = 0. ∂x ∂y ∂z ∇ · V = A + D. 连续性方程给出 A + D = 0. 17",流体运动学/连续/流线迹线,P1 > 连续性；Q1 > 迹线/流线/脉线；M18 > 往年题可能问法；M23 > 概念短答库；T6 > 常见问法到答案,P1,先判速度场/描述方法；写连续、旋度、流线/迹线微分式；概念题直接用 M18/M23 的一句话答案；应力题转 Q1 张量模板。,1. 先按题干关键词选模型；2. 在 v80 对应页写首个控制方程/公式；3. 把题给几何、单位和边界条件代入；4. 做代数求解或列出需要查图查表的位置；5. 检查单位、方向、绝压/表压或适用条件。,若要求长篇推导或复杂坐标变换，仍需教材细节；v80 已足够支撑多数简答和基础计算过程。 v67 已补推导题固定结构，v69/v80 补截面、边界条件和概念收口检查。 v80 保留新题定位入口、非定常 Bernoulli 推导条件、速度势单值/路径无关证明、Lagrange/Kelvin 可抄证明句、涡管强度 ΩA 守恒、涡量矩模板、自由射流动量通量和 RTT 入口，并补纳维-斯托克斯原词、圆管断面速度分布原词、渐变流测压管水头；更长证明仍需教材措辞。,主题命中“流体运动学/连续/流线迹线”，v80 基础过程覆盖约 85%。,8.5,10.0,85.0,中高,
Q0128,课本/作业整理题,D:\虚拟C盘\学习\流体力学\第5-8章作业与复习_整理\第5章理想流体_原题练习汇总_完整解答版.pdf,第5章理想流体_原题练习汇总_完整解答版.pdf,2,"2. 无旋条件 无旋要求 ∇ × V = 0. 因为 w = 0，且 u, v 与 z 无关，所以只需看 z 方向涡量： ∂v ∂u ωz = − . ∂x ∂y ∂v ∂u = C, = B. ∂x ∂y 无旋要求 C − B = 0. B = C. 最终条件为 A + D = 0, B = C. 题 B：半圆柱气膜馆势流分析 半圆柱半径 a，来流速度 V ，空气密度 ρ。用势流绕圆柱的上半部分近似气膜馆。",势流/圆柱/镜像/升力,P2 > 基本流表；P2 > 圆柱绕流；Q3 > 势流题库速解；T2/T3 > 原题压缩收录；R6 > 结论句,P2,先搭基元叠加或圆柱绕流模型；求速度场和 Cp；再用 Bernoulli 求压力，沿边界积分力；环量题写 Kutta-Joukowski 升力。,1. 写 phi/psi 或基元叠加；2. 求速度分量；3. 用 Bernoulli 得压力或 Cp；4. 沿边界积分压力分量；5. 说明理想势流假设和单位展长。,半圆柱/开孔/镜像图的几何积分限仍要读图；真实阻力不能用理想势流满分解释。 v80 保留薄板小攻角环量估计和 Kutta 升力收口；复杂构形仍需正确选镜像/基元。,主题命中“势流/圆柱/镜像/升力”，v80 基础过程覆盖约 82%。,8.2,10.0,82.0,中高,
Q0129,课本/作业整理题,D:\虚拟C盘\学习\流体力学\第5-8章作业与复习_整理\第5章理想流体_原题练习汇总_完整解答版.pdf,第5章理想流体_原题练习汇总_完整解答版.pdf,3,"3. 升力合力 表面压力对半圆柱的竖直分量为 dL = −p(θ) sin θ · a dθ. 相对于外界均匀压强，真正产生净升力的是压力差 1 ∆p = p(θ) − p∞ = ρV 2 (1 − 4 sin2 θ). 2 气膜馆受到的向上升力可写为 Z π L=− ∆p sin θ a dθ. 0 代入： Z π 1 L = − ρV 2 a (1 − 4 sin2 θ) sin θ dθ. 2 0 积分 Z π sin θ dθ = 2, 0 Z π 4 sin3 θ dθ = . 0 3 1 2 4 5 L = − ρV a 2 − 4 · = ρV 2 a. 2 3 3 a = 5 m, V = 10 m/s, ρ = 1.29 kg/m3 , 5 L= × 1.29 × 102 × 5 = 1075 N/m. 3 若按单位长度计算： L ≈ 1.08 × 103 N/m, 方向向上.",势流/圆柱/镜像/升力,P2 > 基本流表；P2 > 圆柱绕流；Q3 > 势流题库速解；T2/T3 > 原题压缩收录；R6 > 结论句,P2,先搭基元叠加或圆柱绕流模型；求速度场和 Cp；再用 Bernoulli 求压力，沿边界积分力；环量题写 Kutta-Joukowski 升力。,1. 写 phi/psi 或基元叠加；2. 求速度分量；3. 用 Bernoulli 得压力或 Cp；4. 沿边界积分压力分量；5. 说明理想势流假设和单位展长。,半圆柱/开孔/镜像图的几何积分限仍要读图；真实阻力不能用理想势流满分解释。 v80 保留薄板小攻角环量估计和 Kutta 升力收口；复杂构形仍需正确选镜像/基元。,主题命中“势流/圆柱/镜像/升力”，v80 基础过程覆盖约 82%。；题目要求推导或定义积分；v80 有 M24/M25/M26 骨架，但完整推导仍扣少量严谨性分。；仍依赖教材图表或读图；v80 有小查表/查表动作和收口模板，但不是完整数值表。,7.0,10.0,70.0,中高,
Q0130,课本/作业整理题,D:\虚拟C盘\学习\流体力学\第5-8章作业与复习_整理\第5章理想流体_原题练习汇总_完整解答版.tex,第5章理想流体_原题练习汇总_完整解答版.tex,未编号,本文件对应《第5章理想流体：原题练习汇总（去作业版）》。 写法按“考试可抄写”的顺序整理：先列方程或基本解，再代入题目条件，最后给结论。 符号约定：平面流动复势 \(w=\varphi+\ii\psi\)，点源强度 \(Q>0\) 表示流出，点涡强度用 \(\Gamma\) 或 \(q\) 表示，空气/液体密度按题给。,势流/圆柱/镜像/升力,P2 > 基本流表；P2 > 圆柱绕流；Q3 > 势流题库速解；T2/T3 > 原题压缩收录；R6 > 结论句,P2,先搭基元叠加或圆柱绕流模型；求速度场和 Cp；再用 Bernoulli 求压力，沿边界积分力；环量题写 Kutta-Joukowski 升力。,1. 写 phi/psi 或基元叠加；2. 求速度分量；3. 用 Bernoulli 得压力或 Cp；4. 沿边界积分压力分量；5. 说明理想势流假设和单位展长。,半圆柱/开孔/镜像图的几何积分限仍要读图；真实阻力不能用理想势流满分解释。 v80 保留薄板小攻角环量估计和 Kutta 升力收口；复杂构形仍需正确选镜像/基元。,主题命中“势流/圆柱/镜像/升力”，v80 基础过程覆盖约 82%。；仍依赖教材图表或读图；v80 有小查表/查表动作和收口模板，但不是完整数值表。,7.8,10.0,78.0,中高,
Q0131,课本/作业整理题,D:\虚拟C盘\学习\流体力学\第5-8章作业与复习_整理\第5章理想流体_原题练习汇总_完整解答版.tex,第5章理想流体_原题练习汇总_完整解答版.tex,未编号,\subsection*{5.1 速度势建立无界流体中椭圆柱运动问题},势流/圆柱/镜像/升力,P2 > 基本流表；P2 > 圆柱绕流；Q3 > 势流题库速解；T2/T3 > 原题压缩收录；R6 > 结论句,P2,先搭基元叠加或圆柱绕流模型；求速度场和 Cp；再用 Bernoulli 求压力，沿边界积分力；环量题写 Kutta-Joukowski 升力。,1. 写 phi/psi 或基元叠加；2. 求速度分量；3. 用 Bernoulli 得压力或 Cp；4. 沿边界积分压力分量；5. 说明理想势流假设和单位展长。,半圆柱/开孔/镜像图的几何积分限仍要读图；真实阻力不能用理想势流满分解释。 v80 保留薄板小攻角环量估计和 Kutta 升力收口；复杂构形仍需正确选镜像/基元。,主题命中“势流/圆柱/镜像/升力”，v80 基础过程覆盖约 82%。,8.2,10.0,82.0,中,
Q0132,课本/作业整理题,D:\虚拟C盘\学习\流体力学\第5-8章作业与复习_整理\第5章理想流体_原题练习汇总_完整解答版.tex,第5章理想流体_原题练习汇总_完整解答版.tex,未编号,"物面速度由平动和转动叠加： \bm V_b=U_0(t)\bm i+\omega(t)\bm k\times (x\bm i+y\bm j) =\bigl(U_0(t)-\omega y\bigr)\bm i+\omega x\bm j . 椭圆外法向量方向可取 \bm n \parallel \nabla F=\left(\frac{2x}{a^2},\frac{2y}{b^2}\right). 不可穿透条件为 \frac{\partial \varphi}{\partial n}=\bm V_b\cdot \bm n \quad \text{在}\quad \frac{x^2}{a^2}+\frac{y^2}{b^2}=1. 无界远处流体原静止，故 \nabla\varphi\to 0,\qquad r\to\infty . 题设环量 \(\Gamma=0\)，补充条件为 \oint_C \nabla\varphi\cdot \dd\bm l=0 . 这四条就是该问题的完整数学提法。",量纲分析/相似准则,P1 > 量纲分析模板；M25 > 量纲相似+推导骨架；M4 > 流程H；M6 > 标准解模板：相似；M13 > 模型律；M26 > 管路/模型,P1,列变量和基本量纲；选量纲独立且不含待求量的重复变量；逐个令 pi=X rho^a V^b L^c 求指数；最后用 M26 的 F~rho V^2 L^2、Delta p~rho V^2、Fr/Re 缩尺速度比做换算。,1. 先按题干关键词选模型；2. 在 v80 对应页写首个控制方程/公式；3. 把题给几何、单位和边界条件代入；4. 做代数求解或列出需要查图查表的位置；5. 检查单位、方向、绝压/表压或适用条件。,"若变量很冷门或需完整实验相似设计，仍需教材解释；v80 补了常见模型力、压强和速度比例换算。 v80 已补 Buckingham pi 五步流程和 Re/Fr/Ma/We/Eu 判据表；复杂多变量推导仍需手算。 v80 已补模型换算库 Q,t,f,F,Delta p,M,P 和 Re/Fr 冲突答题句；复杂 pi 群仍需手算。 v80 保留量纲齐次/Rayleigh 指数配平、完全/部分相似及 Re/Fr 冲突说明、关键词到 π 群的定位入口、球阻力 CD=f(Re) 标准推导，并补量纲公式、雷诺相似、自模化和压力系数 Cp/Eu 定义；冷门变量仍需逐项列量纲。",主题命中“量纲分析/相似准则”，v80 基础过程覆盖约 86%。,8.6,10.0,86.0,中高,
Q0133,课本/作业整理题,D:\虚拟C盘\学习\流体力学\第5-8章作业与复习_整理\第5章理想流体_原题练习汇总_完整解答版.tex,第5章理想流体_原题练习汇总_完整解答版.tex,未编号,"管壁和固体边界均不可穿透，所以它们都是流线： \psi=C_1\quad \text{上壁},\qquad \psi=C_2\quad \text{下壁},\qquad \psi=C_3\quad \text{固体表面}. 若管内从左向右的体积流量为 \(Q\)，则上、下壁两条流线的差为 C_1-C_2=Q . 入口截面速度均匀且沿 \(x\) 轴，设入口高度为 \(2h\)，则 u=\frac{Q}{2h},\qquad v=0 . 由 \(u=\partial\psi/\partial y\) 得入口处 \psi(y)=\frac{Q}{2h}y+C . 出口处只需给出与入口相同的总流量条件。以上方程、壁面条件和流量条件构成封闭方程组。",量纲分析/相似准则,P1 > 量纲分析模板；M25 > 量纲相似+推导骨架；M4 > 流程H；M6 > 标准解模板：相似；M13 > 模型律；M26 > 管路/模型,P1,列变量和基本量纲；选量纲独立且不含待求量的重复变量；逐个令 pi=X rho^a V^b L^c 求指数；最后用 M26 的 F~rho V^2 L^2、Delta p~rho V^2、Fr/Re 缩尺速度比做换算。,1. 先按题干关键词选模型；2. 在 v80 对应页写首个控制方程/公式；3. 把题给几何、单位和边界条件代入；4. 做代数求解或列出需要查图查表的位置；5. 检查单位、方向、绝压/表压或适用条件。,"若变量很冷门或需完整实验相似设计，仍需教材解释；v80 补了常见模型力、压强和速度比例换算。 v80 已补 Buckingham pi 五步流程和 Re/Fr/Ma/We/Eu 判据表；复杂多变量推导仍需手算。 v80 已补模型换算库 Q,t,f,F,Delta p,M,P 和 Re/Fr 冲突答题句；复杂 pi 群仍需手算。 v80 保留量纲齐次/Rayleigh 指数配平、完全/部分相似及 Re/Fr 冲突说明、关键词到 π 群的定位入口、球阻力 CD=f(Re) 标准推导，并补量纲公式、雷诺相似、自模化和压力系数 Cp/Eu 定义；冷门变量仍需逐项列量纲。",主题命中“量纲分析/相似准则”，v80 基础过程覆盖约 86%。；仍依赖教材图表或读图；v80 有小查表/查表动作和收口模板，但不是完整数值表。,8.2,10.0,82.0,中高,
Q0134,课本/作业整理题,D:\虚拟C盘\学习\流体力学\第5-8章作业与复习_整理\第5章理想流体_原题练习汇总_完整解答版.tex,第5章理想流体_原题练习汇总_完整解答版.tex,未编号,\subsection*{5.3 用流函数建立运动椭圆柱绕流问题},势流/圆柱/镜像/升力,P2 > 基本流表；P2 > 圆柱绕流；Q3 > 势流题库速解；T2/T3 > 原题压缩收录；R6 > 结论句,P2,先搭基元叠加或圆柱绕流模型；求速度场和 Cp；再用 Bernoulli 求压力，沿边界积分力；环量题写 Kutta-Joukowski 升力。,1. 写 phi/psi 或基元叠加；2. 求速度分量；3. 用 Bernoulli 得压力或 Cp；4. 沿边界积分压力分量；5. 说明理想势流假设和单位展长。,半圆柱/开孔/镜像图的几何积分限仍要读图；真实阻力不能用理想势流满分解释。 v80 保留薄板小攻角环量估计和 Kutta 升力收口；复杂构形仍需正确选镜像/基元。,主题命中“势流/圆柱/镜像/升力”，v80 基础过程覆盖约 82%。,8.2,10.0,82.0,中,
Q0135,课本/作业整理题,D:\虚拟C盘\学习\流体力学\第5-8章作业与复习_整理\第5章理想流体_原题练习汇总_完整解答版.tex,第5章理想流体_原题练习汇总_完整解答版.tex,未编号,"坐标取在物体上。流体绝对运动无旋，因此在随体坐标中仍可用流函数表示相对流动： \nabla^2\psi=0 . 物面不可穿透，椭圆面为流线： \psi=C_b,\qquad \frac{x^2}{a^2}+\frac{y^2}{b^2}=1 . 远处流体原静止，而坐标系随物体以 \(U_0(t)\) 平移，所以在随体坐标中远处来流为 u\to -U_0(t),\qquad v\to 0,\qquad r\to\infty . 对应流函数远处渐近为 \psi\sim -U_0(t)y,\qquad r\to\infty . 若已知环量为 \(\Gamma\)，还需附加 \oint_C \bm V\cdot \dd\bm l=\Gamma . 这就是用流函数建立的定解问题。",流体运动学/连续/流线迹线,P1 > 连续性；Q1 > 迹线/流线/脉线；M18 > 往年题可能问法；M23 > 概念短答库；T6 > 常见问法到答案,P1,先判速度场/描述方法；写连续、旋度、流线/迹线微分式；概念题直接用 M18/M23 的一句话答案；应力题转 Q1 张量模板。,1. 先按题干关键词选模型；2. 在 v80 对应页写首个控制方程/公式；3. 把题给几何、单位和边界条件代入；4. 做代数求解或列出需要查图查表的位置；5. 检查单位、方向、绝压/表压或适用条件。,若要求长篇推导或复杂坐标变换，仍需教材细节；v80 已足够支撑多数简答和基础计算过程。 v67 已补推导题固定结构，v69/v80 补截面、边界条件和概念收口检查。 v80 保留新题定位入口、非定常 Bernoulli 推导条件、速度势单值/路径无关证明、Lagrange/Kelvin 可抄证明句、涡管强度 ΩA 守恒、涡量矩模板、自由射流动量通量和 RTT 入口，并补纳维-斯托克斯原词、圆管断面速度分布原词、渐变流测压管水头；更长证明仍需教材措辞。,主题命中“流体运动学/连续/流线迹线”，v80 基础过程覆盖约 85%。；仍依赖教材图表或读图；v80 有小查表/查表动作和收口模板，但不是完整数值表。,8.1,10.0,81.0,中高,
Q0136,课本/作业整理题,D:\虚拟C盘\学习\流体力学\第5-8章作业与复习_整理\第5章理想流体_原题练习汇总_完整解答版.tex,第5章理想流体_原题练习汇总_完整解答版.tex,未编号,\subsection*{5.4 判断流函数、速度势、变形率和刚体转动角速度},势流/圆柱/镜像/升力,P2 > 基本流表；P2 > 圆柱绕流；Q3 > 势流题库速解；T2/T3 > 原题压缩收录；R6 > 结论句,P2,先搭基元叠加或圆柱绕流模型；求速度场和 Cp；再用 Bernoulli 求压力，沿边界积分力；环量题写 Kutta-Joukowski 升力。,1. 写 phi/psi 或基元叠加；2. 求速度分量；3. 用 Bernoulli 得压力或 Cp；4. 沿边界积分压力分量；5. 说明理想势流假设和单位展长。,半圆柱/开孔/镜像图的几何积分限仍要读图；真实阻力不能用理想势流满分解释。 v80 保留薄板小攻角环量估计和 Kutta 升力收口；复杂构形仍需正确选镜像/基元。,主题命中“势流/圆柱/镜像/升力”，v80 基础过程覆盖约 82%。,8.2,10.0,82.0,中,
Q0137,课本/作业整理题,D:\虚拟C盘\学习\流体力学\第5-8章作业与复习_整理\第5章理想流体_原题练习汇总_完整解答版.tex,第5章理想流体_原题练习汇总_完整解答版.tex,未编号,\textbf{1. 判断是否存在不可压流函数},势流/圆柱/镜像/升力,P2 > 基本流表；P2 > 圆柱绕流；Q3 > 势流题库速解；T2/T3 > 原题压缩收录；R6 > 结论句,P2,先搭基元叠加或圆柱绕流模型；求速度场和 Cp；再用 Bernoulli 求压力，沿边界积分力；环量题写 Kutta-Joukowski 升力。,1. 写 phi/psi 或基元叠加；2. 求速度分量；3. 用 Bernoulli 得压力或 Cp；4. 沿边界积分压力分量；5. 说明理想势流假设和单位展长。,半圆柱/开孔/镜像图的几何积分限仍要读图；真实阻力不能用理想势流满分解释。 v80 保留薄板小攻角环量估计和 Kutta 升力收口；复杂构形仍需正确选镜像/基元。,主题命中“势流/圆柱/镜像/升力”，v80 基础过程覆盖约 82%。,8.2,10.0,82.0,中,
Q0138,课本/作业整理题,D:\虚拟C盘\学习\流体力学\第5-8章作业与复习_整理\第5章理想流体_原题练习汇总_完整解答版.tex,第5章理想流体_原题练习汇总_完整解答版.tex,未编号,\textbf{3. 判断是否存在速度势},概念简答/定义解释,M18 > 往年题可能问法：一句话答案；M23 > 概念短答库；R6 > 可直接抄的结论句；M9 > 高频小问速答；M12 > 概念题保底,无直接页码,先定位 M18/M23/R6 的可抄定义句；按“定义一句+原因一句+后果一句”写；若有公式页，再补适用条件和易错点。,1. 先按题干关键词选模型；2. 在 v80 对应页写首个控制方程/公式；3. 把题给几何、单位和边界条件代入；4. 做代数求解或列出需要查图查表的位置；5. 检查单位、方向、绝压/表压或适用条件。,v80 已显著补强短答，但长论述、实验现象细节和教材原话仍可能扣少量分。 v67 补长论述结构，v69 补读图/收口检查，v80 补层流/湍流/渐变流可抄定义；教材原话仍可能扣分。 v80 已补 N-S 各项标准意义、控制体外力组成、层/湍速度剖面、Boussinesq 涡黏、水击波速因素、孔板/自由射流概念、渐变流测压管水头、Ma 物理意义与 0.3 判据、深水波定义、RTT 守恒入口、完全/部分相似短答和标准四行答案模板，适合先写过程分。,主题命中“概念简答/定义解释”，v80 基础过程覆盖约 89%。,8.9,10.0,89.0,中,
Q0139,课本/作业整理题,D:\虚拟C盘\学习\流体力学\第5-8章作业与复习_整理\第5章理想流体_原题练习汇总_完整解答版.tex,第5章理想流体_原题练习汇总_完整解答版.tex,未编号,"\omega_z=\frac{\partial v}{\partial x}-\frac{\partial u}{\partial y}. 计算得 \frac{\partial v}{\partial x}=2x-y^2,\qquad \frac{\partial u}{\partial y}=x^2+2y. \omega_z=2x-y^2-x^2-2y\ne 0. 流动有旋，所以不存在速度势函数。",量纲分析/相似准则,P1 > 量纲分析模板；M25 > 量纲相似+推导骨架；M4 > 流程H；M6 > 标准解模板：相似；M13 > 模型律；M26 > 管路/模型,P1,列变量和基本量纲；选量纲独立且不含待求量的重复变量；逐个令 pi=X rho^a V^b L^c 求指数；最后用 M26 的 F~rho V^2 L^2、Delta p~rho V^2、Fr/Re 缩尺速度比做换算。,1. 先按题干关键词选模型；2. 在 v80 对应页写首个控制方程/公式；3. 把题给几何、单位和边界条件代入；4. 做代数求解或列出需要查图查表的位置；5. 检查单位、方向、绝压/表压或适用条件。,"若变量很冷门或需完整实验相似设计，仍需教材解释；v80 补了常见模型力、压强和速度比例换算。 v80 已补 Buckingham pi 五步流程和 Re/Fr/Ma/We/Eu 判据表；复杂多变量推导仍需手算。 v80 已补模型换算库 Q,t,f,F,Delta p,M,P 和 Re/Fr 冲突答题句；复杂 pi 群仍需手算。 v80 保留量纲齐次/Rayleigh 指数配平、完全/部分相似及 Re/Fr 冲突说明、关键词到 π 群的定位入口、球阻力 CD=f(Re) 标准推导，并补量纲公式、雷诺相似、自模化和压力系数 Cp/Eu 定义；冷门变量仍需逐项列量纲。",主题命中“量纲分析/相似准则”，v80 基础过程覆盖约 86%。,8.6,10.0,86.0,中高,
Q0140,课本/作业整理题,D:\虚拟C盘\学习\流体力学\第5-8章作业与复习_整理\第5章理想流体_原题练习汇总_完整解答版.tex,第5章理想流体_原题练习汇总_完整解答版.tex,未编号,"轴对称均匀流的流函数为 \Psi_U=\frac12U_\infty r^2. 位于 \(z=\xi\) 处的点源对点 \((z,r)\) 的流函数可取 \Psi_q=\frac{q}{4\pi} \left(1-\frac{z-\xi}{\sqrt{r^2+(z-\xi)^2}}\right). 因此总流函数为 \Psi=\frac12U_\infty r^2 +\frac{Q}{4\pi}\left(1-\frac{z}{R_0}\right) -\frac{Q}{4\pi a}\int_0^a \left(1-\frac{z-\xi}{\sqrt{r^2+(z-\xi)^2}}\right)\dd\xi, R_0=\sqrt{r^2+z^2},\qquad R_a=\sqrt{r^2+(z-a)^2}. 积分部分为 \int_0^a \left(1-\frac{z-\xi}{\sqrt{r^2+(z-\xi)^2}}\right)\dd\xi =a-R_0+R_a . \boxed{ \Psi=\frac12U_\infty r^2 +\frac{Q}{4\pi}\left(1-\frac{z}{R_0}\right) -\frac{Q}{4\pi a}(a-R_0+R_a)+C.} 驻点由 v_z=0,\qquad v_r=0 求得。过驻点的流线就是 \boxed{\Psi=\Psi_{\text{驻点}}.} 题目要求令过驻点流函数为零，即选取常数 \(C\) 使 \(\Psi_{\text{驻点}}=0\)，最后写成 \boxed{\Psi=0.}",量纲分析/相似准则,P1 > 量纲分析模板；M25 > 量纲相似+推导骨架；M4 > 流程H；M6 > 标准解模板：相似；M13 > 模型律；M26 > 管路/模型,P1,列变量和基本量纲；选量纲独立且不含待求量的重复变量；逐个令 pi=X rho^a V^b L^c 求指数；最后用 M26 的 F~rho V^2 L^2、Delta p~rho V^2、Fr/Re 缩尺速度比做换算。,1. 先按题干关键词选模型；2. 在 v80 对应页写首个控制方程/公式；3. 把题给几何、单位和边界条件代入；4. 做代数求解或列出需要查图查表的位置；5. 检查单位、方向、绝压/表压或适用条件。,"若变量很冷门或需完整实验相似设计，仍需教材解释；v80 补了常见模型力、压强和速度比例换算。 v80 已补 Buckingham pi 五步流程和 Re/Fr/Ma/We/Eu 判据表；复杂多变量推导仍需手算。 v80 已补模型换算库 Q,t,f,F,Delta p,M,P 和 Re/Fr 冲突答题句；复杂 pi 群仍需手算。 v80 保留量纲齐次/Rayleigh 指数配平、完全/部分相似及 Re/Fr 冲突说明、关键词到 π 群的定位入口、球阻力 CD=f(Re) 标准推导，并补量纲公式、雷诺相似、自模化和压力系数 Cp/Eu 定义；冷门变量仍需逐项列量纲。",主题命中“量纲分析/相似准则”，v80 基础过程覆盖约 86%。；题目要求推导或定义积分；v80 有 M24/M25/M26 骨架，但完整推导仍扣少量严谨性分。,7.8,10.0,78.0,中高,
Q0141,课本/作业整理题,D:\虚拟C盘\学习\流体力学\第5-8章作业与复习_整理\第5章理想流体_原题练习汇总_完整解答版.tex,第5章理想流体_原题练习汇总_完整解答版.tex,未编号,\subsection*{5.8 证明给定轴对称流函数形式并求 \(c\)},势流/圆柱/镜像/升力,P2 > 基本流表；P2 > 圆柱绕流；Q3 > 势流题库速解；T2/T3 > 原题压缩收录；R6 > 结论句,P2,先搭基元叠加或圆柱绕流模型；求速度场和 Cp；再用 Bernoulli 求压力，沿边界积分力；环量题写 Kutta-Joukowski 升力。,1. 写 phi/psi 或基元叠加；2. 求速度分量；3. 用 Bernoulli 得压力或 Cp；4. 沿边界积分压力分量；5. 说明理想势流假设和单位展长。,半圆柱/开孔/镜像图的几何积分限仍要读图；真实阻力不能用理想势流满分解释。 v80 保留薄板小攻角环量估计和 Kutta 升力收口；复杂构形仍需正确选镜像/基元。,主题命中“势流/圆柱/镜像/升力”，v80 基础过程覆盖约 82%。；题目要求推导或定义积分；v80 有 M24/M25/M26 骨架，但完整推导仍扣少量严谨性分。,7.4,10.0,74.0,中,
Q0142,课本/作业整理题,D:\虚拟C盘\学习\流体力学\第5-8章作业与复习_整理\第5章理想流体_原题练习汇总_完整解答版.tex,第5章理想流体_原题练习汇总_完整解答版.tex,未编号,讨论极限： \begin{enumerate} \item \(h\to0\)：卵形体厚度趋零，物面退化为轴线附近的细长体。 \item \(a\to0\)：源、汇重合趋向偶极子，流场趋向均匀流叠加偶极子的绕流。 \end{enumerate},边界层/外绕流阻力,P6 > 平板边界层；P6 > 位移/动量厚度；M24 > 边界层积分题；Q5 > 边界层题库速解；M13 > 微题,P6,先算 Re_x/Re_L 判层流、湍流或转捩；直接题用 delta、Cf、阻力公式；速度剖面题用 M24 的 delta*、theta 和 Karman 模板；外绕流判断摩擦/压差阻力和分离。,1. 算 Re_x 或 Re_L；2. 判断层流/湍流/低 Re；3. 选厚度、Cf 或阻力公式；4. 若为厚度定义题，尝试写积分；5. 说明 v80 缺失的定义或图表。,"复杂非零压梯度动量积分、实验阻力图和扫描图数值仍需教材/图表；v80 已覆盖书10.3/10.5 常见剖面。 v80 已补 delta*, theta, H 的物理意义；复杂动量积分推导仍需手算。 v80 已补局部摩阻系数 cf、单位宽阻力 D'、CD=2theta/L、转捩位置 xcr、平板层/湍/混合阻力判定和湿表面积/迎风面积区分；复杂分离与实验阻力图仍需教材。 v80 保留给定速度剖面到 delta、theta、delta_E、tau_w、CD 的通用积分链，补强 delta、delta*、theta、delta_E 的物理意义，保留层/湍速度剖面标准句、Boussinesq 涡黏、吸气/吹气修正、自由射流动量通量入口、Theta 分离判据和 Karman--Pohlhausen 配边界步骤。",主题命中“边界层/外绕流阻力”，v80 基础过程覆盖约 87%。,8.7,10.0,87.0,中高,
Q0143,课本/作业整理题,D:\虚拟C盘\学习\流体力学\第5-8章作业与复习_整理\第5章理想流体_原题练习汇总_完整解答版.tex,第5章理想流体_原题练习汇总_完整解答版.tex,未编号,\subsection*{5.10 由流函数求复势},势流/圆柱/镜像/升力,P2 > 基本流表；P2 > 圆柱绕流；Q3 > 势流题库速解；T2/T3 > 原题压缩收录；R6 > 结论句,P2,先搭基元叠加或圆柱绕流模型；求速度场和 Cp；再用 Bernoulli 求压力，沿边界积分力；环量题写 Kutta-Joukowski 升力。,1. 写 phi/psi 或基元叠加；2. 求速度分量；3. 用 Bernoulli 得压力或 Cp；4. 沿边界积分压力分量；5. 说明理想势流假设和单位展长。,半圆柱/开孔/镜像图的几何积分限仍要读图；真实阻力不能用理想势流满分解释。 v80 保留薄板小攻角环量估计和 Kutta 升力收口；复杂构形仍需正确选镜像/基元。,主题命中“势流/圆柱/镜像/升力”，v80 基础过程覆盖约 82%。,8.2,10.0,82.0,中,
Q0144,课本/作业整理题,D:\虚拟C盘\学习\流体力学\第5-8章作业与复习_整理\第5章理想流体_原题练习汇总_完整解答版.tex,第5章理想流体_原题练习汇总_完整解答版.tex,未编号,\subsection*{5.11 由速度势求复势},概念简答/定义解释,M18 > 往年题可能问法：一句话答案；M23 > 概念短答库；R6 > 可直接抄的结论句；M9 > 高频小问速答；M12 > 概念题保底,无直接页码,先定位 M18/M23/R6 的可抄定义句；按“定义一句+原因一句+后果一句”写；若有公式页，再补适用条件和易错点。,1. 先按题干关键词选模型；2. 在 v80 对应页写首个控制方程/公式；3. 把题给几何、单位和边界条件代入；4. 做代数求解或列出需要查图查表的位置；5. 检查单位、方向、绝压/表压或适用条件。,v80 已显著补强短答，但长论述、实验现象细节和教材原话仍可能扣少量分。 v67 补长论述结构，v69 补读图/收口检查，v80 补层流/湍流/渐变流可抄定义；教材原话仍可能扣分。 v80 已补 N-S 各项标准意义、控制体外力组成、层/湍速度剖面、Boussinesq 涡黏、水击波速因素、孔板/自由射流概念、渐变流测压管水头、Ma 物理意义与 0.3 判据、深水波定义、RTT 守恒入口、完全/部分相似短答和标准四行答案模板，适合先写过程分。,主题命中“概念简答/定义解释”，v80 基础过程覆盖约 89%。,8.9,10.0,89.0,中,
Q0145,课本/作业整理题,D:\虚拟C盘\学习\流体力学\第5-8章作业与复习_整理\第5章理想流体_原题练习汇总_完整解答版.tex,第5章理想流体_原题练习汇总_完整解答版.tex,未编号,\subsection*{5.12 点源点汇组合的复势，证明 \(|z|=a\) 为流线},势流/圆柱/镜像/升力,P2 > 基本流表；P2 > 圆柱绕流；Q3 > 势流题库速解；T2/T3 > 原题压缩收录；R6 > 结论句,P2,先搭基元叠加或圆柱绕流模型；求速度场和 Cp；再用 Bernoulli 求压力，沿边界积分力；环量题写 Kutta-Joukowski 升力。,1. 写 phi/psi 或基元叠加；2. 求速度分量；3. 用 Bernoulli 得压力或 Cp；4. 沿边界积分压力分量；5. 说明理想势流假设和单位展长。,半圆柱/开孔/镜像图的几何积分限仍要读图；真实阻力不能用理想势流满分解释。 v80 保留薄板小攻角环量估计和 Kutta 升力收口；复杂构形仍需正确选镜像/基元。,主题命中“势流/圆柱/镜像/升力”，v80 基础过程覆盖约 82%。；题目要求推导或定义积分；v80 有 M24/M25/M26 骨架，但完整推导仍扣少量严谨性分。,7.4,10.0,74.0,中,
Q0146,课本/作业整理题,D:\虚拟C盘\学习\流体力学\第5-8章作业与复习_整理\第5章理想流体_原题练习汇总_完整解答版.tex,第5章理想流体_原题练习汇总_完整解答版.tex,未编号,"真实点涡速度由三个镜像涡诱导。计算得 \dot x=\frac{\Gamma}{4\pi}\left(\frac1y-\frac{y}{x^2+y^2}\right), \dot y=\frac{\Gamma}{4\pi}\left(-\frac1x+\frac{x}{x^2+y^2}\right). 故轨迹微分方程为 \frac{\dd y}{\dd x} =\frac{-1/x+x/(x^2+y^2)} {1/y-y/(x^2+y^2)} =-\frac{y^3}{x^3}. 分离变量： \frac{\dd y}{y^3}=-\frac{\dd x}{x^3}. 积分： -\frac1{2y^2}=\frac1{2x^2}+C. 整理成 \frac1{x^2}+\frac1{y^2}=C_1. 题给通过 \((\sqrt2,\sqrt2)\)，代入： C_1=\frac12+\frac12=1. 故点涡轨迹为 \boxed{\frac1{x^2}+\frac1{y^2}=1.}",量纲分析/相似准则,P1 > 量纲分析模板；M25 > 量纲相似+推导骨架；M4 > 流程H；M6 > 标准解模板：相似；M13 > 模型律；M26 > 管路/模型,P1,列变量和基本量纲；选量纲独立且不含待求量的重复变量；逐个令 pi=X rho^a V^b L^c 求指数；最后用 M26 的 F~rho V^2 L^2、Delta p~rho V^2、Fr/Re 缩尺速度比做换算。,1. 先按题干关键词选模型；2. 在 v80 对应页写首个控制方程/公式；3. 把题给几何、单位和边界条件代入；4. 做代数求解或列出需要查图查表的位置；5. 检查单位、方向、绝压/表压或适用条件。,"若变量很冷门或需完整实验相似设计，仍需教材解释；v80 补了常见模型力、压强和速度比例换算。 v80 已补 Buckingham pi 五步流程和 Re/Fr/Ma/We/Eu 判据表；复杂多变量推导仍需手算。 v80 已补模型换算库 Q,t,f,F,Delta p,M,P 和 Re/Fr 冲突答题句；复杂 pi 群仍需手算。 v80 保留量纲齐次/Rayleigh 指数配平、完全/部分相似及 Re/Fr 冲突说明、关键词到 π 群的定位入口、球阻力 CD=f(Re) 标准推导，并补量纲公式、雷诺相似、自模化和压力系数 Cp/Eu 定义；冷门变量仍需逐项列量纲。",主题命中“量纲分析/相似准则”，v80 基础过程覆盖约 86%。；题目要求推导或定义积分；v80 有 M24/M25/M26 骨架，但完整推导仍扣少量严谨性分。,7.8,10.0,78.0,中高,
Q0147,课本/作业整理题,D:\虚拟C盘\学习\流体力学\第5-8章作业与复习_整理\第5章理想流体_原题练习汇总_完整解答版.tex,第5章理想流体_原题练习汇总_完整解答版.tex,未编号,\subsection*{5.14 复势中求通过圆 \(|z|=3\) 的流量和环量},Bernoulli/机械能/动量控制体,P1 > 控制体动量模板；P1 > 伯努利/机械能；Q2 > 弯管受力/喷嘴反力；M21 > 题图决策卡；M26 > 高频计算/查表/控制体收口,P1,先选截面，写连续和 Bernoulli/机械能；再按控制体受力图列压力力、壁面力和动量通量；多出口用 M26 通式；求出壁面对流体的力后按题问管/螺栓取反。,1. 先按题干关键词选模型；2. 在 v80 对应页写首个控制方程/公式；3. 把题给几何、单位和边界条件代入；4. 做代数求解或列出需要查图查表的位置；5. 检查单位、方向、绝压/表压或适用条件。,复杂三维受力和图中方向仍要自己画清楚；v80 已补多出口通式和喷嘴/弯管收口流程。 v69 把截面号、面积、高程、表压/绝压、CV取反和局损速度集中到读图/收口八查。 v80 保留雷诺输运、压力力方向/表压、孔板/文丘里流量计公式链，并补控制体外力组成与自由射流动量通量提示；复杂控制体仍需画受力图。,主题命中“Bernoulli/机械能/动量控制体”，v80 基础过程覆盖约 84%。,8.4,10.0,84.0,中,
Q0148,课本/作业整理题,D:\虚拟C盘\学习\流体力学\第5-8章作业与复习_整理\第5章理想流体_原题练习汇总_完整解答版.tex,第5章理想流体_原题练习汇总_完整解答版.tex,未编号,设映射 z=f(\zeta) 把 \(\zeta\) 平面的实轴映成题图圆弧边界，并把点源/点汇所在点映为 \(\zeta_0\)。上半平面中，靠实轴的点源/点汇边界问题可用镜像法写成 W(\zeta)=\frac{Q}{2\pi} \ln\frac{\zeta-\zeta_0}{\zeta-\overline{\zeta_0}} . 于是物理平面复势为 \boxed{ w(z)=W(f^{-1}(z)) =\frac{Q}{2\pi} \ln\frac{f^{-1}(z)-\zeta_0} {f^{-1}(z)-\overline{\zeta_0}}.} 如果把圆弧看成由 Joukowski 型映射生成，常用形式为 z=c\left(\zeta+\frac1\zeta\right) 或其平移、旋转形式，再按图中圆弧半径 \(R\) 与弦长 \(2c\) 确定映射常数。考试中写到这一步，核心已经完整：边界通过映射变为实轴，点源/点汇通过镜像满足圆弧为流线。,势流/圆柱/镜像/升力,P2 > 基本流表；P2 > 圆柱绕流；Q3 > 势流题库速解；T2/T3 > 原题压缩收录；R6 > 结论句,P2,先搭基元叠加或圆柱绕流模型；求速度场和 Cp；再用 Bernoulli 求压力，沿边界积分力；环量题写 Kutta-Joukowski 升力。,1. 写 phi/psi 或基元叠加；2. 求速度分量；3. 用 Bernoulli 得压力或 Cp；4. 沿边界积分压力分量；5. 说明理想势流假设和单位展长。,半圆柱/开孔/镜像图的几何积分限仍要读图；真实阻力不能用理想势流满分解释。 v80 保留薄板小攻角环量估计和 Kutta 升力收口；复杂构形仍需正确选镜像/基元。,主题命中“势流/圆柱/镜像/升力”，v80 基础过程覆盖约 82%。；题目要求推导或定义积分；v80 有 M24/M25/M26 骨架，但完整推导仍扣少量严谨性分。；仍依赖教材图表或读图；v80 有小查表/查表动作和收口模板，但不是完整数值表。,7.0,10.0,70.0,中高,
Q0149,课本/作业整理题,D:\虚拟C盘\学习\流体力学\第5-8章作业与复习_整理\第5章理想流体_原题练习汇总_完整解答版.tex,第5章理想流体_原题练习汇总_完整解答版.tex,未编号,平板绕流若要后缘速度有限，需满足库塔条件。薄板理论给出环量大小 |\Gamma|=\pi U l\sin\alpha . 代入： |\Gamma|=\pi\times50\times1.5\times\sin5^\circ \approx20.5\ \mathrm{m^2/s}. 方向按题图攻角取负，则 \boxed{\Gamma\approx-20.5\ \mathrm{m^2/s}.},边界层/外绕流阻力,P6 > 平板边界层；P6 > 位移/动量厚度；M24 > 边界层积分题；Q5 > 边界层题库速解；M13 > 微题,P6,先算 Re_x/Re_L 判层流、湍流或转捩；直接题用 delta、Cf、阻力公式；速度剖面题用 M24 的 delta*、theta 和 Karman 模板；外绕流判断摩擦/压差阻力和分离。,1. 算 Re_x 或 Re_L；2. 判断层流/湍流/低 Re；3. 选厚度、Cf 或阻力公式；4. 若为厚度定义题，尝试写积分；5. 说明 v80 缺失的定义或图表。,"复杂非零压梯度动量积分、实验阻力图和扫描图数值仍需教材/图表；v80 已覆盖书10.3/10.5 常见剖面。 v80 已补 delta*, theta, H 的物理意义；复杂动量积分推导仍需手算。 v80 已补局部摩阻系数 cf、单位宽阻力 D'、CD=2theta/L、转捩位置 xcr、平板层/湍/混合阻力判定和湿表面积/迎风面积区分；复杂分离与实验阻力图仍需教材。 v80 保留给定速度剖面到 delta、theta、delta_E、tau_w、CD 的通用积分链，补强 delta、delta*、theta、delta_E 的物理意义，保留层/湍速度剖面标准句、Boussinesq 涡黏、吸气/吹气修正、自由射流动量通量入口、Theta 分离判据和 Karman--Pohlhausen 配边界步骤。",主题命中“边界层/外绕流阻力”，v80 基础过程覆盖约 87%。；题目要求推导或定义积分；v80 有 M24/M25/M26 骨架，但完整推导仍扣少量严谨性分。；仍依赖教材图表或读图；v80 有小查表/查表动作和收口模板，但不是完整数值表。,7.5,10.0,75.0,中高,
Q0150,课本/作业整理题,D:\虚拟C盘\学习\流体力学\第5-8章作业与复习_整理\第5章理想流体_原题练习汇总_完整解答版.tex,第5章理想流体_原题练习汇总_完整解答版.tex,未编号,"升力由库塔--儒可夫斯基公式 L'=\rho U|\Gamma| L'=0.122\times50\times20.5 \approx125\ \mathrm{N/m}. 若题目默认单位展长，则 \boxed{L\approx125\ \mathrm N.} 分解到来流坐标，阻力理论值为零；投影到板坐标会出现小分量： F_x\approx-10.9\ \mathrm N,\qquad F_y\approx124.5\ \mathrm N . 驻点由复速度为零求得，代入本题参数可得 \boxed{x_s\approx-0.74\ \mathrm m} 相对于板中心坐标。",势流/圆柱/镜像/升力,P2 > 基本流表；P2 > 圆柱绕流；Q3 > 势流题库速解；T2/T3 > 原题压缩收录；R6 > 结论句,P2,先搭基元叠加或圆柱绕流模型；求速度场和 Cp；再用 Bernoulli 求压力，沿边界积分力；环量题写 Kutta-Joukowski 升力。,1. 写 phi/psi 或基元叠加；2. 求速度分量；3. 用 Bernoulli 得压力或 Cp；4. 沿边界积分压力分量；5. 说明理想势流假设和单位展长。,半圆柱/开孔/镜像图的几何积分限仍要读图；真实阻力不能用理想势流满分解释。 v80 保留薄板小攻角环量估计和 Kutta 升力收口；复杂构形仍需正确选镜像/基元。,主题命中“势流/圆柱/镜像/升力”，v80 基础过程覆盖约 82%。,8.2,10.0,82.0,中高,
Q0151,课本/作业整理题,D:\虚拟C盘\学习\流体力学\第5-8章作业与复习_整理\第5章理想流体_原题练习汇总_完整解答版.tex,第5章理想流体_原题练习汇总_完整解答版.tex,未编号,"因为流动为理想不可压无旋定常绕流，且无环量，达朗贝尔佯谬给出合力为零： \boxed{F_x=0,\qquad F_y=0.} 但椭圆不是圆，对来流有攻角时，压力分布关于椭圆主轴不对称，可产生力矩。由椭圆柱势流解积分压力矩得 \boxed{ M_z=-\rho U_\infty^2\pi(a^2-b^2)\sin\alpha\cos\alpha =-\frac12\rho U_\infty^2\pi(a^2-b^2)\sin2\alpha .} 若 \(a=b\) 为圆柱，则 \(M_z=0\)，符合圆柱对称性。",势流/圆柱/镜像/升力,P2 > 基本流表；P2 > 圆柱绕流；Q3 > 势流题库速解；T2/T3 > 原题压缩收录；R6 > 结论句,P2,先搭基元叠加或圆柱绕流模型；求速度场和 Cp；再用 Bernoulli 求压力，沿边界积分力；环量题写 Kutta-Joukowski 升力。,1. 写 phi/psi 或基元叠加；2. 求速度分量；3. 用 Bernoulli 得压力或 Cp；4. 沿边界积分压力分量；5. 说明理想势流假设和单位展长。,半圆柱/开孔/镜像图的几何积分限仍要读图；真实阻力不能用理想势流满分解释。 v80 保留薄板小攻角环量估计和 Kutta 升力收口；复杂构形仍需正确选镜像/基元。,主题命中“势流/圆柱/镜像/升力”，v80 基础过程覆盖约 82%。；题目要求推导或定义积分；v80 有 M24/M25/M26 骨架，但完整推导仍扣少量严谨性分。,7.4,10.0,74.0,中高,
Q0152,课本/作业整理题,D:\虚拟C盘\学习\流体力学\第5-8章作业与复习_整理\第5章理想流体_原题练习汇总_完整解答版.tex,第5章理想流体_原题练习汇总_完整解答版.tex,未编号,\subsection*{5.18 证明可压缩平面定常流动中存在流函数},静水压力/测压/闸门,P1 > 静水压旧题急救；Q1 > 平面/曲面闸门完整答案骨架；M19 > 真空度/负表压；M21 > 题图决策卡,P1,先按静水压图题入口读液面和高程；用同高同压逐段写压力链；闸门题套 Q1 的合力、压力中心、铰链取矩；最后检查表压/绝压和负表压。,1. 选同一静止连通液体等压面；2. 沿竖直方向逐段加减 rho g h；3. 若为闸门，求 F 与压力中心；4. 对铰链或曲面分量列平衡；5. 判断表压/绝压。,满分仍需要题图高程、铰链位置、面积惯性矩或多液体界面读数；v80 已给模板但不能替代读图。,主题命中“静水压力/测压/闸门”，v80 基础过程覆盖约 84%。；题目要求推导或定义积分；v80 有 M24/M25/M26 骨架，但完整推导仍扣少量严谨性分。,7.6,10.0,76.0,中,
Q0153,课本/作业整理题,D:\虚拟C盘\学习\流体力学\第5-8章作业与复习_整理\第5章理想流体_原题练习汇总_完整解答版.tex,第5章理想流体_原题练习汇总_完整解答版.tex,未编号,"可压缩平面定常流动连续方程为 \frac{\partial(\rho u)}{\partial x} +\frac{\partial(\rho v)}{\partial y}=0 . 这说明向量场 (\rho u,\rho v) 是无散的。因此可定义流函数 \(\Psi\)，使 \boxed{ \frac{\partial\Psi}{\partial y}=\rho u,\qquad \frac{\partial\Psi}{\partial x}=-\rho v.} 验证： \frac{\partial(\rho u)}{\partial x} +\frac{\partial(\rho v)}{\partial y} \frac{\partial}{\partial x}\left(\frac{\partial\Psi}{\partial y}\right) +\frac{\partial}{\partial y}\left(-\frac{\partial\Psi}{\partial x}\right) =0. 故该定义自动满足连续方程，命题得证。",概念简答/定义解释,M18 > 往年题可能问法：一句话答案；M23 > 概念短答库；R6 > 可直接抄的结论句；M9 > 高频小问速答；M12 > 概念题保底,无直接页码,先定位 M18/M23/R6 的可抄定义句；按“定义一句+原因一句+后果一句”写；若有公式页，再补适用条件和易错点。,1. 先按题干关键词选模型；2. 在 v80 对应页写首个控制方程/公式；3. 把题给几何、单位和边界条件代入；4. 做代数求解或列出需要查图查表的位置；5. 检查单位、方向、绝压/表压或适用条件。,v80 已显著补强短答，但长论述、实验现象细节和教材原话仍可能扣少量分。 v67 补长论述结构，v69 补读图/收口检查，v80 补层流/湍流/渐变流可抄定义；教材原话仍可能扣分。 v80 已补 N-S 各项标准意义、控制体外力组成、层/湍速度剖面、Boussinesq 涡黏、水击波速因素、孔板/自由射流概念、渐变流测压管水头、Ma 物理意义与 0.3 判据、深水波定义、RTT 守恒入口、完全/部分相似短答和标准四行答案模板，适合先写过程分。,主题命中“概念简答/定义解释”，v80 基础过程覆盖约 89%。,8.9,10.0,89.0,中高,
Q0154,课本/作业整理题,D:\虚拟C盘\学习\流体力学\第5-8章作业与复习_整理\第5章理想流体_原题练习汇总_完整解答版.tex,第5章理想流体_原题练习汇总_完整解答版.tex,未编号,\subsection*{5.19 证明给定流线方程下的涡量表达式},流体运动学/连续/流线迹线,P1 > 连续性；Q1 > 迹线/流线/脉线；M18 > 往年题可能问法；M23 > 概念短答库；T6 > 常见问法到答案,P1,先判速度场/描述方法；写连续、旋度、流线/迹线微分式；概念题直接用 M18/M23 的一句话答案；应力题转 Q1 张量模板。,1. 先按题干关键词选模型；2. 在 v80 对应页写首个控制方程/公式；3. 把题给几何、单位和边界条件代入；4. 做代数求解或列出需要查图查表的位置；5. 检查单位、方向、绝压/表压或适用条件。,若要求长篇推导或复杂坐标变换，仍需教材细节；v80 已足够支撑多数简答和基础计算过程。 v67 已补推导题固定结构，v69/v80 补截面、边界条件和概念收口检查。 v80 保留新题定位入口、非定常 Bernoulli 推导条件、速度势单值/路径无关证明、Lagrange/Kelvin 可抄证明句、涡管强度 ΩA 守恒、涡量矩模板、自由射流动量通量和 RTT 入口，并补纳维-斯托克斯原词、圆管断面速度分布原词、渐变流测压管水头；更长证明仍需教材措辞。,主题命中“流体运动学/连续/流线迹线”，v80 基础过程覆盖约 85%。；题目要求推导或定义积分；v80 有 M24/M25/M26 骨架，但完整推导仍扣少量严谨性分。；仍依赖教材图表或读图；v80 有小查表/查表动作和收口模板，但不是完整数值表。,7.3,10.0,73.0,中,
Q0155,课本/作业整理题,D:\虚拟C盘\学习\流体力学\第5-8章作业与复习_整理\第5章理想流体_原题练习汇总_完整解答版.tex,第5章理想流体_原题练习汇总_完整解答版.tex,未编号,\subsection*{5.22 证明涡量二阶矩 \(I_\omega\) 为运动不变量},流体运动学/连续/流线迹线,P1 > 连续性；Q1 > 迹线/流线/脉线；M18 > 往年题可能问法；M23 > 概念短答库；T6 > 常见问法到答案,P1,先判速度场/描述方法；写连续、旋度、流线/迹线微分式；概念题直接用 M18/M23 的一句话答案；应力题转 Q1 张量模板。,1. 先按题干关键词选模型；2. 在 v80 对应页写首个控制方程/公式；3. 把题给几何、单位和边界条件代入；4. 做代数求解或列出需要查图查表的位置；5. 检查单位、方向、绝压/表压或适用条件。,若要求长篇推导或复杂坐标变换，仍需教材细节；v80 已足够支撑多数简答和基础计算过程。 v67 已补推导题固定结构，v69/v80 补截面、边界条件和概念收口检查。 v80 保留新题定位入口、非定常 Bernoulli 推导条件、速度势单值/路径无关证明、Lagrange/Kelvin 可抄证明句、涡管强度 ΩA 守恒、涡量矩模板、自由射流动量通量和 RTT 入口，并补纳维-斯托克斯原词、圆管断面速度分布原词、渐变流测压管水头；更长证明仍需教材措辞。,主题命中“流体运动学/连续/流线迹线”，v80 基础过程覆盖约 85%。；题目要求推导或定义积分；v80 有 M24/M25/M26 骨架，但完整推导仍扣少量严谨性分。,7.7,10.0,77.0,中,
Q0156,课本/作业整理题,D:\虚拟C盘\学习\流体力学\第5-8章作业与复习_整理\第5章理想流体_原题练习汇总_完整解答版.tex,第5章理想流体_原题练习汇总_完整解答版.tex,未编号,"不可压平面有旋理想流动满足涡量输运方程 \frac{D\omega}{Dt}=0. 不可压条件给出面积元随体不变： \frac{D(\dd A)}{Dt}=0. 定义涡量加权中心 x_c=\frac{\iint_A x\omega\dd A}{\iint_A\omega\dd A}, \qquad y_c=\frac{\iint_A y\omega\dd A}{\iint_A\omega\dd A}. I_\omega= \frac{ \iint_A[(x-x_c)^2+(y-y_c)^2]\omega(x,y)\dd x\dd y} {\iint_A\omega(x,y)\dd x\dd y}. 因为 \(\omega\dd A\) 是随体守恒的加权量，所以分母 \Gamma=\iint_A\omega\dd A 守恒。",流体运动学/连续/流线迹线,P1 > 连续性；Q1 > 迹线/流线/脉线；M18 > 往年题可能问法；M23 > 概念短答库；T6 > 常见问法到答案,P1,先判速度场/描述方法；写连续、旋度、流线/迹线微分式；概念题直接用 M18/M23 的一句话答案；应力题转 Q1 张量模板。,1. 先按题干关键词选模型；2. 在 v80 对应页写首个控制方程/公式；3. 把题给几何、单位和边界条件代入；4. 做代数求解或列出需要查图查表的位置；5. 检查单位、方向、绝压/表压或适用条件。,若要求长篇推导或复杂坐标变换，仍需教材细节；v80 已足够支撑多数简答和基础计算过程。 v67 已补推导题固定结构，v69/v80 补截面、边界条件和概念收口检查。 v80 保留新题定位入口、非定常 Bernoulli 推导条件、速度势单值/路径无关证明、Lagrange/Kelvin 可抄证明句、涡管强度 ΩA 守恒、涡量矩模板、自由射流动量通量和 RTT 入口，并补纳维-斯托克斯原词、圆管断面速度分布原词、渐变流测压管水头；更长证明仍需教材措辞。,主题命中“流体运动学/连续/流线迹线”，v80 基础过程覆盖约 85%。；题型偏概念简答；v80 已有短答库，但非对应专栏仍扣少量组织分。；仍依赖教材图表或读图；v80 有小查表/查表动作和收口模板，但不是完整数值表。,7.5,10.0,75.0,中高,
Q0157,课本/作业整理题,D:\虚拟C盘\学习\流体力学\第5-8章作业与复习_整理\第5章理想流体_原题练习汇总_完整解答版.tex,第5章理想流体_原题练习汇总_完整解答版.tex,未编号,\subsection*{S5.3 奇点叠加法中奇点为什么放在物体内部},概念简答/定义解释,M18 > 往年题可能问法：一句话答案；M23 > 概念短答库；R6 > 可直接抄的结论句；M9 > 高频小问速答；M12 > 概念题保底,无直接页码,先定位 M18/M23/R6 的可抄定义句；按“定义一句+原因一句+后果一句”写；若有公式页，再补适用条件和易错点。,1. 先按题干关键词选模型；2. 在 v80 对应页写首个控制方程/公式；3. 把题给几何、单位和边界条件代入；4. 做代数求解或列出需要查图查表的位置；5. 检查单位、方向、绝压/表压或适用条件。,v80 已显著补强短答，但长论述、实验现象细节和教材原话仍可能扣少量分。 v67 补长论述结构，v69 补读图/收口检查，v80 补层流/湍流/渐变流可抄定义；教材原话仍可能扣分。 v80 已补 N-S 各项标准意义、控制体外力组成、层/湍速度剖面、Boussinesq 涡黏、水击波速因素、孔板/自由射流概念、渐变流测压管水头、Ma 物理意义与 0.3 判据、深水波定义、RTT 守恒入口、完全/部分相似短答和标准四行答案模板，适合先写过程分。,主题命中“概念简答/定义解释”，v80 基础过程覆盖约 89%。,8.9,10.0,89.0,中,
Q0158,课本/作业整理题,D:\虚拟C盘\学习\流体力学\第5-8章作业与复习_整理\第5章理想流体_原题练习汇总_完整解答版.tex,第5章理想流体_原题练习汇总_完整解答版.tex,未编号,轴对称无旋转流动中，涡量方程给出守恒量不是 \(\omega\) 本身，而通常是 \boxed{\frac{\omega_\theta}{r}=\text{沿流线常数}.} 原因是轴对称流动中涡线被拉伸时，半径 \(r\) 会改变，涡量本身随几何伸缩变化。,流体运动学/连续/流线迹线,P1 > 连续性；Q1 > 迹线/流线/脉线；M18 > 往年题可能问法；M23 > 概念短答库；T6 > 常见问法到答案,P1,先判速度场/描述方法；写连续、旋度、流线/迹线微分式；概念题直接用 M18/M23 的一句话答案；应力题转 Q1 张量模板。,1. 先按题干关键词选模型；2. 在 v80 对应页写首个控制方程/公式；3. 把题给几何、单位和边界条件代入；4. 做代数求解或列出需要查图查表的位置；5. 检查单位、方向、绝压/表压或适用条件。,若要求长篇推导或复杂坐标变换，仍需教材细节；v80 已足够支撑多数简答和基础计算过程。 v67 已补推导题固定结构，v69/v80 补截面、边界条件和概念收口检查。 v80 保留新题定位入口、非定常 Bernoulli 推导条件、速度势单值/路径无关证明、Lagrange/Kelvin 可抄证明句、涡管强度 ΩA 守恒、涡量矩模板、自由射流动量通量和 RTT 入口，并补纳维-斯托克斯原词、圆管断面速度分布原词、渐变流测压管水头；更长证明仍需教材措辞。,主题命中“流体运动学/连续/流线迹线”，v80 基础过程覆盖约 85%。,8.5,10.0,85.0,中高,
Q0159,课本/作业整理题,D:\虚拟C盘\学习\流体力学\第5-8章作业与复习_整理\第5章理想流体_原题练习汇总_完整解答版.tex,第5章理想流体_原题练习汇总_完整解答版.tex,未编号,"题问：若该流场满足连续性方程且无旋，求 \(A,B,C,D\) 需满足的条件。",流体运动学/连续/流线迹线,P1 > 连续性；Q1 > 迹线/流线/脉线；M18 > 往年题可能问法；M23 > 概念短答库；T6 > 常见问法到答案,P1,先判速度场/描述方法；写连续、旋度、流线/迹线微分式；概念题直接用 M18/M23 的一句话答案；应力题转 Q1 张量模板。,1. 先按题干关键词选模型；2. 在 v80 对应页写首个控制方程/公式；3. 把题给几何、单位和边界条件代入；4. 做代数求解或列出需要查图查表的位置；5. 检查单位、方向、绝压/表压或适用条件。,若要求长篇推导或复杂坐标变换，仍需教材细节；v80 已足够支撑多数简答和基础计算过程。 v67 已补推导题固定结构，v69/v80 补截面、边界条件和概念收口检查。 v80 保留新题定位入口、非定常 Bernoulli 推导条件、速度势单值/路径无关证明、Lagrange/Kelvin 可抄证明句、涡管强度 ΩA 守恒、涡量矩模板、自由射流动量通量和 RTT 入口，并补纳维-斯托克斯原词、圆管断面速度分布原词、渐变流测压管水头；更长证明仍需教材措辞。,主题命中“流体运动学/连续/流线迹线”，v80 基础过程覆盖约 85%。,8.5,10.0,85.0,中,
Q0160,课本/作业整理题,D:\虚拟C盘\学习\流体力学\第5-8章作业与复习_整理\第5章理想流体_原题练习汇总_完整解答版.tex,第5章理想流体_原题练习汇总_完整解答版.tex,未编号,"不可压缩流体要求 \nabla\cdot\bm V=0. 本题中 \frac{\partial u}{\partial x}=A,\qquad \frac{\partial v}{\partial y}=D,\qquad \frac{\partial w}{\partial z}=0. \nabla\cdot\bm V=A+D. 连续性方程给出 \boxed{A+D=0.}",量纲分析/相似准则,P1 > 量纲分析模板；M25 > 量纲相似+推导骨架；M4 > 流程H；M6 > 标准解模板：相似；M13 > 模型律；M26 > 管路/模型,P1,列变量和基本量纲；选量纲独立且不含待求量的重复变量；逐个令 pi=X rho^a V^b L^c 求指数；最后用 M26 的 F~rho V^2 L^2、Delta p~rho V^2、Fr/Re 缩尺速度比做换算。,1. 先按题干关键词选模型；2. 在 v80 对应页写首个控制方程/公式；3. 把题给几何、单位和边界条件代入；4. 做代数求解或列出需要查图查表的位置；5. 检查单位、方向、绝压/表压或适用条件。,"若变量很冷门或需完整实验相似设计，仍需教材解释；v80 补了常见模型力、压强和速度比例换算。 v80 已补 Buckingham pi 五步流程和 Re/Fr/Ma/We/Eu 判据表；复杂多变量推导仍需手算。 v80 已补模型换算库 Q,t,f,F,Delta p,M,P 和 Re/Fr 冲突答题句；复杂 pi 群仍需手算。 v80 保留量纲齐次/Rayleigh 指数配平、完全/部分相似及 Re/Fr 冲突说明、关键词到 π 群的定位入口、球阻力 CD=f(Re) 标准推导，并补量纲公式、雷诺相似、自模化和压力系数 Cp/Eu 定义；冷门变量仍需逐项列量纲。",主题命中“量纲分析/相似准则”，v80 基础过程覆盖约 86%。,8.6,10.0,86.0,中高,
Q0161,课本/作业整理题,D:\虚拟C盘\学习\流体力学\第5-8章作业与复习_整理\第5章理想流体_原题练习汇总_完整解答版.tex,第5章理想流体_原题练习汇总_完整解答版.tex,未编号,"无旋要求 \nabla\times\bm V=\bm0. 因为 \(w=0\)，且 \(u,v\) 与 \(z\) 无关，所以只需看 \(z\) 方向涡量： \omega_z=\frac{\partial v}{\partial x}-\frac{\partial u}{\partial y}. \frac{\partial v}{\partial x}=C,\qquad \frac{\partial u}{\partial y}=B. 无旋要求 C-B=0. \boxed{B=C.}",流体运动学/连续/流线迹线,P1 > 连续性；Q1 > 迹线/流线/脉线；M18 > 往年题可能问法；M23 > 概念短答库；T6 > 常见问法到答案,P1,先判速度场/描述方法；写连续、旋度、流线/迹线微分式；概念题直接用 M18/M23 的一句话答案；应力题转 Q1 张量模板。,1. 先按题干关键词选模型；2. 在 v80 对应页写首个控制方程/公式；3. 把题给几何、单位和边界条件代入；4. 做代数求解或列出需要查图查表的位置；5. 检查单位、方向、绝压/表压或适用条件。,若要求长篇推导或复杂坐标变换，仍需教材细节；v80 已足够支撑多数简答和基础计算过程。 v67 已补推导题固定结构，v69/v80 补截面、边界条件和概念收口检查。 v80 保留新题定位入口、非定常 Bernoulli 推导条件、速度势单值/路径无关证明、Lagrange/Kelvin 可抄证明句、涡管强度 ΩA 守恒、涡量矩模板、自由射流动量通量和 RTT 入口，并补纳维-斯托克斯原词、圆管断面速度分布原词、渐变流测压管水头；更长证明仍需教材措辞。,主题命中“流体运动学/连续/流线迹线”，v80 基础过程覆盖约 85%。,8.5,10.0,85.0,中高,
Q0162,课本/作业整理题,D:\虚拟C盘\学习\流体力学\第5-8章作业与复习_整理\第5章理想流体_原题练习汇总_完整解答版.tex,第5章理想流体_原题练习汇总_完整解答版.tex,未编号,\subsection*{题 B：半圆柱气膜馆势流分析},势流/圆柱/镜像/升力,P2 > 基本流表；P2 > 圆柱绕流；Q3 > 势流题库速解；T2/T3 > 原题压缩收录；R6 > 结论句,P2,先搭基元叠加或圆柱绕流模型；求速度场和 Cp；再用 Bernoulli 求压力，沿边界积分力；环量题写 Kutta-Joukowski 升力。,1. 写 phi/psi 或基元叠加；2. 求速度分量；3. 用 Bernoulli 得压力或 Cp；4. 沿边界积分压力分量；5. 说明理想势流假设和单位展长。,半圆柱/开孔/镜像图的几何积分限仍要读图；真实阻力不能用理想势流满分解释。 v80 保留薄板小攻角环量估计和 Kutta 升力收口；复杂构形仍需正确选镜像/基元。,主题命中“势流/圆柱/镜像/升力”，v80 基础过程覆盖约 82%。,8.2,10.0,82.0,中,
Q0163,课本/作业整理题,D:\虚拟C盘\学习\流体力学\第5-8章作业与复习_整理\第5章理想流体_原题练习汇总_完整解答版.tex,第5章理想流体_原题练习汇总_完整解答版.tex,未编号,"表面压力对半圆柱的竖直分量为 \dd L= -p(\theta)\sin\theta\cdot a\dd\theta . 相对于外界均匀压强，真正产生净升力的是压力差 \Delta p=p(\theta)-p_\infty =\frac12\rho V^2(1-4\sin^2\theta). 气膜馆受到的向上升力可写为 L=-\int_0^\pi \Delta p\,\sin\theta\,a\dd\theta . 代入： L=-\frac12\rho V^2a \int_0^\pi(1-4\sin^2\theta)\sin\theta\dd\theta . \int_0^\pi\sin\theta\dd\theta=2, \int_0^\pi\sin^3\theta\dd\theta=\frac43. L=-\frac12\rho V^2a\left(2-4\cdot\frac43\right) =\frac53\rho V^2a . a=5\ \mathrm m,\qquad V=10\ \mathrm{m/s},\qquad \rho=1.29\ \mathrm{kg/m^3}, L=\frac53\times1.29\times10^2\times5 =1075\ \mathrm{N/m}. 若按单位长度计算： \boxed{L\approx1.08\times10^3\ \mathrm{N/m},\quad \text{方向向上}.}",势流/圆柱/镜像/升力,P2 > 基本流表；P2 > 圆柱绕流；Q3 > 势流题库速解；T2/T3 > 原题压缩收录；R6 > 结论句,P2,先搭基元叠加或圆柱绕流模型；求速度场和 Cp；再用 Bernoulli 求压力，沿边界积分力；环量题写 Kutta-Joukowski 升力。,1. 写 phi/psi 或基元叠加；2. 求速度分量；3. 用 Bernoulli 得压力或 Cp；4. 沿边界积分压力分量；5. 说明理想势流假设和单位展长。,半圆柱/开孔/镜像图的几何积分限仍要读图；真实阻力不能用理想势流满分解释。 v80 保留薄板小攻角环量估计和 Kutta 升力收口；复杂构形仍需正确选镜像/基元。,主题命中“势流/圆柱/镜像/升力”，v80 基础过程覆盖约 82%。；题目要求推导或定义积分；v80 有 M24/M25/M26 骨架，但完整推导仍扣少量严谨性分。；仍依赖教材图表或读图；v80 有小查表/查表动作和收口模板，但不是完整数值表。,7.0,10.0,70.0,中高,
Q0164,课本/作业整理题,D:\虚拟C盘\学习\流体力学\第5-8章作业与复习_整理\第5章理想流体_原题练习汇总_答案版.pdf,第5章理想流体_原题练习汇总_答案版.pdf,5.7,"5.7 用均匀流、点源和连续分布点汇叠加。写出总流函数 ψ 后，物面由过 驻点流线确定： ψ = C驻点 . 求法：先由 u = 0, v = 0 找驻点，再令 ψ = ψ驻点 。",势流/圆柱/镜像/升力,P2 > 基本流表；P2 > 圆柱绕流；Q3 > 势流题库速解；T2/T3 > 原题压缩收录；R6 > 结论句,P2,先搭基元叠加或圆柱绕流模型；求速度场和 Cp；再用 Bernoulli 求压力，沿边界积分力；环量题写 Kutta-Joukowski 升力。,1. 写 phi/psi 或基元叠加；2. 求速度分量；3. 用 Bernoulli 得压力或 Cp；4. 沿边界积分压力分量；5. 说明理想势流假设和单位展长。,半圆柱/开孔/镜像图的几何积分限仍要读图；真实阻力不能用理想势流满分解释。 v80 保留薄板小攻角环量估计和 Kutta 升力收口；复杂构形仍需正确选镜像/基元。,主题命中“势流/圆柱/镜像/升力”，v80 基础过程覆盖约 82%。,8.2,10.0,82.0,中高,
Q0165,课本/作业整理题,D:\虚拟C盘\学习\流体力学\第5-8章作业与复习_整理\第5章理想流体_原题练习汇总_答案版.pdf,第5章理想流体_原题练习汇总_答案版.pdf,5.8,5.8 书后答案给出关键结论：常数 c 由无穷远来流和奇点强度匹配确定； 最大速度点在对称轴附近。该题重点不是套公式，而是用轴对称基本 解叠加。,概念简答/定义解释,M18 > 往年题可能问法：一句话答案；M23 > 概念短答库；R6 > 可直接抄的结论句；M9 > 高频小问速答；M12 > 概念题保底,无直接页码,先定位 M18/M23/R6 的可抄定义句；按“定义一句+原因一句+后果一句”写；若有公式页，再补适用条件和易错点。,1. 先按题干关键词选模型；2. 在 v80 对应页写首个控制方程/公式；3. 把题给几何、单位和边界条件代入；4. 做代数求解或列出需要查图查表的位置；5. 检查单位、方向、绝压/表压或适用条件。,v80 已显著补强短答，但长论述、实验现象细节和教材原话仍可能扣少量分。 v67 补长论述结构，v69 补读图/收口检查，v80 补层流/湍流/渐变流可抄定义；教材原话仍可能扣分。 v80 已补 N-S 各项标准意义、控制体外力组成、层/湍速度剖面、Boussinesq 涡黏、水击波速因素、孔板/自由射流概念、渐变流测压管水头、Ma 物理意义与 0.3 判据、深水波定义、RTT 守恒入口、完全/部分相似短答和标准四行答案模板，适合先写过程分。,主题命中“概念简答/定义解释”，v80 基础过程覆盖约 89%。,8.9,10.0,89.0,中,
Q0166,课本/作业整理题,D:\虚拟C盘\学习\流体力学\第5-8章作业与复习_整理\第5章理想流体_原题练习汇总_答案版.pdf,第5章理想流体_原题练习汇总_答案版.pdf,5.9,5.9 这是兰金卵形体绕流。物面方程由 ψ = ψ驻点 确定；最大速度点位于对称轴上。 4 题号 答案/关键结论,边界层/外绕流阻力,P6 > 平板边界层；P6 > 位移/动量厚度；M24 > 边界层积分题；Q5 > 边界层题库速解；M13 > 微题,P6,先算 Re_x/Re_L 判层流、湍流或转捩；直接题用 delta、Cf、阻力公式；速度剖面题用 M24 的 delta*、theta 和 Karman 模板；外绕流判断摩擦/压差阻力和分离。,1. 算 Re_x 或 Re_L；2. 判断层流/湍流/低 Re；3. 选厚度、Cf 或阻力公式；4. 若为厚度定义题，尝试写积分；5. 说明 v80 缺失的定义或图表。,"复杂非零压梯度动量积分、实验阻力图和扫描图数值仍需教材/图表；v80 已覆盖书10.3/10.5 常见剖面。 v80 已补 delta*, theta, H 的物理意义；复杂动量积分推导仍需手算。 v80 已补局部摩阻系数 cf、单位宽阻力 D'、CD=2theta/L、转捩位置 xcr、平板层/湍/混合阻力判定和湿表面积/迎风面积区分；复杂分离与实验阻力图仍需教材。 v80 保留给定速度剖面到 delta、theta、delta_E、tau_w、CD 的通用积分链，补强 delta、delta*、theta、delta_E 的物理意义，保留层/湍速度剖面标准句、Boussinesq 涡黏、吸气/吹气修正、自由射流动量通量入口、Theta 分离判据和 Karman--Pohlhausen 配边界步骤。",主题命中“边界层/外绕流阻力”，v80 基础过程覆盖约 87%。,8.7,10.0,87.0,中,
Q0167,课本/作业整理题,D:\虚拟C盘\学习\流体力学\第5-8章作业与复习_整理\第5章理想流体_原题练习汇总_答案版.pdf,第5章理想流体_原题练习汇总_答案版.pdf,5.11,"5.11 若 φ = r2 cos 2θ, w(z) = z 2 . 第二小问按圆柱绕流型势函数写复势，常见形式为 ( ) −iα a2 w(z) = U e z+ , 符号按题面来流方向调整。",势流/圆柱/镜像/升力,P2 > 基本流表；P2 > 圆柱绕流；Q3 > 势流题库速解；T2/T3 > 原题压缩收录；R6 > 结论句,P2,先搭基元叠加或圆柱绕流模型；求速度场和 Cp；再用 Bernoulli 求压力，沿边界积分力；环量题写 Kutta-Joukowski 升力。,1. 写 phi/psi 或基元叠加；2. 求速度分量；3. 用 Bernoulli 得压力或 Cp；4. 沿边界积分压力分量；5. 说明理想势流假设和单位展长。,半圆柱/开孔/镜像图的几何积分限仍要读图；真实阻力不能用理想势流满分解释。 v80 保留薄板小攻角环量估计和 Kutta 升力收口；复杂构形仍需正确选镜像/基元。,主题命中“势流/圆柱/镜像/升力”，v80 基础过程覆盖约 82%。,8.2,10.0,82.0,中高,
Q0168,课本/作业整理题,D:\虚拟C盘\学习\流体力学\第5-8章作业与复习_整理\第5章理想流体_原题练习汇总_答案版.pdf,第5章理想流体_原题练习汇总_答案版.pdf,5.12,5.12 按图中点源、点汇写复势并相加： ∑ qk w(z) = ln(z − zk ). 2π 证明 |z| = a 是流线，只需证明在 |z| = a 上 Im w(z) = 常数. √ √,势流/圆柱/镜像/升力,P2 > 基本流表；P2 > 圆柱绕流；Q3 > 势流题库速解；T2/T3 > 原题压缩收录；R6 > 结论句,P2,先搭基元叠加或圆柱绕流模型；求速度场和 Cp；再用 Bernoulli 求压力，沿边界积分力；环量题写 Kutta-Joukowski 升力。,1. 写 phi/psi 或基元叠加；2. 求速度分量；3. 用 Bernoulli 得压力或 Cp；4. 沿边界积分压力分量；5. 说明理想势流假设和单位展长。,半圆柱/开孔/镜像图的几何积分限仍要读图；真实阻力不能用理想势流满分解释。 v80 保留薄板小攻角环量估计和 Kutta 升力收口；复杂构形仍需正确选镜像/基元。,主题命中“势流/圆柱/镜像/升力”，v80 基础过程覆盖约 82%。；题目要求推导或定义积分；v80 有 M24/M25/M26 骨架，但完整推导仍扣少量严谨性分。；仍依赖教材图表或读图；v80 有小查表/查表动作和收口模板，但不是完整数值表。,7.0,10.0,70.0,中高,
Q0169,课本/作业整理题,D:\虚拟C盘\学习\流体力学\第5-8章作业与复习_整理\第5章理想流体_原题练习汇总_答案版.pdf,第5章理想流体_原题练习汇总_答案版.pdf,5.13,"5.13 点涡轨迹等于它所在流场的流线。代入初始点 ( 2, 2) 确定常数即",流体运动学/连续/流线迹线,P1 > 连续性；Q1 > 迹线/流线/脉线；M18 > 往年题可能问法；M23 > 概念短答库；T6 > 常见问法到答案,P1,先判速度场/描述方法；写连续、旋度、流线/迹线微分式；概念题直接用 M18/M23 的一句话答案；应力题转 Q1 张量模板。,1. 先按题干关键词选模型；2. 在 v80 对应页写首个控制方程/公式；3. 把题给几何、单位和边界条件代入；4. 做代数求解或列出需要查图查表的位置；5. 检查单位、方向、绝压/表压或适用条件。,若要求长篇推导或复杂坐标变换，仍需教材细节；v80 已足够支撑多数简答和基础计算过程。 v67 已补推导题固定结构，v69/v80 补截面、边界条件和概念收口检查。 v80 保留新题定位入口、非定常 Bernoulli 推导条件、速度势单值/路径无关证明、Lagrange/Kelvin 可抄证明句、涡管强度 ΩA 守恒、涡量矩模板、自由射流动量通量和 RTT 入口，并补纳维-斯托克斯原词、圆管断面速度分布原词、渐变流测压管水头；更长证明仍需教材措辞。,主题命中“流体运动学/连续/流线迹线”，v80 基础过程覆盖约 85%。,8.5,10.0,85.0,中,
Q0170,课本/作业整理题,D:\虚拟C盘\学习\流体力学\第5-8章作业与复习_整理\第5章理想流体_原题练习汇总_答案版.pdf,第5章理想流体_原题练习汇总_答案版.pdf,5.18,"5.18 可压缩平面定常流动的连续方程： ∂(ρu) ∂(ρv) + = 0. ∂x ∂y 因此可定义流函数： ∂ψ ∂ψ ρu = , ρv = − . ∂y ∂x",概念简答/定义解释,M18 > 往年题可能问法：一句话答案；M23 > 概念短答库；R6 > 可直接抄的结论句；M9 > 高频小问速答；M12 > 概念题保底,无直接页码,先定位 M18/M23/R6 的可抄定义句；按“定义一句+原因一句+后果一句”写；若有公式页，再补适用条件和易错点。,1. 先按题干关键词选模型；2. 在 v80 对应页写首个控制方程/公式；3. 把题给几何、单位和边界条件代入；4. 做代数求解或列出需要查图查表的位置；5. 检查单位、方向、绝压/表压或适用条件。,v80 已显著补强短答，但长论述、实验现象细节和教材原话仍可能扣少量分。 v67 补长论述结构，v69 补读图/收口检查，v80 补层流/湍流/渐变流可抄定义；教材原话仍可能扣分。 v80 已补 N-S 各项标准意义、控制体外力组成、层/湍速度剖面、Boussinesq 涡黏、水击波速因素、孔板/自由射流概念、渐变流测压管水头、Ma 物理意义与 0.3 判据、深水波定义、RTT 守恒入口、完全/部分相似短答和标准四行答案模板，适合先写过程分。,主题命中“概念简答/定义解释”，v80 基础过程覆盖约 89%。,8.9,10.0,89.0,中高,
Q0171,课本/作业整理题,D:\虚拟C盘\学习\流体力学\第5-8章作业与复习_整理\第5章理想流体_原题练习汇总_答案版.pdf,第5章理想流体_原题练习汇总_答案版.pdf,5.22,5.22 用不可压平面理想有旋流动的涡量输运方程： =0 和随体面积元不变，直接对题中积分作质点导数，可得 DIm = 0. S5.1 会旋转。平板下落时微小倾斜会造成两侧压力和速度分布不对称，从 而产生力矩。 S5.2 翼尖处上下翼面压力差使气流绕过翼尖，形成一对尾涡；两条涡管旋 转方向相反。起动时后缘脱落起动涡，由环量守恒，绕翼型产生相反 方向环量。 S5.3 奇点必须放在物体内部，否则会在流体区域引入非物理奇点；总点源 强度等于总点汇强度，是为了保证远处没有净流量增减。圆外点源关 于圆的镜像必须配成源汇，是为了同时满足圆面为流线和无穷远条 S5.4 不可压平面理想流动中 = 0. 定常时质点轨迹与流线重合，所以涡量沿流线为常数。轴对称有旋流 中不再是 ω 沿流线常数，而是 = 沿流线常数. S5.5 对称翼型零攻角上下对称，环量为零，所以升力为零。有攻角时由库 塔条件确定非零环量，故有升力。起飞低速时为获得足够升力，攻角 应大于高空平飞时攻角。,势流/圆柱/镜像/升力,P2 > 基本流表；P2 > 圆柱绕流；Q3 > 势流题库速解；T2/T3 > 原题压缩收录；R6 > 结论句,P2,先搭基元叠加或圆柱绕流模型；求速度场和 Cp；再用 Bernoulli 求压力，沿边界积分力；环量题写 Kutta-Joukowski 升力。,1. 写 phi/psi 或基元叠加；2. 求速度分量；3. 用 Bernoulli 得压力或 Cp；4. 沿边界积分压力分量；5. 说明理想势流假设和单位展长。,半圆柱/开孔/镜像图的几何积分限仍要读图；真实阻力不能用理想势流满分解释。 v80 保留薄板小攻角环量估计和 Kutta 升力收口；复杂构形仍需正确选镜像/基元。,主题命中“势流/圆柱/镜像/升力”，v80 基础过程覆盖约 82%。；仍依赖教材图表或读图；v80 有小查表/查表动作和收口模板，但不是完整数值表。,7.8,10.0,78.0,中高,
Q0172,课本/作业整理题,D:\虚拟C盘\学习\流体力学\第5-8章作业与复习_整理\第5章理想流体_原题练习汇总_答案版.pdf,第5章理想流体_原题练习汇总_答案版.pdf,2,"2. 2022 春期末：半圆柱气膜馆势流 把地面看作对称面，半圆柱外流等价于完整圆柱绕流的上半部分。 圆柱表面速度： vr = 0, vθ = −2V sin θ. 8 由伯努利： 1 1 p(θ) + ρvθ2 = p∞ + ρV 2 . 2 2 所以表面压力分布： 1 p(θ) = p∞ + ρV 2 (1 − 4 sin2 θ) . 2 升力按单位长度计算，取动压相对压力积分： ∫ π L = −a [p(θ) − p∞ ] sin θ dθ. 0 代入压力分布： ∫ π ′ 1 5 L = −a ρV 2 (1 − 4 sin2 θ) sin θ dθ = ρV 2 a. 2 0 3 a = 5 m, V = 10 m/s, ρ = 1.29 kg/m3 , L′ ≈ 1.08 × 103 N/m 方向向上。",势流/圆柱/镜像/升力,P2 > 基本流表；P2 > 圆柱绕流；Q3 > 势流题库速解；T2/T3 > 原题压缩收录；R6 > 结论句,P2,先搭基元叠加或圆柱绕流模型；求速度场和 Cp；再用 Bernoulli 求压力，沿边界积分力；环量题写 Kutta-Joukowski 升力。,1. 写 phi/psi 或基元叠加；2. 求速度分量；3. 用 Bernoulli 得压力或 Cp；4. 沿边界积分压力分量；5. 说明理想势流假设和单位展长。,半圆柱/开孔/镜像图的几何积分限仍要读图；真实阻力不能用理想势流满分解释。 v80 保留薄板小攻角环量估计和 Kutta 升力收口；复杂构形仍需正确选镜像/基元。,主题命中“势流/圆柱/镜像/升力”，v80 基础过程覆盖约 82%。；题目要求推导或定义积分；v80 有 M24/M25/M26 骨架，但完整推导仍扣少量严谨性分。；仍依赖教材图表或读图；v80 有小查表/查表动作和收口模板，但不是完整数值表。,7.0,10.0,70.0,中高,
Q0173,课本/作业整理题,D:\虚拟C盘\学习\流体力学\第5-8章作业与复习_整理\第5章理想流体_原题练习汇总_答案版.tex,第5章理想流体_原题练习汇总_答案版.tex,5.7,"5.7 & 用均匀流、点源和连续分布点汇叠加。写出总流函数 $\psi$ 后，物面由过驻点流线确定： \psi=C_{\text{驻点}}. 求法：先由 $u=0,\ v=0$ 找驻点，再令 $\psi=\psi_{\text{驻点}}$。\\",势流/圆柱/镜像/升力,P2 > 基本流表；P2 > 圆柱绕流；Q3 > 势流题库速解；T2/T3 > 原题压缩收录；R6 > 结论句,P2,先搭基元叠加或圆柱绕流模型；求速度场和 Cp；再用 Bernoulli 求压力，沿边界积分力；环量题写 Kutta-Joukowski 升力。,1. 写 phi/psi 或基元叠加；2. 求速度分量；3. 用 Bernoulli 得压力或 Cp；4. 沿边界积分压力分量；5. 说明理想势流假设和单位展长。,半圆柱/开孔/镜像图的几何积分限仍要读图；真实阻力不能用理想势流满分解释。 v80 保留薄板小攻角环量估计和 Kutta 升力收口；复杂构形仍需正确选镜像/基元。,主题命中“势流/圆柱/镜像/升力”，v80 基础过程覆盖约 82%。,8.2,10.0,82.0,中高,
Q0174,课本/作业整理题,D:\虚拟C盘\学习\流体力学\第5-8章作业与复习_整理\第5章理想流体_原题练习汇总_答案版.tex,第5章理想流体_原题练习汇总_答案版.tex,5.8,5.8 & 书后答案给出关键结论：常数 $c$ 由无穷远来流和奇点强度匹配确定；最大速度点在对称轴附近。该题重点不是套公式，而是用轴对称基本解叠加。\\,概念简答/定义解释,M18 > 往年题可能问法：一句话答案；M23 > 概念短答库；R6 > 可直接抄的结论句；M9 > 高频小问速答；M12 > 概念题保底,无直接页码,先定位 M18/M23/R6 的可抄定义句；按“定义一句+原因一句+后果一句”写；若有公式页，再补适用条件和易错点。,1. 先按题干关键词选模型；2. 在 v80 对应页写首个控制方程/公式；3. 把题给几何、单位和边界条件代入；4. 做代数求解或列出需要查图查表的位置；5. 检查单位、方向、绝压/表压或适用条件。,v80 已显著补强短答，但长论述、实验现象细节和教材原话仍可能扣少量分。 v67 补长论述结构，v69 补读图/收口检查，v80 补层流/湍流/渐变流可抄定义；教材原话仍可能扣分。 v80 已补 N-S 各项标准意义、控制体外力组成、层/湍速度剖面、Boussinesq 涡黏、水击波速因素、孔板/自由射流概念、渐变流测压管水头、Ma 物理意义与 0.3 判据、深水波定义、RTT 守恒入口、完全/部分相似短答和标准四行答案模板，适合先写过程分。,主题命中“概念简答/定义解释”，v80 基础过程覆盖约 89%。,8.9,10.0,89.0,中,
Q0175,课本/作业整理题,D:\虚拟C盘\学习\流体力学\第5-8章作业与复习_整理\第5章理想流体_原题练习汇总_答案版.tex,第5章理想流体_原题练习汇总_答案版.tex,5.9,5.9 & 这是兰金卵形体绕流。物面方程由 \psi=\psi_{\text{驻点}} 确定；最大速度点位于对称轴上。\\,边界层/外绕流阻力,P6 > 平板边界层；P6 > 位移/动量厚度；M24 > 边界层积分题；Q5 > 边界层题库速解；M13 > 微题,P6,先算 Re_x/Re_L 判层流、湍流或转捩；直接题用 delta、Cf、阻力公式；速度剖面题用 M24 的 delta*、theta 和 Karman 模板；外绕流判断摩擦/压差阻力和分离。,1. 算 Re_x 或 Re_L；2. 判断层流/湍流/低 Re；3. 选厚度、Cf 或阻力公式；4. 若为厚度定义题，尝试写积分；5. 说明 v80 缺失的定义或图表。,"复杂非零压梯度动量积分、实验阻力图和扫描图数值仍需教材/图表；v80 已覆盖书10.3/10.5 常见剖面。 v80 已补 delta*, theta, H 的物理意义；复杂动量积分推导仍需手算。 v80 已补局部摩阻系数 cf、单位宽阻力 D'、CD=2theta/L、转捩位置 xcr、平板层/湍/混合阻力判定和湿表面积/迎风面积区分；复杂分离与实验阻力图仍需教材。 v80 保留给定速度剖面到 delta、theta、delta_E、tau_w、CD 的通用积分链，补强 delta、delta*、theta、delta_E 的物理意义，保留层/湍速度剖面标准句、Boussinesq 涡黏、吸气/吹气修正、自由射流动量通量入口、Theta 分离判据和 Karman--Pohlhausen 配边界步骤。",主题命中“边界层/外绕流阻力”，v80 基础过程覆盖约 87%。,8.7,10.0,87.0,中,
Q0176,课本/作业整理题,D:\虚拟C盘\学习\流体力学\第5-8章作业与复习_整理\第5章理想流体_原题练习汇总_答案版.tex,第5章理想流体_原题练习汇总_答案版.tex,5.11,"5.11 & \varphi=r^2\cos2\theta, w(z)=z^2. 第二小问按圆柱绕流型势函数写复势，常见形式为 w(z)=Ue^{-i\alpha}\left(z+\frac{a^2}{z}\right), 符号按题面来流方向调整。\\",势流/圆柱/镜像/升力,P2 > 基本流表；P2 > 圆柱绕流；Q3 > 势流题库速解；T2/T3 > 原题压缩收录；R6 > 结论句,P2,先搭基元叠加或圆柱绕流模型；求速度场和 Cp；再用 Bernoulli 求压力，沿边界积分力；环量题写 Kutta-Joukowski 升力。,1. 写 phi/psi 或基元叠加；2. 求速度分量；3. 用 Bernoulli 得压力或 Cp；4. 沿边界积分压力分量；5. 说明理想势流假设和单位展长。,半圆柱/开孔/镜像图的几何积分限仍要读图；真实阻力不能用理想势流满分解释。 v80 保留薄板小攻角环量估计和 Kutta 升力收口；复杂构形仍需正确选镜像/基元。,主题命中“势流/圆柱/镜像/升力”，v80 基础过程覆盖约 82%。,8.2,10.0,82.0,中高,
Q0177,课本/作业整理题,D:\虚拟C盘\学习\流体力学\第5-8章作业与复习_整理\第5章理想流体_原题练习汇总_答案版.tex,第5章理想流体_原题练习汇总_答案版.tex,5.12,5.12 & 按图中点源、点汇写复势并相加： w(z)=\sum_k \frac{q_k}{2\pi}\ln(z-z_k). 证明 $|z|=a$ 是流线，只需证明在 $|z|=a$ 上 \operatorname{Im}w(z)=\text{常数}. \]\\,量纲分析/相似准则,P1 > 量纲分析模板；M25 > 量纲相似+推导骨架；M4 > 流程H；M6 > 标准解模板：相似；M13 > 模型律；M26 > 管路/模型,P1,列变量和基本量纲；选量纲独立且不含待求量的重复变量；逐个令 pi=X rho^a V^b L^c 求指数；最后用 M26 的 F~rho V^2 L^2、Delta p~rho V^2、Fr/Re 缩尺速度比做换算。,1. 先按题干关键词选模型；2. 在 v80 对应页写首个控制方程/公式；3. 把题给几何、单位和边界条件代入；4. 做代数求解或列出需要查图查表的位置；5. 检查单位、方向、绝压/表压或适用条件。,"若变量很冷门或需完整实验相似设计，仍需教材解释；v80 补了常见模型力、压强和速度比例换算。 v80 已补 Buckingham pi 五步流程和 Re/Fr/Ma/We/Eu 判据表；复杂多变量推导仍需手算。 v80 已补模型换算库 Q,t,f,F,Delta p,M,P 和 Re/Fr 冲突答题句；复杂 pi 群仍需手算。 v80 保留量纲齐次/Rayleigh 指数配平、完全/部分相似及 Re/Fr 冲突说明、关键词到 π 群的定位入口、球阻力 CD=f(Re) 标准推导，并补量纲公式、雷诺相似、自模化和压力系数 Cp/Eu 定义；冷门变量仍需逐项列量纲。",主题命中“量纲分析/相似准则”，v80 基础过程覆盖约 86%。；题目要求推导或定义积分；v80 有 M24/M25/M26 骨架，但完整推导仍扣少量严谨性分。；仍依赖教材图表或读图；v80 有小查表/查表动作和收口模板，但不是完整数值表。,7.4,10.0,74.0,中高,
Q0178,课本/作业整理题,D:\虚拟C盘\学习\流体力学\第5-8章作业与复习_整理\第5章理想流体_原题练习汇总_答案版.tex,第5章理想流体_原题练习汇总_答案版.tex,5.13,"5.13 & 点涡轨迹等于它所在流场的流线。代入初始点 $(\sqrt2,\sqrt2)$ 确定常数即可。\\",流体运动学/连续/流线迹线,P1 > 连续性；Q1 > 迹线/流线/脉线；M18 > 往年题可能问法；M23 > 概念短答库；T6 > 常见问法到答案,P1,先判速度场/描述方法；写连续、旋度、流线/迹线微分式；概念题直接用 M18/M23 的一句话答案；应力题转 Q1 张量模板。,1. 先按题干关键词选模型；2. 在 v80 对应页写首个控制方程/公式；3. 把题给几何、单位和边界条件代入；4. 做代数求解或列出需要查图查表的位置；5. 检查单位、方向、绝压/表压或适用条件。,若要求长篇推导或复杂坐标变换，仍需教材细节；v80 已足够支撑多数简答和基础计算过程。 v67 已补推导题固定结构，v69/v80 补截面、边界条件和概念收口检查。 v80 保留新题定位入口、非定常 Bernoulli 推导条件、速度势单值/路径无关证明、Lagrange/Kelvin 可抄证明句、涡管强度 ΩA 守恒、涡量矩模板、自由射流动量通量和 RTT 入口，并补纳维-斯托克斯原词、圆管断面速度分布原词、渐变流测压管水头；更长证明仍需教材措辞。,主题命中“流体运动学/连续/流线迹线”，v80 基础过程覆盖约 85%。,8.5,10.0,85.0,中,
Q0179,课本/作业整理题,D:\虚拟C盘\学习\流体力学\第5-8章作业与复习_整理\第5章理想流体_原题练习汇总_答案版.tex,第5章理想流体_原题练习汇总_答案版.tex,5.18,"5.18 & 可压缩平面定常流动的连续方程： \frac{\partial(\rho u)}{\partial x} +\frac{\partial(\rho v)}{\partial y}=0. 因此可定义流函数： \rho u=\frac{\partial\psi}{\partial y},\qquad \rho v=-\frac{\partial\psi}{\partial x}. \]\\",概念简答/定义解释,M18 > 往年题可能问法：一句话答案；M23 > 概念短答库；R6 > 可直接抄的结论句；M9 > 高频小问速答；M12 > 概念题保底,无直接页码,先定位 M18/M23/R6 的可抄定义句；按“定义一句+原因一句+后果一句”写；若有公式页，再补适用条件和易错点。,1. 先按题干关键词选模型；2. 在 v80 对应页写首个控制方程/公式；3. 把题给几何、单位和边界条件代入；4. 做代数求解或列出需要查图查表的位置；5. 检查单位、方向、绝压/表压或适用条件。,v80 已显著补强短答，但长论述、实验现象细节和教材原话仍可能扣少量分。 v67 补长论述结构，v69 补读图/收口检查，v80 补层流/湍流/渐变流可抄定义；教材原话仍可能扣分。 v80 已补 N-S 各项标准意义、控制体外力组成、层/湍速度剖面、Boussinesq 涡黏、水击波速因素、孔板/自由射流概念、渐变流测压管水头、Ma 物理意义与 0.3 判据、深水波定义、RTT 守恒入口、完全/部分相似短答和标准四行答案模板，适合先写过程分。,主题命中“概念简答/定义解释”，v80 基础过程覆盖约 89%。,8.9,10.0,89.0,中高,
Q0180,课本/作业整理题,D:\虚拟C盘\学习\流体力学\第5-8章作业与复习_整理\第5章理想流体_原题练习汇总_答案版.tex,第5章理想流体_原题练习汇总_答案版.tex,5.22,"5.22 & 用不可压平面理想有旋流动的涡量输运方程： \frac{D\omega}{Dt}=0 和随体面积元不变，直接对题中积分作质点导数，可得 \frac{D I_m}{Dt}=0. \]\\ S5.1 & 会旋转。平板下落时微小倾斜会造成两侧压力和速度分布不对称，从而产生力矩。\\ S5.2 & 翼尖处上下翼面压力差使气流绕过翼尖，形成一对尾涡；两条涡管旋转方向相反。起动时后缘脱落起动涡，由环量守恒，绕翼型产生相反方向环量。\\ S5.3 & 奇点必须放在物体内部，否则会在流体区域引入非物理奇点；总点源强度等于总点汇强度，是为了保证远处没有净流量增减。圆外点源关于圆的镜像必须配成源汇，是为了同时满足圆面为流线和无穷远条件。\\ S5.4 & 不可压平面理想流动中 \frac{D\omega}{Dt}=0. 定常时质点轨迹与流线重合，所以涡量沿流线为常数。轴对称有旋流中不再是 $\omega$ 沿流线常数，而是 \frac{\omega}{r}=\text{沿流线常数}. \]\\ S5.5 & 对称翼型零攻角上下对称，环量为零，所以升力为零。有攻角时由库塔条件确定非零环量，故有升力。起飞低速时为获得足够升力，攻角应大于高空平飞时攻角。\\ \bottomrule \end{longtable} \section*{三、5.6 完整答案} 题意：两个等强反向点涡放在 $(0,h)$ 和 $(0,-h)$，远处来流刚好使两个涡停留不动。 上方点涡受到下方点涡的诱导速度： u_{\text{ind}}=\frac{\Gamma}{2\pi(2h)} =\frac{\Gamma}{4\pi h}. 来流必须与此相反，大小为 U_\infty=\frac{\Gamma}{4\pi h}. 取上方点涡为 $+\Gamma$，下方点涡为 $-\Gamma$，且均匀来流向左，则 \psi_\infty=-U_\infty y. 两点涡的流函数为 \psi_1=-\frac{\Gamma}{2\pi}\ln\sqrt{x^2+(y-h)^2}, \psi_2=+\frac{\Gamma}{2\pi}\ln\sqrt{x^2+(y+h)^2}. 总流函数： \psi =-U_\infty y -\frac{\Gamma}{2\pi}\ln\sqrt{x^2+(y-h)^2} +\frac{\Gamma}{2\pi}\ln\sqrt{x^2+(y+h)^2}. 代入 $U_\infty=\Gamma/(4\pi h)$： \psi= \frac{\Gamma}{2\pi} \left[ \ln \frac{\sqrt{x^2+(y+h)^2}} {\sqrt{x^2+(y-h)^2}} -\frac{y}{2h} \right]. 所以流线方程为 \boxed{ \ln \",势流/圆柱/镜像/升力,P2 > 基本流表；P2 > 圆柱绕流；Q3 > 势流题库速解；T2/T3 > 原题压缩收录；R6 > 结论句,P2,先搭基元叠加或圆柱绕流模型；求速度场和 Cp；再用 Bernoulli 求压力，沿边界积分力；环量题写 Kutta-Joukowski 升力。,1. 写 phi/psi 或基元叠加；2. 求速度分量；3. 用 Bernoulli 得压力或 Cp；4. 沿边界积分压力分量；5. 说明理想势流假设和单位展长。,半圆柱/开孔/镜像图的几何积分限仍要读图；真实阻力不能用理想势流满分解释。 v80 保留薄板小攻角环量估计和 Kutta 升力收口；复杂构形仍需正确选镜像/基元。,主题命中“势流/圆柱/镜像/升力”，v80 基础过程覆盖约 82%。；题目要求推导或定义积分；v80 有 M24/M25/M26 骨架，但完整推导仍扣少量严谨性分。；仍依赖教材图表或读图；v80 有小查表/查表动作和收口模板，但不是完整数值表。,7.0,10.0,70.0,中高,
Q0181,课本/作业整理题,D:\虚拟C盘\学习\流体力学\第5-8章作业与复习_整理\第5章理想流体_补充练习题单.pdf,第5章理想流体_补充练习题单.pdf,一,一、总表 序 来源 题目 主要训练 1 何枫课件第 5 章 非定常伯努利推导题 欧拉方程、沿流线积分、 适用条件 2 何枫课件第 5 章 开口 U 型管水柱自由振荡 非定常伯努利、振动方程 3 第 5 章当前作业 极坐标速度场的速度环量 环量、路径积分、极坐标 4 张兆顺书 4.12 膨胀球问题 速度势、非定常伯努利、 压力分布 5 张兆顺书 5.4 判断流函数/速度势是否存在 连续方程、无旋条件 6 张兆顺书 5.10 已知直角坐标系流函数 由 ψ 求速度、判断流动性 7 张兆顺书 5.11 已知极坐标系速度势 由 φ 求速度、极坐标公式 1 2 8 张兆顺书 5.16 求 |z| = 3 的体积流量 Q 与环 复势、流函数、环量综合 9 2022 春期末试题 伯努利条件、流线迹线、连续 期末概念题 方程等简答 10 2022 春期末试题 半圆柱气膜馆受风的势流分析 势流绕圆柱、压力积分、,流体运动学/连续/流线迹线,P1 > 连续性；Q1 > 迹线/流线/脉线；M18 > 往年题可能问法；M23 > 概念短答库；T6 > 常见问法到答案,P1,先判速度场/描述方法；写连续、旋度、流线/迹线微分式；概念题直接用 M18/M23 的一句话答案；应力题转 Q1 张量模板。,1. 先按题干关键词选模型；2. 在 v80 对应页写首个控制方程/公式；3. 把题给几何、单位和边界条件代入；4. 做代数求解或列出需要查图查表的位置；5. 检查单位、方向、绝压/表压或适用条件。,若要求长篇推导或复杂坐标变换，仍需教材细节；v80 已足够支撑多数简答和基础计算过程。 v67 已补推导题固定结构，v69/v80 补截面、边界条件和概念收口检查。 v80 保留新题定位入口、非定常 Bernoulli 推导条件、速度势单值/路径无关证明、Lagrange/Kelvin 可抄证明句、涡管强度 ΩA 守恒、涡量矩模板、自由射流动量通量和 RTT 入口，并补纳维-斯托克斯原词、圆管断面速度分布原词、渐变流测压管水头；更长证明仍需教材措辞。,主题命中“流体运动学/连续/流线迹线”，v80 基础过程覆盖约 85%。；题目要求推导或定义积分；v80 有 M24/M25/M26 骨架，但完整推导仍扣少量严谨性分。；仍依赖教材图表或读图；v80 有小查表/查表动作和收口模板，但不是完整数值表。,7.3,10.0,73.0,中高,
Q0182,课本/作业整理题,D:\虚拟C盘\学习\流体力学\第5-8章作业与复习_整理\第5章理想流体_补充练习题单.pdf,第5章理想流体_补充练习题单.pdf,1,1. 非定常伯努利推导 从无粘、质量力有势、不可压流体的欧拉方程出发，说明下列式子分别在什么条件下成立： Z 2 ⃗ 2 2 ∂V ⃗ V p V p · dl + + +Π = + +Π . 1 ∂t 2 ρ 2 2 ρ 1 若流动无旋，V⃗ = ∇φ，进一步写出柯西–拉格朗日积分： ∂φ V 2 p + + + Π = f (t). ∂t 2 ρ 要求：写出每一步的适用条件，不要只背公式。,流体运动学/连续/流线迹线,P1 > 连续性；Q1 > 迹线/流线/脉线；M18 > 往年题可能问法；M23 > 概念短答库；T6 > 常见问法到答案,P1,先判速度场/描述方法；写连续、旋度、流线/迹线微分式；概念题直接用 M18/M23 的一句话答案；应力题转 Q1 张量模板。,1. 先按题干关键词选模型；2. 在 v80 对应页写首个控制方程/公式；3. 把题给几何、单位和边界条件代入；4. 做代数求解或列出需要查图查表的位置；5. 检查单位、方向、绝压/表压或适用条件。,若要求长篇推导或复杂坐标变换，仍需教材细节；v80 已足够支撑多数简答和基础计算过程。 v67 已补推导题固定结构，v69/v80 补截面、边界条件和概念收口检查。 v80 保留新题定位入口、非定常 Bernoulli 推导条件、速度势单值/路径无关证明、Lagrange/Kelvin 可抄证明句、涡管强度 ΩA 守恒、涡量矩模板、自由射流动量通量和 RTT 入口，并补纳维-斯托克斯原词、圆管断面速度分布原词、渐变流测压管水头；更长证明仍需教材措辞。,主题命中“流体运动学/连续/流线迹线”，v80 基础过程覆盖约 85%。；题型偏概念简答；v80 已有短答库，但非对应专栏仍扣少量组织分。；题目要求推导或定义积分；v80 有 M24/M25/M26 骨架，但完整推导仍扣少量严谨性分。,7.1,10.0,71.0,中高,
Q0183,课本/作业整理题,D:\虚拟C盘\学习\流体力学\第5-8章作业与复习_整理\第5章理想流体_补充练习题单.pdf,第5章理想流体_补充练习题单.pdf,2,"2. U 型管水柱振荡 等截面开口 U 型管内水柱总长为 L。初始时两液面高度差为 h0 ，释放后忽略水粘性。求水 柱振荡规律、振荡周期和速度。 提示：沿两液面之间的流线使用非定常伯努利，最后应得到简谐振动方程。 d2 z 2g L + z = 0, T = 2π . dt2 L 2g",量纲分析/相似准则,P1 > 量纲分析模板；M25 > 量纲相似+推导骨架；M4 > 流程H；M6 > 标准解模板：相似；M13 > 模型律；M26 > 管路/模型,P1,列变量和基本量纲；选量纲独立且不含待求量的重复变量；逐个令 pi=X rho^a V^b L^c 求指数；最后用 M26 的 F~rho V^2 L^2、Delta p~rho V^2、Fr/Re 缩尺速度比做换算。,1. 先按题干关键词选模型；2. 在 v80 对应页写首个控制方程/公式；3. 把题给几何、单位和边界条件代入；4. 做代数求解或列出需要查图查表的位置；5. 检查单位、方向、绝压/表压或适用条件。,"若变量很冷门或需完整实验相似设计，仍需教材解释；v80 补了常见模型力、压强和速度比例换算。 v80 已补 Buckingham pi 五步流程和 Re/Fr/Ma/We/Eu 判据表；复杂多变量推导仍需手算。 v80 已补模型换算库 Q,t,f,F,Delta p,M,P 和 Re/Fr 冲突答题句；复杂 pi 群仍需手算。 v80 保留量纲齐次/Rayleigh 指数配平、完全/部分相似及 Re/Fr 冲突说明、关键词到 π 群的定位入口、球阻力 CD=f(Re) 标准推导，并补量纲公式、雷诺相似、自模化和压力系数 Cp/Eu 定义；冷门变量仍需逐项列量纲。",主题命中“量纲分析/相似准则”，v80 基础过程覆盖约 86%。；题目要求推导或定义积分；v80 有 M24/M25/M26 骨架，但完整推导仍扣少量严谨性分。,7.8,10.0,78.0,中高,
Q0184,课本/作业整理题,D:\虚拟C盘\学习\流体力学\第5-8章作业与复习_整理\第5章理想流体_补充练习题单.pdf,第5章理想流体_补充练习题单.pdf,3,"3. 极坐标速度场的速度环量 定常平面流动，若已知极坐标速度场为 Vθ = ar, Vr = 0, 其中 a 为常数。求绕给定闭合路径的速度环量： Γ= V⃗ · d⃗l. 3 要求：先判断路径上 d⃗l 的方向，再分段积分。不要直接套结果。",流体运动学/连续/流线迹线,P1 > 连续性；Q1 > 迹线/流线/脉线；M18 > 往年题可能问法；M23 > 概念短答库；T6 > 常见问法到答案,P1,先判速度场/描述方法；写连续、旋度、流线/迹线微分式；概念题直接用 M18/M23 的一句话答案；应力题转 Q1 张量模板。,1. 先按题干关键词选模型；2. 在 v80 对应页写首个控制方程/公式；3. 把题给几何、单位和边界条件代入；4. 做代数求解或列出需要查图查表的位置；5. 检查单位、方向、绝压/表压或适用条件。,若要求长篇推导或复杂坐标变换，仍需教材细节；v80 已足够支撑多数简答和基础计算过程。 v67 已补推导题固定结构，v69/v80 补截面、边界条件和概念收口检查。 v80 保留新题定位入口、非定常 Bernoulli 推导条件、速度势单值/路径无关证明、Lagrange/Kelvin 可抄证明句、涡管强度 ΩA 守恒、涡量矩模板、自由射流动量通量和 RTT 入口，并补纳维-斯托克斯原词、圆管断面速度分布原词、渐变流测压管水头；更长证明仍需教材措辞。,主题命中“流体运动学/连续/流线迹线”，v80 基础过程覆盖约 85%。,8.5,10.0,85.0,中高,
Q0185,课本/作业整理题,D:\虚拟C盘\学习\流体力学\第5-8章作业与复习_整理\第5章理想流体_补充练习题单.pdf,第5章理想流体_补充练习题单.pdf,4,"4. 书 4.12：膨胀球 做张兆顺书上 4.12。重点练习：球对称径向流动中，怎样由连续方程得到 vr (r, t)，再由速度 势 φ 和非定常伯努利求压力分布。 核心路线： R2 Ṙ ∂φ 4πr2 vr = 4πR2 Ṙ, vr = , vr = . r2 ∂r 要求：写出 vr , φ, p(r, t) 三个结果。",量纲分析/相似准则,P1 > 量纲分析模板；M25 > 量纲相似+推导骨架；M4 > 流程H；M6 > 标准解模板：相似；M13 > 模型律；M26 > 管路/模型,P1,列变量和基本量纲；选量纲独立且不含待求量的重复变量；逐个令 pi=X rho^a V^b L^c 求指数；最后用 M26 的 F~rho V^2 L^2、Delta p~rho V^2、Fr/Re 缩尺速度比做换算。,1. 先按题干关键词选模型；2. 在 v80 对应页写首个控制方程/公式；3. 把题给几何、单位和边界条件代入；4. 做代数求解或列出需要查图查表的位置；5. 检查单位、方向、绝压/表压或适用条件。,"若变量很冷门或需完整实验相似设计，仍需教材解释；v80 补了常见模型力、压强和速度比例换算。 v80 已补 Buckingham pi 五步流程和 Re/Fr/Ma/We/Eu 判据表；复杂多变量推导仍需手算。 v80 已补模型换算库 Q,t,f,F,Delta p,M,P 和 Re/Fr 冲突答题句；复杂 pi 群仍需手算。 v80 保留量纲齐次/Rayleigh 指数配平、完全/部分相似及 Re/Fr 冲突说明、关键词到 π 群的定位入口、球阻力 CD=f(Re) 标准推导，并补量纲公式、雷诺相似、自模化和压力系数 Cp/Eu 定义；冷门变量仍需逐项列量纲。",主题命中“量纲分析/相似准则”，v80 基础过程覆盖约 86%。；题目要求推导或定义积分；v80 有 M24/M25/M26 骨架，但完整推导仍扣少量严谨性分。,7.8,10.0,78.0,中高,
Q0186,课本/作业整理题,D:\虚拟C盘\学习\流体力学\第5-8章作业与复习_整理\第5章理想流体_补充练习题单.pdf,第5章理想流体_补充练习题单.pdf,5,"5. 书 5.4：流函数/速度势判断 做张兆顺书 5.4。看到二维速度场后，依次判断： ∂u ∂v + =0 =⇒ 可存在流函数ψ, ∂x ∂y ∂v ∂u − =0 =⇒ 可存在速度势φ. ∂x ∂y 要求：不要只写“存在/不存在”，必须写出判断依据。",流体运动学/连续/流线迹线,P1 > 连续性；Q1 > 迹线/流线/脉线；M18 > 往年题可能问法；M23 > 概念短答库；T6 > 常见问法到答案,P1,先判速度场/描述方法；写连续、旋度、流线/迹线微分式；概念题直接用 M18/M23 的一句话答案；应力题转 Q1 张量模板。,1. 先按题干关键词选模型；2. 在 v80 对应页写首个控制方程/公式；3. 把题给几何、单位和边界条件代入；4. 做代数求解或列出需要查图查表的位置；5. 检查单位、方向、绝压/表压或适用条件。,若要求长篇推导或复杂坐标变换，仍需教材细节；v80 已足够支撑多数简答和基础计算过程。 v67 已补推导题固定结构，v69/v80 补截面、边界条件和概念收口检查。 v80 保留新题定位入口、非定常 Bernoulli 推导条件、速度势单值/路径无关证明、Lagrange/Kelvin 可抄证明句、涡管强度 ΩA 守恒、涡量矩模板、自由射流动量通量和 RTT 入口，并补纳维-斯托克斯原词、圆管断面速度分布原词、渐变流测压管水头；更长证明仍需教材措辞。,主题命中“流体运动学/连续/流线迹线”，v80 基础过程覆盖约 85%。,8.5,10.0,85.0,中高,
Q0187,课本/作业整理题,D:\虚拟C盘\学习\流体力学\第5-8章作业与复习_整理\第5章理想流体_补充练习题单.pdf,第5章理想流体_补充练习题单.pdf,6,"6. 书 5.10：由流函数求速度 做张兆顺书 5.10。直角坐标中若给定流函数 ψ(x, y)，使用： ∂ψ ∂ψ u= , v=− . ∂y ∂x 要求：算出速度分量后，再判断是否无旋： ∂v ∂u ωz = − . ∂x ∂y",流体运动学/连续/流线迹线,P1 > 连续性；Q1 > 迹线/流线/脉线；M18 > 往年题可能问法；M23 > 概念短答库；T6 > 常见问法到答案,P1,先判速度场/描述方法；写连续、旋度、流线/迹线微分式；概念题直接用 M18/M23 的一句话答案；应力题转 Q1 张量模板。,1. 先按题干关键词选模型；2. 在 v80 对应页写首个控制方程/公式；3. 把题给几何、单位和边界条件代入；4. 做代数求解或列出需要查图查表的位置；5. 检查单位、方向、绝压/表压或适用条件。,若要求长篇推导或复杂坐标变换，仍需教材细节；v80 已足够支撑多数简答和基础计算过程。 v67 已补推导题固定结构，v69/v80 补截面、边界条件和概念收口检查。 v80 保留新题定位入口、非定常 Bernoulli 推导条件、速度势单值/路径无关证明、Lagrange/Kelvin 可抄证明句、涡管强度 ΩA 守恒、涡量矩模板、自由射流动量通量和 RTT 入口，并补纳维-斯托克斯原词、圆管断面速度分布原词、渐变流测压管水头；更长证明仍需教材措辞。,主题命中“流体运动学/连续/流线迹线”，v80 基础过程覆盖约 85%。,8.5,10.0,85.0,中高,
Q0188,课本/作业整理题,D:\虚拟C盘\学习\流体力学\第5-8章作业与复习_整理\第5章理想流体_补充练习题单.pdf,第5章理想流体_补充练习题单.pdf,7,"7. 书 5.11：由速度势求速度 做张兆顺书 5.11。极坐标中若给定速度势 φ(r, θ)，使用： ∂φ 1 ∂φ Vr = , Vθ = . ∂r r ∂θ 要求：注意极坐标里 Vθ 前面有 1r 。 4",概念简答/定义解释,M18 > 往年题可能问法：一句话答案；M23 > 概念短答库；R6 > 可直接抄的结论句；M9 > 高频小问速答；M12 > 概念题保底,无直接页码,先定位 M18/M23/R6 的可抄定义句；按“定义一句+原因一句+后果一句”写；若有公式页，再补适用条件和易错点。,1. 先按题干关键词选模型；2. 在 v80 对应页写首个控制方程/公式；3. 把题给几何、单位和边界条件代入；4. 做代数求解或列出需要查图查表的位置；5. 检查单位、方向、绝压/表压或适用条件。,v80 已显著补强短答，但长论述、实验现象细节和教材原话仍可能扣少量分。 v67 补长论述结构，v69 补读图/收口检查，v80 补层流/湍流/渐变流可抄定义；教材原话仍可能扣分。 v80 已补 N-S 各项标准意义、控制体外力组成、层/湍速度剖面、Boussinesq 涡黏、水击波速因素、孔板/自由射流概念、渐变流测压管水头、Ma 物理意义与 0.3 判据、深水波定义、RTT 守恒入口、完全/部分相似短答和标准四行答案模板，适合先写过程分。,主题命中“概念简答/定义解释”，v80 基础过程覆盖约 89%。,8.9,10.0,89.0,中高,
Q0189,课本/作业整理题,D:\虚拟C盘\学习\流体力学\第5-8章作业与复习_整理\第5章理想流体_补充练习题单.pdf,第5章理想流体_补充练习题单.pdf,8,"8. 书 5.16：流量与环量 做张兆顺书 5.16。题目要求求 |z| = 3 上的体积流量 Q 和沿圆周的速度环量 Γ。 常用定义： Z I Q= V⃗ · ⃗n ds, Γ= V⃗ · d⃗l. C C 要求：区分“穿过曲线的流量”和“沿曲线绕一圈的环量”。",概念简答/定义解释,M18 > 往年题可能问法：一句话答案；M23 > 概念短答库；R6 > 可直接抄的结论句；M9 > 高频小问速答；M12 > 概念题保底,无直接页码,先定位 M18/M23/R6 的可抄定义句；按“定义一句+原因一句+后果一句”写；若有公式页，再补适用条件和易错点。,1. 先按题干关键词选模型；2. 在 v80 对应页写首个控制方程/公式；3. 把题给几何、单位和边界条件代入；4. 做代数求解或列出需要查图查表的位置；5. 检查单位、方向、绝压/表压或适用条件。,v80 已显著补强短答，但长论述、实验现象细节和教材原话仍可能扣少量分。 v67 补长论述结构，v69 补读图/收口检查，v80 补层流/湍流/渐变流可抄定义；教材原话仍可能扣分。 v80 已补 N-S 各项标准意义、控制体外力组成、层/湍速度剖面、Boussinesq 涡黏、水击波速因素、孔板/自由射流概念、渐变流测压管水头、Ma 物理意义与 0.3 判据、深水波定义、RTT 守恒入口、完全/部分相似短答和标准四行答案模板，适合先写过程分。,主题命中“概念简答/定义解释”，v80 基础过程覆盖约 89%。,8.9,10.0,89.0,中高,
Q0190,课本/作业整理题,D:\虚拟C盘\学习\流体力学\第5-8章作业与复习_整理\第5章理想流体_补充练习题单.pdf,第5章理想流体_补充练习题单.pdf,1,1. 简述欧拉法和拉格朗日法的差异。,概念简答/定义解释,M18 > 往年题可能问法：一句话答案；M23 > 概念短答库；R6 > 可直接抄的结论句；M9 > 高频小问速答；M12 > 概念题保底,无直接页码,先定位 M18/M23/R6 的可抄定义句；按“定义一句+原因一句+后果一句”写；若有公式页，再补适用条件和易错点。,1. 先按题干关键词选模型；2. 在 v80 对应页写首个控制方程/公式；3. 把题给几何、单位和边界条件代入；4. 做代数求解或列出需要查图查表的位置；5. 检查单位、方向、绝压/表压或适用条件。,v80 已显著补强短答，但长论述、实验现象细节和教材原话仍可能扣少量分。 v67 补长论述结构，v69 补读图/收口检查，v80 补层流/湍流/渐变流可抄定义；教材原话仍可能扣分。 v80 已补 N-S 各项标准意义、控制体外力组成、层/湍速度剖面、Boussinesq 涡黏、水击波速因素、孔板/自由射流概念、渐变流测压管水头、Ma 物理意义与 0.3 判据、深水波定义、RTT 守恒入口、完全/部分相似短答和标准四行答案模板，适合先写过程分。,主题命中“概念简答/定义解释”，v80 基础过程覆盖约 89%。,8.9,10.0,89.0,中,
Q0191,课本/作业整理题,D:\虚拟C盘\学习\流体力学\第5-8章作业与复习_整理\第5章理想流体_补充练习题单.pdf,第5章理想流体_补充练习题单.pdf,2,2. 写出一元恒定总流能量方程，并说明适用条件。,概念简答/定义解释,M18 > 往年题可能问法：一句话答案；M23 > 概念短答库；R6 > 可直接抄的结论句；M9 > 高频小问速答；M12 > 概念题保底,无直接页码,先定位 M18/M23/R6 的可抄定义句；按“定义一句+原因一句+后果一句”写；若有公式页，再补适用条件和易错点。,1. 先按题干关键词选模型；2. 在 v80 对应页写首个控制方程/公式；3. 把题给几何、单位和边界条件代入；4. 做代数求解或列出需要查图查表的位置；5. 检查单位、方向、绝压/表压或适用条件。,v80 已显著补强短答，但长论述、实验现象细节和教材原话仍可能扣少量分。 v67 补长论述结构，v69 补读图/收口检查，v80 补层流/湍流/渐变流可抄定义；教材原话仍可能扣分。 v80 已补 N-S 各项标准意义、控制体外力组成、层/湍速度剖面、Boussinesq 涡黏、水击波速因素、孔板/自由射流概念、渐变流测压管水头、Ma 物理意义与 0.3 判据、深水波定义、RTT 守恒入口、完全/部分相似短答和标准四行答案模板，适合先写过程分。,主题命中“概念简答/定义解释”，v80 基础过程覆盖约 89%。,8.9,10.0,89.0,中,
Q0192,课本/作业整理题,D:\虚拟C盘\学习\流体力学\第5-8章作业与复习_整理\第5章理想流体_补充练习题单.pdf,第5章理想流体_补充练习题单.pdf,4,4. 简述流线和迹线的定义。,概念简答/定义解释,M18 > 往年题可能问法：一句话答案；M23 > 概念短答库；R6 > 可直接抄的结论句；M9 > 高频小问速答；M12 > 概念题保底,无直接页码,先定位 M18/M23/R6 的可抄定义句；按“定义一句+原因一句+后果一句”写；若有公式页，再补适用条件和易错点。,1. 先按题干关键词选模型；2. 在 v80 对应页写首个控制方程/公式；3. 把题给几何、单位和边界条件代入；4. 做代数求解或列出需要查图查表的位置；5. 检查单位、方向、绝压/表压或适用条件。,v80 已显著补强短答，但长论述、实验现象细节和教材原话仍可能扣少量分。 v67 补长论述结构，v69 补读图/收口检查，v80 补层流/湍流/渐变流可抄定义；教材原话仍可能扣分。 v80 已补 N-S 各项标准意义、控制体外力组成、层/湍速度剖面、Boussinesq 涡黏、水击波速因素、孔板/自由射流概念、渐变流测压管水头、Ma 物理意义与 0.3 判据、深水波定义、RTT 守恒入口、完全/部分相似短答和标准四行答案模板，适合先写过程分。,主题命中“概念简答/定义解释”，v80 基础过程覆盖约 89%。,8.9,10.0,89.0,中,
Q0193,课本/作业整理题,D:\虚拟C盘\学习\流体力学\第5-8章作业与复习_整理\第5章理想流体_补充练习题单.pdf,第5章理想流体_补充练习题单.pdf,5,5. 写出不可压缩流体运动连续方程的一般形式。 要求：每题控制在 3–5 行，考试时按“定义 + 条件 + 公式”写。,流体运动学/连续/流线迹线,P1 > 连续性；Q1 > 迹线/流线/脉线；M18 > 往年题可能问法；M23 > 概念短答库；T6 > 常见问法到答案,P1,先判速度场/描述方法；写连续、旋度、流线/迹线微分式；概念题直接用 M18/M23 的一句话答案；应力题转 Q1 张量模板。,1. 先按题干关键词选模型；2. 在 v80 对应页写首个控制方程/公式；3. 把题给几何、单位和边界条件代入；4. 做代数求解或列出需要查图查表的位置；5. 检查单位、方向、绝压/表压或适用条件。,若要求长篇推导或复杂坐标变换，仍需教材细节；v80 已足够支撑多数简答和基础计算过程。 v67 已补推导题固定结构，v69/v80 补截面、边界条件和概念收口检查。 v80 保留新题定位入口、非定常 Bernoulli 推导条件、速度势单值/路径无关证明、Lagrange/Kelvin 可抄证明句、涡管强度 ΩA 守恒、涡量矩模板、自由射流动量通量和 RTT 入口，并补纳维-斯托克斯原词、圆管断面速度分布原词、渐变流测压管水头；更长证明仍需教材措辞。,主题命中“流体运动学/连续/流线迹线”，v80 基础过程覆盖约 85%。；题型偏概念简答；v80 已有短答库，但非对应专栏仍扣少量组织分。,7.9,10.0,79.0,中,
Q0194,课本/作业整理题,D:\虚拟C盘\学习\流体力学\第5-8章作业与复习_整理\第5章理想流体_补充练习题单.pdf,第5章理想流体_补充练习题单.pdf,10,10. 2022 春期末计算题：半圆柱气膜馆 设气膜馆做成半径为 a 的半圆柱形，受到速度为 V 的大风正面来袭。采用势流理论分析： (a) 给出气膜馆外的流速分布； (b) 计算气膜馆表面的压力分布； (c) 若 a = 5 m，V = 10 m/s，空气密度 ρ = 1.29 kg/m3 ，计算气膜馆受到的升力合力。 提示：这是势流绕圆柱的一半。圆柱表面速度通常从 Vθ = −2V sin θ 入手，再用伯努利求压力分布： 1 p(θ) = p∞ + ρ V 2 − Vθ2 . 2 5,势流/圆柱/镜像/升力,P2 > 基本流表；P2 > 圆柱绕流；Q3 > 势流题库速解；T2/T3 > 原题压缩收录；R6 > 结论句,P2,先搭基元叠加或圆柱绕流模型；求速度场和 Cp；再用 Bernoulli 求压力，沿边界积分力；环量题写 Kutta-Joukowski 升力。,1. 写 phi/psi 或基元叠加；2. 求速度分量；3. 用 Bernoulli 得压力或 Cp；4. 沿边界积分压力分量；5. 说明理想势流假设和单位展长。,半圆柱/开孔/镜像图的几何积分限仍要读图；真实阻力不能用理想势流满分解释。 v80 保留薄板小攻角环量估计和 Kutta 升力收口；复杂构形仍需正确选镜像/基元。,主题命中“势流/圆柱/镜像/升力”，v80 基础过程覆盖约 82%。；仍依赖教材图表或读图；v80 有小查表/查表动作和收口模板，但不是完整数值表。,7.8,10.0,78.0,中高,
Q0195,课本/作业整理题,D:\虚拟C盘\学习\流体力学\第5-8章作业与复习_整理\第5章理想流体_补充练习题单.tex,第5章理想流体_补充练习题单.tex,未编号,\begin{tabular}{>{\bfseries}p{3cm}p{11.2cm}} \toprule 目标 & 不是刷数量，而是检查：会不会选方程、会不会判断条件、会不会把题目翻译成公式。\\ 写法 & 每题至少写出：已知量、所求量、适用公式、关键判断、最后结果。\\ 顺序 & 先做 1--4，确认第5章核心；再做 5--8，练势函数/流函数；最后做 9--10，接近期末。\\ 检查 & 做不出来时不要直接看答案，先写出“卡在哪一步”。\\ \bottomrule \end{tabular},势流/圆柱/镜像/升力,P2 > 基本流表；P2 > 圆柱绕流；Q3 > 势流题库速解；T2/T3 > 原题压缩收录；R6 > 结论句,P2,先搭基元叠加或圆柱绕流模型；求速度场和 Cp；再用 Bernoulli 求压力，沿边界积分力；环量题写 Kutta-Joukowski 升力。,1. 写 phi/psi 或基元叠加；2. 求速度分量；3. 用 Bernoulli 得压力或 Cp；4. 沿边界积分压力分量；5. 说明理想势流假设和单位展长。,半圆柱/开孔/镜像图的几何积分限仍要读图；真实阻力不能用理想势流满分解释。 v80 保留薄板小攻角环量估计和 Kutta 升力收口；复杂构形仍需正确选镜像/基元。,主题命中“势流/圆柱/镜像/升力”，v80 基础过程覆盖约 82%。；仍依赖教材图表或读图；v80 有小查表/查表动作和收口模板，但不是完整数值表。,7.8,10.0,78.0,中高,
Q0196,课本/作业整理题,D:\虚拟C盘\学习\流体力学\第5-8章作业与复习_整理\第5章理想流体_补充练习题单.tex,第5章理想流体_补充练习题单.tex,未编号,\begin{longtable}{p{0.7cm}p{3.1cm}p{5.6cm}p{4.6cm}} \toprule \textbf{序} & \textbf{来源} & \textbf{题目} & \textbf{主要训练}\\ \midrule 1 & \src{何枫课件第5章} & 非定常伯努利推导题 & 欧拉方程、沿流线积分、适用条件\\ 2 & \src{何枫课件第5章例题} & 开口 U 型管水柱自由振荡 & 非定常伯努利、振动方程\\ 3 & \src{第5章当前作业} & 极坐标速度场的速度环量 & 环量、路径积分、极坐标速度\\ 4 & \src{张兆顺书 4.12} & 膨胀球问题 & 速度势、非定常伯努利、压力分布\\ 5 & \src{张兆顺书 5.4} & 判断流函数/速度势是否存在 & 连续方程、无旋条件\\ 6 & \src{张兆顺书 5.10} & 已知直角坐标系流函数 & 由 $\psi$ 求速度、判断流动性质\\ 7 & \src{张兆顺书 5.11} & 已知极坐标系速度势 & 由 $\varphi$ 求速度、极坐标公式\\ 8 & \src{张兆顺书 5.16} & 求 $|z|=3$ 的体积流量 $Q$ 与环量 $\Gamma$ & 复势、流函数、环量综合\\ 9 & \src{2022春期末试题} & 伯努利条件、流线迹线、连续方程等简答 & 期末概念题\\ 10 & \src{2022春期末试题} & 半圆柱气膜馆受风的势流分析 & 势流绕圆柱、压力积分、升力\\ \bottomrule \end{longtable},势流/圆柱/镜像/升力,P2 > 基本流表；P2 > 圆柱绕流；Q3 > 势流题库速解；T2/T3 > 原题压缩收录；R6 > 结论句,P2,先搭基元叠加或圆柱绕流模型；求速度场和 Cp；再用 Bernoulli 求压力，沿边界积分力；环量题写 Kutta-Joukowski 升力。,1. 写 phi/psi 或基元叠加；2. 求速度分量；3. 用 Bernoulli 得压力或 Cp；4. 沿边界积分压力分量；5. 说明理想势流假设和单位展长。,半圆柱/开孔/镜像图的几何积分限仍要读图；真实阻力不能用理想势流满分解释。 v80 保留薄板小攻角环量估计和 Kutta 升力收口；复杂构形仍需正确选镜像/基元。,主题命中“势流/圆柱/镜像/升力”，v80 基础过程覆盖约 82%。；题目要求推导或定义积分；v80 有 M24/M25/M26 骨架，但完整推导仍扣少量严谨性分。,7.4,10.0,74.0,中高,
Q0197,课本/作业整理题,D:\虚拟C盘\学习\流体力学\第5-8章作业与复习_整理\第5章理想流体_补充练习题单.tex,第5章理想流体_补充练习题单.tex,未编号,从无粘、质量力有势、不可压流体的欧拉方程出发，说明下列式子分别在什么条件下成立： \int_1^2 \frac{\partial \vec V}{\partial t}\cdot d\vec l +\left(\frac{V^2}{2}+\frac{p}{\rho}+\Pi\right)_2 \left(\frac{V^2}{2}+\frac{p}{\rho}+\Pi\right)_1 .,量纲分析/相似准则,P1 > 量纲分析模板；M25 > 量纲相似+推导骨架；M4 > 流程H；M6 > 标准解模板：相似；M13 > 模型律；M26 > 管路/模型,P1,列变量和基本量纲；选量纲独立且不含待求量的重复变量；逐个令 pi=X rho^a V^b L^c 求指数；最后用 M26 的 F~rho V^2 L^2、Delta p~rho V^2、Fr/Re 缩尺速度比做换算。,1. 先按题干关键词选模型；2. 在 v80 对应页写首个控制方程/公式；3. 把题给几何、单位和边界条件代入；4. 做代数求解或列出需要查图查表的位置；5. 检查单位、方向、绝压/表压或适用条件。,"若变量很冷门或需完整实验相似设计，仍需教材解释；v80 补了常见模型力、压强和速度比例换算。 v80 已补 Buckingham pi 五步流程和 Re/Fr/Ma/We/Eu 判据表；复杂多变量推导仍需手算。 v80 已补模型换算库 Q,t,f,F,Delta p,M,P 和 Re/Fr 冲突答题句；复杂 pi 群仍需手算。 v80 保留量纲齐次/Rayleigh 指数配平、完全/部分相似及 Re/Fr 冲突说明、关键词到 π 群的定位入口、球阻力 CD=f(Re) 标准推导，并补量纲公式、雷诺相似、自模化和压力系数 Cp/Eu 定义；冷门变量仍需逐项列量纲。",主题命中“量纲分析/相似准则”，v80 基础过程覆盖约 86%。；题型偏概念简答；v80 已有短答库，但非对应专栏仍扣少量组织分。；题目要求推导或定义积分；v80 有 M24/M25/M26 骨架，但完整推导仍扣少量严谨性分。,7.2,10.0,72.0,中高,
Q0198,课本/作业整理题,D:\虚拟C盘\学习\流体力学\第5-8章作业与复习_整理\第5章理想流体_补充练习题单.tex,第5章理想流体_补充练习题单.tex,未编号,若流动无旋，$\vec V=\nabla\varphi$，进一步写出柯西--拉格朗日积分： \frac{\partial \varphi}{\partial t} +\frac{V^2}{2}+\frac{p}{\rho}+\Pi=f(t).,量纲分析/相似准则,P1 > 量纲分析模板；M25 > 量纲相似+推导骨架；M4 > 流程H；M6 > 标准解模板：相似；M13 > 模型律；M26 > 管路/模型,P1,列变量和基本量纲；选量纲独立且不含待求量的重复变量；逐个令 pi=X rho^a V^b L^c 求指数；最后用 M26 的 F~rho V^2 L^2、Delta p~rho V^2、Fr/Re 缩尺速度比做换算。,1. 先按题干关键词选模型；2. 在 v80 对应页写首个控制方程/公式；3. 把题给几何、单位和边界条件代入；4. 做代数求解或列出需要查图查表的位置；5. 检查单位、方向、绝压/表压或适用条件。,"若变量很冷门或需完整实验相似设计，仍需教材解释；v80 补了常见模型力、压强和速度比例换算。 v80 已补 Buckingham pi 五步流程和 Re/Fr/Ma/We/Eu 判据表；复杂多变量推导仍需手算。 v80 已补模型换算库 Q,t,f,F,Delta p,M,P 和 Re/Fr 冲突答题句；复杂 pi 群仍需手算。 v80 保留量纲齐次/Rayleigh 指数配平、完全/部分相似及 Re/Fr 冲突说明、关键词到 π 群的定位入口、球阻力 CD=f(Re) 标准推导，并补量纲公式、雷诺相似、自模化和压力系数 Cp/Eu 定义；冷门变量仍需逐项列量纲。",主题命中“量纲分析/相似准则”，v80 基础过程覆盖约 86%。；题目要求推导或定义积分；v80 有 M24/M25/M26 骨架，但完整推导仍扣少量严谨性分。,7.8,10.0,78.0,中高,
Q0199,课本/作业整理题,D:\虚拟C盘\学习\流体力学\第5-8章作业与复习_整理\第5章理想流体_补充练习题单.tex,第5章理想流体_补充练习题单.tex,未编号,\task{要求：}写出每一步的适用条件，不要只背公式。,概念简答/定义解释,M18 > 往年题可能问法：一句话答案；M23 > 概念短答库；R6 > 可直接抄的结论句；M9 > 高频小问速答；M12 > 概念题保底,无直接页码,先定位 M18/M23/R6 的可抄定义句；按“定义一句+原因一句+后果一句”写；若有公式页，再补适用条件和易错点。,1. 先按题干关键词选模型；2. 在 v80 对应页写首个控制方程/公式；3. 把题给几何、单位和边界条件代入；4. 做代数求解或列出需要查图查表的位置；5. 检查单位、方向、绝压/表压或适用条件。,v80 已显著补强短答，但长论述、实验现象细节和教材原话仍可能扣少量分。 v67 补长论述结构，v69 补读图/收口检查，v80 补层流/湍流/渐变流可抄定义；教材原话仍可能扣分。 v80 已补 N-S 各项标准意义、控制体外力组成、层/湍速度剖面、Boussinesq 涡黏、水击波速因素、孔板/自由射流概念、渐变流测压管水头、Ma 物理意义与 0.3 判据、深水波定义、RTT 守恒入口、完全/部分相似短答和标准四行答案模板，适合先写过程分。,主题命中“概念简答/定义解释”，v80 基础过程覆盖约 89%。,8.9,10.0,89.0,中,
Q0200,课本/作业整理题,D:\虚拟C盘\学习\流体力学\第5-8章作业与复习_整理\第5章理想流体_补充练习题单.tex,第5章理想流体_补充练习题单.tex,未编号,等截面开口 U 型管内水柱总长为 $L$。初始时两液面高度差为 $h_0$，释放后忽略水粘性。求水柱振荡规律、振荡周期和速度。,粘性管路/沿程局部损失/泵水轮机,P5 > 管路损失；Q5 > 粘性流动题库速解；M21 > 题图决策卡；M22 > 误判；M26 > 管路/模型,P5,由 Q 求 V，算 Re，判层/湍；层流用 H-P 或 64/Re，光滑湍流可用 0.3164/Re^(1/4)，粗糙管查 Moody；局部损失用所在管段速度；汇总后代入机械能求目标量。,1. 由 Q 和管径求 V；2. 算 Re 判断层流/湍流；3. 取 lambda 或查 Moody/Colebrook；4. 汇总沿程/局部损失；5. 代入机械能方程求目标量。,局部损失系数、粗糙度和物性仍需题给或查教材；v80 明确了 Moody、光滑管和局部损失速度的收口。 v80 保留管路机械能、沿程/局部损失、泵/水轮机功率、Moody/Colebrook 入口，并补圆管层流抛物线速度分布、湍流丰满剖面和平均/最大速度易错。,主题命中“粘性管路/沿程局部损失/泵水轮机”，v80 基础过程覆盖约 85%。,8.5,10.0,85.0,中,
Q0201,课本/作业整理题,D:\虚拟C盘\学习\流体力学\第5-8章作业与复习_整理\第5章理想流体_补充练习题单.tex,第5章理想流体_补充练习题单.tex,未编号,"定常平面流动，若已知极坐标速度场为 V_\theta=ar,\qquad V_r=0, 其中 $a$ 为常数。求绕给定闭合路径的速度环量： \Gamma=\oint_C \vec V\cdot d\vec l.",流体运动学/连续/流线迹线,P1 > 连续性；Q1 > 迹线/流线/脉线；M18 > 往年题可能问法；M23 > 概念短答库；T6 > 常见问法到答案,P1,先判速度场/描述方法；写连续、旋度、流线/迹线微分式；概念题直接用 M18/M23 的一句话答案；应力题转 Q1 张量模板。,1. 先按题干关键词选模型；2. 在 v80 对应页写首个控制方程/公式；3. 把题给几何、单位和边界条件代入；4. 做代数求解或列出需要查图查表的位置；5. 检查单位、方向、绝压/表压或适用条件。,若要求长篇推导或复杂坐标变换，仍需教材细节；v80 已足够支撑多数简答和基础计算过程。 v67 已补推导题固定结构，v69/v80 补截面、边界条件和概念收口检查。 v80 保留新题定位入口、非定常 Bernoulli 推导条件、速度势单值/路径无关证明、Lagrange/Kelvin 可抄证明句、涡管强度 ΩA 守恒、涡量矩模板、自由射流动量通量和 RTT 入口，并补纳维-斯托克斯原词、圆管断面速度分布原词、渐变流测压管水头；更长证明仍需教材措辞。,主题命中“流体运动学/连续/流线迹线”，v80 基础过程覆盖约 85%。,8.5,10.0,85.0,中高,
Q0202,课本/作业整理题,D:\虚拟C盘\学习\流体力学\第5-8章作业与复习_整理\第5章理想流体_补充练习题单.tex,第5章理想流体_补充练习题单.tex,未编号,\task{要求：}先判断路径上 $d\vec l$ 的方向，再分段积分。不要直接套结果。,概念简答/定义解释,M18 > 往年题可能问法：一句话答案；M23 > 概念短答库；R6 > 可直接抄的结论句；M9 > 高频小问速答；M12 > 概念题保底,无直接页码,先定位 M18/M23/R6 的可抄定义句；按“定义一句+原因一句+后果一句”写；若有公式页，再补适用条件和易错点。,1. 先按题干关键词选模型；2. 在 v80 对应页写首个控制方程/公式；3. 把题给几何、单位和边界条件代入；4. 做代数求解或列出需要查图查表的位置；5. 检查单位、方向、绝压/表压或适用条件。,v80 已显著补强短答，但长论述、实验现象细节和教材原话仍可能扣少量分。 v67 补长论述结构，v69 补读图/收口检查，v80 补层流/湍流/渐变流可抄定义；教材原话仍可能扣分。 v80 已补 N-S 各项标准意义、控制体外力组成、层/湍速度剖面、Boussinesq 涡黏、水击波速因素、孔板/自由射流概念、渐变流测压管水头、Ma 物理意义与 0.3 判据、深水波定义、RTT 守恒入口、完全/部分相似短答和标准四行答案模板，适合先写过程分。,主题命中“概念简答/定义解释”，v80 基础过程覆盖约 89%。,8.9,10.0,89.0,中,
Q0203,课本/作业整理题,D:\虚拟C盘\学习\流体力学\第5-8章作业与复习_整理\第5章理想流体_补充练习题单.tex,第5章理想流体_补充练习题单.tex,未编号,"做张兆顺书上 4.12。重点练习：球对称径向流动中，怎样由连续方程得到 $v_r(r,t)$，再由速度势 $\varphi$ 和非定常伯努利求压力分布。",流体运动学/连续/流线迹线,P1 > 连续性；Q1 > 迹线/流线/脉线；M18 > 往年题可能问法；M23 > 概念短答库；T6 > 常见问法到答案,P1,先判速度场/描述方法；写连续、旋度、流线/迹线微分式；概念题直接用 M18/M23 的一句话答案；应力题转 Q1 张量模板。,1. 先按题干关键词选模型；2. 在 v80 对应页写首个控制方程/公式；3. 把题给几何、单位和边界条件代入；4. 做代数求解或列出需要查图查表的位置；5. 检查单位、方向、绝压/表压或适用条件。,若要求长篇推导或复杂坐标变换，仍需教材细节；v80 已足够支撑多数简答和基础计算过程。 v67 已补推导题固定结构，v69/v80 补截面、边界条件和概念收口检查。 v80 保留新题定位入口、非定常 Bernoulli 推导条件、速度势单值/路径无关证明、Lagrange/Kelvin 可抄证明句、涡管强度 ΩA 守恒、涡量矩模板、自由射流动量通量和 RTT 入口，并补纳维-斯托克斯原词、圆管断面速度分布原词、渐变流测压管水头；更长证明仍需教材措辞。,主题命中“流体运动学/连续/流线迹线”，v80 基础过程覆盖约 85%。,8.5,10.0,85.0,中,
Q0204,课本/作业整理题,D:\虚拟C盘\学习\流体力学\第5-8章作业与复习_整理\第5章理想流体_补充练习题单.tex,第5章理想流体_补充练习题单.tex,未编号,"\task{要求：}写出 $v_r,\ \varphi,\ p(r,t)$ 三个结果。",概念简答/定义解释,M18 > 往年题可能问法：一句话答案；M23 > 概念短答库；R6 > 可直接抄的结论句；M9 > 高频小问速答；M12 > 概念题保底,无直接页码,先定位 M18/M23/R6 的可抄定义句；按“定义一句+原因一句+后果一句”写；若有公式页，再补适用条件和易错点。,1. 先按题干关键词选模型；2. 在 v80 对应页写首个控制方程/公式；3. 把题给几何、单位和边界条件代入；4. 做代数求解或列出需要查图查表的位置；5. 检查单位、方向、绝压/表压或适用条件。,v80 已显著补强短答，但长论述、实验现象细节和教材原话仍可能扣少量分。 v67 补长论述结构，v69 补读图/收口检查，v80 补层流/湍流/渐变流可抄定义；教材原话仍可能扣分。 v80 已补 N-S 各项标准意义、控制体外力组成、层/湍速度剖面、Boussinesq 涡黏、水击波速因素、孔板/自由射流概念、渐变流测压管水头、Ma 物理意义与 0.3 判据、深水波定义、RTT 守恒入口、完全/部分相似短答和标准四行答案模板，适合先写过程分。,主题命中“概念简答/定义解释”，v80 基础过程覆盖约 89%。,8.9,10.0,89.0,中,
Q0205,课本/作业整理题,D:\虚拟C盘\学习\流体力学\第5-8章作业与复习_整理\第5章理想流体_补充练习题单.tex,第5章理想流体_补充练习题单.tex,未编号,\subsection*{5. 书 5.4：流函数/速度势判断},势流/圆柱/镜像/升力,P2 > 基本流表；P2 > 圆柱绕流；Q3 > 势流题库速解；T2/T3 > 原题压缩收录；R6 > 结论句,P2,先搭基元叠加或圆柱绕流模型；求速度场和 Cp；再用 Bernoulli 求压力，沿边界积分力；环量题写 Kutta-Joukowski 升力。,1. 写 phi/psi 或基元叠加；2. 求速度分量；3. 用 Bernoulli 得压力或 Cp；4. 沿边界积分压力分量；5. 说明理想势流假设和单位展长。,半圆柱/开孔/镜像图的几何积分限仍要读图；真实阻力不能用理想势流满分解释。 v80 保留薄板小攻角环量估计和 Kutta 升力收口；复杂构形仍需正确选镜像/基元。,主题命中“势流/圆柱/镜像/升力”，v80 基础过程覆盖约 82%。,8.2,10.0,82.0,中,
Q0206,课本/作业整理题,D:\虚拟C盘\学习\流体力学\第5-8章作业与复习_整理\第5章理想流体_补充练习题单.tex,第5章理想流体_补充练习题单.tex,未编号,"做张兆顺书 5.4。看到二维速度场后，依次判断： \frac{\partial u}{\partial x}+\frac{\partial v}{\partial y}=0 \quad \Longrightarrow \quad \text{可存在流函数 } \psi , \frac{\partial v}{\partial x}-\frac{\partial u}{\partial y}=0 \quad \Longrightarrow \quad \text{可存在速度势 } \varphi .",量纲分析/相似准则,P1 > 量纲分析模板；M25 > 量纲相似+推导骨架；M4 > 流程H；M6 > 标准解模板：相似；M13 > 模型律；M26 > 管路/模型,P1,列变量和基本量纲；选量纲独立且不含待求量的重复变量；逐个令 pi=X rho^a V^b L^c 求指数；最后用 M26 的 F~rho V^2 L^2、Delta p~rho V^2、Fr/Re 缩尺速度比做换算。,1. 先按题干关键词选模型；2. 在 v80 对应页写首个控制方程/公式；3. 把题给几何、单位和边界条件代入；4. 做代数求解或列出需要查图查表的位置；5. 检查单位、方向、绝压/表压或适用条件。,"若变量很冷门或需完整实验相似设计，仍需教材解释；v80 补了常见模型力、压强和速度比例换算。 v80 已补 Buckingham pi 五步流程和 Re/Fr/Ma/We/Eu 判据表；复杂多变量推导仍需手算。 v80 已补模型换算库 Q,t,f,F,Delta p,M,P 和 Re/Fr 冲突答题句；复杂 pi 群仍需手算。 v80 保留量纲齐次/Rayleigh 指数配平、完全/部分相似及 Re/Fr 冲突说明、关键词到 π 群的定位入口、球阻力 CD=f(Re) 标准推导，并补量纲公式、雷诺相似、自模化和压力系数 Cp/Eu 定义；冷门变量仍需逐项列量纲。",主题命中“量纲分析/相似准则”，v80 基础过程覆盖约 86%。,8.6,10.0,86.0,中高,
Q0207,课本/作业整理题,D:\虚拟C盘\学习\流体力学\第5-8章作业与复习_整理\第5章理想流体_补充练习题单.tex,第5章理想流体_补充练习题单.tex,未编号,\task{要求：}不要只写“存在/不存在”，必须写出判断依据。,概念简答/定义解释,M18 > 往年题可能问法：一句话答案；M23 > 概念短答库；R6 > 可直接抄的结论句；M9 > 高频小问速答；M12 > 概念题保底,无直接页码,先定位 M18/M23/R6 的可抄定义句；按“定义一句+原因一句+后果一句”写；若有公式页，再补适用条件和易错点。,1. 先按题干关键词选模型；2. 在 v80 对应页写首个控制方程/公式；3. 把题给几何、单位和边界条件代入；4. 做代数求解或列出需要查图查表的位置；5. 检查单位、方向、绝压/表压或适用条件。,v80 已显著补强短答，但长论述、实验现象细节和教材原话仍可能扣少量分。 v67 补长论述结构，v69 补读图/收口检查，v80 补层流/湍流/渐变流可抄定义；教材原话仍可能扣分。 v80 已补 N-S 各项标准意义、控制体外力组成、层/湍速度剖面、Boussinesq 涡黏、水击波速因素、孔板/自由射流概念、渐变流测压管水头、Ma 物理意义与 0.3 判据、深水波定义、RTT 守恒入口、完全/部分相似短答和标准四行答案模板，适合先写过程分。,主题命中“概念简答/定义解释”，v80 基础过程覆盖约 89%。,8.9,10.0,89.0,中,
Q0208,课本/作业整理题,D:\虚拟C盘\学习\流体力学\第5-8章作业与复习_整理\第5章理想流体_补充练习题单.tex,第5章理想流体_补充练习题单.tex,未编号,\subsection*{6. 书 5.10：由流函数求速度},势流/圆柱/镜像/升力,P2 > 基本流表；P2 > 圆柱绕流；Q3 > 势流题库速解；T2/T3 > 原题压缩收录；R6 > 结论句,P2,先搭基元叠加或圆柱绕流模型；求速度场和 Cp；再用 Bernoulli 求压力，沿边界积分力；环量题写 Kutta-Joukowski 升力。,1. 写 phi/psi 或基元叠加；2. 求速度分量；3. 用 Bernoulli 得压力或 Cp；4. 沿边界积分压力分量；5. 说明理想势流假设和单位展长。,半圆柱/开孔/镜像图的几何积分限仍要读图；真实阻力不能用理想势流满分解释。 v80 保留薄板小攻角环量估计和 Kutta 升力收口；复杂构形仍需正确选镜像/基元。,主题命中“势流/圆柱/镜像/升力”，v80 基础过程覆盖约 82%。,8.2,10.0,82.0,中,
Q0209,课本/作业整理题,D:\虚拟C盘\学习\流体力学\第5-8章作业与复习_整理\第5章理想流体_补充练习题单.tex,第5章理想流体_补充练习题单.tex,未编号,\task{要求：}算出速度分量后，再判断是否无旋： \omega_z=\frac{\partial v}{\partial x}-\frac{\partial u}{\partial y}.,量纲分析/相似准则,P1 > 量纲分析模板；M25 > 量纲相似+推导骨架；M4 > 流程H；M6 > 标准解模板：相似；M13 > 模型律；M26 > 管路/模型,P1,列变量和基本量纲；选量纲独立且不含待求量的重复变量；逐个令 pi=X rho^a V^b L^c 求指数；最后用 M26 的 F~rho V^2 L^2、Delta p~rho V^2、Fr/Re 缩尺速度比做换算。,1. 先按题干关键词选模型；2. 在 v80 对应页写首个控制方程/公式；3. 把题给几何、单位和边界条件代入；4. 做代数求解或列出需要查图查表的位置；5. 检查单位、方向、绝压/表压或适用条件。,"若变量很冷门或需完整实验相似设计，仍需教材解释；v80 补了常见模型力、压强和速度比例换算。 v80 已补 Buckingham pi 五步流程和 Re/Fr/Ma/We/Eu 判据表；复杂多变量推导仍需手算。 v80 已补模型换算库 Q,t,f,F,Delta p,M,P 和 Re/Fr 冲突答题句；复杂 pi 群仍需手算。 v80 保留量纲齐次/Rayleigh 指数配平、完全/部分相似及 Re/Fr 冲突说明、关键词到 π 群的定位入口、球阻力 CD=f(Re) 标准推导，并补量纲公式、雷诺相似、自模化和压力系数 Cp/Eu 定义；冷门变量仍需逐项列量纲。",主题命中“量纲分析/相似准则”，v80 基础过程覆盖约 86%。,8.6,10.0,86.0,中高,
Q0210,课本/作业整理题,D:\虚拟C盘\学习\流体力学\第5-8章作业与复习_整理\第5章理想流体_补充练习题单.tex,第5章理想流体_补充练习题单.tex,未编号,\subsection*{7. 书 5.11：由速度势求速度},概念简答/定义解释,M18 > 往年题可能问法：一句话答案；M23 > 概念短答库；R6 > 可直接抄的结论句；M9 > 高频小问速答；M12 > 概念题保底,无直接页码,先定位 M18/M23/R6 的可抄定义句；按“定义一句+原因一句+后果一句”写；若有公式页，再补适用条件和易错点。,1. 先按题干关键词选模型；2. 在 v80 对应页写首个控制方程/公式；3. 把题给几何、单位和边界条件代入；4. 做代数求解或列出需要查图查表的位置；5. 检查单位、方向、绝压/表压或适用条件。,v80 已显著补强短答，但长论述、实验现象细节和教材原话仍可能扣少量分。 v67 补长论述结构，v69 补读图/收口检查，v80 补层流/湍流/渐变流可抄定义；教材原话仍可能扣分。 v80 已补 N-S 各项标准意义、控制体外力组成、层/湍速度剖面、Boussinesq 涡黏、水击波速因素、孔板/自由射流概念、渐变流测压管水头、Ma 物理意义与 0.3 判据、深水波定义、RTT 守恒入口、完全/部分相似短答和标准四行答案模板，适合先写过程分。,主题命中“概念简答/定义解释”，v80 基础过程覆盖约 89%。,8.9,10.0,89.0,中,
Q0211,课本/作业整理题,D:\虚拟C盘\学习\流体力学\第5-8章作业与复习_整理\第5章理想流体_补充练习题单.tex,第5章理想流体_补充练习题单.tex,未编号,\task{要求：}注意极坐标里 $V_\theta$ 前面有 $\frac{1}{r}$。,量纲分析/相似准则,P1 > 量纲分析模板；M25 > 量纲相似+推导骨架；M4 > 流程H；M6 > 标准解模板：相似；M13 > 模型律；M26 > 管路/模型,P1,列变量和基本量纲；选量纲独立且不含待求量的重复变量；逐个令 pi=X rho^a V^b L^c 求指数；最后用 M26 的 F~rho V^2 L^2、Delta p~rho V^2、Fr/Re 缩尺速度比做换算。,1. 先按题干关键词选模型；2. 在 v80 对应页写首个控制方程/公式；3. 把题给几何、单位和边界条件代入；4. 做代数求解或列出需要查图查表的位置；5. 检查单位、方向、绝压/表压或适用条件。,"若变量很冷门或需完整实验相似设计，仍需教材解释；v80 补了常见模型力、压强和速度比例换算。 v80 已补 Buckingham pi 五步流程和 Re/Fr/Ma/We/Eu 判据表；复杂多变量推导仍需手算。 v80 已补模型换算库 Q,t,f,F,Delta p,M,P 和 Re/Fr 冲突答题句；复杂 pi 群仍需手算。 v80 保留量纲齐次/Rayleigh 指数配平、完全/部分相似及 Re/Fr 冲突说明、关键词到 π 群的定位入口、球阻力 CD=f(Re) 标准推导，并补量纲公式、雷诺相似、自模化和压力系数 Cp/Eu 定义；冷门变量仍需逐项列量纲。",主题命中“量纲分析/相似准则”，v80 基础过程覆盖约 86%。,8.6,10.0,86.0,中,
Q0212,课本/作业整理题,D:\虚拟C盘\学习\流体力学\第5-8章作业与复习_整理\第5章理想流体_补充练习题单.tex,第5章理想流体_补充练习题单.tex,未编号,做张兆顺书 5.16。题目要求求 $|z|=3$ 上的体积流量 $Q$ 和沿圆周的速度环量 $\Gamma$。,Bernoulli/机械能/动量控制体,P1 > 控制体动量模板；P1 > 伯努利/机械能；Q2 > 弯管受力/喷嘴反力；M21 > 题图决策卡；M26 > 高频计算/查表/控制体收口,P1,先选截面，写连续和 Bernoulli/机械能；再按控制体受力图列压力力、壁面力和动量通量；多出口用 M26 通式；求出壁面对流体的力后按题问管/螺栓取反。,1. 先按题干关键词选模型；2. 在 v80 对应页写首个控制方程/公式；3. 把题给几何、单位和边界条件代入；4. 做代数求解或列出需要查图查表的位置；5. 检查单位、方向、绝压/表压或适用条件。,复杂三维受力和图中方向仍要自己画清楚；v80 已补多出口通式和喷嘴/弯管收口流程。 v69 把截面号、面积、高程、表压/绝压、CV取反和局损速度集中到读图/收口八查。 v80 保留雷诺输运、压力力方向/表压、孔板/文丘里流量计公式链，并补控制体外力组成与自由射流动量通量提示；复杂控制体仍需画受力图。,主题命中“Bernoulli/机械能/动量控制体”，v80 基础过程覆盖约 84%。,8.4,10.0,84.0,中,
Q0213,课本/作业整理题,D:\虚拟C盘\学习\流体力学\第5-8章作业与复习_整理\第5章理想流体_补充练习题单.tex,第5章理想流体_补充练习题单.tex,未编号,"常用定义： Q=\int_C \vec V\cdot \vec n\,ds, \qquad \Gamma=\oint_C \vec V\cdot d\vec l.",概念简答/定义解释,M18 > 往年题可能问法：一句话答案；M23 > 概念短答库；R6 > 可直接抄的结论句；M9 > 高频小问速答；M12 > 概念题保底,无直接页码,先定位 M18/M23/R6 的可抄定义句；按“定义一句+原因一句+后果一句”写；若有公式页，再补适用条件和易错点。,1. 先按题干关键词选模型；2. 在 v80 对应页写首个控制方程/公式；3. 把题给几何、单位和边界条件代入；4. 做代数求解或列出需要查图查表的位置；5. 检查单位、方向、绝压/表压或适用条件。,v80 已显著补强短答，但长论述、实验现象细节和教材原话仍可能扣少量分。 v67 补长论述结构，v69 补读图/收口检查，v80 补层流/湍流/渐变流可抄定义；教材原话仍可能扣分。 v80 已补 N-S 各项标准意义、控制体外力组成、层/湍速度剖面、Boussinesq 涡黏、水击波速因素、孔板/自由射流概念、渐变流测压管水头、Ma 物理意义与 0.3 判据、深水波定义、RTT 守恒入口、完全/部分相似短答和标准四行答案模板，适合先写过程分。,主题命中“概念简答/定义解释”，v80 基础过程覆盖约 89%。,8.9,10.0,89.0,中高,
Q0214,课本/作业整理题,D:\虚拟C盘\学习\流体力学\第5-8章作业与复习_整理\第5章理想流体_补充练习题单.tex,第5章理想流体_补充练习题单.tex,未编号,\task{要求：}区分“穿过曲线的流量”和“沿曲线绕一圈的环量”。,Bernoulli/机械能/动量控制体,P1 > 控制体动量模板；P1 > 伯努利/机械能；Q2 > 弯管受力/喷嘴反力；M21 > 题图决策卡；M26 > 高频计算/查表/控制体收口,P1,先选截面，写连续和 Bernoulli/机械能；再按控制体受力图列压力力、壁面力和动量通量；多出口用 M26 通式；求出壁面对流体的力后按题问管/螺栓取反。,1. 先按题干关键词选模型；2. 在 v80 对应页写首个控制方程/公式；3. 把题给几何、单位和边界条件代入；4. 做代数求解或列出需要查图查表的位置；5. 检查单位、方向、绝压/表压或适用条件。,复杂三维受力和图中方向仍要自己画清楚；v80 已补多出口通式和喷嘴/弯管收口流程。 v69 把截面号、面积、高程、表压/绝压、CV取反和局损速度集中到读图/收口八查。 v80 保留雷诺输运、压力力方向/表压、孔板/文丘里流量计公式链，并补控制体外力组成与自由射流动量通量提示；复杂控制体仍需画受力图。,主题命中“Bernoulli/机械能/动量控制体”，v80 基础过程覆盖约 84%。,8.4,10.0,84.0,中,
Q0215,课本/作业整理题,D:\虚拟C盘\学习\流体力学\第5-8章作业与复习_整理\第5章理想流体_补充练习题单.tex,第5章理想流体_补充练习题单.tex,未编号,\begin{enumerate}[label=\arabic*.] \item 简述欧拉法和拉格朗日法的差异。 \item 写出一元恒定总流能量方程，并说明适用条件。 \item 简述什么是控制体。 \item 简述流线和迹线的定义。 \item 写出不可压缩流体运动连续方程的一般形式。 \end{enumerate},流体运动学/连续/流线迹线,P1 > 连续性；Q1 > 迹线/流线/脉线；M18 > 往年题可能问法；M23 > 概念短答库；T6 > 常见问法到答案,P1,先判速度场/描述方法；写连续、旋度、流线/迹线微分式；概念题直接用 M18/M23 的一句话答案；应力题转 Q1 张量模板。,1. 先按题干关键词选模型；2. 在 v80 对应页写首个控制方程/公式；3. 把题给几何、单位和边界条件代入；4. 做代数求解或列出需要查图查表的位置；5. 检查单位、方向、绝压/表压或适用条件。,若要求长篇推导或复杂坐标变换，仍需教材细节；v80 已足够支撑多数简答和基础计算过程。 v67 已补推导题固定结构，v69/v80 补截面、边界条件和概念收口检查。 v80 保留新题定位入口、非定常 Bernoulli 推导条件、速度势单值/路径无关证明、Lagrange/Kelvin 可抄证明句、涡管强度 ΩA 守恒、涡量矩模板、自由射流动量通量和 RTT 入口，并补纳维-斯托克斯原词、圆管断面速度分布原词、渐变流测压管水头；更长证明仍需教材措辞。,主题命中“流体运动学/连续/流线迹线”，v80 基础过程覆盖约 85%。；题型偏概念简答；v80 已有短答库，但非对应专栏仍扣少量组织分。,7.9,10.0,79.0,中高,
Q0216,课本/作业整理题,D:\虚拟C盘\学习\流体力学\第5-8章作业与复习_整理\第5章理想流体_补充练习题单.tex,第5章理想流体_补充练习题单.tex,未编号,\task{要求：}每题控制在 3--5 行，考试时按“定义 + 条件 + 公式”写。,概念简答/定义解释,M18 > 往年题可能问法：一句话答案；M23 > 概念短答库；R6 > 可直接抄的结论句；M9 > 高频小问速答；M12 > 概念题保底,无直接页码,先定位 M18/M23/R6 的可抄定义句；按“定义一句+原因一句+后果一句”写；若有公式页，再补适用条件和易错点。,1. 先按题干关键词选模型；2. 在 v80 对应页写首个控制方程/公式；3. 把题给几何、单位和边界条件代入；4. 做代数求解或列出需要查图查表的位置；5. 检查单位、方向、绝压/表压或适用条件。,v80 已显著补强短答，但长论述、实验现象细节和教材原话仍可能扣少量分。 v67 补长论述结构，v69 补读图/收口检查，v80 补层流/湍流/渐变流可抄定义；教材原话仍可能扣分。 v80 已补 N-S 各项标准意义、控制体外力组成、层/湍速度剖面、Boussinesq 涡黏、水击波速因素、孔板/自由射流概念、渐变流测压管水头、Ma 物理意义与 0.3 判据、深水波定义、RTT 守恒入口、完全/部分相似短答和标准四行答案模板，适合先写过程分。,主题命中“概念简答/定义解释”，v80 基础过程覆盖约 89%。,8.9,10.0,89.0,中,
Q0217,课本/作业整理题,D:\虚拟C盘\学习\流体力学\第5-8章作业与复习_整理\第5章理想流体_补充练习题单.tex,第5章理想流体_补充练习题单.tex,未编号,\subsection*{10. 2022 春期末计算题：半圆柱气膜馆},势流/圆柱/镜像/升力,P2 > 基本流表；P2 > 圆柱绕流；Q3 > 势流题库速解；T2/T3 > 原题压缩收录；R6 > 结论句,P2,先搭基元叠加或圆柱绕流模型；求速度场和 Cp；再用 Bernoulli 求压力，沿边界积分力；环量题写 Kutta-Joukowski 升力。,1. 写 phi/psi 或基元叠加；2. 求速度分量；3. 用 Bernoulli 得压力或 Cp；4. 沿边界积分压力分量；5. 说明理想势流假设和单位展长。,半圆柱/开孔/镜像图的几何积分限仍要读图；真实阻力不能用理想势流满分解释。 v80 保留薄板小攻角环量估计和 Kutta 升力收口；复杂构形仍需正确选镜像/基元。,主题命中“势流/圆柱/镜像/升力”，v80 基础过程覆盖约 82%。,8.2,10.0,82.0,中,
Q0218,课本/作业整理题,D:\虚拟C盘\学习\流体力学\第5-8章作业与复习_整理\第5章理想流体_补充练习题单.tex,第5章理想流体_补充练习题单.tex,未编号,设气膜馆做成半径为 $a$ 的半圆柱形，受到速度为 $V$ 的大风正面来袭。采用势流理论分析：,势流/圆柱/镜像/升力,P2 > 基本流表；P2 > 圆柱绕流；Q3 > 势流题库速解；T2/T3 > 原题压缩收录；R6 > 结论句,P2,先搭基元叠加或圆柱绕流模型；求速度场和 Cp；再用 Bernoulli 求压力，沿边界积分力；环量题写 Kutta-Joukowski 升力。,1. 写 phi/psi 或基元叠加；2. 求速度分量；3. 用 Bernoulli 得压力或 Cp；4. 沿边界积分压力分量；5. 说明理想势流假设和单位展长。,半圆柱/开孔/镜像图的几何积分限仍要读图；真实阻力不能用理想势流满分解释。 v80 保留薄板小攻角环量估计和 Kutta 升力收口；复杂构形仍需正确选镜像/基元。,主题命中“势流/圆柱/镜像/升力”，v80 基础过程覆盖约 82%。,8.2,10.0,82.0,中,
Q0219,课本/作业整理题,D:\虚拟C盘\学习\流体力学\第5-8章作业与复习_整理\第5章理想流体_补充练习题单.tex,第5章理想流体_补充练习题单.tex,未编号,"\begin{enumerate}[label=(\alph*)] \item 给出气膜馆外的流速分布； \item 计算气膜馆表面的压力分布； \item 若 $a=5\,\mathrm{m}$，$V=10\,\mathrm{m/s}$，空气密度 $\rho=1.29\,\mathrm{kg/m^3}$，计算气膜馆受到的升力合力。 \end{enumerate}",势流/圆柱/镜像/升力,P2 > 基本流表；P2 > 圆柱绕流；Q3 > 势流题库速解；T2/T3 > 原题压缩收录；R6 > 结论句,P2,先搭基元叠加或圆柱绕流模型；求速度场和 Cp；再用 Bernoulli 求压力，沿边界积分力；环量题写 Kutta-Joukowski 升力。,1. 写 phi/psi 或基元叠加；2. 求速度分量；3. 用 Bernoulli 得压力或 Cp；4. 沿边界积分压力分量；5. 说明理想势流假设和单位展长。,半圆柱/开孔/镜像图的几何积分限仍要读图；真实阻力不能用理想势流满分解释。 v80 保留薄板小攻角环量估计和 Kutta 升力收口；复杂构形仍需正确选镜像/基元。,主题命中“势流/圆柱/镜像/升力”，v80 基础过程覆盖约 82%。；仍依赖教材图表或读图；v80 有小查表/查表动作和收口模板，但不是完整数值表。,7.8,10.0,78.0,中高,
Q0220,课本/作业整理题,D:\虚拟C盘\学习\流体力学\第5-8章作业与复习_整理\第5章理想流体_补充练习题单.tex,第5章理想流体_补充练习题单.tex,未编号,\task{提示：}这是势流绕圆柱的一半。圆柱表面速度通常从 V_\theta=-2V\sin\theta 入手，再用伯努利求压力分布： p(\theta)=p_\infty+\frac{1}{2}\rho\left(V^2-V_\theta^2\right).,势流/圆柱/镜像/升力,P2 > 基本流表；P2 > 圆柱绕流；Q3 > 势流题库速解；T2/T3 > 原题压缩收录；R6 > 结论句,P2,先搭基元叠加或圆柱绕流模型；求速度场和 Cp；再用 Bernoulli 求压力，沿边界积分力；环量题写 Kutta-Joukowski 升力。,1. 写 phi/psi 或基元叠加；2. 求速度分量；3. 用 Bernoulli 得压力或 Cp；4. 沿边界积分压力分量；5. 说明理想势流假设和单位展长。,半圆柱/开孔/镜像图的几何积分限仍要读图；真实阻力不能用理想势流满分解释。 v80 保留薄板小攻角环量估计和 Kutta 升力收口；复杂构形仍需正确选镜像/基元。,主题命中“势流/圆柱/镜像/升力”，v80 基础过程覆盖约 82%。；仍依赖教材图表或读图；v80 有小查表/查表动作和收口模板，但不是完整数值表。,7.8,10.0,78.0,中高,
Q0221,课本/作业整理题,D:\虚拟C盘\学习\流体力学\第5-8章作业与复习_整理\第5章理想流体_补充练习题单.tex,第5章理想流体_补充练习题单.tex,未编号,\begin{tabular}{>{\bfseries}p{3cm}p{9.6cm}} \toprule 第 1 轮 & 做 1、2、5、6。目标：检查第5章最核心公式会不会用。\\ 第 2 轮 & 做 3、4、7、8。目标：补环量、势函数、流函数的计算能力。\\ 第 3 轮 & 做 9、10。目标：转成期末题写法。\\ \bottomrule \end{tabular},势流/圆柱/镜像/升力,P2 > 基本流表；P2 > 圆柱绕流；Q3 > 势流题库速解；T2/T3 > 原题压缩收录；R6 > 结论句,P2,先搭基元叠加或圆柱绕流模型；求速度场和 Cp；再用 Bernoulli 求压力，沿边界积分力；环量题写 Kutta-Joukowski 升力。,1. 写 phi/psi 或基元叠加；2. 求速度分量；3. 用 Bernoulli 得压力或 Cp；4. 沿边界积分压力分量；5. 说明理想势流假设和单位展长。,半圆柱/开孔/镜像图的几何积分限仍要读图；真实阻力不能用理想势流满分解释。 v80 保留薄板小攻角环量估计和 Kutta 升力收口；复杂构形仍需正确选镜像/基元。,主题命中“势流/圆柱/镜像/升力”，v80 基础过程覆盖约 82%。；仍依赖教材图表或读图；v80 有小查表/查表动作和收口模板，但不是完整数值表。,7.8,10.0,78.0,中高,
Q0222,课本/作业整理题,D:\虚拟C盘\学习\流体力学\第5-8章作业与复习_整理\第5章第6章流体力学作业_标准教案.pdf,第5章第6章流体力学作业_标准教案.pdf,一,一、教学目标 本次讲解的目标不是单纯给出答案，而是让学生掌握三类常见题型的基本套路：,概念简答/定义解释,M18 > 往年题可能问法：一句话答案；M23 > 概念短答库；R6 > 可直接抄的结论句；M9 > 高频小问速答；M12 > 概念题保底,无直接页码,先定位 M18/M23/R6 的可抄定义句；按“定义一句+原因一句+后果一句”写；若有公式页，再补适用条件和易错点。,1. 先按题干关键词选模型；2. 在 v80 对应页写首个控制方程/公式；3. 把题给几何、单位和边界条件代入；4. 做代数求解或列出需要查图查表的位置；5. 检查单位、方向、绝压/表压或适用条件。,v80 已显著补强短答，但长论述、实验现象细节和教材原话仍可能扣少量分。 v67 补长论述结构，v69 补读图/收口检查，v80 补层流/湍流/渐变流可抄定义；教材原话仍可能扣分。 v80 已补 N-S 各项标准意义、控制体外力组成、层/湍速度剖面、Boussinesq 涡黏、水击波速因素、孔板/自由射流概念、渐变流测压管水头、Ma 物理意义与 0.3 判据、深水波定义、RTT 守恒入口、完全/部分相似短答和标准四行答案模板，适合先写过程分。,主题命中“概念简答/定义解释”，v80 基础过程覆盖约 89%。,8.9,10.0,89.0,中,
Q0223,课本/作业整理题,D:\虚拟C盘\学习\流体力学\第5-8章作业与复习_整理\第5章第6章流体力学作业_标准教案.pdf,第5章第6章流体力学作业_标准教案.pdf,1,1. 会用速度环量定义判断闭合曲线上的环量。,概念简答/定义解释,M18 > 往年题可能问法：一句话答案；M23 > 概念短答库；R6 > 可直接抄的结论句；M9 > 高频小问速答；M12 > 概念题保底,无直接页码,先定位 M18/M23/R6 的可抄定义句；按“定义一句+原因一句+后果一句”写；若有公式页，再补适用条件和易错点。,1. 先按题干关键词选模型；2. 在 v80 对应页写首个控制方程/公式；3. 把题给几何、单位和边界条件代入；4. 做代数求解或列出需要查图查表的位置；5. 检查单位、方向、绝压/表压或适用条件。,v80 已显著补强短答，但长论述、实验现象细节和教材原话仍可能扣少量分。 v67 补长论述结构，v69 补读图/收口检查，v80 补层流/湍流/渐变流可抄定义；教材原话仍可能扣分。 v80 已补 N-S 各项标准意义、控制体外力组成、层/湍速度剖面、Boussinesq 涡黏、水击波速因素、孔板/自由射流概念、渐变流测压管水头、Ma 物理意义与 0.3 判据、深水波定义、RTT 守恒入口、完全/部分相似短答和标准四行答案模板，适合先写过程分。,主题命中“概念简答/定义解释”，v80 基础过程覆盖约 89%。,8.9,10.0,89.0,中,
Q0224,课本/作业整理题,D:\虚拟C盘\学习\流体力学\第5-8章作业与复习_整理\第5章第6章流体力学作业_标准教案.pdf,第5章第6章流体力学作业_标准教案.pdf,2,2. 会用理想不可压流体的连续方程和非定常伯努利方程求压力场。,流体运动学/连续/流线迹线,P1 > 连续性；Q1 > 迹线/流线/脉线；M18 > 往年题可能问法；M23 > 概念短答库；T6 > 常见问法到答案,P1,先判速度场/描述方法；写连续、旋度、流线/迹线微分式；概念题直接用 M18/M23 的一句话答案；应力题转 Q1 张量模板。,1. 先按题干关键词选模型；2. 在 v80 对应页写首个控制方程/公式；3. 把题给几何、单位和边界条件代入；4. 做代数求解或列出需要查图查表的位置；5. 检查单位、方向、绝压/表压或适用条件。,若要求长篇推导或复杂坐标变换，仍需教材细节；v80 已足够支撑多数简答和基础计算过程。 v67 已补推导题固定结构，v69/v80 补截面、边界条件和概念收口检查。 v80 保留新题定位入口、非定常 Bernoulli 推导条件、速度势单值/路径无关证明、Lagrange/Kelvin 可抄证明句、涡管强度 ΩA 守恒、涡量矩模板、自由射流动量通量和 RTT 入口，并补纳维-斯托克斯原词、圆管断面速度分布原词、渐变流测压管水头；更长证明仍需教材措辞。,主题命中“流体运动学/连续/流线迹线”，v80 基础过程覆盖约 85%。,8.5,10.0,85.0,中,
Q0225,课本/作业整理题,D:\虚拟C盘\学习\流体力学\第5-8章作业与复习_整理\第5章第6章流体力学作业_标准教案.pdf,第5章第6章流体力学作业_标准教案.pdf,3,3. 会用一维非定常运动方程分析管内水柱刚启动时的压力分布。,概念简答/定义解释,M18 > 往年题可能问法：一句话答案；M23 > 概念短答库；R6 > 可直接抄的结论句；M9 > 高频小问速答；M12 > 概念题保底,无直接页码,先定位 M18/M23/R6 的可抄定义句；按“定义一句+原因一句+后果一句”写；若有公式页，再补适用条件和易错点。,1. 先按题干关键词选模型；2. 在 v80 对应页写首个控制方程/公式；3. 把题给几何、单位和边界条件代入；4. 做代数求解或列出需要查图查表的位置；5. 检查单位、方向、绝压/表压或适用条件。,v80 已显著补强短答，但长论述、实验现象细节和教材原话仍可能扣少量分。 v67 补长论述结构，v69 补读图/收口检查，v80 补层流/湍流/渐变流可抄定义；教材原话仍可能扣分。 v80 已补 N-S 各项标准意义、控制体外力组成、层/湍速度剖面、Boussinesq 涡黏、水击波速因素、孔板/自由射流概念、渐变流测压管水头、Ma 物理意义与 0.3 判据、深水波定义、RTT 守恒入口、完全/部分相似短答和标准四行答案模板，适合先写过程分。,主题命中“概念简答/定义解释”，v80 基础过程覆盖约 89%。,8.9,10.0,89.0,中,
Q0226,课本/作业整理题,D:\虚拟C盘\学习\流体力学\第5-8章作业与复习_整理\第5章第6章流体力学作业_标准教案.pdf,第5章第6章流体力学作业_标准教案.pdf,4,4. 会判断二维速度场是否不可压、是否无旋，并求速度势函数和流函数。,流体运动学/连续/流线迹线,P1 > 连续性；Q1 > 迹线/流线/脉线；M18 > 往年题可能问法；M23 > 概念短答库；T6 > 常见问法到答案,P1,先判速度场/描述方法；写连续、旋度、流线/迹线微分式；概念题直接用 M18/M23 的一句话答案；应力题转 Q1 张量模板。,1. 先按题干关键词选模型；2. 在 v80 对应页写首个控制方程/公式；3. 把题给几何、单位和边界条件代入；4. 做代数求解或列出需要查图查表的位置；5. 检查单位、方向、绝压/表压或适用条件。,若要求长篇推导或复杂坐标变换，仍需教材细节；v80 已足够支撑多数简答和基础计算过程。 v67 已补推导题固定结构，v69/v80 补截面、边界条件和概念收口检查。 v80 保留新题定位入口、非定常 Bernoulli 推导条件、速度势单值/路径无关证明、Lagrange/Kelvin 可抄证明句、涡管强度 ΩA 守恒、涡量矩模板、自由射流动量通量和 RTT 入口，并补纳维-斯托克斯原词、圆管断面速度分布原词、渐变流测压管水头；更长证明仍需教材措辞。,主题命中“流体运动学/连续/流线迹线”，v80 基础过程覆盖约 85%。,8.5,10.0,85.0,中,
Q0227,课本/作业整理题,D:\虚拟C盘\学习\流体力学\第5-8章作业与复习_整理\第5章第6章流体力学作业_标准教案.pdf,第5章第6章流体力学作业_标准教案.pdf,5,5. 会写出简单剪切流速度分布、流函数和单位宽度体积流量。,Bernoulli/机械能/动量控制体,P1 > 控制体动量模板；P1 > 伯努利/机械能；Q2 > 弯管受力/喷嘴反力；M21 > 题图决策卡；M26 > 高频计算/查表/控制体收口,P1,先选截面，写连续和 Bernoulli/机械能；再按控制体受力图列压力力、壁面力和动量通量；多出口用 M26 通式；求出壁面对流体的力后按题问管/螺栓取反。,1. 先按题干关键词选模型；2. 在 v80 对应页写首个控制方程/公式；3. 把题给几何、单位和边界条件代入；4. 做代数求解或列出需要查图查表的位置；5. 检查单位、方向、绝压/表压或适用条件。,复杂三维受力和图中方向仍要自己画清楚；v80 已补多出口通式和喷嘴/弯管收口流程。 v69 把截面号、面积、高程、表压/绝压、CV取反和局损速度集中到读图/收口八查。 v80 保留雷诺输运、压力力方向/表压、孔板/文丘里流量计公式链，并补控制体外力组成与自由射流动量通量提示；复杂控制体仍需画受力图。,主题命中“Bernoulli/机械能/动量控制体”，v80 基础过程覆盖约 84%。,8.4,10.0,84.0,中,
Q0228,课本/作业整理题,D:\虚拟C盘\学习\流体力学\第5-8章作业与复习_整理\第5章第6章流体力学作业_标准教案.pdf,第5章第6章流体力学作业_标准教案.pdf,三,"三、第 5 章理想流体作业 题 1：定常平面流动的速度环量 题意 已知 vr = ar, vθ = 0, 其中 a 为常数。求图示闭合曲线沿路径方向的速度环量。 讲解思路 这题要让学生抓住一个核心点：速度只有径向分量，没有切向分量。因此，圆弧 段上速度与路径微元垂直，圆弧段环量为零；只有径向段可能有贡献。 板书步骤 速度环量定义为 I Γ= V · ds. 圆弧段上 ds = rdθ eθ , V = ar er . 3 V · ds = 0. 右侧径向段从 R1 到 R2 ： Z R2 Γ1 = ar dr = (R22 − R12 ). R1 2 左侧径向段方向相反，从 R2 到 R1 ： Z R1 Γ2 = ar dr = − (R22 − R12 ). R2 2 Γ = Γ1 + Γ2 = 0. Γ = 0. 易错点 • 不要把圆弧长度 rdθ 直接乘 vr 。圆弧方向是 eθ ，而速度方向是 er ，二者垂直。 • 两条径向段方向相反，所以贡献相互抵消。 题 2：书 4.12，膨胀球体诱导的压力场 题意 原静止无界理想均质不可压流体中，有一球形物体，其半径按 R(t) = 1 + 3t 膨胀。已知无穷远处压力为 p∞ ，流体密度为 ρ，质量力忽略，求压力场。 讲解思路 这题分三步：",概念简答/定义解释,M18 > 往年题可能问法：一句话答案；M23 > 概念短答库；R6 > 可直接抄的结论句；M9 > 高频小问速答；M12 > 概念题保底,无直接页码,先定位 M18/M23/R6 的可抄定义句；按“定义一句+原因一句+后果一句”写；若有公式页，再补适用条件和易错点。,1. 先按题干关键词选模型；2. 在 v80 对应页写首个控制方程/公式；3. 把题给几何、单位和边界条件代入；4. 做代数求解或列出需要查图查表的位置；5. 检查单位、方向、绝压/表压或适用条件。,v80 已显著补强短答，但长论述、实验现象细节和教材原话仍可能扣少量分。 v67 补长论述结构，v69 补读图/收口检查，v80 补层流/湍流/渐变流可抄定义；教材原话仍可能扣分。 v80 已补 N-S 各项标准意义、控制体外力组成、层/湍速度剖面、Boussinesq 涡黏、水击波速因素、孔板/自由射流概念、渐变流测压管水头、Ma 物理意义与 0.3 判据、深水波定义、RTT 守恒入口、完全/部分相似短答和标准四行答案模板，适合先写过程分。,主题命中“概念简答/定义解释”，v80 基础过程覆盖约 89%。；仍依赖教材图表或读图；v80 有小查表/查表动作和收口模板，但不是完整数值表。,8.5,10.0,85.0,中高,
Q0229,课本/作业整理题,D:\虚拟C盘\学习\流体力学\第5-8章作业与复习_整理\第5章第6章流体力学作业_标准教案.pdf,第5章第6章流体力学作业_标准教案.pdf,1,1. 由球对称连续方程求 vr 。,流体运动学/连续/流线迹线,P1 > 连续性；Q1 > 迹线/流线/脉线；M18 > 往年题可能问法；M23 > 概念短答库；T6 > 常见问法到答案,P1,先判速度场/描述方法；写连续、旋度、流线/迹线微分式；概念题直接用 M18/M23 的一句话答案；应力题转 Q1 张量模板。,1. 先按题干关键词选模型；2. 在 v80 对应页写首个控制方程/公式；3. 把题给几何、单位和边界条件代入；4. 做代数求解或列出需要查图查表的位置；5. 检查单位、方向、绝压/表压或适用条件。,若要求长篇推导或复杂坐标变换，仍需教材细节；v80 已足够支撑多数简答和基础计算过程。 v67 已补推导题固定结构，v69/v80 补截面、边界条件和概念收口检查。 v80 保留新题定位入口、非定常 Bernoulli 推导条件、速度势单值/路径无关证明、Lagrange/Kelvin 可抄证明句、涡管强度 ΩA 守恒、涡量矩模板、自由射流动量通量和 RTT 入口，并补纳维-斯托克斯原词、圆管断面速度分布原词、渐变流测压管水头；更长证明仍需教材措辞。,主题命中“流体运动学/连续/流线迹线”，v80 基础过程覆盖约 85%。,8.5,10.0,85.0,中,
Q0230,课本/作业整理题,D:\虚拟C盘\学习\流体力学\第5-8章作业与复习_整理\第5章第6章流体力学作业_标准教案.pdf,第5章第6章流体力学作业_标准教案.pdf,2,2. 由 vr = ∂φ/∂r 求速度势。,概念简答/定义解释,M18 > 往年题可能问法：一句话答案；M23 > 概念短答库；R6 > 可直接抄的结论句；M9 > 高频小问速答；M12 > 概念题保底,无直接页码,先定位 M18/M23/R6 的可抄定义句；按“定义一句+原因一句+后果一句”写；若有公式页，再补适用条件和易错点。,1. 先按题干关键词选模型；2. 在 v80 对应页写首个控制方程/公式；3. 把题给几何、单位和边界条件代入；4. 做代数求解或列出需要查图查表的位置；5. 检查单位、方向、绝压/表压或适用条件。,v80 已显著补强短答，但长论述、实验现象细节和教材原话仍可能扣少量分。 v67 补长论述结构，v69 补读图/收口检查，v80 补层流/湍流/渐变流可抄定义；教材原话仍可能扣分。 v80 已补 N-S 各项标准意义、控制体外力组成、层/湍速度剖面、Boussinesq 涡黏、水击波速因素、孔板/自由射流概念、渐变流测压管水头、Ma 物理意义与 0.3 判据、深水波定义、RTT 守恒入口、完全/部分相似短答和标准四行答案模板，适合先写过程分。,主题命中“概念简答/定义解释”，v80 基础过程覆盖约 89%。,8.9,10.0,89.0,中,
Q0231,课本/作业整理题,D:\虚拟C盘\学习\流体力学\第5-8章作业与复习_整理\第5章第6章流体力学作业_标准教案.pdf,第5章第6章流体力学作业_标准教案.pdf,3,"3. 代入非定常伯努利方程求压力。 板书步骤 因为流动是球对称径向流，任意半径 r 球面上的体积流量相等： 4πr2 vr = 4πR2 Ṙ. R2 Ṙ vr = . r2 4 R = 1 + 3t, Ṙ = 3, 3(1 + 3t)2 vr = . r2 vr = 可取速度势 R2 Ṙ φ=− . 非定常伯努利方程为 ∂φ v 2 p p∞ + + = . ∂t 2 ρ ρ ∂φ v 2 p = p∞ − ρ + . ∂t 2 ∂φ 1d 2 =− (R Ṙ), ∂t r dt R2 Ṙ = 3R2 , d 2 d (R Ṙ) = (3R2 ) = 6RṘ = 18(1 + 3t). dt dt 同时 !2 v2 1 R2 Ṙ R4 Ṙ2 = = . 2 2 r2 2r4 代入得 1d 2 R4 Ṙ2 p = p∞ + ρ (R Ṙ) − ρ . r dt 2r4 18ρ(1 + 3t) 9ρ(1 + 3t)4 p = p∞ + − . r 2r4 18ρ(1 + 3t) 9ρ(1 + 3t)4 p(r, t) = p∞ + − r 2r4 r ≥ R(t) = 1 + 3t. 5 易错点 • 这是非定常流动，伯努利方程里不能漏掉 ∂φ/∂t。 • 球对称流动的连续方程是 4πr2 vr = 常数，不是 2πrvr = 常数。 • 速度势取负号是因为 ∂(−A/r)/∂r = A/r2 。 题 3：弯管中水柱刚启动的压力分布与排空时间 题意 大气压为 pa ，等直径玻璃管被弯成 120◦ 弯管，管中有密度为 ρ 的水。管末端装有阀 门，打开阀门后水在重力作用下流出，管位于竖直平面内。 图 (a) 中竖直段长 L1 ，倾斜段长 L2 ，求 t = 0 阀门刚打开时管内压力分布。 图 (b) 中初始时只有倾斜段内盛满水，求打开阀门后水流光所需时间。 讲解思路 这题要先把几何关系讲清楚：弯管夹角为 120◦ ，因此倾斜段与水平夹角为 30◦ ， 倾斜段的竖直高度差为 L2 L2 sin 30◦ = 2 图 (a) 中整段水柱作为一个整体刚开始加速。设水柱沿管方向的加速度为 a0 。 图 (a) 板书步骤 总水柱长度为 L = L1 + L 2 . 总高度差为 1 H = L1 + L 2 . 2 两端压力均为大气压，所以推动水柱的净重力头为 H，水柱长度为 L，因此 gH g L1 + 21 L2 a0 = = . L L 1 + L2 g L1 + 12 L2 a0 = . L1 + L2 竖直段中，取 s 为从上端自由液面向下的距离，则 0 ≤ s ≤ L1 . 沿竖直向下方向， = ρ(g − a0 ). 且s=0处 p = pa . 所以竖直段压力分布为 p = pa + ρ(g − a0 )s, 0 ≤ s ≤ L1 . 6 倾",Bernoulli/机械能/动量控制体,P1 > 控制体动量模板；P1 > 伯努利/机械能；Q2 > 弯管受力/喷嘴反力；M21 > 题图决策卡；M26 > 高频计算/查表/控制体收口,P1,先选截面，写连续和 Bernoulli/机械能；再按控制体受力图列压力力、壁面力和动量通量；多出口用 M26 通式；求出壁面对流体的力后按题问管/螺栓取反。,1. 先按题干关键词选模型；2. 在 v80 对应页写首个控制方程/公式；3. 把题给几何、单位和边界条件代入；4. 做代数求解或列出需要查图查表的位置；5. 检查单位、方向、绝压/表压或适用条件。,复杂三维受力和图中方向仍要自己画清楚；v80 已补多出口通式和喷嘴/弯管收口流程。 v69 把截面号、面积、高程、表压/绝压、CV取反和局损速度集中到读图/收口八查。 v80 保留雷诺输运、压力力方向/表压、孔板/文丘里流量计公式链，并补控制体外力组成与自由射流动量通量提示；复杂控制体仍需画受力图。,主题命中“Bernoulli/机械能/动量控制体”，v80 基础过程覆盖约 84%。；题目要求推导或定义积分；v80 有 M24/M25/M26 骨架，但完整推导仍扣少量严谨性分。；仍依赖教材图表或读图；v80 有小查表/查表动作和收口模板，但不是完整数值表。,7.2,10.0,72.0,中高,
Q0232,课本/作业整理题,D:\虚拟C盘\学习\流体力学\第5-8章作业与复习_整理\第5章第6章流体力学作业_标准教案.pdf,第5章第6章流体力学作业_标准教案.pdf,四,"四、第 6 章平面不可压无旋作业 题 1：由速度场求速度势 题意 给定无旋流场 u = 3x2 − 3y 2 , v = −6xy, w = 0. 求速度势。 讲解思路 先说明速度势的定义： ∂φ ∂φ u= , v= . ∂x ∂y 然后对 u 关于 x 积分，再用 v 校正关于 y 的未知函数。 板书步骤 由 = 3x2 − 3y 2 对 x 积分，得 φ = x3 − 3xy 2 + f (y). 再对 y 求偏导： = −6xy + f ′ (y). v = −6xy 比较，得 f ′ (y) = 0. f (y) = C. φ = x3 − 3xy 2 + C. 易错点 • 对 x 积分时，积分常数应写成 f (y)，不是普通常数。 • 最后要用 v 校正 f (y)。 8 题 2：判断不可压、无旋，并求流函数和势函数 题意 已知速度场 u = 2cxy, v = c(a2 + x2 − y 2 ). 判断是否满足不可压连续方程，是否有旋；若有势，求速度势函数；并写出流函数和流线方 讲解思路 这题可以按固定顺序讲： 连续方程 → 涡量 → 流函数 → 速度势. 板书步骤一：判断不可压 二维不可压连续方程为 ∂u ∂v + = 0. ∂x ∂y 计算得 ∂u ∂v = 2cy, = −2cy. ∂x ∂y ∂u ∂v + = 2cy − 2cy = 0. ∂x ∂y 故该速度场满足不可压连续方程。 板书步骤二：判断有旋或无旋 涡量为 ∂v ∂u ωz = − . ∂x ∂y 计算得 ∂v ∂u = 2cx, = 2cx. ∂x ∂y ωz = 2cx − 2cx = 0. 因此流动无旋。 板书步骤三：求流函数 取流函数定义 ∂ψ ∂ψ u= , v=− . ∂y ∂x = 2cxy 对 y 积分，得 ψ = cxy 2 + f (x). 9 − = c(a2 + x2 − y 2 ) − cy 2 + f ′ (x) = c(a2 + x2 − y 2 ). 整理得 f ′ (x) = −c(a2 + x2 ). 积分： f (x) = −ca2 x − x3 + C. 3 ψ = cxy 2 − ca2 x − x3 + C. 3 流线方程为 cxy 2 − ca2 x − x3 = C. 3 板书步骤四：求速度势函数 因为流动无旋，可以引入速度势 φ： ∂φ ∂φ u= , v= . ∂x ∂y = 2cxy 对 x 积分，得 φ = cx2 y + f (y). = cx2 + f ′ (y) = c(a2 + x2 − y 2 ) f ′ (y) = c(a2 − y 2 ). 积分： f (y) = ca2 y − y 3 + C. 3 φ = cx2 y + ca2 y − y 3 + C. 3 答案汇总 满足不可压连续方程 ωz = 0",流体运动学/连续/流线迹线,P1 > 连续性；Q1 > 迹线/流线/脉线；M18 > 往年题可能问法；M23 > 概念短答库；T6 > 常见问法到答案,P1,先判速度场/描述方法；写连续、旋度、流线/迹线微分式；概念题直接用 M18/M23 的一句话答案；应力题转 Q1 张量模板。,1. 先按题干关键词选模型；2. 在 v80 对应页写首个控制方程/公式；3. 把题给几何、单位和边界条件代入；4. 做代数求解或列出需要查图查表的位置；5. 检查单位、方向、绝压/表压或适用条件。,若要求长篇推导或复杂坐标变换，仍需教材细节；v80 已足够支撑多数简答和基础计算过程。 v67 已补推导题固定结构，v69/v80 补截面、边界条件和概念收口检查。 v80 保留新题定位入口、非定常 Bernoulli 推导条件、速度势单值/路径无关证明、Lagrange/Kelvin 可抄证明句、涡管强度 ΩA 守恒、涡量矩模板、自由射流动量通量和 RTT 入口，并补纳维-斯托克斯原词、圆管断面速度分布原词、渐变流测压管水头；更长证明仍需教材措辞。,主题命中“流体运动学/连续/流线迹线”，v80 基础过程覆盖约 85%。；题型偏概念简答；v80 已有短答库，但非对应专栏仍扣少量组织分。,7.9,10.0,79.0,中高,
Q0233,课本/作业整理题,D:\虚拟C盘\学习\流体力学\第5-8章作业与复习_整理\第5章第6章流体力学作业_标准教案.pdf,第5章第6章流体力学作业_标准教案.pdf,五,"五、最后给学生总结的解题模板 题型 第一步 核心公式 环量题 判断速度与路径方向 Γ = C V · ds 球对称径向流 用球面流量守恒 4πr2 vr = 4πR2 Ṙ 非定常理想流压力 用非定常伯努利 φt + V 2 /2 + p/ρ = C(t) 管内刚启动压力 用一维非定常运动方程 dp/ds = ρ(gs − a) 不可压判断 算速度散度 ux + vy = 0 无旋判断 算涡量 ωz = vx − uy 速度势 对速度分量积分 u = φx , v = φy 流函数 对速度分量积分 u = ψy , v = −ψx 平板剪切流 用边界条件定线性分布 u = U0 y/h",流体运动学/连续/流线迹线,P1 > 连续性；Q1 > 迹线/流线/脉线；M18 > 往年题可能问法；M23 > 概念短答库；T6 > 常见问法到答案,P1,先判速度场/描述方法；写连续、旋度、流线/迹线微分式；概念题直接用 M18/M23 的一句话答案；应力题转 Q1 张量模板。,1. 先按题干关键词选模型；2. 在 v80 对应页写首个控制方程/公式；3. 把题给几何、单位和边界条件代入；4. 做代数求解或列出需要查图查表的位置；5. 检查单位、方向、绝压/表压或适用条件。,若要求长篇推导或复杂坐标变换，仍需教材细节；v80 已足够支撑多数简答和基础计算过程。 v67 已补推导题固定结构，v69/v80 补截面、边界条件和概念收口检查。 v80 保留新题定位入口、非定常 Bernoulli 推导条件、速度势单值/路径无关证明、Lagrange/Kelvin 可抄证明句、涡管强度 ΩA 守恒、涡量矩模板、自由射流动量通量和 RTT 入口，并补纳维-斯托克斯原词、圆管断面速度分布原词、渐变流测压管水头；更长证明仍需教材措辞。,主题命中“流体运动学/连续/流线迹线”，v80 基础过程覆盖约 85%。；题目要求推导或定义积分；v80 有 M24/M25/M26 骨架，但完整推导仍扣少量严谨性分。,7.7,10.0,77.0,中高,
Q0234,课本/作业整理题,D:\虚拟C盘\学习\流体力学\第5-8章作业与复习_整理\第5章第6章流体力学作业_标准教案.pdf,第5章第6章流体力学作业_标准教案.pdf,3,3. 第 5 章题 3 要画简图，说明为什么 120◦ 对应倾斜段与水平成 30◦ 。,概念简答/定义解释,M18 > 往年题可能问法：一句话答案；M23 > 概念短答库；R6 > 可直接抄的结论句；M9 > 高频小问速答；M12 > 概念题保底,无直接页码,先定位 M18/M23/R6 的可抄定义句；按“定义一句+原因一句+后果一句”写；若有公式页，再补适用条件和易错点。,1. 先按题干关键词选模型；2. 在 v80 对应页写首个控制方程/公式；3. 把题给几何、单位和边界条件代入；4. 做代数求解或列出需要查图查表的位置；5. 检查单位、方向、绝压/表压或适用条件。,v80 已显著补强短答，但长论述、实验现象细节和教材原话仍可能扣少量分。 v67 补长论述结构，v69 补读图/收口检查，v80 补层流/湍流/渐变流可抄定义；教材原话仍可能扣分。 v80 已补 N-S 各项标准意义、控制体外力组成、层/湍速度剖面、Boussinesq 涡黏、水击波速因素、孔板/自由射流概念、渐变流测压管水头、Ma 物理意义与 0.3 判据、深水波定义、RTT 守恒入口、完全/部分相似短答和标准四行答案模板，适合先写过程分。,主题命中“概念简答/定义解释”，v80 基础过程覆盖约 89%。；仍依赖教材图表或读图；v80 有小查表/查表动作和收口模板，但不是完整数值表。,8.5,10.0,85.0,中,
Q0235,课本/作业整理题,D:\虚拟C盘\学习\流体力学\第5-8章作业与复习_整理\第5章第6章流体力学作业_标准教案.pdf,第5章第6章流体力学作业_标准教案.pdf,4,4. 第 6 章题 1、题 2 要放在一起讲：一个求速度势，一个同时求流函数和速度势。,势流/圆柱/镜像/升力,P2 > 基本流表；P2 > 圆柱绕流；Q3 > 势流题库速解；T2/T3 > 原题压缩收录；R6 > 结论句,P2,先搭基元叠加或圆柱绕流模型；求速度场和 Cp；再用 Bernoulli 求压力，沿边界积分力；环量题写 Kutta-Joukowski 升力。,1. 写 phi/psi 或基元叠加；2. 求速度分量；3. 用 Bernoulli 得压力或 Cp；4. 沿边界积分压力分量；5. 说明理想势流假设和单位展长。,半圆柱/开孔/镜像图的几何积分限仍要读图；真实阻力不能用理想势流满分解释。 v80 保留薄板小攻角环量估计和 Kutta 升力收口；复杂构形仍需正确选镜像/基元。,主题命中“势流/圆柱/镜像/升力”，v80 基础过程覆盖约 82%。,8.2,10.0,82.0,中,
Q0236,课本/作业整理题,D:\虚拟C盘\学习\流体力学\第5-8章作业与复习_整理\第5章第6章流体力学作业_标准教案.tex,第5章第6章流体力学作业_标准教案.tex,未编号,本次讲解的目标不是单纯给出答案，而是让学生掌握三类常见题型的基本套路：,概念简答/定义解释,M18 > 往年题可能问法：一句话答案；M23 > 概念短答库；R6 > 可直接抄的结论句；M9 > 高频小问速答；M12 > 概念题保底,无直接页码,先定位 M18/M23/R6 的可抄定义句；按“定义一句+原因一句+后果一句”写；若有公式页，再补适用条件和易错点。,1. 先按题干关键词选模型；2. 在 v80 对应页写首个控制方程/公式；3. 把题给几何、单位和边界条件代入；4. 做代数求解或列出需要查图查表的位置；5. 检查单位、方向、绝压/表压或适用条件。,v80 已显著补强短答，但长论述、实验现象细节和教材原话仍可能扣少量分。 v67 补长论述结构，v69 补读图/收口检查，v80 补层流/湍流/渐变流可抄定义；教材原话仍可能扣分。 v80 已补 N-S 各项标准意义、控制体外力组成、层/湍速度剖面、Boussinesq 涡黏、水击波速因素、孔板/自由射流概念、渐变流测压管水头、Ma 物理意义与 0.3 判据、深水波定义、RTT 守恒入口、完全/部分相似短答和标准四行答案模板，适合先写过程分。,主题命中“概念简答/定义解释”，v80 基础过程覆盖约 89%。,8.9,10.0,89.0,中,
Q0237,课本/作业整理题,D:\虚拟C盘\学习\流体力学\第5-8章作业与复习_整理\第5章第6章流体力学作业_标准教案.tex,第5章第6章流体力学作业_标准教案.tex,未编号,\begin{enumerate} \item 会用速度环量定义判断闭合曲线上的环量。 \item 会用理想不可压流体的连续方程和非定常伯努利方程求压力场。 \item 会用一维非定常运动方程分析管内水柱刚启动时的压力分布。 \item 会判断二维速度场是否不可压、是否无旋，并求速度势函数和流函数。 \item 会写出简单剪切流速度分布、流函数和单位宽度体积流量。 \end{enumerate},流体运动学/连续/流线迹线,P1 > 连续性；Q1 > 迹线/流线/脉线；M18 > 往年题可能问法；M23 > 概念短答库；T6 > 常见问法到答案,P1,先判速度场/描述方法；写连续、旋度、流线/迹线微分式；概念题直接用 M18/M23 的一句话答案；应力题转 Q1 张量模板。,1. 先按题干关键词选模型；2. 在 v80 对应页写首个控制方程/公式；3. 把题给几何、单位和边界条件代入；4. 做代数求解或列出需要查图查表的位置；5. 检查单位、方向、绝压/表压或适用条件。,若要求长篇推导或复杂坐标变换，仍需教材细节；v80 已足够支撑多数简答和基础计算过程。 v67 已补推导题固定结构，v69/v80 补截面、边界条件和概念收口检查。 v80 保留新题定位入口、非定常 Bernoulli 推导条件、速度势单值/路径无关证明、Lagrange/Kelvin 可抄证明句、涡管强度 ΩA 守恒、涡量矩模板、自由射流动量通量和 RTT 入口，并补纳维-斯托克斯原词、圆管断面速度分布原词、渐变流测压管水头；更长证明仍需教材措辞。,主题命中“流体运动学/连续/流线迹线”，v80 基础过程覆盖约 85%。；题型偏概念简答；v80 已有短答库，但非对应专栏仍扣少量组织分。,7.9,10.0,79.0,中高,
Q0238,课本/作业整理题,D:\虚拟C盘\学习\流体力学\第5-8章作业与复习_整理\第5章第6章流体力学作业_标准教案.tex,第5章第6章流体力学作业_标准教案.tex,未编号,"\paragraph{题意} v_r=ar,\qquad v_\theta=0, 其中 $a$ 为常数。求图示闭合曲线沿路径方向的速度环量。",势流/圆柱/镜像/升力,P2 > 基本流表；P2 > 圆柱绕流；Q3 > 势流题库速解；T2/T3 > 原题压缩收录；R6 > 结论句,P2,先搭基元叠加或圆柱绕流模型；求速度场和 Cp；再用 Bernoulli 求压力，沿边界积分力；环量题写 Kutta-Joukowski 升力。,1. 写 phi/psi 或基元叠加；2. 求速度分量；3. 用 Bernoulli 得压力或 Cp；4. 沿边界积分压力分量；5. 说明理想势流假设和单位展长。,半圆柱/开孔/镜像图的几何积分限仍要读图；真实阻力不能用理想势流满分解释。 v80 保留薄板小攻角环量估计和 Kutta 升力收口；复杂构形仍需正确选镜像/基元。,主题命中“势流/圆柱/镜像/升力”，v80 基础过程覆盖约 82%。；仍依赖教材图表或读图；v80 有小查表/查表动作和收口模板，但不是完整数值表。,7.8,10.0,78.0,中,
Q0239,课本/作业整理题,D:\虚拟C盘\学习\流体力学\第5-8章作业与复习_整理\第5章第6章流体力学作业_标准教案.tex,第5章第6章流体力学作业_标准教案.tex,未编号,\paragraph{板书步骤} 速度环量定义为 \Gamma=\oint_C \bm V\cdot \dd \bm s .,概念简答/定义解释,M18 > 往年题可能问法：一句话答案；M23 > 概念短答库；R6 > 可直接抄的结论句；M9 > 高频小问速答；M12 > 概念题保底,无直接页码,先定位 M18/M23/R6 的可抄定义句；按“定义一句+原因一句+后果一句”写；若有公式页，再补适用条件和易错点。,1. 先按题干关键词选模型；2. 在 v80 对应页写首个控制方程/公式；3. 把题给几何、单位和边界条件代入；4. 做代数求解或列出需要查图查表的位置；5. 检查单位、方向、绝压/表压或适用条件。,v80 已显著补强短答，但长论述、实验现象细节和教材原话仍可能扣少量分。 v67 补长论述结构，v69 补读图/收口检查，v80 补层流/湍流/渐变流可抄定义；教材原话仍可能扣分。 v80 已补 N-S 各项标准意义、控制体外力组成、层/湍速度剖面、Boussinesq 涡黏、水击波速因素、孔板/自由射流概念、渐变流测压管水头、Ma 物理意义与 0.3 判据、深水波定义、RTT 守恒入口、完全/部分相似短答和标准四行答案模板，适合先写过程分。,主题命中“概念简答/定义解释”，v80 基础过程覆盖约 89%。,8.9,10.0,89.0,中,
Q0240,课本/作业整理题,D:\虚拟C盘\学习\流体力学\第5-8章作业与复习_整理\第5章第6章流体力学作业_标准教案.tex,第5章第6章流体力学作业_标准教案.tex,未编号,\paragraph{题意} 原静止无界理想均质不可压流体中，有一球形物体，其半径按 R(t)=1+3t 膨胀。已知无穷远处压力为 $\pinf$，流体密度为 $\rho$，质量力忽略，求压力场。,量纲分析/相似准则,P1 > 量纲分析模板；M25 > 量纲相似+推导骨架；M4 > 流程H；M6 > 标准解模板：相似；M13 > 模型律；M26 > 管路/模型,P1,列变量和基本量纲；选量纲独立且不含待求量的重复变量；逐个令 pi=X rho^a V^b L^c 求指数；最后用 M26 的 F~rho V^2 L^2、Delta p~rho V^2、Fr/Re 缩尺速度比做换算。,1. 先按题干关键词选模型；2. 在 v80 对应页写首个控制方程/公式；3. 把题给几何、单位和边界条件代入；4. 做代数求解或列出需要查图查表的位置；5. 检查单位、方向、绝压/表压或适用条件。,"若变量很冷门或需完整实验相似设计，仍需教材解释；v80 补了常见模型力、压强和速度比例换算。 v80 已补 Buckingham pi 五步流程和 Re/Fr/Ma/We/Eu 判据表；复杂多变量推导仍需手算。 v80 已补模型换算库 Q,t,f,F,Delta p,M,P 和 Re/Fr 冲突答题句；复杂 pi 群仍需手算。 v80 保留量纲齐次/Rayleigh 指数配平、完全/部分相似及 Re/Fr 冲突说明、关键词到 π 群的定位入口、球阻力 CD=f(Re) 标准推导，并补量纲公式、雷诺相似、自模化和压力系数 Cp/Eu 定义；冷门变量仍需逐项列量纲。",主题命中“量纲分析/相似准则”，v80 基础过程覆盖约 86%。；题目要求推导或定义积分；v80 有 M24/M25/M26 骨架，但完整推导仍扣少量严谨性分。,7.8,10.0,78.0,中高,
Q0241,课本/作业整理题,D:\虚拟C盘\学习\流体力学\第5-8章作业与复习_整理\第5章第6章流体力学作业_标准教案.tex,第5章第6章流体力学作业_标准教案.tex,未编号,\paragraph{讲解思路} 这题分三步： \begin{enumerate} \item 由球对称连续方程求 $v_r$。 \item 由 $v_r=\partial\varphi/\partial r$ 求速度势。 \item 代入非定常伯努利方程求压力。 \end{enumerate},流体运动学/连续/流线迹线,P1 > 连续性；Q1 > 迹线/流线/脉线；M18 > 往年题可能问法；M23 > 概念短答库；T6 > 常见问法到答案,P1,先判速度场/描述方法；写连续、旋度、流线/迹线微分式；概念题直接用 M18/M23 的一句话答案；应力题转 Q1 张量模板。,1. 先按题干关键词选模型；2. 在 v80 对应页写首个控制方程/公式；3. 把题给几何、单位和边界条件代入；4. 做代数求解或列出需要查图查表的位置；5. 检查单位、方向、绝压/表压或适用条件。,若要求长篇推导或复杂坐标变换，仍需教材细节；v80 已足够支撑多数简答和基础计算过程。 v67 已补推导题固定结构，v69/v80 补截面、边界条件和概念收口检查。 v80 保留新题定位入口、非定常 Bernoulli 推导条件、速度势单值/路径无关证明、Lagrange/Kelvin 可抄证明句、涡管强度 ΩA 守恒、涡量矩模板、自由射流动量通量和 RTT 入口，并补纳维-斯托克斯原词、圆管断面速度分布原词、渐变流测压管水头；更长证明仍需教材措辞。,主题命中“流体运动学/连续/流线迹线”，v80 基础过程覆盖约 85%。,8.5,10.0,85.0,中高,
Q0242,课本/作业整理题,D:\虚拟C盘\学习\流体力学\第5-8章作业与复习_整理\第5章第6章流体力学作业_标准教案.tex,第5章第6章流体力学作业_标准教案.tex,未编号,图(a) 中竖直段长 $L_1$，倾斜段长 $L_2$，求 $t=0$ 阀门刚打开时管内压力分布。,概念简答/定义解释,M18 > 往年题可能问法：一句话答案；M23 > 概念短答库；R6 > 可直接抄的结论句；M9 > 高频小问速答；M12 > 概念题保底,无直接页码,先定位 M18/M23/R6 的可抄定义句；按“定义一句+原因一句+后果一句”写；若有公式页，再补适用条件和易错点。,1. 先按题干关键词选模型；2. 在 v80 对应页写首个控制方程/公式；3. 把题给几何、单位和边界条件代入；4. 做代数求解或列出需要查图查表的位置；5. 检查单位、方向、绝压/表压或适用条件。,v80 已显著补强短答，但长论述、实验现象细节和教材原话仍可能扣少量分。 v67 补长论述结构，v69 补读图/收口检查，v80 补层流/湍流/渐变流可抄定义；教材原话仍可能扣分。 v80 已补 N-S 各项标准意义、控制体外力组成、层/湍速度剖面、Boussinesq 涡黏、水击波速因素、孔板/自由射流概念、渐变流测压管水头、Ma 物理意义与 0.3 判据、深水波定义、RTT 守恒入口、完全/部分相似短答和标准四行答案模板，适合先写过程分。,主题命中“概念简答/定义解释”，v80 基础过程覆盖约 89%。；仍依赖教材图表或读图；v80 有小查表/查表动作和收口模板，但不是完整数值表。,8.5,10.0,85.0,中,
Q0243,课本/作业整理题,D:\虚拟C盘\学习\流体力学\第5-8章作业与复习_整理\第5章第6章流体力学作业_标准教案.tex,第5章第6章流体力学作业_标准教案.tex,未编号,图(b) 中初始时只有倾斜段内盛满水，求打开阀门后水流光所需时间。,概念简答/定义解释,M18 > 往年题可能问法：一句话答案；M23 > 概念短答库；R6 > 可直接抄的结论句；M9 > 高频小问速答；M12 > 概念题保底,无直接页码,先定位 M18/M23/R6 的可抄定义句；按“定义一句+原因一句+后果一句”写；若有公式页，再补适用条件和易错点。,1. 先按题干关键词选模型；2. 在 v80 对应页写首个控制方程/公式；3. 把题给几何、单位和边界条件代入；4. 做代数求解或列出需要查图查表的位置；5. 检查单位、方向、绝压/表压或适用条件。,v80 已显著补强短答，但长论述、实验现象细节和教材原话仍可能扣少量分。 v67 补长论述结构，v69 补读图/收口检查，v80 补层流/湍流/渐变流可抄定义；教材原话仍可能扣分。 v80 已补 N-S 各项标准意义、控制体外力组成、层/湍速度剖面、Boussinesq 涡黏、水击波速因素、孔板/自由射流概念、渐变流测压管水头、Ma 物理意义与 0.3 判据、深水波定义、RTT 守恒入口、完全/部分相似短答和标准四行答案模板，适合先写过程分。,主题命中“概念简答/定义解释”，v80 基础过程覆盖约 89%。；仍依赖教材图表或读图；v80 有小查表/查表动作和收口模板，但不是完整数值表。,8.5,10.0,85.0,中,
Q0244,课本/作业整理题,D:\虚拟C盘\学习\流体力学\第5-8章作业与复习_整理\第5章第6章流体力学作业_标准教案.tex,第5章第6章流体力学作业_标准教案.tex,未编号,\subsection*{题1：由速度场求速度势},流体运动学/连续/流线迹线,P1 > 连续性；Q1 > 迹线/流线/脉线；M18 > 往年题可能问法；M23 > 概念短答库；T6 > 常见问法到答案,P1,先判速度场/描述方法；写连续、旋度、流线/迹线微分式；概念题直接用 M18/M23 的一句话答案；应力题转 Q1 张量模板。,1. 先按题干关键词选模型；2. 在 v80 对应页写首个控制方程/公式；3. 把题给几何、单位和边界条件代入；4. 做代数求解或列出需要查图查表的位置；5. 检查单位、方向、绝压/表压或适用条件。,若要求长篇推导或复杂坐标变换，仍需教材细节；v80 已足够支撑多数简答和基础计算过程。 v67 已补推导题固定结构，v69/v80 补截面、边界条件和概念收口检查。 v80 保留新题定位入口、非定常 Bernoulli 推导条件、速度势单值/路径无关证明、Lagrange/Kelvin 可抄证明句、涡管强度 ΩA 守恒、涡量矩模板、自由射流动量通量和 RTT 入口，并补纳维-斯托克斯原词、圆管断面速度分布原词、渐变流测压管水头；更长证明仍需教材措辞。,主题命中“流体运动学/连续/流线迹线”，v80 基础过程覆盖约 85%。,8.5,10.0,85.0,中,
Q0245,课本/作业整理题,D:\虚拟C盘\学习\流体力学\第5-8章作业与复习_整理\第5章第6章流体力学作业_标准教案.tex,第5章第6章流体力学作业_标准教案.tex,未编号,"\paragraph{题意} 给定无旋流场 u=3x^2-3y^2,\qquad v=-6xy,\qquad w=0. 求速度势。",流体运动学/连续/流线迹线,P1 > 连续性；Q1 > 迹线/流线/脉线；M18 > 往年题可能问法；M23 > 概念短答库；T6 > 常见问法到答案,P1,先判速度场/描述方法；写连续、旋度、流线/迹线微分式；概念题直接用 M18/M23 的一句话答案；应力题转 Q1 张量模板。,1. 先按题干关键词选模型；2. 在 v80 对应页写首个控制方程/公式；3. 把题给几何、单位和边界条件代入；4. 做代数求解或列出需要查图查表的位置；5. 检查单位、方向、绝压/表压或适用条件。,若要求长篇推导或复杂坐标变换，仍需教材细节；v80 已足够支撑多数简答和基础计算过程。 v67 已补推导题固定结构，v69/v80 补截面、边界条件和概念收口检查。 v80 保留新题定位入口、非定常 Bernoulli 推导条件、速度势单值/路径无关证明、Lagrange/Kelvin 可抄证明句、涡管强度 ΩA 守恒、涡量矩模板、自由射流动量通量和 RTT 入口，并补纳维-斯托克斯原词、圆管断面速度分布原词、渐变流测压管水头；更长证明仍需教材措辞。,主题命中“流体运动学/连续/流线迹线”，v80 基础过程覆盖约 85%。,8.5,10.0,85.0,中,
Q0246,课本/作业整理题,D:\虚拟C盘\学习\流体力学\第5-8章作业与复习_整理\第5章第6章流体力学作业_标准教案.tex,第5章第6章流体力学作业_标准教案.tex,未编号,"\paragraph{讲解思路} 先说明速度势的定义： u=\frac{\partial\varphi}{\partial x},\qquad v=\frac{\partial\varphi}{\partial y}. 然后对 $u$ 关于 $x$ 积分，再用 $v$ 校正关于 $y$ 的未知函数。",概念简答/定义解释,M18 > 往年题可能问法：一句话答案；M23 > 概念短答库；R6 > 可直接抄的结论句；M9 > 高频小问速答；M12 > 概念题保底,无直接页码,先定位 M18/M23/R6 的可抄定义句；按“定义一句+原因一句+后果一句”写；若有公式页，再补适用条件和易错点。,1. 先按题干关键词选模型；2. 在 v80 对应页写首个控制方程/公式；3. 把题给几何、单位和边界条件代入；4. 做代数求解或列出需要查图查表的位置；5. 检查单位、方向、绝压/表压或适用条件。,v80 已显著补强短答，但长论述、实验现象细节和教材原话仍可能扣少量分。 v67 补长论述结构，v69 补读图/收口检查，v80 补层流/湍流/渐变流可抄定义；教材原话仍可能扣分。 v80 已补 N-S 各项标准意义、控制体外力组成、层/湍速度剖面、Boussinesq 涡黏、水击波速因素、孔板/自由射流概念、渐变流测压管水头、Ma 物理意义与 0.3 判据、深水波定义、RTT 守恒入口、完全/部分相似短答和标准四行答案模板，适合先写过程分。,主题命中“概念简答/定义解释”，v80 基础过程覆盖约 89%。,8.9,10.0,89.0,中高,
Q0247,课本/作业整理题,D:\虚拟C盘\学习\流体力学\第5-8章作业与复习_整理\第5章第6章流体力学作业_标准教案.tex,第5章第6章流体力学作业_标准教案.tex,未编号,再对 $y$ 求偏导： \frac{\partial\varphi}{\partial y} =-6xy+f'(y).,量纲分析/相似准则,P1 > 量纲分析模板；M25 > 量纲相似+推导骨架；M4 > 流程H；M6 > 标准解模板：相似；M13 > 模型律；M26 > 管路/模型,P1,列变量和基本量纲；选量纲独立且不含待求量的重复变量；逐个令 pi=X rho^a V^b L^c 求指数；最后用 M26 的 F~rho V^2 L^2、Delta p~rho V^2、Fr/Re 缩尺速度比做换算。,1. 先按题干关键词选模型；2. 在 v80 对应页写首个控制方程/公式；3. 把题给几何、单位和边界条件代入；4. 做代数求解或列出需要查图查表的位置；5. 检查单位、方向、绝压/表压或适用条件。,"若变量很冷门或需完整实验相似设计，仍需教材解释；v80 补了常见模型力、压强和速度比例换算。 v80 已补 Buckingham pi 五步流程和 Re/Fr/Ma/We/Eu 判据表；复杂多变量推导仍需手算。 v80 已补模型换算库 Q,t,f,F,Delta p,M,P 和 Re/Fr 冲突答题句；复杂 pi 群仍需手算。 v80 保留量纲齐次/Rayleigh 指数配平、完全/部分相似及 Re/Fr 冲突说明、关键词到 π 群的定位入口、球阻力 CD=f(Re) 标准推导，并补量纲公式、雷诺相似、自模化和压力系数 Cp/Eu 定义；冷门变量仍需逐项列量纲。",主题命中“量纲分析/相似准则”，v80 基础过程覆盖约 86%。,8.6,10.0,86.0,中,
Q0248,课本/作业整理题,D:\虚拟C盘\学习\流体力学\第5-8章作业与复习_整理\第5章第6章流体力学作业_标准教案.tex,第5章第6章流体力学作业_标准教案.tex,未编号,v=-6xy 比较，得 f'(y)=0.,概念简答/定义解释,M18 > 往年题可能问法：一句话答案；M23 > 概念短答库；R6 > 可直接抄的结论句；M9 > 高频小问速答；M12 > 概念题保底,无直接页码,先定位 M18/M23/R6 的可抄定义句；按“定义一句+原因一句+后果一句”写；若有公式页，再补适用条件和易错点。,1. 先按题干关键词选模型；2. 在 v80 对应页写首个控制方程/公式；3. 把题给几何、单位和边界条件代入；4. 做代数求解或列出需要查图查表的位置；5. 检查单位、方向、绝压/表压或适用条件。,v80 已显著补强短答，但长论述、实验现象细节和教材原话仍可能扣少量分。 v67 补长论述结构，v69 补读图/收口检查，v80 补层流/湍流/渐变流可抄定义；教材原话仍可能扣分。 v80 已补 N-S 各项标准意义、控制体外力组成、层/湍速度剖面、Boussinesq 涡黏、水击波速因素、孔板/自由射流概念、渐变流测压管水头、Ma 物理意义与 0.3 判据、深水波定义、RTT 守恒入口、完全/部分相似短答和标准四行答案模板，适合先写过程分。,主题命中“概念简答/定义解释”，v80 基础过程覆盖约 89%。,8.9,10.0,89.0,中,
Q0249,课本/作业整理题,D:\虚拟C盘\学习\流体力学\第5-8章作业与复习_整理\第5章第6章流体力学作业_标准教案.tex,第5章第6章流体力学作业_标准教案.tex,未编号,\subsection*{题2：判断不可压、无旋，并求流函数和势函数},势流/圆柱/镜像/升力,P2 > 基本流表；P2 > 圆柱绕流；Q3 > 势流题库速解；T2/T3 > 原题压缩收录；R6 > 结论句,P2,先搭基元叠加或圆柱绕流模型；求速度场和 Cp；再用 Bernoulli 求压力，沿边界积分力；环量题写 Kutta-Joukowski 升力。,1. 写 phi/psi 或基元叠加；2. 求速度分量；3. 用 Bernoulli 得压力或 Cp；4. 沿边界积分压力分量；5. 说明理想势流假设和单位展长。,半圆柱/开孔/镜像图的几何积分限仍要读图；真实阻力不能用理想势流满分解释。 v80 保留薄板小攻角环量估计和 Kutta 升力收口；复杂构形仍需正确选镜像/基元。,主题命中“势流/圆柱/镜像/升力”，v80 基础过程覆盖约 82%。,8.2,10.0,82.0,中,
Q0250,课本/作业整理题,D:\虚拟C盘\学习\流体力学\第5-8章作业与复习_整理\第5章第6章流体力学作业_标准教案.tex,第5章第6章流体力学作业_标准教案.tex,未编号,"\paragraph{题意} 已知速度场 u=2cxy,\qquad v=c(a^2+x^2-y^2). 判断是否满足不可压连续方程，是否有旋；若有势，求速度势函数；并写出流函数和流线方程。",流体运动学/连续/流线迹线,P1 > 连续性；Q1 > 迹线/流线/脉线；M18 > 往年题可能问法；M23 > 概念短答库；T6 > 常见问法到答案,P1,先判速度场/描述方法；写连续、旋度、流线/迹线微分式；概念题直接用 M18/M23 的一句话答案；应力题转 Q1 张量模板。,1. 先按题干关键词选模型；2. 在 v80 对应页写首个控制方程/公式；3. 把题给几何、单位和边界条件代入；4. 做代数求解或列出需要查图查表的位置；5. 检查单位、方向、绝压/表压或适用条件。,若要求长篇推导或复杂坐标变换，仍需教材细节；v80 已足够支撑多数简答和基础计算过程。 v67 已补推导题固定结构，v69/v80 补截面、边界条件和概念收口检查。 v80 保留新题定位入口、非定常 Bernoulli 推导条件、速度势单值/路径无关证明、Lagrange/Kelvin 可抄证明句、涡管强度 ΩA 守恒、涡量矩模板、自由射流动量通量和 RTT 入口，并补纳维-斯托克斯原词、圆管断面速度分布原词、渐变流测压管水头；更长证明仍需教材措辞。,主题命中“流体运动学/连续/流线迹线”，v80 基础过程覆盖约 85%。,8.5,10.0,85.0,中高,
Q0251,课本/作业整理题,D:\虚拟C盘\学习\流体力学\第5-8章作业与复习_整理\第5章第6章流体力学作业_标准教案.tex,第5章第6章流体力学作业_标准教案.tex,未编号,\paragraph{板书步骤一：判断不可压} 二维不可压连续方程为 \frac{\partial u}{\partial x} +\frac{\partial v}{\partial y}=0.,量纲分析/相似准则,P1 > 量纲分析模板；M25 > 量纲相似+推导骨架；M4 > 流程H；M6 > 标准解模板：相似；M13 > 模型律；M26 > 管路/模型,P1,列变量和基本量纲；选量纲独立且不含待求量的重复变量；逐个令 pi=X rho^a V^b L^c 求指数；最后用 M26 的 F~rho V^2 L^2、Delta p~rho V^2、Fr/Re 缩尺速度比做换算。,1. 先按题干关键词选模型；2. 在 v80 对应页写首个控制方程/公式；3. 把题给几何、单位和边界条件代入；4. 做代数求解或列出需要查图查表的位置；5. 检查单位、方向、绝压/表压或适用条件。,"若变量很冷门或需完整实验相似设计，仍需教材解释；v80 补了常见模型力、压强和速度比例换算。 v80 已补 Buckingham pi 五步流程和 Re/Fr/Ma/We/Eu 判据表；复杂多变量推导仍需手算。 v80 已补模型换算库 Q,t,f,F,Delta p,M,P 和 Re/Fr 冲突答题句；复杂 pi 群仍需手算。 v80 保留量纲齐次/Rayleigh 指数配平、完全/部分相似及 Re/Fr 冲突说明、关键词到 π 群的定位入口、球阻力 CD=f(Re) 标准推导，并补量纲公式、雷诺相似、自模化和压力系数 Cp/Eu 定义；冷门变量仍需逐项列量纲。",主题命中“量纲分析/相似准则”，v80 基础过程覆盖约 86%。,8.6,10.0,86.0,中高,
Q0252,课本/作业整理题,D:\虚拟C盘\学习\流体力学\第5-8章作业与复习_整理\第5章第6章流体力学作业_标准教案.tex,第5章第6章流体力学作业_标准教案.tex,未编号,"计算得 \frac{\partial u}{\partial x}=2cy, \qquad \frac{\partial v}{\partial y}=-2cy.",量纲分析/相似准则,P1 > 量纲分析模板；M25 > 量纲相似+推导骨架；M4 > 流程H；M6 > 标准解模板：相似；M13 > 模型律；M26 > 管路/模型,P1,列变量和基本量纲；选量纲独立且不含待求量的重复变量；逐个令 pi=X rho^a V^b L^c 求指数；最后用 M26 的 F~rho V^2 L^2、Delta p~rho V^2、Fr/Re 缩尺速度比做换算。,1. 先按题干关键词选模型；2. 在 v80 对应页写首个控制方程/公式；3. 把题给几何、单位和边界条件代入；4. 做代数求解或列出需要查图查表的位置；5. 检查单位、方向、绝压/表压或适用条件。,"若变量很冷门或需完整实验相似设计，仍需教材解释；v80 补了常见模型力、压强和速度比例换算。 v80 已补 Buckingham pi 五步流程和 Re/Fr/Ma/We/Eu 判据表；复杂多变量推导仍需手算。 v80 已补模型换算库 Q,t,f,F,Delta p,M,P 和 Re/Fr 冲突答题句；复杂 pi 群仍需手算。 v80 保留量纲齐次/Rayleigh 指数配平、完全/部分相似及 Re/Fr 冲突说明、关键词到 π 群的定位入口、球阻力 CD=f(Re) 标准推导，并补量纲公式、雷诺相似、自模化和压力系数 Cp/Eu 定义；冷门变量仍需逐项列量纲。",主题命中“量纲分析/相似准则”，v80 基础过程覆盖约 86%。,8.6,10.0,86.0,中高,
Q0253,课本/作业整理题,D:\虚拟C盘\学习\流体力学\第5-8章作业与复习_整理\第5章第6章流体力学作业_标准教案.tex,第5章第6章流体力学作业_标准教案.tex,未编号,\paragraph{板书步骤二：判断有旋或无旋} 涡量为 \omega_z= \frac{\partial v}{\partial x} -\frac{\partial u}{\partial y}.,流体运动学/连续/流线迹线,P1 > 连续性；Q1 > 迹线/流线/脉线；M18 > 往年题可能问法；M23 > 概念短答库；T6 > 常见问法到答案,P1,先判速度场/描述方法；写连续、旋度、流线/迹线微分式；概念题直接用 M18/M23 的一句话答案；应力题转 Q1 张量模板。,1. 先按题干关键词选模型；2. 在 v80 对应页写首个控制方程/公式；3. 把题给几何、单位和边界条件代入；4. 做代数求解或列出需要查图查表的位置；5. 检查单位、方向、绝压/表压或适用条件。,若要求长篇推导或复杂坐标变换，仍需教材细节；v80 已足够支撑多数简答和基础计算过程。 v67 已补推导题固定结构，v69/v80 补截面、边界条件和概念收口检查。 v80 保留新题定位入口、非定常 Bernoulli 推导条件、速度势单值/路径无关证明、Lagrange/Kelvin 可抄证明句、涡管强度 ΩA 守恒、涡量矩模板、自由射流动量通量和 RTT 入口，并补纳维-斯托克斯原词、圆管断面速度分布原词、渐变流测压管水头；更长证明仍需教材措辞。,主题命中“流体运动学/连续/流线迹线”，v80 基础过程覆盖约 85%。,8.5,10.0,85.0,中高,
Q0254,课本/作业整理题,D:\虚拟C盘\学习\流体力学\第5-8章作业与复习_整理\第5章第6章流体力学作业_标准教案.tex,第5章第6章流体力学作业_标准教案.tex,未编号,"计算得 \frac{\partial v}{\partial x}=2cx, \qquad \frac{\partial u}{\partial y}=2cx.",量纲分析/相似准则,P1 > 量纲分析模板；M25 > 量纲相似+推导骨架；M4 > 流程H；M6 > 标准解模板：相似；M13 > 模型律；M26 > 管路/模型,P1,列变量和基本量纲；选量纲独立且不含待求量的重复变量；逐个令 pi=X rho^a V^b L^c 求指数；最后用 M26 的 F~rho V^2 L^2、Delta p~rho V^2、Fr/Re 缩尺速度比做换算。,1. 先按题干关键词选模型；2. 在 v80 对应页写首个控制方程/公式；3. 把题给几何、单位和边界条件代入；4. 做代数求解或列出需要查图查表的位置；5. 检查单位、方向、绝压/表压或适用条件。,"若变量很冷门或需完整实验相似设计，仍需教材解释；v80 补了常见模型力、压强和速度比例换算。 v80 已补 Buckingham pi 五步流程和 Re/Fr/Ma/We/Eu 判据表；复杂多变量推导仍需手算。 v80 已补模型换算库 Q,t,f,F,Delta p,M,P 和 Re/Fr 冲突答题句；复杂 pi 群仍需手算。 v80 保留量纲齐次/Rayleigh 指数配平、完全/部分相似及 Re/Fr 冲突说明、关键词到 π 群的定位入口、球阻力 CD=f(Re) 标准推导，并补量纲公式、雷诺相似、自模化和压力系数 Cp/Eu 定义；冷门变量仍需逐项列量纲。",主题命中“量纲分析/相似准则”，v80 基础过程覆盖约 86%。,8.6,10.0,86.0,中,
Q0255,课本/作业整理题,D:\虚拟C盘\学习\流体力学\第5-8章作业与复习_整理\第5章第6章流体力学作业_标准教案.tex,第5章第6章流体力学作业_标准教案.tex,未编号,"\paragraph{板书步骤三：求流函数} 取流函数定义 u=\frac{\partial\psi}{\partial y}, \qquad v=-\frac{\partial\psi}{\partial x}.",概念简答/定义解释,M18 > 往年题可能问法：一句话答案；M23 > 概念短答库；R6 > 可直接抄的结论句；M9 > 高频小问速答；M12 > 概念题保底,无直接页码,先定位 M18/M23/R6 的可抄定义句；按“定义一句+原因一句+后果一句”写；若有公式页，再补适用条件和易错点。,1. 先按题干关键词选模型；2. 在 v80 对应页写首个控制方程/公式；3. 把题给几何、单位和边界条件代入；4. 做代数求解或列出需要查图查表的位置；5. 检查单位、方向、绝压/表压或适用条件。,v80 已显著补强短答，但长论述、实验现象细节和教材原话仍可能扣少量分。 v67 补长论述结构，v69 补读图/收口检查，v80 补层流/湍流/渐变流可抄定义；教材原话仍可能扣分。 v80 已补 N-S 各项标准意义、控制体外力组成、层/湍速度剖面、Boussinesq 涡黏、水击波速因素、孔板/自由射流概念、渐变流测压管水头、Ma 物理意义与 0.3 判据、深水波定义、RTT 守恒入口、完全/部分相似短答和标准四行答案模板，适合先写过程分。,主题命中“概念简答/定义解释”，v80 基础过程覆盖约 89%。,8.9,10.0,89.0,中高,
Q0256,课本/作业整理题,D:\虚拟C盘\学习\流体力学\第5-8章作业与复习_整理\第5章第6章流体力学作业_标准教案.tex,第5章第6章流体力学作业_标准教案.tex,未编号,"\paragraph{板书步骤四：求速度势函数} 因为流动无旋，可以引入速度势 $\varphi$： u=\frac{\partial\varphi}{\partial x}, \qquad v=\frac{\partial\varphi}{\partial y}.",量纲分析/相似准则,P1 > 量纲分析模板；M25 > 量纲相似+推导骨架；M4 > 流程H；M6 > 标准解模板：相似；M13 > 模型律；M26 > 管路/模型,P1,列变量和基本量纲；选量纲独立且不含待求量的重复变量；逐个令 pi=X rho^a V^b L^c 求指数；最后用 M26 的 F~rho V^2 L^2、Delta p~rho V^2、Fr/Re 缩尺速度比做换算。,1. 先按题干关键词选模型；2. 在 v80 对应页写首个控制方程/公式；3. 把题给几何、单位和边界条件代入；4. 做代数求解或列出需要查图查表的位置；5. 检查单位、方向、绝压/表压或适用条件。,"若变量很冷门或需完整实验相似设计，仍需教材解释；v80 补了常见模型力、压强和速度比例换算。 v80 已补 Buckingham pi 五步流程和 Re/Fr/Ma/We/Eu 判据表；复杂多变量推导仍需手算。 v80 已补模型换算库 Q,t,f,F,Delta p,M,P 和 Re/Fr 冲突答题句；复杂 pi 群仍需手算。 v80 保留量纲齐次/Rayleigh 指数配平、完全/部分相似及 Re/Fr 冲突说明、关键词到 π 群的定位入口、球阻力 CD=f(Re) 标准推导，并补量纲公式、雷诺相似、自模化和压力系数 Cp/Eu 定义；冷门变量仍需逐项列量纲。",主题命中“量纲分析/相似准则”，v80 基础过程覆盖约 86%。,8.6,10.0,86.0,中高,
Q0257,课本/作业整理题,D:\虚拟C盘\学习\流体力学\第5-8章作业与复习_整理\第5章第6章流体力学作业_标准教案.tex,第5章第6章流体力学作业_标准教案.tex,未编号,"\paragraph{易错点} \begin{itemize} \item 流函数的符号约定要固定。本教案采用 $u=\psi_y,\ v=-\psi_x$。 \item 判断有势函数前，应先检查无旋条件。 \item 求流函数时对 $y$ 积分，未知函数应写 $f(x)$；求速度势时对 $x$ 积分，未知函数应写 $f(y)$。 \end{itemize}",势流/圆柱/镜像/升力,P2 > 基本流表；P2 > 圆柱绕流；Q3 > 势流题库速解；T2/T3 > 原题压缩收录；R6 > 结论句,P2,先搭基元叠加或圆柱绕流模型；求速度场和 Cp；再用 Bernoulli 求压力，沿边界积分力；环量题写 Kutta-Joukowski 升力。,1. 写 phi/psi 或基元叠加；2. 求速度分量；3. 用 Bernoulli 得压力或 Cp；4. 沿边界积分压力分量；5. 说明理想势流假设和单位展长。,半圆柱/开孔/镜像图的几何积分限仍要读图；真实阻力不能用理想势流满分解释。 v80 保留薄板小攻角环量估计和 Kutta 升力收口；复杂构形仍需正确选镜像/基元。,主题命中“势流/圆柱/镜像/升力”，v80 基础过程覆盖约 82%。；仍依赖教材图表或读图；v80 有小查表/查表动作和收口模板，但不是完整数值表。,7.8,10.0,78.0,中高,
Q0258,课本/作业整理题,D:\虚拟C盘\学习\流体力学\第5-8章作业与复习_整理\第5章第6章流体力学作业_标准教案.tex,第5章第6章流体力学作业_标准教案.tex,未编号,\paragraph{题意} 两平板相距 $h$，下板固定，上板以速度 $U_0$ 沿 $x$ 方向做直线运动。求流函数及两平板间单位宽度体积流量 $Q$。并说明粘性流体是否可以有流函数，求流量可用哪些方法。,边界层/外绕流阻力,P6 > 平板边界层；P6 > 位移/动量厚度；M24 > 边界层积分题；Q5 > 边界层题库速解；M13 > 微题,P6,先算 Re_x/Re_L 判层流、湍流或转捩；直接题用 delta、Cf、阻力公式；速度剖面题用 M24 的 delta*、theta 和 Karman 模板；外绕流判断摩擦/压差阻力和分离。,1. 算 Re_x 或 Re_L；2. 判断层流/湍流/低 Re；3. 选厚度、Cf 或阻力公式；4. 若为厚度定义题，尝试写积分；5. 说明 v80 缺失的定义或图表。,"复杂非零压梯度动量积分、实验阻力图和扫描图数值仍需教材/图表；v80 已覆盖书10.3/10.5 常见剖面。 v80 已补 delta*, theta, H 的物理意义；复杂动量积分推导仍需手算。 v80 已补局部摩阻系数 cf、单位宽阻力 D'、CD=2theta/L、转捩位置 xcr、平板层/湍/混合阻力判定和湿表面积/迎风面积区分；复杂分离与实验阻力图仍需教材。 v80 保留给定速度剖面到 delta、theta、delta_E、tau_w、CD 的通用积分链，补强 delta、delta*、theta、delta_E 的物理意义，保留层/湍速度剖面标准句、Boussinesq 涡黏、吸气/吹气修正、自由射流动量通量入口、Theta 分离判据和 Karman--Pohlhausen 配边界步骤。",主题命中“边界层/外绕流阻力”，v80 基础过程覆盖约 87%。；题型偏概念简答；v80 已有短答库，但非对应专栏仍扣少量组织分。,8.1,10.0,81.0,中高,
Q0259,课本/作业整理题,D:\虚拟C盘\学习\流体力学\第5-8章作业与复习_整理\第5章第6章流体力学作业_标准教案.tex,第5章第6章流体力学作业_标准教案.tex,未编号,也可以用流函数差求流量： Q=\psi(h)-\psi(0).,Bernoulli/机械能/动量控制体,P1 > 控制体动量模板；P1 > 伯努利/机械能；Q2 > 弯管受力/喷嘴反力；M21 > 题图决策卡；M26 > 高频计算/查表/控制体收口,P1,先选截面，写连续和 Bernoulli/机械能；再按控制体受力图列压力力、壁面力和动量通量；多出口用 M26 通式；求出壁面对流体的力后按题问管/螺栓取反。,1. 先按题干关键词选模型；2. 在 v80 对应页写首个控制方程/公式；3. 把题给几何、单位和边界条件代入；4. 做代数求解或列出需要查图查表的位置；5. 检查单位、方向、绝压/表压或适用条件。,复杂三维受力和图中方向仍要自己画清楚；v80 已补多出口通式和喷嘴/弯管收口流程。 v69 把截面号、面积、高程、表压/绝压、CV取反和局损速度集中到读图/收口八查。 v80 保留雷诺输运、压力力方向/表压、孔板/文丘里流量计公式链，并补控制体外力组成与自由射流动量通量提示；复杂控制体仍需画受力图。,主题命中“Bernoulli/机械能/动量控制体”，v80 基础过程覆盖约 84%。,8.4,10.0,84.0,中,
Q0260,课本/作业整理题,D:\虚拟C盘\学习\流体力学\第5-8章作业与复习_整理\第5章第6章流体力学作业_标准教案.tex,第5章第6章流体力学作业_标准教案.tex,未编号,"\begin{center} \begin{tabular}{p{0.24\linewidth}p{0.34\linewidth}p{0.32\linewidth}} \toprule 题型 & 第一步 & 核心公式 \\ \midrule 环量题 & 判断速度与路径方向 & $\Gamma=\oint_C\bm V\cdot\dd\bm s$ \\ 球对称径向流 & 用球面流量守恒 & $4\pi r^2v_r=4\pi R^2\dot R$ \\ 非定常理想流压力 & 用非定常伯努利 & $\varphi_t+V^2/2+p/\rho=C(t)$ \\ 管内刚启动压力 & 用一维非定常运动方程 & $\dd p/\dd s=\rho(g_s-a)$ \\ 不可压判断 & 算速度散度 & $u_x+v_y=0$ \\ 无旋判断 & 算涡量 & $\omega_z=v_x-u_y$ \\ 速度势 & 对速度分量积分 & $u=\varphi_x,\ v=\varphi_y$ \\ 流函数 & 对速度分量积分 & $u=\psi_y,\ v=-\psi_x$ \\ 平板剪切流 & 用边界条件定线性分布 & $u=U_0y/h$ \\ \bottomrule \end{tabular} \end{center}",流体运动学/连续/流线迹线,P1 > 连续性；Q1 > 迹线/流线/脉线；M18 > 往年题可能问法；M23 > 概念短答库；T6 > 常见问法到答案,P1,先判速度场/描述方法；写连续、旋度、流线/迹线微分式；概念题直接用 M18/M23 的一句话答案；应力题转 Q1 张量模板。,1. 先按题干关键词选模型；2. 在 v80 对应页写首个控制方程/公式；3. 把题给几何、单位和边界条件代入；4. 做代数求解或列出需要查图查表的位置；5. 检查单位、方向、绝压/表压或适用条件。,若要求长篇推导或复杂坐标变换，仍需教材细节；v80 已足够支撑多数简答和基础计算过程。 v67 已补推导题固定结构，v69/v80 补截面、边界条件和概念收口检查。 v80 保留新题定位入口、非定常 Bernoulli 推导条件、速度势单值/路径无关证明、Lagrange/Kelvin 可抄证明句、涡管强度 ΩA 守恒、涡量矩模板、自由射流动量通量和 RTT 入口，并补纳维-斯托克斯原词、圆管断面速度分布原词、渐变流测压管水头；更长证明仍需教材措辞。,主题命中“流体运动学/连续/流线迹线”，v80 基础过程覆盖约 85%。；题目要求推导或定义积分；v80 有 M24/M25/M26 骨架，但完整推导仍扣少量严谨性分。,7.7,10.0,77.0,中高,
Q0261,课本/作业整理题,D:\虚拟C盘\学习\流体力学\第5-8章作业与复习_整理\第5章第6章流体力学作业_标准教案.tex,第5章第6章流体力学作业_标准教案.tex,未编号,\begin{enumerate} \item 先讲第5章题1，让学生重新熟悉“点乘”和“路径方向”的关系。 \item 再讲书4.12，重点强调非定常伯努利方程中的 $\partial\varphi/\partial t$。 \item 第5章题3要画简图，说明为什么 $120^\circ$ 对应倾斜段与水平成 $30^\circ$。 \item 第6章题1、题2要放在一起讲：一个求速度势，一个同时求流函数和速度势。 \item 第6章题3作为收尾，强调“粘性流体也可以有流函数，只要二维不可压缩即可”。 \end{enumerate},概念简答/定义解释,M18 > 往年题可能问法：一句话答案；M23 > 概念短答库；R6 > 可直接抄的结论句；M9 > 高频小问速答；M12 > 概念题保底,无直接页码,先定位 M18/M23/R6 的可抄定义句；按“定义一句+原因一句+后果一句”写；若有公式页，再补适用条件和易错点。,1. 先按题干关键词选模型；2. 在 v80 对应页写首个控制方程/公式；3. 把题给几何、单位和边界条件代入；4. 做代数求解或列出需要查图查表的位置；5. 检查单位、方向、绝压/表压或适用条件。,v80 已显著补强短答，但长论述、实验现象细节和教材原话仍可能扣少量分。 v67 补长论述结构，v69 补读图/收口检查，v80 补层流/湍流/渐变流可抄定义；教材原话仍可能扣分。 v80 已补 N-S 各项标准意义、控制体外力组成、层/湍速度剖面、Boussinesq 涡黏、水击波速因素、孔板/自由射流概念、渐变流测压管水头、Ma 物理意义与 0.3 判据、深水波定义、RTT 守恒入口、完全/部分相似短答和标准四行答案模板，适合先写过程分。,主题命中“概念简答/定义解释”，v80 基础过程覆盖约 89%。；仍依赖教材图表或读图；v80 有小查表/查表动作和收口模板，但不是完整数值表。,8.5,10.0,85.0,中高,
Q0262,课本/作业整理题,D:\虚拟C盘\学习\流体力学\第5-8章作业与复习_整理\第8章粘性流动作业1_完整答案.pdf,第8章粘性流动作业1_完整答案.pdf,1,1. 判断层流或湍流 圆管流动雷诺数为 Re = . (1) 1 × 0.2 Re = = 2.0 × 105 . 1 × 10−6 远大于临界值，故为湍流： 湍流 . (2),粘性管路/沿程局部损失/泵水轮机,P5 > 管路损失；Q5 > 粘性流动题库速解；M21 > 题图决策卡；M22 > 误判；M26 > 管路/模型,P5,由 Q 求 V，算 Re，判层/湍；层流用 H-P 或 64/Re，光滑湍流可用 0.3164/Re^(1/4)，粗糙管查 Moody；局部损失用所在管段速度；汇总后代入机械能求目标量。,1. 由 Q 和管径求 V；2. 算 Re 判断层流/湍流；3. 取 lambda 或查 Moody/Colebrook；4. 汇总沿程/局部损失；5. 代入机械能方程求目标量。,局部损失系数、粗糙度和物性仍需题给或查教材；v80 明确了 Moody、光滑管和局部损失速度的收口。 v80 保留管路机械能、沿程/局部损失、泵/水轮机功率、Moody/Colebrook 入口，并补圆管层流抛物线速度分布、湍流丰满剖面和平均/最大速度易错。,主题命中“粘性管路/沿程局部损失/泵水轮机”，v80 基础过程覆盖约 85%。,8.5,10.0,85.0,中高,
Q0263,课本/作业整理题,D:\虚拟C盘\学习\流体力学\第5-8章作业与复习_整理\第8章粘性流动作业1_完整答案.pdf,第8章粘性流动作业1_完整答案.pdf,9,"9. 证明静止物面上 Ω · n = 0 在静止固体壁面上，粘性流体满足无滑移条件。取壁面局部坐标，使 x, y 为壁面切向 坐标，z 为法向坐标。则壁面为 z = 0，法向量为 n = k. 无滑移条件给出 u(x, y, 0) = 0, v(x, y, 0) = 0, w(x, y, 0) = 0. 涡量的法向分量为 ∂v ∂u Ω · n = Ωz = − . ∂x ∂y 因为在壁面上 u 和 v 沿整个壁面均为零，所以它们沿壁面切向的导数也为零： ∂v ∂u = 0, = 0. ∂x z=0 ∂y z=0 Ωz |z=0 = 0. Ω · n = 0. 物理解释：静止壁面上任意贴壁小闭合曲线的速度环量为零，因此穿过该小面积的涡 通量也为零。 8",粘性管路/沿程局部损失/泵水轮机,P5 > 管路损失；Q5 > 粘性流动题库速解；M21 > 题图决策卡；M22 > 误判；M26 > 管路/模型,P5,由 Q 求 V，算 Re，判层/湍；层流用 H-P 或 64/Re，光滑湍流可用 0.3164/Re^(1/4)，粗糙管查 Moody；局部损失用所在管段速度；汇总后代入机械能求目标量。,1. 由 Q 和管径求 V；2. 算 Re 判断层流/湍流；3. 取 lambda 或查 Moody/Colebrook；4. 汇总沿程/局部损失；5. 代入机械能方程求目标量。,局部损失系数、粗糙度和物性仍需题给或查教材；v80 明确了 Moody、光滑管和局部损失速度的收口。 v80 保留管路机械能、沿程/局部损失、泵/水轮机功率、Moody/Colebrook 入口，并补圆管层流抛物线速度分布、湍流丰满剖面和平均/最大速度易错。,主题命中“粘性管路/沿程局部损失/泵水轮机”，v80 基础过程覆盖约 85%。；题目要求推导或定义积分；v80 有 M24/M25/M26 骨架，但完整推导仍扣少量严谨性分。；仍依赖教材图表或读图；v80 有小查表/查表动作和收口模板，但不是完整数值表。,7.3,10.0,73.0,中高,
Q0264,课本/作业整理题,D:\虚拟C盘\学习\流体力学\第5-8章作业与复习_整理\第8章粘性流动作业1_完整答案.pdf,第8章粘性流动作业1_完整答案.pdf,10,"10. 证明 ∇2ψ = −Ω 二维不可压流动中，引入流函数 ψ，取约定 ∂ψ ∂ψ u= , v=− . ∂y ∂x 涡量只有 z 方向分量： Ω = Ω(x, y)k. ∂v ∂u Ω= − . ∂x ∂y 代入流函数表达式： ∂v ∂ ∂ψ ∂ 2ψ = − = − 2, ∂x ∂x ∂x ∂x ∂u ∂ ∂ψ ∂ 2ψ = = . ∂y ∂y ∂y ∂y 2 ∂ 2ψ ∂ 2ψ Ω = − 2 − 2 = −∇2 ψ. ∂x ∂y ∇2 ψ = −Ω.",流体运动学/连续/流线迹线,P1 > 连续性；Q1 > 迹线/流线/脉线；M18 > 往年题可能问法；M23 > 概念短答库；T6 > 常见问法到答案,P1,先判速度场/描述方法；写连续、旋度、流线/迹线微分式；概念题直接用 M18/M23 的一句话答案；应力题转 Q1 张量模板。,1. 先按题干关键词选模型；2. 在 v80 对应页写首个控制方程/公式；3. 把题给几何、单位和边界条件代入；4. 做代数求解或列出需要查图查表的位置；5. 检查单位、方向、绝压/表压或适用条件。,若要求长篇推导或复杂坐标变换，仍需教材细节；v80 已足够支撑多数简答和基础计算过程。 v67 已补推导题固定结构，v69/v80 补截面、边界条件和概念收口检查。 v80 保留新题定位入口、非定常 Bernoulli 推导条件、速度势单值/路径无关证明、Lagrange/Kelvin 可抄证明句、涡管强度 ΩA 守恒、涡量矩模板、自由射流动量通量和 RTT 入口，并补纳维-斯托克斯原词、圆管断面速度分布原词、渐变流测压管水头；更长证明仍需教材措辞。,主题命中“流体运动学/连续/流线迹线”，v80 基础过程覆盖约 85%。；题目要求推导或定义积分；v80 有 M24/M25/M26 骨架，但完整推导仍扣少量严谨性分。；仍依赖教材图表或读图；v80 有小查表/查表动作和收口模板，但不是完整数值表。,7.3,10.0,73.0,中高,
Q0265,课本/作业整理题,D:\虚拟C盘\学习\流体力学\第5-8章作业与复习_整理\第8章粘性流动作业1_完整答案.tex,第8章粘性流动作业1_完整答案.tex,未编号,\section*{1. 判断层流或湍流},粘性管路/沿程局部损失/泵水轮机,P5 > 管路损失；Q5 > 粘性流动题库速解；M21 > 题图决策卡；M22 > 误判；M26 > 管路/模型,P5,由 Q 求 V，算 Re，判层/湍；层流用 H-P 或 64/Re，光滑湍流可用 0.3164/Re^(1/4)，粗糙管查 Moody；局部损失用所在管段速度；汇总后代入机械能求目标量。,1. 由 Q 和管径求 V；2. 算 Re 判断层流/湍流；3. 取 lambda 或查 Moody/Colebrook；4. 汇总沿程/局部损失；5. 代入机械能方程求目标量。,局部损失系数、粗糙度和物性仍需题给或查教材；v80 明确了 Moody、光滑管和局部损失速度的收口。 v80 保留管路机械能、沿程/局部损失、泵/水轮机功率、Moody/Colebrook 入口，并补圆管层流抛物线速度分布、湍流丰满剖面和平均/最大速度易错。,主题命中“粘性管路/沿程局部损失/泵水轮机”，v80 基础过程覆盖约 85%。,8.5,10.0,85.0,中,
Q0266,课本/作业整理题,D:\虚拟C盘\学习\流体力学\第5-8章作业与复习_整理\第8章粘性流动作业1_完整答案.tex,第8章粘性流动作业1_完整答案.tex,未编号,\section*{9. 证明静止物面上 \(\bm\Omega\cdot\bm n=0\)},概念简答/定义解释,M18 > 往年题可能问法：一句话答案；M23 > 概念短答库；R6 > 可直接抄的结论句；M9 > 高频小问速答；M12 > 概念题保底,无直接页码,先定位 M18/M23/R6 的可抄定义句；按“定义一句+原因一句+后果一句”写；若有公式页，再补适用条件和易错点。,1. 先按题干关键词选模型；2. 在 v80 对应页写首个控制方程/公式；3. 把题给几何、单位和边界条件代入；4. 做代数求解或列出需要查图查表的位置；5. 检查单位、方向、绝压/表压或适用条件。,v80 已显著补强短答，但长论述、实验现象细节和教材原话仍可能扣少量分。 v67 补长论述结构，v69 补读图/收口检查，v80 补层流/湍流/渐变流可抄定义；教材原话仍可能扣分。 v80 已补 N-S 各项标准意义、控制体外力组成、层/湍速度剖面、Boussinesq 涡黏、水击波速因素、孔板/自由射流概念、渐变流测压管水头、Ma 物理意义与 0.3 判据、深水波定义、RTT 守恒入口、完全/部分相似短答和标准四行答案模板，适合先写过程分。,主题命中“概念简答/定义解释”，v80 基础过程覆盖约 89%。；题目要求推导或定义积分；v80 有 M24/M25/M26 骨架，但完整推导仍扣少量严谨性分。,8.1,10.0,81.0,中,
Q0267,课本/作业整理题,D:\虚拟C盘\学习\流体力学\第5-8章作业与复习_整理\第8章粘性流动作业1_完整答案.tex,第8章粘性流动作业1_完整答案.tex,未编号,"无滑移条件给出 u(x,y,0)=0,\qquad v(x,y,0)=0,\qquad w(x,y,0)=0.",概念简答/定义解释,M18 > 往年题可能问法：一句话答案；M23 > 概念短答库；R6 > 可直接抄的结论句；M9 > 高频小问速答；M12 > 概念题保底,无直接页码,先定位 M18/M23/R6 的可抄定义句；按“定义一句+原因一句+后果一句”写；若有公式页，再补适用条件和易错点。,1. 先按题干关键词选模型；2. 在 v80 对应页写首个控制方程/公式；3. 把题给几何、单位和边界条件代入；4. 做代数求解或列出需要查图查表的位置；5. 检查单位、方向、绝压/表压或适用条件。,v80 已显著补强短答，但长论述、实验现象细节和教材原话仍可能扣少量分。 v67 补长论述结构，v69 补读图/收口检查，v80 补层流/湍流/渐变流可抄定义；教材原话仍可能扣分。 v80 已补 N-S 各项标准意义、控制体外力组成、层/湍速度剖面、Boussinesq 涡黏、水击波速因素、孔板/自由射流概念、渐变流测压管水头、Ma 物理意义与 0.3 判据、深水波定义、RTT 守恒入口、完全/部分相似短答和标准四行答案模板，适合先写过程分。,主题命中“概念简答/定义解释”，v80 基础过程覆盖约 89%。,8.9,10.0,89.0,中,
Q0268,课本/作业整理题,D:\虚拟C盘\学习\流体力学\第5-8章作业与复习_整理\第8章粘性流动作业1_完整答案.tex,第8章粘性流动作业1_完整答案.tex,未编号,\section*{10. 证明 \(\nabla^2\psi=-\Omega\)},概念简答/定义解释,M18 > 往年题可能问法：一句话答案；M23 > 概念短答库；R6 > 可直接抄的结论句；M9 > 高频小问速答；M12 > 概念题保底,无直接页码,先定位 M18/M23/R6 的可抄定义句；按“定义一句+原因一句+后果一句”写；若有公式页，再补适用条件和易错点。,1. 先按题干关键词选模型；2. 在 v80 对应页写首个控制方程/公式；3. 把题给几何、单位和边界条件代入；4. 做代数求解或列出需要查图查表的位置；5. 检查单位、方向、绝压/表压或适用条件。,v80 已显著补强短答，但长论述、实验现象细节和教材原话仍可能扣少量分。 v67 补长论述结构，v69 补读图/收口检查，v80 补层流/湍流/渐变流可抄定义；教材原话仍可能扣分。 v80 已补 N-S 各项标准意义、控制体外力组成、层/湍速度剖面、Boussinesq 涡黏、水击波速因素、孔板/自由射流概念、渐变流测压管水头、Ma 物理意义与 0.3 判据、深水波定义、RTT 守恒入口、完全/部分相似短答和标准四行答案模板，适合先写过程分。,主题命中“概念简答/定义解释”，v80 基础过程覆盖约 89%。；题目要求推导或定义积分；v80 有 M24/M25/M26 骨架，但完整推导仍扣少量严谨性分。,8.1,10.0,81.0,中,
Q0269,课本/作业整理题,D:\虚拟C盘\学习\流体力学\第5-8章作业与复习_整理\第8章粘性流动作业1_完整题目.pdf,第8章粘性流动作业1_完整题目.pdf,1,1. 判断下列流动状态是层流还是湍流？ (a) 很长的水管，直径 d = 200mm，流速 V = 1m/s，运动粘性系数 ν = 1 × 10−6 m2 /s； (b) 很长的油管， 直径 d = 150mm， 运动粘性系数 ν = 2×10−5 m2 /s。 流速 V = 0.2m/s，,粘性管路/沿程局部损失/泵水轮机,P5 > 管路损失；Q5 > 粘性流动题库速解；M21 > 题图决策卡；M22 > 误判；M26 > 管路/模型,P5,由 Q 求 V，算 Re，判层/湍；层流用 H-P 或 64/Re，光滑湍流可用 0.3164/Re^(1/4)，粗糙管查 Moody；局部损失用所在管段速度；汇总后代入机械能求目标量。,1. 由 Q 和管径求 V；2. 算 Re 判断层流/湍流；3. 取 lambda 或查 Moody/Colebrook；4. 汇总沿程/局部损失；5. 代入机械能方程求目标量。,局部损失系数、粗糙度和物性仍需题给或查教材；v80 明确了 Moody、光滑管和局部损失速度的收口。 v80 保留管路机械能、沿程/局部损失、泵/水轮机功率、Moody/Colebrook 入口，并补圆管层流抛物线速度分布、湍流丰满剖面和平均/最大速度易错。,主题命中“粘性管路/沿程局部损失/泵水轮机”，v80 基础过程覆盖约 85%。,8.5,10.0,85.0,中高,
Q0270,课本/作业整理题,D:\虚拟C盘\学习\流体力学\第5-8章作业与复习_整理\第8章粘性流动作业1_完整题目.pdf,第8章粘性流动作业1_完整题目.pdf,3,"3. 书 8.4。 转写：油在水平圆管内作定常层流运动，已知 d = 75mm, Q = 7L/s, ρ = 800kg/m3 , τw = 48N/m2 , 求油的粘性系数。",粘性管路/沿程局部损失/泵水轮机,P5 > 管路损失；Q5 > 粘性流动题库速解；M21 > 题图决策卡；M22 > 误判；M26 > 管路/模型,P5,由 Q 求 V，算 Re，判层/湍；层流用 H-P 或 64/Re，光滑湍流可用 0.3164/Re^(1/4)，粗糙管查 Moody；局部损失用所在管段速度；汇总后代入机械能求目标量。,1. 由 Q 和管径求 V；2. 算 Re 判断层流/湍流；3. 取 lambda 或查 Moody/Colebrook；4. 汇总沿程/局部损失；5. 代入机械能方程求目标量。,局部损失系数、粗糙度和物性仍需题给或查教材；v80 明确了 Moody、光滑管和局部损失速度的收口。 v80 保留管路机械能、沿程/局部损失、泵/水轮机功率、Moody/Colebrook 入口，并补圆管层流抛物线速度分布、湍流丰满剖面和平均/最大速度易错。,主题命中“粘性管路/沿程局部损失/泵水轮机”，v80 基础过程覆盖约 85%。,8.5,10.0,85.0,中高,
Q0271,课本/作业整理题,D:\虚拟C盘\学习\流体力学\第5-8章作业与复习_整理\第8章粘性流动作业1_完整题目.pdf,第8章粘性流动作业1_完整题目.pdf,4,4. 书 8.5（小球 Re < 1）。 转写：直径为 1.5mm、质量为 13.7mg 的钢球，在一个盛有油的直桶中垂直等速下降， 在 56s 内下落 500mm，油的比重为 0.95，圆桶的直径和长度足够大，可以忽略圆桶 的端部和壁面效应，求油的粘性系数。,粘性管路/沿程局部损失/泵水轮机,P5 > 管路损失；Q5 > 粘性流动题库速解；M21 > 题图决策卡；M22 > 误判；M26 > 管路/模型,P5,由 Q 求 V，算 Re，判层/湍；层流用 H-P 或 64/Re，光滑湍流可用 0.3164/Re^(1/4)，粗糙管查 Moody；局部损失用所在管段速度；汇总后代入机械能求目标量。,1. 由 Q 和管径求 V；2. 算 Re 判断层流/湍流；3. 取 lambda 或查 Moody/Colebrook；4. 汇总沿程/局部损失；5. 代入机械能方程求目标量。,局部损失系数、粗糙度和物性仍需题给或查教材；v80 明确了 Moody、光滑管和局部损失速度的收口。 v80 保留管路机械能、沿程/局部损失、泵/水轮机功率、Moody/Colebrook 入口，并补圆管层流抛物线速度分布、湍流丰满剖面和平均/最大速度易错。,主题命中“粘性管路/沿程局部损失/泵水轮机”，v80 基础过程覆盖约 85%。,8.5,10.0,85.0,中高,
Q0272,课本/作业整理题,D:\虚拟C盘\学习\流体力学\第5-8章作业与复习_整理\第8章粘性流动作业1_完整题目.pdf,第8章粘性流动作业1_完整题目.pdf,5,5. 书 8.6。 1 2 转写：在两块无限大的平行平板间充满两种互不相混的不可压缩牛顿流体。上层流体 厚度为 h2 ，粘度为 µ2 ；下层流体厚度为 h1 ，粘度为 µ1 。上板面向右作匀速直线运动， 速度为 U ，下板面固定，全流场压强为常数，并不计质量力，求流场速度及剪应力分,边界层/外绕流阻力,P6 > 平板边界层；P6 > 位移/动量厚度；M24 > 边界层积分题；Q5 > 边界层题库速解；M13 > 微题,P6,先算 Re_x/Re_L 判层流、湍流或转捩；直接题用 delta、Cf、阻力公式；速度剖面题用 M24 的 delta*、theta 和 Karman 模板；外绕流判断摩擦/压差阻力和分离。,1. 算 Re_x 或 Re_L；2. 判断层流/湍流/低 Re；3. 选厚度、Cf 或阻力公式；4. 若为厚度定义题，尝试写积分；5. 说明 v80 缺失的定义或图表。,"复杂非零压梯度动量积分、实验阻力图和扫描图数值仍需教材/图表；v80 已覆盖书10.3/10.5 常见剖面。 v80 已补 delta*, theta, H 的物理意义；复杂动量积分推导仍需手算。 v80 已补局部摩阻系数 cf、单位宽阻力 D'、CD=2theta/L、转捩位置 xcr、平板层/湍/混合阻力判定和湿表面积/迎风面积区分；复杂分离与实验阻力图仍需教材。 v80 保留给定速度剖面到 delta、theta、delta_E、tau_w、CD 的通用积分链，补强 delta、delta*、theta、delta_E 的物理意义，保留层/湍速度剖面标准句、Boussinesq 涡黏、吸气/吹气修正、自由射流动量通量入口、Theta 分离判据和 Karman--Pohlhausen 配边界步骤。",主题命中“边界层/外绕流阻力”，v80 基础过程覆盖约 87%。,8.7,10.0,87.0,中高,
Q0273,课本/作业整理题,D:\虚拟C盘\学习\流体力学\第5-8章作业与复习_整理\第8章粘性流动作业1_完整题目.pdf,第8章粘性流动作业1_完整题目.pdf,6,6. 书 8.10（小球 Re < 1）。 转写：半径为 a 的小球在粘度很大的不可压缩牛顿流体中下落，证明其最终速度为 2a2 (ρs − ρ)g Ut = . 9µ 其中 ρ 和 µ 分别为流体密度和粘度，ρs 为小球的质量密度。,边界层/外绕流阻力,P6 > 平板边界层；P6 > 位移/动量厚度；M24 > 边界层积分题；Q5 > 边界层题库速解；M13 > 微题,P6,先算 Re_x/Re_L 判层流、湍流或转捩；直接题用 delta、Cf、阻力公式；速度剖面题用 M24 的 delta*、theta 和 Karman 模板；外绕流判断摩擦/压差阻力和分离。,1. 算 Re_x 或 Re_L；2. 判断层流/湍流/低 Re；3. 选厚度、Cf 或阻力公式；4. 若为厚度定义题，尝试写积分；5. 说明 v80 缺失的定义或图表。,"复杂非零压梯度动量积分、实验阻力图和扫描图数值仍需教材/图表；v80 已覆盖书10.3/10.5 常见剖面。 v80 已补 delta*, theta, H 的物理意义；复杂动量积分推导仍需手算。 v80 已补局部摩阻系数 cf、单位宽阻力 D'、CD=2theta/L、转捩位置 xcr、平板层/湍/混合阻力判定和湿表面积/迎风面积区分；复杂分离与实验阻力图仍需教材。 v80 保留给定速度剖面到 delta、theta、delta_E、tau_w、CD 的通用积分链，补强 delta、delta*、theta、delta_E 的物理意义，保留层/湍速度剖面标准句、Boussinesq 涡黏、吸气/吹气修正、自由射流动量通量入口、Theta 分离判据和 Karman--Pohlhausen 配边界步骤。",主题命中“边界层/外绕流阻力”，v80 基础过程覆盖约 87%。；题目要求推导或定义积分；v80 有 M24/M25/M26 骨架，但完整推导仍扣少量严谨性分。,7.9,10.0,79.0,中高,
Q0274,课本/作业整理题,D:\虚拟C盘\学习\流体力学\第5-8章作业与复习_整理\第8章粘性流动作业1_完整题目.pdf,第8章粘性流动作业1_完整题目.pdf,7,7. 密度是 1.24kg/m3 、µ = 0.001kg/(m · s) 的流体，在直径 8cm 的管内作层流定常流动， 壁面剪切力为 0.72N/m2 。若轴向流动方向为 x 方向，求：水平管内流动、向上垂直 流动、向下垂直流动时，沿轴向压降 (dp/dx) 及 Re 数分别是多少？,粘性管路/沿程局部损失/泵水轮机,P5 > 管路损失；Q5 > 粘性流动题库速解；M21 > 题图决策卡；M22 > 误判；M26 > 管路/模型,P5,由 Q 求 V，算 Re，判层/湍；层流用 H-P 或 64/Re，光滑湍流可用 0.3164/Re^(1/4)，粗糙管查 Moody；局部损失用所在管段速度；汇总后代入机械能求目标量。,1. 由 Q 和管径求 V；2. 算 Re 判断层流/湍流；3. 取 lambda 或查 Moody/Colebrook；4. 汇总沿程/局部损失；5. 代入机械能方程求目标量。,局部损失系数、粗糙度和物性仍需题给或查教材；v80 明确了 Moody、光滑管和局部损失速度的收口。 v80 保留管路机械能、沿程/局部损失、泵/水轮机功率、Moody/Colebrook 入口，并补圆管层流抛物线速度分布、湍流丰满剖面和平均/最大速度易错。,主题命中“粘性管路/沿程局部损失/泵水轮机”，v80 基础过程覆盖约 85%。,8.5,10.0,85.0,中高,
Q0275,课本/作业整理题,D:\虚拟C盘\学习\流体力学\第5-8章作业与复习_整理\第8章粘性流动作业1_完整题目.pdf,第8章粘性流动作业1_完整题目.pdf,8,8. 倾角为 θ = 15◦ 、间隔为 H = 3cm 的无限大平行平板间，有密度 ρ = 1.25kg/m3 、粘 性系数 µ = 0.0001kg/(m · s) 的流体向下流动。下平板不动，上平板以 U0 向上拉动。 假设流动为层流，沿流动方向没有压力差。若 H/2 处流体速度为零，求 U0 以及上下 壁面的切应力大小。,边界层/外绕流阻力,P6 > 平板边界层；P6 > 位移/动量厚度；M24 > 边界层积分题；Q5 > 边界层题库速解；M13 > 微题,P6,先算 Re_x/Re_L 判层流、湍流或转捩；直接题用 delta、Cf、阻力公式；速度剖面题用 M24 的 delta*、theta 和 Karman 模板；外绕流判断摩擦/压差阻力和分离。,1. 算 Re_x 或 Re_L；2. 判断层流/湍流/低 Re；3. 选厚度、Cf 或阻力公式；4. 若为厚度定义题，尝试写积分；5. 说明 v80 缺失的定义或图表。,"复杂非零压梯度动量积分、实验阻力图和扫描图数值仍需教材/图表；v80 已覆盖书10.3/10.5 常见剖面。 v80 已补 delta*, theta, H 的物理意义；复杂动量积分推导仍需手算。 v80 已补局部摩阻系数 cf、单位宽阻力 D'、CD=2theta/L、转捩位置 xcr、平板层/湍/混合阻力判定和湿表面积/迎风面积区分；复杂分离与实验阻力图仍需教材。 v80 保留给定速度剖面到 delta、theta、delta_E、tau_w、CD 的通用积分链，补强 delta、delta*、theta、delta_E 的物理意义，保留层/湍速度剖面标准句、Boussinesq 涡黏、吸气/吹气修正、自由射流动量通量入口、Theta 分离判据和 Karman--Pohlhausen 配边界步骤。",主题命中“边界层/外绕流阻力”，v80 基础过程覆盖约 87%。,8.7,10.0,87.0,中高,
Q0276,课本/作业整理题,D:\虚拟C盘\学习\流体力学\第5-8章作业与复习_整理\第8章粘性流动作业1_完整题目.pdf,第8章粘性流动作业1_完整题目.pdf,9,"9. 证明粘性流动在静止不动物面上满足物面条件 Ω · n = 0, 式中 n 为物面上单位法向向量，Ω 为涡量。",流体运动学/连续/流线迹线,P1 > 连续性；Q1 > 迹线/流线/脉线；M18 > 往年题可能问法；M23 > 概念短答库；T6 > 常见问法到答案,P1,先判速度场/描述方法；写连续、旋度、流线/迹线微分式；概念题直接用 M18/M23 的一句话答案；应力题转 Q1 张量模板。,1. 先按题干关键词选模型；2. 在 v80 对应页写首个控制方程/公式；3. 把题给几何、单位和边界条件代入；4. 做代数求解或列出需要查图查表的位置；5. 检查单位、方向、绝压/表压或适用条件。,若要求长篇推导或复杂坐标变换，仍需教材细节；v80 已足够支撑多数简答和基础计算过程。 v67 已补推导题固定结构，v69/v80 补截面、边界条件和概念收口检查。 v80 保留新题定位入口、非定常 Bernoulli 推导条件、速度势单值/路径无关证明、Lagrange/Kelvin 可抄证明句、涡管强度 ΩA 守恒、涡量矩模板、自由射流动量通量和 RTT 入口，并补纳维-斯托克斯原词、圆管断面速度分布原词、渐变流测压管水头；更长证明仍需教材措辞。,主题命中“流体运动学/连续/流线迹线”，v80 基础过程覆盖约 85%。；题目要求推导或定义积分；v80 有 M24/M25/M26 骨架，但完整推导仍扣少量严谨性分。,7.7,10.0,77.0,中,
Q0277,课本/作业整理题,D:\虚拟C盘\学习\流体力学\第5-8章作业与复习_整理\第8章粘性流动作业1_完整题目.pdf,第8章粘性流动作业1_完整题目.pdf,10,"10. 质量力有势，x − y 平面不可压粘性流体流动，涡量为 Ω = Ω(x, y)k. 证明流函数满足 ∇2 ψ = −Ω.",流体运动学/连续/流线迹线,P1 > 连续性；Q1 > 迹线/流线/脉线；M18 > 往年题可能问法；M23 > 概念短答库；T6 > 常见问法到答案,P1,先判速度场/描述方法；写连续、旋度、流线/迹线微分式；概念题直接用 M18/M23 的一句话答案；应力题转 Q1 张量模板。,1. 先按题干关键词选模型；2. 在 v80 对应页写首个控制方程/公式；3. 把题给几何、单位和边界条件代入；4. 做代数求解或列出需要查图查表的位置；5. 检查单位、方向、绝压/表压或适用条件。,若要求长篇推导或复杂坐标变换，仍需教材细节；v80 已足够支撑多数简答和基础计算过程。 v67 已补推导题固定结构，v69/v80 补截面、边界条件和概念收口检查。 v80 保留新题定位入口、非定常 Bernoulli 推导条件、速度势单值/路径无关证明、Lagrange/Kelvin 可抄证明句、涡管强度 ΩA 守恒、涡量矩模板、自由射流动量通量和 RTT 入口，并补纳维-斯托克斯原词、圆管断面速度分布原词、渐变流测压管水头；更长证明仍需教材措辞。,主题命中“流体运动学/连续/流线迹线”，v80 基础过程覆盖约 85%。；题目要求推导或定义积分；v80 有 M24/M25/M26 骨架，但完整推导仍扣少量严谨性分。,7.7,10.0,77.0,中,
Q0278,课本/作业整理题,D:\虚拟C盘\学习\流体力学\第5-8章作业与复习_整理\第8章粘性流动作业1_完整题目.tex,第8章粘性流动作业1_完整题目.tex,未编号,\noindent 说明：原作业清单中没有第2题，本文按原编号保留。,概念简答/定义解释,M18 > 往年题可能问法：一句话答案；M23 > 概念短答库；R6 > 可直接抄的结论句；M9 > 高频小问速答；M12 > 概念题保底,无直接页码,先定位 M18/M23/R6 的可抄定义句；按“定义一句+原因一句+后果一句”写；若有公式页，再补适用条件和易错点。,1. 先按题干关键词选模型；2. 在 v80 对应页写首个控制方程/公式；3. 把题给几何、单位和边界条件代入；4. 做代数求解或列出需要查图查表的位置；5. 检查单位、方向、绝压/表压或适用条件。,v80 已显著补强短答，但长论述、实验现象细节和教材原话仍可能扣少量分。 v67 补长论述结构，v69 补读图/收口检查，v80 补层流/湍流/渐变流可抄定义；教材原话仍可能扣分。 v80 已补 N-S 各项标准意义、控制体外力组成、层/湍速度剖面、Boussinesq 涡黏、水击波速因素、孔板/自由射流概念、渐变流测压管水头、Ma 物理意义与 0.3 判据、深水波定义、RTT 守恒入口、完全/部分相似短答和标准四行答案模板，适合先写过程分。,主题命中“概念简答/定义解释”，v80 基础过程覆盖约 89%。,8.9,10.0,89.0,中,
Q0279,课本/作业整理题,D:\虚拟C盘\学习\流体力学\第5-8章作业与复习_整理\第8章粘性流动作业1_完整题目.tex,第8章粘性流动作业1_完整题目.tex,未编号,\begin{enumerate} \item 判断下列流动状态是层流还是湍流？ \begin{enumerate} \item 很长的水管，直径 \(d=200\mathrm{mm}\)，流速 \(V=1\mathrm{m/s}\)，运动粘性系数 \(\nu=1\times10^{-6}\mathrm{m^2/s}\)； \item 很长的油管，直径 \(d=150\mathrm{mm}\)，流速 \(V=0.2\mathrm{m/s}\)，运动粘性系数 \(\nu=2\times10^{-5}\mathrm{m^2/s}\)。 \end{enumerate},粘性管路/沿程局部损失/泵水轮机,P5 > 管路损失；Q5 > 粘性流动题库速解；M21 > 题图决策卡；M22 > 误判；M26 > 管路/模型,P5,由 Q 求 V，算 Re，判层/湍；层流用 H-P 或 64/Re，光滑湍流可用 0.3164/Re^(1/4)，粗糙管查 Moody；局部损失用所在管段速度；汇总后代入机械能求目标量。,1. 由 Q 和管径求 V；2. 算 Re 判断层流/湍流；3. 取 lambda 或查 Moody/Colebrook；4. 汇总沿程/局部损失；5. 代入机械能方程求目标量。,局部损失系数、粗糙度和物性仍需题给或查教材；v80 明确了 Moody、光滑管和局部损失速度的收口。 v80 保留管路机械能、沿程/局部损失、泵/水轮机功率、Moody/Colebrook 入口，并补圆管层流抛物线速度分布、湍流丰满剖面和平均/最大速度易错。,主题命中“粘性管路/沿程局部损失/泵水轮机”，v80 基础过程覆盖约 85%。,8.5,10.0,85.0,中高,
Q0280,课本/作业整理题,D:\虚拟C盘\学习\流体力学\第5-8章作业与复习_整理\第8章粘性流动作业1_完整题目.tex,第8章粘性流动作业1_完整题目.tex,未编号,"转写：油在水平圆管内作定常层流运动，已知 d=75\mathrm{mm},\quad Q=7\mathrm{L/s},\quad \rho=800\mathrm{kg/m^3},\quad \tau_w=48\mathrm{N/m^2}, 求油的粘性系数。",粘性管路/沿程局部损失/泵水轮机,P5 > 管路损失；Q5 > 粘性流动题库速解；M21 > 题图决策卡；M22 > 误判；M26 > 管路/模型,P5,由 Q 求 V，算 Re，判层/湍；层流用 H-P 或 64/Re，光滑湍流可用 0.3164/Re^(1/4)，粗糙管查 Moody；局部损失用所在管段速度；汇总后代入机械能求目标量。,1. 由 Q 和管径求 V；2. 算 Re 判断层流/湍流；3. 取 lambda 或查 Moody/Colebrook；4. 汇总沿程/局部损失；5. 代入机械能方程求目标量。,局部损失系数、粗糙度和物性仍需题给或查教材；v80 明确了 Moody、光滑管和局部损失速度的收口。 v80 保留管路机械能、沿程/局部损失、泵/水轮机功率、Moody/Colebrook 入口，并补圆管层流抛物线速度分布、湍流丰满剖面和平均/最大速度易错。,主题命中“粘性管路/沿程局部损失/泵水轮机”，v80 基础过程覆盖约 85%。,8.5,10.0,85.0,中高,
Q0281,课本/作业整理题,D:\虚拟C盘\学习\流体力学\第5-8章作业与复习_整理\第8章粘性流动作业1_完整题目.tex,第8章粘性流动作业1_完整题目.tex,未编号,转写：直径为 \(1.5\mathrm{mm}\)、质量为 \(13.7\mathrm{mg}\) 的钢球，在一个盛有油的直桶中垂直等速下降， 在 \(56\mathrm{s}\) 内下落 \(500\mathrm{mm}\)，油的比重为 \(0.95\)，圆桶的直径和长度足够大，可以忽略圆桶的端部和壁面效应，求油的粘性系数。,粘性管路/沿程局部损失/泵水轮机,P5 > 管路损失；Q5 > 粘性流动题库速解；M21 > 题图决策卡；M22 > 误判；M26 > 管路/模型,P5,由 Q 求 V，算 Re，判层/湍；层流用 H-P 或 64/Re，光滑湍流可用 0.3164/Re^(1/4)，粗糙管查 Moody；局部损失用所在管段速度；汇总后代入机械能求目标量。,1. 由 Q 和管径求 V；2. 算 Re 判断层流/湍流；3. 取 lambda 或查 Moody/Colebrook；4. 汇总沿程/局部损失；5. 代入机械能方程求目标量。,局部损失系数、粗糙度和物性仍需题给或查教材；v80 明确了 Moody、光滑管和局部损失速度的收口。 v80 保留管路机械能、沿程/局部损失、泵/水轮机功率、Moody/Colebrook 入口，并补圆管层流抛物线速度分布、湍流丰满剖面和平均/最大速度易错。,主题命中“粘性管路/沿程局部损失/泵水轮机”，v80 基础过程覆盖约 85%。,8.5,10.0,85.0,中高,
Q0282,课本/作业整理题,D:\虚拟C盘\学习\流体力学\第5-8章作业与复习_整理\第8章粘性流动作业1_完整题目.tex,第8章粘性流动作业1_完整题目.tex,未编号,转写：在两块无限大的平行平板间充满两种互不相混的不可压缩牛顿流体。 上层流体厚度为 \(h_2\)，粘度为 \(\mu_2\)； 下层流体厚度为 \(h_1\)，粘度为 \(\mu_1\)。 上板面向右作匀速直线运动，速度为 \(U\)，下板面固定，全流场压强为常数，并不计质量力，求流场速度及剪应力分布。,边界层/外绕流阻力,P6 > 平板边界层；P6 > 位移/动量厚度；M24 > 边界层积分题；Q5 > 边界层题库速解；M13 > 微题,P6,先算 Re_x/Re_L 判层流、湍流或转捩；直接题用 delta、Cf、阻力公式；速度剖面题用 M24 的 delta*、theta 和 Karman 模板；外绕流判断摩擦/压差阻力和分离。,1. 算 Re_x 或 Re_L；2. 判断层流/湍流/低 Re；3. 选厚度、Cf 或阻力公式；4. 若为厚度定义题，尝试写积分；5. 说明 v80 缺失的定义或图表。,"复杂非零压梯度动量积分、实验阻力图和扫描图数值仍需教材/图表；v80 已覆盖书10.3/10.5 常见剖面。 v80 已补 delta*, theta, H 的物理意义；复杂动量积分推导仍需手算。 v80 已补局部摩阻系数 cf、单位宽阻力 D'、CD=2theta/L、转捩位置 xcr、平板层/湍/混合阻力判定和湿表面积/迎风面积区分；复杂分离与实验阻力图仍需教材。 v80 保留给定速度剖面到 delta、theta、delta_E、tau_w、CD 的通用积分链，补强 delta、delta*、theta、delta_E 的物理意义，保留层/湍速度剖面标准句、Boussinesq 涡黏、吸气/吹气修正、自由射流动量通量入口、Theta 分离判据和 Karman--Pohlhausen 配边界步骤。",主题命中“边界层/外绕流阻力”，v80 基础过程覆盖约 87%。,8.7,10.0,87.0,中高,
Q0283,课本/作业整理题,D:\虚拟C盘\学习\流体力学\第5-8章作业与复习_整理\第8章粘性流动作业1_完整题目.tex,第8章粘性流动作业1_完整题目.tex,未编号,转写：半径为 \(a\) 的小球在粘度很大的不可压缩牛顿流体中下落，证明其最终速度为 U_t=\frac{2a^2(\rho_s-\rho)g}{9\mu}. 其中 \(\rho\) 和 \(\mu\) 分别为流体密度和粘度，\(\rho_s\) 为小球的质量密度。,边界层/外绕流阻力,P6 > 平板边界层；P6 > 位移/动量厚度；M24 > 边界层积分题；Q5 > 边界层题库速解；M13 > 微题,P6,先算 Re_x/Re_L 判层流、湍流或转捩；直接题用 delta、Cf、阻力公式；速度剖面题用 M24 的 delta*、theta 和 Karman 模板；外绕流判断摩擦/压差阻力和分离。,1. 算 Re_x 或 Re_L；2. 判断层流/湍流/低 Re；3. 选厚度、Cf 或阻力公式；4. 若为厚度定义题，尝试写积分；5. 说明 v80 缺失的定义或图表。,"复杂非零压梯度动量积分、实验阻力图和扫描图数值仍需教材/图表；v80 已覆盖书10.3/10.5 常见剖面。 v80 已补 delta*, theta, H 的物理意义；复杂动量积分推导仍需手算。 v80 已补局部摩阻系数 cf、单位宽阻力 D'、CD=2theta/L、转捩位置 xcr、平板层/湍/混合阻力判定和湿表面积/迎风面积区分；复杂分离与实验阻力图仍需教材。 v80 保留给定速度剖面到 delta、theta、delta_E、tau_w、CD 的通用积分链，补强 delta、delta*、theta、delta_E 的物理意义，保留层/湍速度剖面标准句、Boussinesq 涡黏、吸气/吹气修正、自由射流动量通量入口、Theta 分离判据和 Karman--Pohlhausen 配边界步骤。",主题命中“边界层/外绕流阻力”，v80 基础过程覆盖约 87%。；题目要求推导或定义积分；v80 有 M24/M25/M26 骨架，但完整推导仍扣少量严谨性分。,7.9,10.0,79.0,中高,
Q0284,课本/作业整理题,D:\虚拟C盘\学习\流体力学\第5-8章作业与复习_整理\第8章粘性流动作业1_完整题目.tex,第8章粘性流动作业1_完整题目.tex,未编号,\item 密度是 \(1.24\mathrm{kg/m^3}\)、\(\mu=0.001\mathrm{kg/(m\cdot s)}\) 的流体，在直径 \(8\mathrm{cm}\) 的管内作层流定常流动， 壁面剪切力为 \(0.72\mathrm{N/m^2}\)。若轴向流动方向为 \(x\) 方向，求： 水平管内流动、向上垂直流动、向下垂直流动时，沿轴向压降 \((dp/dx)\) 及 \(Re\) 数分别是多少？,粘性管路/沿程局部损失/泵水轮机,P5 > 管路损失；Q5 > 粘性流动题库速解；M21 > 题图决策卡；M22 > 误判；M26 > 管路/模型,P5,由 Q 求 V，算 Re，判层/湍；层流用 H-P 或 64/Re，光滑湍流可用 0.3164/Re^(1/4)，粗糙管查 Moody；局部损失用所在管段速度；汇总后代入机械能求目标量。,1. 由 Q 和管径求 V；2. 算 Re 判断层流/湍流；3. 取 lambda 或查 Moody/Colebrook；4. 汇总沿程/局部损失；5. 代入机械能方程求目标量。,局部损失系数、粗糙度和物性仍需题给或查教材；v80 明确了 Moody、光滑管和局部损失速度的收口。 v80 保留管路机械能、沿程/局部损失、泵/水轮机功率、Moody/Colebrook 入口，并补圆管层流抛物线速度分布、湍流丰满剖面和平均/最大速度易错。,主题命中“粘性管路/沿程局部损失/泵水轮机”，v80 基础过程覆盖约 85%。,8.5,10.0,85.0,中高,
Q0285,课本/作业整理题,D:\虚拟C盘\学习\流体力学\第5-8章作业与复习_整理\第8章粘性流动作业1_完整题目.tex,第8章粘性流动作业1_完整题目.tex,未编号,\item 倾角为 \(\theta=15^\circ\)、间隔为 \(H=3\mathrm{cm}\) 的无限大平行平板间， 有密度 \(\rho=1.25\mathrm{kg/m^3}\)、粘性系数 \(\mu=0.0001\mathrm{kg/(m\cdot s)}\) 的流体向下流动。 下平板不动，上平板以 \(U_0\) 向上拉动。假设流动为层流，沿流动方向没有压力差。 若 \(H/2\) 处流体速度为零，求 \(U_0\) 以及上下壁面的切应力大小。,粘性管路/沿程局部损失/泵水轮机,P5 > 管路损失；Q5 > 粘性流动题库速解；M21 > 题图决策卡；M22 > 误判；M26 > 管路/模型,P5,由 Q 求 V，算 Re，判层/湍；层流用 H-P 或 64/Re，光滑湍流可用 0.3164/Re^(1/4)，粗糙管查 Moody；局部损失用所在管段速度；汇总后代入机械能求目标量。,1. 由 Q 和管径求 V；2. 算 Re 判断层流/湍流；3. 取 lambda 或查 Moody/Colebrook；4. 汇总沿程/局部损失；5. 代入机械能方程求目标量。,局部损失系数、粗糙度和物性仍需题给或查教材；v80 明确了 Moody、光滑管和局部损失速度的收口。 v80 保留管路机械能、沿程/局部损失、泵/水轮机功率、Moody/Colebrook 入口，并补圆管层流抛物线速度分布、湍流丰满剖面和平均/最大速度易错。,主题命中“粘性管路/沿程局部损失/泵水轮机”，v80 基础过程覆盖约 85%。,8.5,10.0,85.0,中高,
Q0286,课本/作业整理题,D:\虚拟C盘\学习\流体力学\第5-8章作业与复习_整理\第8章粘性流动作业1_完整题目.tex,第8章粘性流动作业1_完整题目.tex,未编号,"\item 证明粘性流动在静止不动物面上满足物面条件 \bm\Omega\cdot\bm n=0, 式中 \(\bm n\) 为物面上单位法向向量，\(\bm\Omega\) 为涡量。",流体运动学/连续/流线迹线,P1 > 连续性；Q1 > 迹线/流线/脉线；M18 > 往年题可能问法；M23 > 概念短答库；T6 > 常见问法到答案,P1,先判速度场/描述方法；写连续、旋度、流线/迹线微分式；概念题直接用 M18/M23 的一句话答案；应力题转 Q1 张量模板。,1. 先按题干关键词选模型；2. 在 v80 对应页写首个控制方程/公式；3. 把题给几何、单位和边界条件代入；4. 做代数求解或列出需要查图查表的位置；5. 检查单位、方向、绝压/表压或适用条件。,若要求长篇推导或复杂坐标变换，仍需教材细节；v80 已足够支撑多数简答和基础计算过程。 v67 已补推导题固定结构，v69/v80 补截面、边界条件和概念收口检查。 v80 保留新题定位入口、非定常 Bernoulli 推导条件、速度势单值/路径无关证明、Lagrange/Kelvin 可抄证明句、涡管强度 ΩA 守恒、涡量矩模板、自由射流动量通量和 RTT 入口，并补纳维-斯托克斯原词、圆管断面速度分布原词、渐变流测压管水头；更长证明仍需教材措辞。,主题命中“流体运动学/连续/流线迹线”，v80 基础过程覆盖约 85%。；题目要求推导或定义积分；v80 有 M24/M25/M26 骨架，但完整推导仍扣少量严谨性分。,7.7,10.0,77.0,中高,
Q0287,课本/作业整理题,D:\虚拟C盘\学习\流体力学\第5-8章作业与复习_整理\第8章粘性流动作业1_完整题目.tex,第8章粘性流动作业1_完整题目.tex,未编号,"\item 质量力有势，\(x-y\) 平面不可压粘性流体流动，涡量为 \bm\Omega=\Omega(x,y)\bm k. 证明流函数满足 \nabla^2\psi=-\Omega. \end{enumerate}",流体运动学/连续/流线迹线,P1 > 连续性；Q1 > 迹线/流线/脉线；M18 > 往年题可能问法；M23 > 概念短答库；T6 > 常见问法到答案,P1,先判速度场/描述方法；写连续、旋度、流线/迹线微分式；概念题直接用 M18/M23 的一句话答案；应力题转 Q1 张量模板。,1. 先按题干关键词选模型；2. 在 v80 对应页写首个控制方程/公式；3. 把题给几何、单位和边界条件代入；4. 做代数求解或列出需要查图查表的位置；5. 检查单位、方向、绝压/表压或适用条件。,若要求长篇推导或复杂坐标变换，仍需教材细节；v80 已足够支撑多数简答和基础计算过程。 v67 已补推导题固定结构，v69/v80 补截面、边界条件和概念收口检查。 v80 保留新题定位入口、非定常 Bernoulli 推导条件、速度势单值/路径无关证明、Lagrange/Kelvin 可抄证明句、涡管强度 ΩA 守恒、涡量矩模板、自由射流动量通量和 RTT 入口，并补纳维-斯托克斯原词、圆管断面速度分布原词、渐变流测压管水头；更长证明仍需教材措辞。,主题命中“流体运动学/连续/流线迹线”，v80 基础过程覆盖约 85%。；题目要求推导或定义积分；v80 有 M24/M25/M26 骨架，但完整推导仍扣少量严谨性分。,7.7,10.0,77.0,中高,
Q0288,课本/作业整理题,D:\虚拟C盘\学习\流体力学\第5-8章作业与复习_整理\第8章粘性流动作业_补全笔记.pdf,第8章粘性流动作业_补全笔记.pdf,0,"0. 这次作业为什么你的原笔记不够 你原来的笔记主要覆盖了“圆管层流”，也就是泊肃叶流动： ( ) ( ) 1 dp R dp 64 u(r) = − (R − r ), 2 2 τw = − , λ= . 4µ dx 2 dx Re 这能解决圆管压降、管内层流、阻力系数等题。但这次作业还需要另外三块： 知识块 典型题 核心公式 Vd 8µV̄ 圆管层流 1、8.4、7 Re = ，τw = ν D 小球低雷诺数 8.5、8.10 FD = 6πµaU 平板剪切流 8.6、8 µu′′ = ，τ = µu′ 涡量与流函数 9、10 Ωz = vx − uy ，u = ψy , v = −ψx",边界层/外绕流阻力,P6 > 平板边界层；P6 > 位移/动量厚度；M24 > 边界层积分题；Q5 > 边界层题库速解；M13 > 微题,P6,先算 Re_x/Re_L 判层流、湍流或转捩；直接题用 delta、Cf、阻力公式；速度剖面题用 M24 的 delta*、theta 和 Karman 模板；外绕流判断摩擦/压差阻力和分离。,1. 算 Re_x 或 Re_L；2. 判断层流/湍流/低 Re；3. 选厚度、Cf 或阻力公式；4. 若为厚度定义题，尝试写积分；5. 说明 v80 缺失的定义或图表。,"复杂非零压梯度动量积分、实验阻力图和扫描图数值仍需教材/图表；v80 已覆盖书10.3/10.5 常见剖面。 v80 已补 delta*, theta, H 的物理意义；复杂动量积分推导仍需手算。 v80 已补局部摩阻系数 cf、单位宽阻力 D'、CD=2theta/L、转捩位置 xcr、平板层/湍/混合阻力判定和湿表面积/迎风面积区分；复杂分离与实验阻力图仍需教材。 v80 保留给定速度剖面到 delta、theta、delta_E、tau_w、CD 的通用积分链，补强 delta、delta*、theta、delta_E 的物理意义，保留层/湍速度剖面标准句、Boussinesq 涡黏、吸气/吹气修正、自由射流动量通量入口、Theta 分离判据和 Karman--Pohlhausen 配边界步骤。",主题命中“边界层/外绕流阻力”，v80 基础过程覆盖约 87%。；题型偏概念简答；v80 已有短答库，但非对应专栏仍扣少量组织分。；题目要求推导或定义积分；v80 有 M24/M25/M26 骨架，但完整推导仍扣少量严谨性分。；仍依赖教材图表或读图；v80 有小查表/查表动作和收口模板，但不是完整数值表。,6.9,10.0,69.0,中高,
Q0289,课本/作业整理题,D:\虚拟C盘\学习\流体力学\第5-8章作业与复习_整理\第8章粘性流动作业_补全笔记.pdf,第8章粘性流动作业_补全笔记.pdf,1.1,"1.1 判断层流还是湍流 圆管雷诺数： Vd ρV d Re = = ν µ 常用判断： Re < 2000 ⇒ 层流, Re > 4000 ⇒ 湍流. 中间区域为过渡区，作业里一般按题目提示或常用界限判断。",粘性管路/沿程局部损失/泵水轮机,P5 > 管路损失；Q5 > 粘性流动题库速解；M21 > 题图决策卡；M22 > 误判；M26 > 管路/模型,P5,由 Q 求 V，算 Re，判层/湍；层流用 H-P 或 64/Re，光滑湍流可用 0.3164/Re^(1/4)，粗糙管查 Moody；局部损失用所在管段速度；汇总后代入机械能求目标量。,1. 由 Q 和管径求 V；2. 算 Re 判断层流/湍流；3. 取 lambda 或查 Moody/Colebrook；4. 汇总沿程/局部损失；5. 代入机械能方程求目标量。,局部损失系数、粗糙度和物性仍需题给或查教材；v80 明确了 Moody、光滑管和局部损失速度的收口。 v80 保留管路机械能、沿程/局部损失、泵/水轮机功率、Moody/Colebrook 入口，并补圆管层流抛物线速度分布、湍流丰满剖面和平均/最大速度易错。,主题命中“粘性管路/沿程局部损失/泵水轮机”，v80 基础过程覆盖约 85%。,8.5,10.0,85.0,中高,
Q0290,课本/作业整理题,D:\虚拟C盘\学习\流体力学\第5-8章作业与复习_整理\第8章粘性流动作业_补全笔记.pdf,第8章粘性流动作业_补全笔记.pdf,1.3,"1.3 壁面剪应力与平均速度 圆管层流中最常用的一条： 8µV̄ τw = 所以如果已知 τw , D, V̄ ，求粘度： τw D 8V̄ Q 4Q V̄ = = . A πD2",粘性管路/沿程局部损失/泵水轮机,P5 > 管路损失；Q5 > 粘性流动题库速解；M21 > 题图决策卡；M22 > 误判；M26 > 管路/模型,P5,由 Q 求 V，算 Re，判层/湍；层流用 H-P 或 64/Re，光滑湍流可用 0.3164/Re^(1/4)，粗糙管查 Moody；局部损失用所在管段速度；汇总后代入机械能求目标量。,1. 由 Q 和管径求 V；2. 算 Re 判断层流/湍流；3. 取 lambda 或查 Moody/Colebrook；4. 汇总沿程/局部损失；5. 代入机械能方程求目标量。,局部损失系数、粗糙度和物性仍需题给或查教材；v80 明确了 Moody、光滑管和局部损失速度的收口。 v80 保留管路机械能、沿程/局部损失、泵/水轮机功率、Moody/Colebrook 入口，并补圆管层流抛物线速度分布、湍流丰满剖面和平均/最大速度易错。,主题命中“粘性管路/沿程局部损失/泵水轮机”，v80 基础过程覆盖约 85%。；题目要求推导或定义积分；v80 有 M24/M25/M26 骨架，但完整推导仍扣少量严谨性分。,7.7,10.0,77.0,中高,
Q0291,课本/作业整理题,D:\虚拟C盘\学习\流体力学\第5-8章作业与复习_整理\第8章粘性流动作业_补全笔记.pdf,第8章粘性流动作业_补全笔记.pdf,2.2,2.2 斯托克斯阻力 小球半径 a，速度 U ，流体粘度 µ，阻力为 FD = 6πµaU 低雷诺数判断： ρU d 2ρU a Re = = <1 µ µ,量纲分析/相似准则,P1 > 量纲分析模板；M25 > 量纲相似+推导骨架；M4 > 流程H；M6 > 标准解模板：相似；M13 > 模型律；M26 > 管路/模型,P1,列变量和基本量纲；选量纲独立且不含待求量的重复变量；逐个令 pi=X rho^a V^b L^c 求指数；最后用 M26 的 F~rho V^2 L^2、Delta p~rho V^2、Fr/Re 缩尺速度比做换算。,1. 先按题干关键词选模型；2. 在 v80 对应页写首个控制方程/公式；3. 把题给几何、单位和边界条件代入；4. 做代数求解或列出需要查图查表的位置；5. 检查单位、方向、绝压/表压或适用条件。,"若变量很冷门或需完整实验相似设计，仍需教材解释；v80 补了常见模型力、压强和速度比例换算。 v80 已补 Buckingham pi 五步流程和 Re/Fr/Ma/We/Eu 判据表；复杂多变量推导仍需手算。 v80 已补模型换算库 Q,t,f,F,Delta p,M,P 和 Re/Fr 冲突答题句；复杂 pi 群仍需手算。 v80 保留量纲齐次/Rayleigh 指数配平、完全/部分相似及 Re/Fr 冲突说明、关键词到 π 群的定位入口、球阻力 CD=f(Re) 标准推导，并补量纲公式、雷诺相似、自模化和压力系数 Cp/Eu 定义；冷门变量仍需逐项列量纲。",主题命中“量纲分析/相似准则”，v80 基础过程覆盖约 86%。；题目要求推导或定义积分；v80 有 M24/M25/M26 骨架，但完整推导仍扣少量严谨性分。,7.8,10.0,78.0,中,
Q0292,课本/作业整理题,D:\虚拟C盘\学习\流体力学\第5-8章作业与复习_整理\第8章粘性流动作业_补全笔记.pdf,第8章粘性流动作业_补全笔记.pdf,2.4,"2.4 反过来求粘度 若已知小球匀速下落速度 U ，求流体粘度： 4 3 πa3 (ρs − ρ)g 6πaU 如果题目直接给质量 m，不要先算 ρs 也可以： mg − ρgVs 4 µ= , Vs = πa3 6πaU 3 4",量纲分析/相似准则,P1 > 量纲分析模板；M25 > 量纲相似+推导骨架；M4 > 流程H；M6 > 标准解模板：相似；M13 > 模型律；M26 > 管路/模型,P1,列变量和基本量纲；选量纲独立且不含待求量的重复变量；逐个令 pi=X rho^a V^b L^c 求指数；最后用 M26 的 F~rho V^2 L^2、Delta p~rho V^2、Fr/Re 缩尺速度比做换算。,1. 先按题干关键词选模型；2. 在 v80 对应页写首个控制方程/公式；3. 把题给几何、单位和边界条件代入；4. 做代数求解或列出需要查图查表的位置；5. 检查单位、方向、绝压/表压或适用条件。,"若变量很冷门或需完整实验相似设计，仍需教材解释；v80 补了常见模型力、压强和速度比例换算。 v80 已补 Buckingham pi 五步流程和 Re/Fr/Ma/We/Eu 判据表；复杂多变量推导仍需手算。 v80 已补模型换算库 Q,t,f,F,Delta p,M,P 和 Re/Fr 冲突答题句；复杂 pi 群仍需手算。 v80 保留量纲齐次/Rayleigh 指数配平、完全/部分相似及 Re/Fr 冲突说明、关键词到 π 群的定位入口、球阻力 CD=f(Re) 标准推导，并补量纲公式、雷诺相似、自模化和压力系数 Cp/Eu 定义；冷门变量仍需逐项列量纲。",主题命中“量纲分析/相似准则”，v80 基础过程覆盖约 86%。；题目要求推导或定义积分；v80 有 M24/M25/M26 骨架，但完整推导仍扣少量严谨性分。,7.8,10.0,78.0,中高,
Q0293,课本/作业整理题,D:\虚拟C盘\学习\流体力学\第5-8章作业与复习_整理\第8章粘性流动作业_补全笔记.pdf,第8章粘性流动作业_补全笔记.pdf,3.1,"3.1 基本方程 平板间一维平行流： u = u(y), v = 0. 若定常、不可压、牛顿流体，则 x 方向动量方程常化为 d2 u dp µ = − ρgx dy 2 dx 也常写成 µu′′ − + ρgx = 0 具体符号取决于 x 正方向怎么选，考试时只要前后一致。",边界层/外绕流阻力,P6 > 平板边界层；P6 > 位移/动量厚度；M24 > 边界层积分题；Q5 > 边界层题库速解；M13 > 微题,P6,先算 Re_x/Re_L 判层流、湍流或转捩；直接题用 delta、Cf、阻力公式；速度剖面题用 M24 的 delta*、theta 和 Karman 模板；外绕流判断摩擦/压差阻力和分离。,1. 算 Re_x 或 Re_L；2. 判断层流/湍流/低 Re；3. 选厚度、Cf 或阻力公式；4. 若为厚度定义题，尝试写积分；5. 说明 v80 缺失的定义或图表。,"复杂非零压梯度动量积分、实验阻力图和扫描图数值仍需教材/图表；v80 已覆盖书10.3/10.5 常见剖面。 v80 已补 delta*, theta, H 的物理意义；复杂动量积分推导仍需手算。 v80 已补局部摩阻系数 cf、单位宽阻力 D'、CD=2theta/L、转捩位置 xcr、平板层/湍/混合阻力判定和湿表面积/迎风面积区分；复杂分离与实验阻力图仍需教材。 v80 保留给定速度剖面到 delta、theta、delta_E、tau_w、CD 的通用积分链，补强 delta、delta*、theta、delta_E 的物理意义，保留层/湍速度剖面标准句、Boussinesq 涡黏、吸气/吹气修正、自由射流动量通量入口、Theta 分离判据和 Karman--Pohlhausen 配边界步骤。",主题命中“边界层/外绕流阻力”，v80 基础过程覆盖约 87%。,8.7,10.0,87.0,中高,
Q0294,课本/作业整理题,D:\虚拟C盘\学习\流体力学\第5-8章作业与复习_整理\第8章粘性流动作业_补全笔记.pdf,第8章粘性流动作业_补全笔记.pdf,4,4. 涡量与流函数证明题：补充你缺的第三块,流体运动学/连续/流线迹线,P1 > 连续性；Q1 > 迹线/流线/脉线；M18 > 往年题可能问法；M23 > 概念短答库；T6 > 常见问法到答案,P1,先判速度场/描述方法；写连续、旋度、流线/迹线微分式；概念题直接用 M18/M23 的一句话答案；应力题转 Q1 张量模板。,1. 先按题干关键词选模型；2. 在 v80 对应页写首个控制方程/公式；3. 把题给几何、单位和边界条件代入；4. 做代数求解或列出需要查图查表的位置；5. 检查单位、方向、绝压/表压或适用条件。,若要求长篇推导或复杂坐标变换，仍需教材细节；v80 已足够支撑多数简答和基础计算过程。 v67 已补推导题固定结构，v69/v80 补截面、边界条件和概念收口检查。 v80 保留新题定位入口、非定常 Bernoulli 推导条件、速度势单值/路径无关证明、Lagrange/Kelvin 可抄证明句、涡管强度 ΩA 守恒、涡量矩模板、自由射流动量通量和 RTT 入口，并补纳维-斯托克斯原词、圆管断面速度分布原词、渐变流测压管水头；更长证明仍需教材措辞。,主题命中“流体运动学/连续/流线迹线”，v80 基础过程覆盖约 85%。；题目要求推导或定义积分；v80 有 M24/M25/M26 骨架，但完整推导仍扣少量严谨性分。,7.7,10.0,77.0,中,
Q0295,课本/作业整理题,D:\虚拟C盘\学习\流体力学\第5-8章作业与复习_整理\第8章粘性流动作业_补全笔记.pdf,第8章粘性流动作业_补全笔记.pdf,4.1,"4.1 涡量定义 三维涡量： Ω=∇×V 二维 x − y 平面流动： V = (u, v, 0). 此时涡量只有 z 方向： ∂v ∂u Ωz = − ∂x ∂y",概念简答/定义解释,M18 > 往年题可能问法：一句话答案；M23 > 概念短答库；R6 > 可直接抄的结论句；M9 > 高频小问速答；M12 > 概念题保底,无直接页码,先定位 M18/M23/R6 的可抄定义句；按“定义一句+原因一句+后果一句”写；若有公式页，再补适用条件和易错点。,1. 先按题干关键词选模型；2. 在 v80 对应页写首个控制方程/公式；3. 把题给几何、单位和边界条件代入；4. 做代数求解或列出需要查图查表的位置；5. 检查单位、方向、绝压/表压或适用条件。,v80 已显著补强短答，但长论述、实验现象细节和教材原话仍可能扣少量分。 v67 补长论述结构，v69 补读图/收口检查，v80 补层流/湍流/渐变流可抄定义；教材原话仍可能扣分。 v80 已补 N-S 各项标准意义、控制体外力组成、层/湍速度剖面、Boussinesq 涡黏、水击波速因素、孔板/自由射流概念、渐变流测压管水头、Ma 物理意义与 0.3 判据、深水波定义、RTT 守恒入口、完全/部分相似短答和标准四行答案模板，适合先写过程分。,主题命中“概念简答/定义解释”，v80 基础过程覆盖约 89%。,8.9,10.0,89.0,中高,
Q0296,课本/作业整理题,D:\虚拟C盘\学习\流体力学\第5-8章作业与复习_整理\第8章粘性流动作业_补全笔记.pdf,第8章粘性流动作业_补全笔记.pdf,4.3,"4.3 流函数定义 二维不可压缩流动可以引入流函数 ψ。本笔记采用约定： ∂ψ ∂ψ u= , v=− ∂y ∂x 这个约定自动满足不可压连续方程： ∂u ∂v ∂ 2ψ ∂ 2ψ + = − = 0. ∂x ∂y ∂x∂y ∂y∂x",流体运动学/连续/流线迹线,P1 > 连续性；Q1 > 迹线/流线/脉线；M18 > 往年题可能问法；M23 > 概念短答库；T6 > 常见问法到答案,P1,先判速度场/描述方法；写连续、旋度、流线/迹线微分式；概念题直接用 M18/M23 的一句话答案；应力题转 Q1 张量模板。,1. 先按题干关键词选模型；2. 在 v80 对应页写首个控制方程/公式；3. 把题给几何、单位和边界条件代入；4. 做代数求解或列出需要查图查表的位置；5. 检查单位、方向、绝压/表压或适用条件。,若要求长篇推导或复杂坐标变换，仍需教材细节；v80 已足够支撑多数简答和基础计算过程。 v67 已补推导题固定结构，v69/v80 补截面、边界条件和概念收口检查。 v80 保留新题定位入口、非定常 Bernoulli 推导条件、速度势单值/路径无关证明、Lagrange/Kelvin 可抄证明句、涡管强度 ΩA 守恒、涡量矩模板、自由射流动量通量和 RTT 入口，并补纳维-斯托克斯原词、圆管断面速度分布原词、渐变流测压管水头；更长证明仍需教材措辞。,主题命中“流体运动学/连续/流线迹线”，v80 基础过程覆盖约 85%。；题型偏概念简答；v80 已有短答库，但非对应专栏仍扣少量组织分。,7.9,10.0,79.0,中高,
Q0297,课本/作业整理题,D:\虚拟C盘\学习\流体力学\第5-8章作业与复习_整理\第8章粘性流动作业_补全笔记.pdf,第8章粘性流动作业_补全笔记.pdf,5,"5. 作业题号对照表 题号 题型 你该用什么 1 判断层流/湍流 Re = V d/ν 3：书 8.4 圆管层流求粘度 τw = 8µV̄ /D 4：书 8.5 小球匀速下落求粘度 mg − ρgVs = 6πµaU 5：书 8.6 两层平板剪切流 τ = µ1 u′1 = µ2 u′2 6：书 8.10 小球终速证明 G−B−D =0 7 圆管层流加重力方向 dp/dx = ρgx − 4τw /D 8 倾斜平板剪切流 µu′′ + ρg sin θ = 0 9 静止壁面涡量证明 无滑移 u = v = 0 ⇒ Ω · n = 0 10 流函数与涡量 u = ψy , v = −ψx ⇒ ∇2 ψ = −Ω 8",粘性管路/沿程局部损失/泵水轮机,P5 > 管路损失；Q5 > 粘性流动题库速解；M21 > 题图决策卡；M22 > 误判；M26 > 管路/模型,P5,由 Q 求 V，算 Re，判层/湍；层流用 H-P 或 64/Re，光滑湍流可用 0.3164/Re^(1/4)，粗糙管查 Moody；局部损失用所在管段速度；汇总后代入机械能求目标量。,1. 由 Q 和管径求 V；2. 算 Re 判断层流/湍流；3. 取 lambda 或查 Moody/Colebrook；4. 汇总沿程/局部损失；5. 代入机械能方程求目标量。,局部损失系数、粗糙度和物性仍需题给或查教材；v80 明确了 Moody、光滑管和局部损失速度的收口。 v80 保留管路机械能、沿程/局部损失、泵/水轮机功率、Moody/Colebrook 入口，并补圆管层流抛物线速度分布、湍流丰满剖面和平均/最大速度易错。,主题命中“粘性管路/沿程局部损失/泵水轮机”，v80 基础过程覆盖约 85%。；题目要求推导或定义积分；v80 有 M24/M25/M26 骨架，但完整推导仍扣少量严谨性分。；仍依赖教材图表或读图；v80 有小查表/查表动作和收口模板，但不是完整数值表。,7.3,10.0,73.0,中高,
Q0298,课本/作业整理题,D:\虚拟C盘\学习\流体力学\第5-8章作业与复习_整理\第8章粘性流动作业_补全笔记.tex,第8章粘性流动作业_补全笔记.tex,未编号,\section*{0. 这次作业为什么你的原笔记不够},概念简答/定义解释,M18 > 往年题可能问法：一句话答案；M23 > 概念短答库；R6 > 可直接抄的结论句；M9 > 高频小问速答；M12 > 概念题保底,无直接页码,先定位 M18/M23/R6 的可抄定义句；按“定义一句+原因一句+后果一句”写；若有公式页，再补适用条件和易错点。,1. 先按题干关键词选模型；2. 在 v80 对应页写首个控制方程/公式；3. 把题给几何、单位和边界条件代入；4. 做代数求解或列出需要查图查表的位置；5. 检查单位、方向、绝压/表压或适用条件。,v80 已显著补强短答，但长论述、实验现象细节和教材原话仍可能扣少量分。 v67 补长论述结构，v69 补读图/收口检查，v80 补层流/湍流/渐变流可抄定义；教材原话仍可能扣分。 v80 已补 N-S 各项标准意义、控制体外力组成、层/湍速度剖面、Boussinesq 涡黏、水击波速因素、孔板/自由射流概念、渐变流测压管水头、Ma 物理意义与 0.3 判据、深水波定义、RTT 守恒入口、完全/部分相似短答和标准四行答案模板，适合先写过程分。,主题命中“概念简答/定义解释”，v80 基础过程覆盖约 89%。,8.9,10.0,89.0,中,
Q0299,课本/作业整理题,D:\虚拟C盘\学习\流体力学\第5-8章作业与复习_整理\第8章粘性流动作业_补全笔记.tex,第8章粘性流动作业_补全笔记.tex,未编号,\subsection*{1.1 判断层流还是湍流},粘性管路/沿程局部损失/泵水轮机,P5 > 管路损失；Q5 > 粘性流动题库速解；M21 > 题图决策卡；M22 > 误判；M26 > 管路/模型,P5,由 Q 求 V，算 Re，判层/湍；层流用 H-P 或 64/Re，光滑湍流可用 0.3164/Re^(1/4)，粗糙管查 Moody；局部损失用所在管段速度；汇总后代入机械能求目标量。,1. 由 Q 和管径求 V；2. 算 Re 判断层流/湍流；3. 取 lambda 或查 Moody/Colebrook；4. 汇总沿程/局部损失；5. 代入机械能方程求目标量。,局部损失系数、粗糙度和物性仍需题给或查教材；v80 明确了 Moody、光滑管和局部损失速度的收口。 v80 保留管路机械能、沿程/局部损失、泵/水轮机功率、Moody/Colebrook 入口，并补圆管层流抛物线速度分布、湍流丰满剖面和平均/最大速度易错。,主题命中“粘性管路/沿程局部损失/泵水轮机”，v80 基础过程覆盖约 85%。,8.5,10.0,85.0,中,
Q0300,课本/作业整理题,D:\虚拟C盘\学习\流体力学\第5-8章作业与复习_整理\第8章粘性流动作业_补全笔记.tex,第8章粘性流动作业_补全笔记.tex,未编号,"常用判断： \Rey<2000\Rightarrow \text{层流}, \qquad \Rey>4000\Rightarrow \text{湍流}.",粘性管路/沿程局部损失/泵水轮机,P5 > 管路损失；Q5 > 粘性流动题库速解；M21 > 题图决策卡；M22 > 误判；M26 > 管路/模型,P5,由 Q 求 V，算 Re，判层/湍；层流用 H-P 或 64/Re，光滑湍流可用 0.3164/Re^(1/4)，粗糙管查 Moody；局部损失用所在管段速度；汇总后代入机械能求目标量。,1. 由 Q 和管径求 V；2. 算 Re 判断层流/湍流；3. 取 lambda 或查 Moody/Colebrook；4. 汇总沿程/局部损失；5. 代入机械能方程求目标量。,局部损失系数、粗糙度和物性仍需题给或查教材；v80 明确了 Moody、光滑管和局部损失速度的收口。 v80 保留管路机械能、沿程/局部损失、泵/水轮机功率、Moody/Colebrook 入口，并补圆管层流抛物线速度分布、湍流丰满剖面和平均/最大速度易错。,主题命中“粘性管路/沿程局部损失/泵水轮机”，v80 基础过程覆盖约 85%。,8.5,10.0,85.0,中,
Q0301,课本/作业整理题,D:\虚拟C盘\学习\流体力学\第5-8章作业与复习_整理\第8章粘性流动作业_补全笔记.tex,第8章粘性流动作业_补全笔记.tex,未编号,中间区域为过渡区，作业里一般按题目提示或常用界限判断。,概念简答/定义解释,M18 > 往年题可能问法：一句话答案；M23 > 概念短答库；R6 > 可直接抄的结论句；M9 > 高频小问速答；M12 > 概念题保底,无直接页码,先定位 M18/M23/R6 的可抄定义句；按“定义一句+原因一句+后果一句”写；若有公式页，再补适用条件和易错点。,1. 先按题干关键词选模型；2. 在 v80 对应页写首个控制方程/公式；3. 把题给几何、单位和边界条件代入；4. 做代数求解或列出需要查图查表的位置；5. 检查单位、方向、绝压/表压或适用条件。,v80 已显著补强短答，但长论述、实验现象细节和教材原话仍可能扣少量分。 v67 补长论述结构，v69 补读图/收口检查，v80 补层流/湍流/渐变流可抄定义；教材原话仍可能扣分。 v80 已补 N-S 各项标准意义、控制体外力组成、层/湍速度剖面、Boussinesq 涡黏、水击波速因素、孔板/自由射流概念、渐变流测压管水头、Ma 物理意义与 0.3 判据、深水波定义、RTT 守恒入口、完全/部分相似短答和标准四行答案模板，适合先写过程分。,主题命中“概念简答/定义解释”，v80 基础过程覆盖约 89%。,8.9,10.0,89.0,中,
Q0302,课本/作业整理题,D:\虚拟C盘\学习\流体力学\第5-8章作业与复习_整理\第8章粘性流动作业_补全笔记.tex,第8章粘性流动作业_补全笔记.tex,未编号,"所以如果已知 \(\tau_w,D,\bar V\)，求粘度： \boxed{ \mu=\frac{\tau_wD}{8\bar V}",量纲分析/相似准则,P1 > 量纲分析模板；M25 > 量纲相似+推导骨架；M4 > 流程H；M6 > 标准解模板：相似；M13 > 模型律；M26 > 管路/模型,P1,列变量和基本量纲；选量纲独立且不含待求量的重复变量；逐个令 pi=X rho^a V^b L^c 求指数；最后用 M26 的 F~rho V^2 L^2、Delta p~rho V^2、Fr/Re 缩尺速度比做换算。,1. 先按题干关键词选模型；2. 在 v80 对应页写首个控制方程/公式；3. 把题给几何、单位和边界条件代入；4. 做代数求解或列出需要查图查表的位置；5. 检查单位、方向、绝压/表压或适用条件。,"若变量很冷门或需完整实验相似设计，仍需教材解释；v80 补了常见模型力、压强和速度比例换算。 v80 已补 Buckingham pi 五步流程和 Re/Fr/Ma/We/Eu 判据表；复杂多变量推导仍需手算。 v80 已补模型换算库 Q,t,f,F,Delta p,M,P 和 Re/Fr 冲突答题句；复杂 pi 群仍需手算。 v80 保留量纲齐次/Rayleigh 指数配平、完全/部分相似及 Re/Fr 冲突说明、关键词到 π 群的定位入口、球阻力 CD=f(Re) 标准推导，并补量纲公式、雷诺相似、自模化和压力系数 Cp/Eu 定义；冷门变量仍需逐项列量纲。",主题命中“量纲分析/相似准则”，v80 基础过程覆盖约 86%。,8.6,10.0,86.0,中,
Q0303,课本/作业整理题,D:\虚拟C盘\学习\流体力学\第5-8章作业与复习_整理\第8章粘性流动作业_补全笔记.tex,第8章粘性流动作业_补全笔记.tex,未编号,低雷诺数判断： \boxed{ \Rey=\frac{\rho Ud}{\mu} =\frac{2\rho Ua}{\mu}<1,量纲分析/相似准则,P1 > 量纲分析模板；M25 > 量纲相似+推导骨架；M4 > 流程H；M6 > 标准解模板：相似；M13 > 模型律；M26 > 管路/模型,P1,列变量和基本量纲；选量纲独立且不含待求量的重复变量；逐个令 pi=X rho^a V^b L^c 求指数；最后用 M26 的 F~rho V^2 L^2、Delta p~rho V^2、Fr/Re 缩尺速度比做换算。,1. 先按题干关键词选模型；2. 在 v80 对应页写首个控制方程/公式；3. 把题给几何、单位和边界条件代入；4. 做代数求解或列出需要查图查表的位置；5. 检查单位、方向、绝压/表压或适用条件。,"若变量很冷门或需完整实验相似设计，仍需教材解释；v80 补了常见模型力、压强和速度比例换算。 v80 已补 Buckingham pi 五步流程和 Re/Fr/Ma/We/Eu 判据表；复杂多变量推导仍需手算。 v80 已补模型换算库 Q,t,f,F,Delta p,M,P 和 Re/Fr 冲突答题句；复杂 pi 群仍需手算。 v80 保留量纲齐次/Rayleigh 指数配平、完全/部分相似及 Re/Fr 冲突说明、关键词到 π 群的定位入口、球阻力 CD=f(Re) 标准推导，并补量纲公式、雷诺相似、自模化和压力系数 Cp/Eu 定义；冷门变量仍需逐项列量纲。",主题命中“量纲分析/相似准则”，v80 基础过程覆盖约 86%。,8.6,10.0,86.0,中,
Q0304,课本/作业整理题,D:\虚拟C盘\学习\流体力学\第5-8章作业与复习_整理\第8章粘性流动作业_补全笔记.tex,第8章粘性流动作业_补全笔记.tex,未编号,\subsection*{2.4 反过来求粘度},概念简答/定义解释,M18 > 往年题可能问法：一句话答案；M23 > 概念短答库；R6 > 可直接抄的结论句；M9 > 高频小问速答；M12 > 概念题保底,无直接页码,先定位 M18/M23/R6 的可抄定义句；按“定义一句+原因一句+后果一句”写；若有公式页，再补适用条件和易错点。,1. 先按题干关键词选模型；2. 在 v80 对应页写首个控制方程/公式；3. 把题给几何、单位和边界条件代入；4. 做代数求解或列出需要查图查表的位置；5. 检查单位、方向、绝压/表压或适用条件。,v80 已显著补强短答，但长论述、实验现象细节和教材原话仍可能扣少量分。 v67 补长论述结构，v69 补读图/收口检查，v80 补层流/湍流/渐变流可抄定义；教材原话仍可能扣分。 v80 已补 N-S 各项标准意义、控制体外力组成、层/湍速度剖面、Boussinesq 涡黏、水击波速因素、孔板/自由射流概念、渐变流测压管水头、Ma 物理意义与 0.3 判据、深水波定义、RTT 守恒入口、完全/部分相似短答和标准四行答案模板，适合先写过程分。,主题命中“概念简答/定义解释”，v80 基础过程覆盖约 89%。,8.9,10.0,89.0,中,
Q0305,课本/作业整理题,D:\虚拟C盘\学习\流体力学\第5-8章作业与复习_整理\第8章粘性流动作业_补全笔记.tex,第8章粘性流动作业_补全笔记.tex,未编号,若已知小球匀速下落速度 \(U\)，求流体粘度： \boxed{ \mu= \frac{\frac43\pi a^3(\rho_s-\rho)g}{6\pi aU},量纲分析/相似准则,P1 > 量纲分析模板；M25 > 量纲相似+推导骨架；M4 > 流程H；M6 > 标准解模板：相似；M13 > 模型律；M26 > 管路/模型,P1,列变量和基本量纲；选量纲独立且不含待求量的重复变量；逐个令 pi=X rho^a V^b L^c 求指数；最后用 M26 的 F~rho V^2 L^2、Delta p~rho V^2、Fr/Re 缩尺速度比做换算。,1. 先按题干关键词选模型；2. 在 v80 对应页写首个控制方程/公式；3. 把题给几何、单位和边界条件代入；4. 做代数求解或列出需要查图查表的位置；5. 检查单位、方向、绝压/表压或适用条件。,"若变量很冷门或需完整实验相似设计，仍需教材解释；v80 补了常见模型力、压强和速度比例换算。 v80 已补 Buckingham pi 五步流程和 Re/Fr/Ma/We/Eu 判据表；复杂多变量推导仍需手算。 v80 已补模型换算库 Q,t,f,F,Delta p,M,P 和 Re/Fr 冲突答题句；复杂 pi 群仍需手算。 v80 保留量纲齐次/Rayleigh 指数配平、完全/部分相似及 Re/Fr 冲突说明、关键词到 π 群的定位入口、球阻力 CD=f(Re) 标准推导，并补量纲公式、雷诺相似、自模化和压力系数 Cp/Eu 定义；冷门变量仍需逐项列量纲。",主题命中“量纲分析/相似准则”，v80 基础过程覆盖约 86%。；题目要求推导或定义积分；v80 有 M24/M25/M26 骨架，但完整推导仍扣少量严谨性分。,7.8,10.0,78.0,中高,
Q0306,课本/作业整理题,D:\虚拟C盘\学习\流体力学\第5-8章作业与复习_整理\第8章粘性流动作业_补全笔记.tex,第8章粘性流动作业_补全笔记.tex,未编号,具体符号取决于 \(x\) 正方向怎么选，考试时只要前后一致。,概念简答/定义解释,M18 > 往年题可能问法：一句话答案；M23 > 概念短答库；R6 > 可直接抄的结论句；M9 > 高频小问速答；M12 > 概念题保底,无直接页码,先定位 M18/M23/R6 的可抄定义句；按“定义一句+原因一句+后果一句”写；若有公式页，再补适用条件和易错点。,1. 先按题干关键词选模型；2. 在 v80 对应页写首个控制方程/公式；3. 把题给几何、单位和边界条件代入；4. 做代数求解或列出需要查图查表的位置；5. 检查单位、方向、绝压/表压或适用条件。,v80 已显著补强短答，但长论述、实验现象细节和教材原话仍可能扣少量分。 v67 补长论述结构，v69 补读图/收口检查，v80 补层流/湍流/渐变流可抄定义；教材原话仍可能扣分。 v80 已补 N-S 各项标准意义、控制体外力组成、层/湍速度剖面、Boussinesq 涡黏、水击波速因素、孔板/自由射流概念、渐变流测压管水头、Ma 物理意义与 0.3 判据、深水波定义、RTT 守恒入口、完全/部分相似短答和标准四行答案模板，适合先写过程分。,主题命中“概念简答/定义解释”，v80 基础过程覆盖约 89%。,8.9,10.0,89.0,中,
Q0307,课本/作业整理题,D:\虚拟C盘\学习\流体力学\第5-8章作业与复习_整理\第8章粘性流动作业_补全笔记.tex,第8章粘性流动作业_补全笔记.tex,未编号,\section*{4. 涡量与流函数证明题：补充你缺的第三块},流体运动学/连续/流线迹线,P1 > 连续性；Q1 > 迹线/流线/脉线；M18 > 往年题可能问法；M23 > 概念短答库；T6 > 常见问法到答案,P1,先判速度场/描述方法；写连续、旋度、流线/迹线微分式；概念题直接用 M18/M23 的一句话答案；应力题转 Q1 张量模板。,1. 先按题干关键词选模型；2. 在 v80 对应页写首个控制方程/公式；3. 把题给几何、单位和边界条件代入；4. 做代数求解或列出需要查图查表的位置；5. 检查单位、方向、绝压/表压或适用条件。,若要求长篇推导或复杂坐标变换，仍需教材细节；v80 已足够支撑多数简答和基础计算过程。 v67 已补推导题固定结构，v69/v80 补截面、边界条件和概念收口检查。 v80 保留新题定位入口、非定常 Bernoulli 推导条件、速度势单值/路径无关证明、Lagrange/Kelvin 可抄证明句、涡管强度 ΩA 守恒、涡量矩模板、自由射流动量通量和 RTT 入口，并补纳维-斯托克斯原词、圆管断面速度分布原词、渐变流测压管水头；更长证明仍需教材措辞。,主题命中“流体运动学/连续/流线迹线”，v80 基础过程覆盖约 85%。；题目要求推导或定义积分；v80 有 M24/M25/M26 骨架，但完整推导仍扣少量严谨性分。,7.7,10.0,77.0,中,
Q0308,课本/作业整理题,D:\虚拟C盘\学习\流体力学\第5-8章作业与复习_整理\第8章粘性流动作业_补全笔记.tex,第8章粘性流动作业_补全笔记.tex,未编号,\subsection*{4.1 涡量定义},概念简答/定义解释,M18 > 往年题可能问法：一句话答案；M23 > 概念短答库；R6 > 可直接抄的结论句；M9 > 高频小问速答；M12 > 概念题保底,无直接页码,先定位 M18/M23/R6 的可抄定义句；按“定义一句+原因一句+后果一句”写；若有公式页，再补适用条件和易错点。,1. 先按题干关键词选模型；2. 在 v80 对应页写首个控制方程/公式；3. 把题给几何、单位和边界条件代入；4. 做代数求解或列出需要查图查表的位置；5. 检查单位、方向、绝压/表压或适用条件。,v80 已显著补强短答，但长论述、实验现象细节和教材原话仍可能扣少量分。 v67 补长论述结构，v69 补读图/收口检查，v80 补层流/湍流/渐变流可抄定义；教材原话仍可能扣分。 v80 已补 N-S 各项标准意义、控制体外力组成、层/湍速度剖面、Boussinesq 涡黏、水击波速因素、孔板/自由射流概念、渐变流测压管水头、Ma 物理意义与 0.3 判据、深水波定义、RTT 守恒入口、完全/部分相似短答和标准四行答案模板，适合先写过程分。,主题命中“概念简答/定义解释”，v80 基础过程覆盖约 89%。,8.9,10.0,89.0,中,
Q0309,课本/作业整理题,D:\虚拟C盘\学习\流体力学\第5-8章作业与复习_整理\第8章粘性流动作业_补全笔记.tex,第8章粘性流动作业_补全笔记.tex,未编号,\subsection*{4.3 流函数定义},概念简答/定义解释,M18 > 往年题可能问法：一句话答案；M23 > 概念短答库；R6 > 可直接抄的结论句；M9 > 高频小问速答；M12 > 概念题保底,无直接页码,先定位 M18/M23/R6 的可抄定义句；按“定义一句+原因一句+后果一句”写；若有公式页，再补适用条件和易错点。,1. 先按题干关键词选模型；2. 在 v80 对应页写首个控制方程/公式；3. 把题给几何、单位和边界条件代入；4. 做代数求解或列出需要查图查表的位置；5. 检查单位、方向、绝压/表压或适用条件。,v80 已显著补强短答，但长论述、实验现象细节和教材原话仍可能扣少量分。 v67 补长论述结构，v69 补读图/收口检查，v80 补层流/湍流/渐变流可抄定义；教材原话仍可能扣分。 v80 已补 N-S 各项标准意义、控制体外力组成、层/湍速度剖面、Boussinesq 涡黏、水击波速因素、孔板/自由射流概念、渐变流测压管水头、Ma 物理意义与 0.3 判据、深水波定义、RTT 守恒入口、完全/部分相似短答和标准四行答案模板，适合先写过程分。,主题命中“概念简答/定义解释”，v80 基础过程覆盖约 89%。,8.9,10.0,89.0,中,
Q0310,课本/作业整理题,D:\虚拟C盘\学习\流体力学\第5-8章作业与复习_整理\第8章粘性流动作业_补全笔记.tex,第8章粘性流动作业_补全笔记.tex,未编号,"\begin{center} \begin{tabular}{cll} \toprule 题号 & 题型 & 你该用什么 \\ \midrule 1 & 判断层流/湍流 & \(\Rey=Vd/\nu\) \\ 3：书8.4 & 圆管层流求粘度 & \(\tau_w=8\mu\bar V/D\) \\ 4：书8.5 & 小球匀速下落求粘度 & \(mg-\rho gV_s=6\pi\mu aU\) \\ 5：书8.6 & 两层平板剪切流 & \(\tau=\mu_1u_1'=\mu_2u_2'\) \\ 6：书8.10 & 小球终速证明 & \(G-B-D=0\) \\ 7 & 圆管层流加重力方向 & \(dp/dx=\rho g_x-4\tau_w/D\) \\ 8 & 倾斜平板剪切流 & \(\mu u''+\rho g\sin\theta=0\) \\ 9 & 静止壁面涡量证明 & 无滑移 \(u=v=0\Rightarrow\Omega\cdot n=0\) \\ 10 & 流函数与涡量 & \(u=\psi_y,\ v=-\psi_x\Rightarrow\nabla^2\psi=-\Omega\) \\ \bottomrule \end{tabular} \end{center}",粘性管路/沿程局部损失/泵水轮机,P5 > 管路损失；Q5 > 粘性流动题库速解；M21 > 题图决策卡；M22 > 误判；M26 > 管路/模型,P5,由 Q 求 V，算 Re，判层/湍；层流用 H-P 或 64/Re，光滑湍流可用 0.3164/Re^(1/4)，粗糙管查 Moody；局部损失用所在管段速度；汇总后代入机械能求目标量。,1. 由 Q 和管径求 V；2. 算 Re 判断层流/湍流；3. 取 lambda 或查 Moody/Colebrook；4. 汇总沿程/局部损失；5. 代入机械能方程求目标量。,局部损失系数、粗糙度和物性仍需题给或查教材；v80 明确了 Moody、光滑管和局部损失速度的收口。 v80 保留管路机械能、沿程/局部损失、泵/水轮机功率、Moody/Colebrook 入口，并补圆管层流抛物线速度分布、湍流丰满剖面和平均/最大速度易错。,主题命中“粘性管路/沿程局部损失/泵水轮机”，v80 基础过程覆盖约 85%。；题目要求推导或定义积分；v80 有 M24/M25/M26 骨架，但完整推导仍扣少量严谨性分。,7.7,10.0,77.0,中高,
Q0311,课本/作业整理题,D:\虚拟C盘\学习\流体力学\第5-8章作业与复习_整理\第七章作业3_更简写答案.md,第七章作业3_更简写答案.md,1,1. 书 7.19 （题干在原文件中为图片或标题索引，文字抽取不足。）,概念简答/定义解释,M18 > 往年题可能问法：一句话答案；M23 > 概念短答库；R6 > 可直接抄的结论句；M9 > 高频小问速答；M12 > 概念题保底,无直接页码,先定位 M18/M23/R6 的可抄定义句；按“定义一句+原因一句+后果一句”写；若有公式页，再补适用条件和易错点。,1. 先按题干关键词选模型；2. 在 v80 对应页写首个控制方程/公式；3. 把题给几何、单位和边界条件代入；4. 做代数求解或列出需要查图查表的位置；5. 检查单位、方向、绝压/表压或适用条件。,v80 已显著补强短答，但长论述、实验现象细节和教材原话仍可能扣少量分。 v67 补长论述结构，v69 补读图/收口检查，v80 补层流/湍流/渐变流可抄定义；教材原话仍可能扣分。 v80 已补 N-S 各项标准意义、控制体外力组成、层/湍速度剖面、Boussinesq 涡黏、水击波速因素、孔板/自由射流概念、渐变流测压管水头、Ma 物理意义与 0.3 判据、深水波定义、RTT 守恒入口、完全/部分相似短答和标准四行答案模板，适合先写过程分。,主题命中“概念简答/定义解释”，v80 基础过程覆盖约 89%。；仍依赖教材图表或读图；v80 有小查表/查表动作和收口模板，但不是完整数值表。；题干主要是图片索引，未 OCR 到完整条件，只能评估题型入口。,3.5,10.0,35.0,低,
Q0312,课本/作业整理题,D:\虚拟C盘\学习\流体力学\第5-8章作业与复习_整理\第七章作业3_更简写答案.md,第七章作业3_更简写答案.md,2,2. 书 7.20 （题干在原文件中为图片或标题索引，文字抽取不足。）,概念简答/定义解释,M18 > 往年题可能问法：一句话答案；M23 > 概念短答库；R6 > 可直接抄的结论句；M9 > 高频小问速答；M12 > 概念题保底,无直接页码,先定位 M18/M23/R6 的可抄定义句；按“定义一句+原因一句+后果一句”写；若有公式页，再补适用条件和易错点。,1. 先按题干关键词选模型；2. 在 v80 对应页写首个控制方程/公式；3. 把题给几何、单位和边界条件代入；4. 做代数求解或列出需要查图查表的位置；5. 检查单位、方向、绝压/表压或适用条件。,v80 已显著补强短答，但长论述、实验现象细节和教材原话仍可能扣少量分。 v67 补长论述结构，v69 补读图/收口检查，v80 补层流/湍流/渐变流可抄定义；教材原话仍可能扣分。 v80 已补 N-S 各项标准意义、控制体外力组成、层/湍速度剖面、Boussinesq 涡黏、水击波速因素、孔板/自由射流概念、渐变流测压管水头、Ma 物理意义与 0.3 判据、深水波定义、RTT 守恒入口、完全/部分相似短答和标准四行答案模板，适合先写过程分。,主题命中“概念简答/定义解释”，v80 基础过程覆盖约 89%。；仍依赖教材图表或读图；v80 有小查表/查表动作和收口模板，但不是完整数值表。；题干主要是图片索引，未 OCR 到完整条件，只能评估题型入口。,3.5,10.0,35.0,低,
Q0313,课本/作业整理题,D:\虚拟C盘\学习\流体力学\第5-8章作业与复习_整理\第七章作业3_更简写答案.md,第七章作业3_更简写答案.md,3,3. 书 7.21 （题干在原文件中为图片或标题索引，文字抽取不足。）,概念简答/定义解释,M18 > 往年题可能问法：一句话答案；M23 > 概念短答库；R6 > 可直接抄的结论句；M9 > 高频小问速答；M12 > 概念题保底,无直接页码,先定位 M18/M23/R6 的可抄定义句；按“定义一句+原因一句+后果一句”写；若有公式页，再补适用条件和易错点。,1. 先按题干关键词选模型；2. 在 v80 对应页写首个控制方程/公式；3. 把题给几何、单位和边界条件代入；4. 做代数求解或列出需要查图查表的位置；5. 检查单位、方向、绝压/表压或适用条件。,v80 已显著补强短答，但长论述、实验现象细节和教材原话仍可能扣少量分。 v67 补长论述结构，v69 补读图/收口检查，v80 补层流/湍流/渐变流可抄定义；教材原话仍可能扣分。 v80 已补 N-S 各项标准意义、控制体外力组成、层/湍速度剖面、Boussinesq 涡黏、水击波速因素、孔板/自由射流概念、渐变流测压管水头、Ma 物理意义与 0.3 判据、深水波定义、RTT 守恒入口、完全/部分相似短答和标准四行答案模板，适合先写过程分。,主题命中“概念简答/定义解释”，v80 基础过程覆盖约 89%。；仍依赖教材图表或读图；v80 有小查表/查表动作和收口模板，但不是完整数值表。；题干主要是图片索引，未 OCR 到完整条件，只能评估题型入口。,3.5,10.0,35.0,低,
Q0314,课本/作业整理题,D:\虚拟C盘\学习\流体力学\第5-8章作业与复习_整理\第七章作业3_更简写答案.md,第七章作业3_更简写答案.md,4,4. 自编喷管题 （题干在原文件中为图片或标题索引，文字抽取不足。）,可压缩流/喷管/激波/膨胀波,P3 > 等熵流+Laval；P4 > 激波+膨胀波；Q4 > 第7章题库速解；R2 > 查表衔接；M14 > 查表动作；M26 > 可压查表,P3；P4,先判等熵、阻塞、内激波、斜激波或膨胀波；按 P3/P4 分段写公式；用 M26 明确输入量：等熵/面积用 M，正激波用 M1，斜激波用 M1、theta，PM 用 nu(M)；最后检查 pe/pb 和总压是否跨激波重置。,1. 判定等熵段、阻塞、激波或膨胀波；2. 写 T0/T、p0/p、A/A* 或激波关系；3. 选择亚声/超声支；4. 标出需要查表的 M、β、ν；5. 回代压力、温度、流量并检查 pe/pb。,斜激波图、PM 函数和面积-马赫数完整表仍可能需要教材；v80 把查表输入和后续接公式写得更明确。 v68 已补 M=1/2/3 的等熵、面积、PM 角和正激波锚点；完整斜激波/PM/面积查表仍需教材。 v80 保留喷管/激波/PM 查表动作和 0.528 易错判断，并补 Fanno 等截面绝热摩擦管入口；同时保留 Ma 物理意义、等熵任意两点、最大速度、弱/强斜激波、脱体激波、PM 最大偏转、背压/出口内压易错和波阻概念；复杂波系仍需按图逐段判支路。,主题命中“可压缩流/喷管/激波/膨胀波”，v80 基础过程覆盖约 81%。；仍依赖教材图表或读图；v80 有小查表/查表动作和收口模板，但不是完整数值表。；题干主要是图片索引，未 OCR 到完整条件，只能评估题型入口。,3.5,10.0,35.0,低,
Q0315,课本/作业整理题,D:\虚拟C盘\学习\流体力学\第5-8章作业与复习_整理\第七章作业3_简写答案.md,第七章作业3_简写答案.md,1,1. 书 7.19 （题干在原文件中为图片或标题索引，文字抽取不足。）,概念简答/定义解释,M18 > 往年题可能问法：一句话答案；M23 > 概念短答库；R6 > 可直接抄的结论句；M9 > 高频小问速答；M12 > 概念题保底,无直接页码,先定位 M18/M23/R6 的可抄定义句；按“定义一句+原因一句+后果一句”写；若有公式页，再补适用条件和易错点。,1. 先按题干关键词选模型；2. 在 v80 对应页写首个控制方程/公式；3. 把题给几何、单位和边界条件代入；4. 做代数求解或列出需要查图查表的位置；5. 检查单位、方向、绝压/表压或适用条件。,v80 已显著补强短答，但长论述、实验现象细节和教材原话仍可能扣少量分。 v67 补长论述结构，v69 补读图/收口检查，v80 补层流/湍流/渐变流可抄定义；教材原话仍可能扣分。 v80 已补 N-S 各项标准意义、控制体外力组成、层/湍速度剖面、Boussinesq 涡黏、水击波速因素、孔板/自由射流概念、渐变流测压管水头、Ma 物理意义与 0.3 判据、深水波定义、RTT 守恒入口、完全/部分相似短答和标准四行答案模板，适合先写过程分。,主题命中“概念简答/定义解释”，v80 基础过程覆盖约 89%。；仍依赖教材图表或读图；v80 有小查表/查表动作和收口模板，但不是完整数值表。；题干主要是图片索引，未 OCR 到完整条件，只能评估题型入口。,3.5,10.0,35.0,低,
Q0316,课本/作业整理题,D:\虚拟C盘\学习\流体力学\第5-8章作业与复习_整理\第七章作业3_简写答案.md,第七章作业3_简写答案.md,2,2. 书 7.20 （题干在原文件中为图片或标题索引，文字抽取不足。）,概念简答/定义解释,M18 > 往年题可能问法：一句话答案；M23 > 概念短答库；R6 > 可直接抄的结论句；M9 > 高频小问速答；M12 > 概念题保底,无直接页码,先定位 M18/M23/R6 的可抄定义句；按“定义一句+原因一句+后果一句”写；若有公式页，再补适用条件和易错点。,1. 先按题干关键词选模型；2. 在 v80 对应页写首个控制方程/公式；3. 把题给几何、单位和边界条件代入；4. 做代数求解或列出需要查图查表的位置；5. 检查单位、方向、绝压/表压或适用条件。,v80 已显著补强短答，但长论述、实验现象细节和教材原话仍可能扣少量分。 v67 补长论述结构，v69 补读图/收口检查，v80 补层流/湍流/渐变流可抄定义；教材原话仍可能扣分。 v80 已补 N-S 各项标准意义、控制体外力组成、层/湍速度剖面、Boussinesq 涡黏、水击波速因素、孔板/自由射流概念、渐变流测压管水头、Ma 物理意义与 0.3 判据、深水波定义、RTT 守恒入口、完全/部分相似短答和标准四行答案模板，适合先写过程分。,主题命中“概念简答/定义解释”，v80 基础过程覆盖约 89%。；仍依赖教材图表或读图；v80 有小查表/查表动作和收口模板，但不是完整数值表。；题干主要是图片索引，未 OCR 到完整条件，只能评估题型入口。,3.5,10.0,35.0,低,
Q0317,课本/作业整理题,D:\虚拟C盘\学习\流体力学\第5-8章作业与复习_整理\第七章作业3_简写答案.md,第七章作业3_简写答案.md,3,3. 书 7.21 （题干在原文件中为图片或标题索引，文字抽取不足。）,概念简答/定义解释,M18 > 往年题可能问法：一句话答案；M23 > 概念短答库；R6 > 可直接抄的结论句；M9 > 高频小问速答；M12 > 概念题保底,无直接页码,先定位 M18/M23/R6 的可抄定义句；按“定义一句+原因一句+后果一句”写；若有公式页，再补适用条件和易错点。,1. 先按题干关键词选模型；2. 在 v80 对应页写首个控制方程/公式；3. 把题给几何、单位和边界条件代入；4. 做代数求解或列出需要查图查表的位置；5. 检查单位、方向、绝压/表压或适用条件。,v80 已显著补强短答，但长论述、实验现象细节和教材原话仍可能扣少量分。 v67 补长论述结构，v69 补读图/收口检查，v80 补层流/湍流/渐变流可抄定义；教材原话仍可能扣分。 v80 已补 N-S 各项标准意义、控制体外力组成、层/湍速度剖面、Boussinesq 涡黏、水击波速因素、孔板/自由射流概念、渐变流测压管水头、Ma 物理意义与 0.3 判据、深水波定义、RTT 守恒入口、完全/部分相似短答和标准四行答案模板，适合先写过程分。,主题命中“概念简答/定义解释”，v80 基础过程覆盖约 89%。；仍依赖教材图表或读图；v80 有小查表/查表动作和收口模板，但不是完整数值表。；题干主要是图片索引，未 OCR 到完整条件，只能评估题型入口。,3.5,10.0,35.0,低,
Q0318,课本/作业整理题,D:\虚拟C盘\学习\流体力学\第5-8章作业与复习_整理\第七章作业3_简写答案.md,第七章作业3_简写答案.md,4,4. 自编喷管题 （题干在原文件中为图片或标题索引，文字抽取不足。）,可压缩流/喷管/激波/膨胀波,P3 > 等熵流+Laval；P4 > 激波+膨胀波；Q4 > 第7章题库速解；R2 > 查表衔接；M14 > 查表动作；M26 > 可压查表,P3；P4,先判等熵、阻塞、内激波、斜激波或膨胀波；按 P3/P4 分段写公式；用 M26 明确输入量：等熵/面积用 M，正激波用 M1，斜激波用 M1、theta，PM 用 nu(M)；最后检查 pe/pb 和总压是否跨激波重置。,1. 判定等熵段、阻塞、激波或膨胀波；2. 写 T0/T、p0/p、A/A* 或激波关系；3. 选择亚声/超声支；4. 标出需要查表的 M、β、ν；5. 回代压力、温度、流量并检查 pe/pb。,斜激波图、PM 函数和面积-马赫数完整表仍可能需要教材；v80 把查表输入和后续接公式写得更明确。 v68 已补 M=1/2/3 的等熵、面积、PM 角和正激波锚点；完整斜激波/PM/面积查表仍需教材。 v80 保留喷管/激波/PM 查表动作和 0.528 易错判断，并补 Fanno 等截面绝热摩擦管入口；同时保留 Ma 物理意义、等熵任意两点、最大速度、弱/强斜激波、脱体激波、PM 最大偏转、背压/出口内压易错和波阻概念；复杂波系仍需按图逐段判支路。,主题命中“可压缩流/喷管/激波/膨胀波”，v80 基础过程覆盖约 81%。；仍依赖教材图表或读图；v80 有小查表/查表动作和收口模板，但不是完整数值表。；题干主要是图片索引，未 OCR 到完整条件，只能评估题型入口。,3.5,10.0,35.0,低,
Q0319,课本/作业整理题,D:\虚拟C盘\学习\流体力学\第5-8章作业与复习_整理\粘性流动作业-2\01_课本题目补全.md,01_课本题目补全.md,0.15,0.15\ \mathrm{m} 的光滑平板。求边界层最大厚度及平板所受的阻力。,边界层/外绕流阻力,P6 > 平板边界层；P6 > 位移/动量厚度；M24 > 边界层积分题；Q5 > 边界层题库速解；M13 > 微题,P6,先算 Re_x/Re_L 判层流、湍流或转捩；直接题用 delta、Cf、阻力公式；速度剖面题用 M24 的 delta*、theta 和 Karman 模板；外绕流判断摩擦/压差阻力和分离。,1. 算 Re_x 或 Re_L；2. 判断层流/湍流/低 Re；3. 选厚度、Cf 或阻力公式；4. 若为厚度定义题，尝试写积分；5. 说明 v80 缺失的定义或图表。,"复杂非零压梯度动量积分、实验阻力图和扫描图数值仍需教材/图表；v80 已覆盖书10.3/10.5 常见剖面。 v80 已补 delta*, theta, H 的物理意义；复杂动量积分推导仍需手算。 v80 已补局部摩阻系数 cf、单位宽阻力 D'、CD=2theta/L、转捩位置 xcr、平板层/湍/混合阻力判定和湿表面积/迎风面积区分；复杂分离与实验阻力图仍需教材。 v80 保留给定速度剖面到 delta、theta、delta_E、tau_w、CD 的通用积分链，补强 delta、delta*、theta、delta_E 的物理意义，保留层/湍速度剖面标准句、Boussinesq 涡黏、吸气/吹气修正、自由射流动量通量入口、Theta 分离判据和 Karman--Pohlhausen 配边界步骤。",主题命中“边界层/外绕流阻力”，v80 基础过程覆盖约 87%。,8.7,10.0,87.0,中,
Q0320,课本/作业整理题,D:\虚拟C盘\学习\流体力学\第5-8章作业与复习_整理\粘性流动作业-2\01_课本题目补全.md,01_课本题目补全.md,"5. 书 10.3 假定层流边界层的速度分布如下，请计算边界层的排挤厚度 \(\delta_1\) 和动量损失厚度 \(\delta_2\)。 (1)\quad u=U\frac{y}{\delta},\quad y<\delta;\qquad u=U,\quad y>\delta. (2)\quad u=U\left[\frac{3}{2}\frac{y}{\delta} -\frac{1}{2}\left(\frac{y}{\delta}\right)^3\right], \quad y<\delta;\qquad u=U,\quad y>\delta.","## 5. 书 10.3 假定层流边界层的速度分布如下，请计算边界层的排挤厚度 \(\delta_1\) 和动量损失厚度 \(\delta_2\)。 (1)\quad u=U\frac{y}{\delta},\quad y<\delta;\qquad u=U,\quad y>\delta. (2)\quad u=U\left[\frac{3}{2}\frac{y}{\delta} -\frac{1}{2}\left(\frac{y}{\delta}\right)^3\right], \quad y<\delta;\qquad u=U,\quad y>\delta.",边界层/外绕流阻力,P6 > 平板边界层；P6 > 位移/动量厚度；M24 > 边界层积分题；Q5 > 边界层题库速解；M13 > 微题,P6,先算 Re_x/Re_L 判层流、湍流或转捩；直接题用 delta、Cf、阻力公式；速度剖面题用 M24 的 delta*、theta 和 Karman 模板；外绕流判断摩擦/压差阻力和分离。,1. 算 Re_x 或 Re_L；2. 判断层流/湍流/低 Re；3. 选厚度、Cf 或阻力公式；4. 若为厚度定义题，尝试写积分；5. 说明 v80 缺失的定义或图表。,"复杂非零压梯度动量积分、实验阻力图和扫描图数值仍需教材/图表；v80 已覆盖书10.3/10.5 常见剖面。 v80 已补 delta*, theta, H 的物理意义；复杂动量积分推导仍需手算。 v80 已补局部摩阻系数 cf、单位宽阻力 D'、CD=2theta/L、转捩位置 xcr、平板层/湍/混合阻力判定和湿表面积/迎风面积区分；复杂分离与实验阻力图仍需教材。 v80 保留给定速度剖面到 delta、theta、delta_E、tau_w、CD 的通用积分链，补强 delta、delta*、theta、delta_E 的物理意义，保留层/湍速度剖面标准句、Boussinesq 涡黏、吸气/吹气修正、自由射流动量通量入口、Theta 分离判据和 Karman--Pohlhausen 配边界步骤。",主题命中“边界层/外绕流阻力”，v80 基础过程覆盖约 87%。；题目要求推导或定义积分；v80 有 M24/M25/M26 骨架，但完整推导仍扣少量严谨性分。,7.9,10.0,79.0,中高,
Q0321,课本/作业整理题,D:\虚拟C盘\学习\流体力学\第5-8章作业与复习_整理\粘性流动作业-2\01_课本题目补全.md,01_课本题目补全.md,"6. 书 10.5 假设平板层流边界层内速度分布为 \frac{u}{U_e}=a+b\sin\left(\frac{cy}{\delta}\right), 式中 \(a,b,c\) 为待定常数，试用动量积分关系式方法求 \frac{\delta_1}{\delta_2} C_D.","## 6. 书 10.5 假设平板层流边界层内速度分布为 \frac{u}{U_e}=a+b\sin\left(\frac{cy}{\delta}\right), 式中 \(a,b,c\) 为待定常数，试用动量积分关系式方法求 \frac{\delta_1}{\delta_2} C_D.",边界层/外绕流阻力,P6 > 平板边界层；P6 > 位移/动量厚度；M24 > 边界层积分题；Q5 > 边界层题库速解；M13 > 微题,P6,先算 Re_x/Re_L 判层流、湍流或转捩；直接题用 delta、Cf、阻力公式；速度剖面题用 M24 的 delta*、theta 和 Karman 模板；外绕流判断摩擦/压差阻力和分离。,1. 算 Re_x 或 Re_L；2. 判断层流/湍流/低 Re；3. 选厚度、Cf 或阻力公式；4. 若为厚度定义题，尝试写积分；5. 说明 v80 缺失的定义或图表。,"复杂非零压梯度动量积分、实验阻力图和扫描图数值仍需教材/图表；v80 已覆盖书10.3/10.5 常见剖面。 v80 已补 delta*, theta, H 的物理意义；复杂动量积分推导仍需手算。 v80 已补局部摩阻系数 cf、单位宽阻力 D'、CD=2theta/L、转捩位置 xcr、平板层/湍/混合阻力判定和湿表面积/迎风面积区分；复杂分离与实验阻力图仍需教材。 v80 保留给定速度剖面到 delta、theta、delta_E、tau_w、CD 的通用积分链，补强 delta、delta*、theta、delta_E 的物理意义，保留层/湍速度剖面标准句、Boussinesq 涡黏、吸气/吹气修正、自由射流动量通量入口、Theta 分离判据和 Karman--Pohlhausen 配边界步骤。",主题命中“边界层/外绕流阻力”，v80 基础过程覆盖约 87%。；题目要求推导或定义积分；v80 有 M24/M25/M26 骨架，但完整推导仍扣少量严谨性分。,7.9,10.0,79.0,中高,
Q0322,课本/作业整理题,D:\虚拟C盘\学习\流体力学\第5-8章作业与复习_整理\粘性流动作业-2\01_课本题目补全.md,01_课本题目补全.md,2.75,"2.75\ \mathrm{m}, 假定顶部及所有侧面的表面摩擦力相当于长 \(110\ \mathrm{m}\)、宽 \(8.25\ \mathrm{m}\) 的光滑平板的一个表面。火车以 160\ \mathrm{km/h} 的速度在空气中等速行驶，空气密度 \rho=1.22\ \mathrm{kg/m^3}, \mu=1.79\times10^{-5}\ \mathrm{Pa\cdot s}, 如临界 \(Re\) 为 5\times10^5, 问层流边界层能维持多长？火车为克服风的摩擦阻力，消耗的功率为多少？",边界层/外绕流阻力,P6 > 平板边界层；P6 > 位移/动量厚度；M24 > 边界层积分题；Q5 > 边界层题库速解；M13 > 微题,P6,先算 Re_x/Re_L 判层流、湍流或转捩；直接题用 delta、Cf、阻力公式；速度剖面题用 M24 的 delta*、theta 和 Karman 模板；外绕流判断摩擦/压差阻力和分离。,1. 算 Re_x 或 Re_L；2. 判断层流/湍流/低 Re；3. 选厚度、Cf 或阻力公式；4. 若为厚度定义题，尝试写积分；5. 说明 v80 缺失的定义或图表。,"复杂非零压梯度动量积分、实验阻力图和扫描图数值仍需教材/图表；v80 已覆盖书10.3/10.5 常见剖面。 v80 已补 delta*, theta, H 的物理意义；复杂动量积分推导仍需手算。 v80 已补局部摩阻系数 cf、单位宽阻力 D'、CD=2theta/L、转捩位置 xcr、平板层/湍/混合阻力判定和湿表面积/迎风面积区分；复杂分离与实验阻力图仍需教材。 v80 保留给定速度剖面到 delta、theta、delta_E、tau_w、CD 的通用积分链，补强 delta、delta*、theta、delta_E 的物理意义，保留层/湍速度剖面标准句、Boussinesq 涡黏、吸气/吹气修正、自由射流动量通量入口、Theta 分离判据和 Karman--Pohlhausen 配边界步骤。",主题命中“边界层/外绕流阻力”，v80 基础过程覆盖约 87%。；仍依赖教材图表或读图；v80 有小查表/查表动作和收口模板，但不是完整数值表。,8.3,10.0,83.0,中高,
Q0323,课本/作业整理题,D:\虚拟C盘\学习\流体力学\第5-8章作业与复习_整理\粘性流动作业-2\01_课本题目补全.md,01_课本题目补全.md,4,4. 书 10.2 （题干在原文件中为图片或标题索引，文字抽取不足。）,概念简答/定义解释,M18 > 往年题可能问法：一句话答案；M23 > 概念短答库；R6 > 可直接抄的结论句；M9 > 高频小问速答；M12 > 概念题保底,无直接页码,先定位 M18/M23/R6 的可抄定义句；按“定义一句+原因一句+后果一句”写；若有公式页，再补适用条件和易错点。,1. 先按题干关键词选模型；2. 在 v80 对应页写首个控制方程/公式；3. 把题给几何、单位和边界条件代入；4. 做代数求解或列出需要查图查表的位置；5. 检查单位、方向、绝压/表压或适用条件。,v80 已显著补强短答，但长论述、实验现象细节和教材原话仍可能扣少量分。 v67 补长论述结构，v69 补读图/收口检查，v80 补层流/湍流/渐变流可抄定义；教材原话仍可能扣分。 v80 已补 N-S 各项标准意义、控制体外力组成、层/湍速度剖面、Boussinesq 涡黏、水击波速因素、孔板/自由射流概念、渐变流测压管水头、Ma 物理意义与 0.3 判据、深水波定义、RTT 守恒入口、完全/部分相似短答和标准四行答案模板，适合先写过程分。,主题命中“概念简答/定义解释”，v80 基础过程覆盖约 89%。；仍依赖教材图表或读图；v80 有小查表/查表动作和收口模板，但不是完整数值表。；题干主要是图片索引，未 OCR 到完整条件，只能评估题型入口。,3.5,10.0,35.0,低,
Q0324,课本/作业整理题,D:\虚拟C盘\学习\流体力学\第5-8章作业与复习_整理\粘性流动作业-2\01_课本题目补全.md,01_课本题目补全.md,7,7. 书 10.10 （题干在原文件中为图片或标题索引，文字抽取不足。）,概念简答/定义解释,M18 > 往年题可能问法：一句话答案；M23 > 概念短答库；R6 > 可直接抄的结论句；M9 > 高频小问速答；M12 > 概念题保底,无直接页码,先定位 M18/M23/R6 的可抄定义句；按“定义一句+原因一句+后果一句”写；若有公式页，再补适用条件和易错点。,1. 先按题干关键词选模型；2. 在 v80 对应页写首个控制方程/公式；3. 把题给几何、单位和边界条件代入；4. 做代数求解或列出需要查图查表的位置；5. 检查单位、方向、绝压/表压或适用条件。,v80 已显著补强短答，但长论述、实验现象细节和教材原话仍可能扣少量分。 v67 补长论述结构，v69 补读图/收口检查，v80 补层流/湍流/渐变流可抄定义；教材原话仍可能扣分。 v80 已补 N-S 各项标准意义、控制体外力组成、层/湍速度剖面、Boussinesq 涡黏、水击波速因素、孔板/自由射流概念、渐变流测压管水头、Ma 物理意义与 0.3 判据、深水波定义、RTT 守恒入口、完全/部分相似短答和标准四行答案模板，适合先写过程分。,主题命中“概念简答/定义解释”，v80 基础过程覆盖约 89%。；仍依赖教材图表或读图；v80 有小查表/查表动作和收口模板，但不是完整数值表。；题干主要是图片索引，未 OCR 到完整条件，只能评估题型入口。,3.5,10.0,35.0,低,
Q0325,课本/作业整理题,D:\虚拟C盘\学习\流体力学\第5-8章作业与复习_整理\粘性流动作业-2\07_书10.2_平板层流边界层.md,07_书10.2_平板层流边界层.md,1. 求运动粘度 \nu=\frac{\mu}{\rho} \nu=\frac{0.731}{925} =7.90\times10^{-4}\ \mathrm{m^2/s},## 1. 求运动粘度 \nu=\frac{\mu}{\rho} \nu=\frac{0.731}{925} =7.90\times10^{-4}\ \mathrm{m^2/s},量纲分析/相似准则,P1 > 量纲分析模板；M25 > 量纲相似+推导骨架；M4 > 流程H；M6 > 标准解模板：相似；M13 > 模型律；M26 > 管路/模型,P1,列变量和基本量纲；选量纲独立且不含待求量的重复变量；逐个令 pi=X rho^a V^b L^c 求指数；最后用 M26 的 F~rho V^2 L^2、Delta p~rho V^2、Fr/Re 缩尺速度比做换算。,1. 先按题干关键词选模型；2. 在 v80 对应页写首个控制方程/公式；3. 把题给几何、单位和边界条件代入；4. 做代数求解或列出需要查图查表的位置；5. 检查单位、方向、绝压/表压或适用条件。,"若变量很冷门或需完整实验相似设计，仍需教材解释；v80 补了常见模型力、压强和速度比例换算。 v80 已补 Buckingham pi 五步流程和 Re/Fr/Ma/We/Eu 判据表；复杂多变量推导仍需手算。 v80 已补模型换算库 Q,t,f,F,Delta p,M,P 和 Re/Fr 冲突答题句；复杂 pi 群仍需手算。 v80 保留量纲齐次/Rayleigh 指数配平、完全/部分相似及 Re/Fr 冲突说明、关键词到 π 群的定位入口、球阻力 CD=f(Re) 标准推导，并补量纲公式、雷诺相似、自模化和压力系数 Cp/Eu 定义；冷门变量仍需逐项列量纲。",主题命中“量纲分析/相似准则”，v80 基础过程覆盖约 86%。,8.6,10.0,86.0,中高,
Q0326,课本/作业整理题,D:\虚拟C盘\学习\流体力学\第5-8章作业与复习_整理\粘性流动作业-2\07_书10.2_平板层流边界层.md,07_书10.2_平板层流边界层.md,2. 判断是否层流 平板雷诺数： Re_L=\frac{UL}{\nu} Re_L =\frac{0.6\times0.5}{7.90\times10^{-4}} \approx3.80\times10^2 Re_L\ll5\times10^5 所以是层流。,## 2. 判断是否层流 平板雷诺数： Re_L=\frac{UL}{\nu} Re_L =\frac{0.6\times0.5}{7.90\times10^{-4}} \approx3.80\times10^2 Re_L\ll5\times10^5 所以是层流。,边界层/外绕流阻力,P6 > 平板边界层；P6 > 位移/动量厚度；M24 > 边界层积分题；Q5 > 边界层题库速解；M13 > 微题,P6,先算 Re_x/Re_L 判层流、湍流或转捩；直接题用 delta、Cf、阻力公式；速度剖面题用 M24 的 delta*、theta 和 Karman 模板；外绕流判断摩擦/压差阻力和分离。,1. 算 Re_x 或 Re_L；2. 判断层流/湍流/低 Re；3. 选厚度、Cf 或阻力公式；4. 若为厚度定义题，尝试写积分；5. 说明 v80 缺失的定义或图表。,"复杂非零压梯度动量积分、实验阻力图和扫描图数值仍需教材/图表；v80 已覆盖书10.3/10.5 常见剖面。 v80 已补 delta*, theta, H 的物理意义；复杂动量积分推导仍需手算。 v80 已补局部摩阻系数 cf、单位宽阻力 D'、CD=2theta/L、转捩位置 xcr、平板层/湍/混合阻力判定和湿表面积/迎风面积区分；复杂分离与实验阻力图仍需教材。 v80 保留给定速度剖面到 delta、theta、delta_E、tau_w、CD 的通用积分链，补强 delta、delta*、theta、delta_E 的物理意义，保留层/湍速度剖面标准句、Boussinesq 涡黏、吸气/吹气修正、自由射流动量通量入口、Theta 分离判据和 Karman--Pohlhausen 配边界步骤。",主题命中“边界层/外绕流阻力”，v80 基础过程覆盖约 87%。,8.7,10.0,87.0,中高,
Q0327,课本/作业整理题,D:\虚拟C盘\学习\流体力学\第5-8章作业与复习_整理\粘性流动作业-2\07_书10.2_平板层流边界层.md,07_书10.2_平板层流边界层.md,0.85,"0.85\ \mathrm{N} 但课本参考答案为 \(1.7\ \mathrm{N}\)，说明按平板两面受流计算。 ## 本题做题流程 \mu,\rho\rightarrow \nu=\frac{\mu}{\rho} U,L,\nu\rightarrow Re_L=\frac{UL}{\nu} Re_L\rightarrow 判断层流 \delta_{\max}=\frac{5L}{\sqrt{Re_L}} \bar C_f=\frac{1.328}{\sqrt{Re_L}} D=\bar C_f\cdot\frac12\rho U^2\cdot 2Lb 核心判断句： \boxed{\text{圆管湍流用 }u^+,y^+;\quad \text{平板层流用 }Re_L,\delta,\bar C_f.}",粘性管路/沿程局部损失/泵水轮机,P5 > 管路损失；Q5 > 粘性流动题库速解；M21 > 题图决策卡；M22 > 误判；M26 > 管路/模型,P5,由 Q 求 V，算 Re，判层/湍；层流用 H-P 或 64/Re，光滑湍流可用 0.3164/Re^(1/4)，粗糙管查 Moody；局部损失用所在管段速度；汇总后代入机械能求目标量。,1. 由 Q 和管径求 V；2. 算 Re 判断层流/湍流；3. 取 lambda 或查 Moody/Colebrook；4. 汇总沿程/局部损失；5. 代入机械能方程求目标量。,局部损失系数、粗糙度和物性仍需题给或查教材；v80 明确了 Moody、光滑管和局部损失速度的收口。 v80 保留管路机械能、沿程/局部损失、泵/水轮机功率、Moody/Colebrook 入口，并补圆管层流抛物线速度分布、湍流丰满剖面和平均/最大速度易错。,主题命中“粘性管路/沿程局部损失/泵水轮机”，v80 基础过程覆盖约 85%。；题型偏概念简答；v80 已有短答库，但非对应专栏仍扣少量组织分。,7.9,10.0,79.0,中高,
Q0328,课本/作业整理题,D:\虚拟C盘\学习\流体力学\第5-8章作业与复习_整理\粘性流动作业-2\08_书10.3_排挤厚度和动量损失厚度.md,08_书10.3_排挤厚度和动量损失厚度.md,未编号,假定层流边界层的速度分布如下，请计算边界层的排挤厚度 \(\delta_1\) 和动量损失厚度 \(\delta_2\)。,边界层/外绕流阻力,P6 > 平板边界层；P6 > 位移/动量厚度；M24 > 边界层积分题；Q5 > 边界层题库速解；M13 > 微题,P6,先算 Re_x/Re_L 判层流、湍流或转捩；直接题用 delta、Cf、阻力公式；速度剖面题用 M24 的 delta*、theta 和 Karman 模板；外绕流判断摩擦/压差阻力和分离。,1. 算 Re_x 或 Re_L；2. 判断层流/湍流/低 Re；3. 选厚度、Cf 或阻力公式；4. 若为厚度定义题，尝试写积分；5. 说明 v80 缺失的定义或图表。,"复杂非零压梯度动量积分、实验阻力图和扫描图数值仍需教材/图表；v80 已覆盖书10.3/10.5 常见剖面。 v80 已补 delta*, theta, H 的物理意义；复杂动量积分推导仍需手算。 v80 已补局部摩阻系数 cf、单位宽阻力 D'、CD=2theta/L、转捩位置 xcr、平板层/湍/混合阻力判定和湿表面积/迎风面积区分；复杂分离与实验阻力图仍需教材。 v80 保留给定速度剖面到 delta、theta、delta_E、tau_w、CD 的通用积分链，补强 delta、delta*、theta、delta_E 的物理意义，保留层/湍速度剖面标准句、Boussinesq 涡黏、吸气/吹气修正、自由射流动量通量入口、Theta 分离判据和 Karman--Pohlhausen 配边界步骤。",主题命中“边界层/外绕流阻力”，v80 基础过程覆盖约 87%。；题目要求推导或定义积分；v80 有 M24/M25/M26 骨架，但完整推导仍扣少量严谨性分。,7.9,10.0,79.0,中,
Q0329,课本/作业整理题,D:\虚拟C盘\学习\流体力学\第5-8章作业与复习_整理\粘性流动作业-2\08_书10.3_排挤厚度和动量损失厚度.md,08_书10.3_排挤厚度和动量损失厚度.md,未编号,\text{先写定义} \rightarrow \eta=\frac{y}{\delta} \rightarrow \frac{u}{U}=f(\eta) \rightarrow \delta_1=\delta\int_0^1(1-f)d\eta \rightarrow \delta_2=\delta\int_0^1f(1-f)d\eta.,概念简答/定义解释,M18 > 往年题可能问法：一句话答案；M23 > 概念短答库；R6 > 可直接抄的结论句；M9 > 高频小问速答；M12 > 概念题保底,无直接页码,先定位 M18/M23/R6 的可抄定义句；按“定义一句+原因一句+后果一句”写；若有公式页，再补适用条件和易错点。,1. 先按题干关键词选模型；2. 在 v80 对应页写首个控制方程/公式；3. 把题给几何、单位和边界条件代入；4. 做代数求解或列出需要查图查表的位置；5. 检查单位、方向、绝压/表压或适用条件。,v80 已显著补强短答，但长论述、实验现象细节和教材原话仍可能扣少量分。 v67 补长论述结构，v69 补读图/收口检查，v80 补层流/湍流/渐变流可抄定义；教材原话仍可能扣分。 v80 已补 N-S 各项标准意义、控制体外力组成、层/湍速度剖面、Boussinesq 涡黏、水击波速因素、孔板/自由射流概念、渐变流测压管水头、Ma 物理意义与 0.3 判据、深水波定义、RTT 守恒入口、完全/部分相似短答和标准四行答案模板，适合先写过程分。,主题命中“概念简答/定义解释”，v80 基础过程覆盖约 89%。,8.9,10.0,89.0,中高,
Q0330,课本/作业整理题,D:\虚拟C盘\学习\流体力学\第5-8章作业与复习_整理\粘性流动作业-2\09_书10.5_正弦速度分布动量积分.md,09_书10.5_正弦速度分布动量积分.md,"1. 由边界条件确定速度分布 f=\frac{u}{U_e}=a+b\sin\left(\frac{cy}{\delta}\right). ### 壁面无滑移 在 \(y=0\) 处： u=0. 所以： f(0)=a=0. ### 边界层外缘速度等于外流速度 在 \(y=\delta\) 处： u=U_e. 所以： b\sin c=1. ### 外缘速度平滑连接 在 \(y=\delta\) 处： \frac{\partial u}{\partial y}=0. \frac{\partial f}{\partial y} =b\frac{c}{\delta}\cos\left(\frac{cy}{\delta}\right). 代入 \(y=\delta\)： b\frac{c}{\delta}\cos c=0. 所以： \cos c=0,\qquad c=\frac{\pi}{2}. 由 \(b\sin c=1\) 得： b=1. 因此速度分布为： \boxed{\frac{u}{U_e}=\sin\left(\frac{\pi y}{2\delta}\right)} \eta=\frac{y}{\delta}, f(\eta)=\sin\frac{\pi\eta}{2}.","## 1. 由边界条件确定速度分布 f=\frac{u}{U_e}=a+b\sin\left(\frac{cy}{\delta}\right). ### 壁面无滑移 在 \(y=0\) 处： u=0. 所以： f(0)=a=0. ### 边界层外缘速度等于外流速度 在 \(y=\delta\) 处： u=U_e. 所以： b\sin c=1. ### 外缘速度平滑连接 在 \(y=\delta\) 处： \frac{\partial u}{\partial y}=0. \frac{\partial f}{\partial y} =b\frac{c}{\delta}\cos\left(\frac{cy}{\delta}\right). 代入 \(y=\delta\)： b\frac{c}{\delta}\cos c=0. 所以： \cos c=0,\qquad c=\frac{\pi}{2}. 由 \(b\sin c=1\) 得： b=1. 因此速度分布为： \boxed{\frac{u}{U_e}=\sin\left(\frac{\pi y}{2\delta}\right)} \eta=\frac{y}{\delta}, f(\eta)=\sin\frac{\pi\eta}{2}.",量纲分析/相似准则,P1 > 量纲分析模板；M25 > 量纲相似+推导骨架；M4 > 流程H；M6 > 标准解模板：相似；M13 > 模型律；M26 > 管路/模型,P1,列变量和基本量纲；选量纲独立且不含待求量的重复变量；逐个令 pi=X rho^a V^b L^c 求指数；最后用 M26 的 F~rho V^2 L^2、Delta p~rho V^2、Fr/Re 缩尺速度比做换算。,1. 先按题干关键词选模型；2. 在 v80 对应页写首个控制方程/公式；3. 把题给几何、单位和边界条件代入；4. 做代数求解或列出需要查图查表的位置；5. 检查单位、方向、绝压/表压或适用条件。,"若变量很冷门或需完整实验相似设计，仍需教材解释；v80 补了常见模型力、压强和速度比例换算。 v80 已补 Buckingham pi 五步流程和 Re/Fr/Ma/We/Eu 判据表；复杂多变量推导仍需手算。 v80 已补模型换算库 Q,t,f,F,Delta p,M,P 和 Re/Fr 冲突答题句；复杂 pi 群仍需手算。 v80 保留量纲齐次/Rayleigh 指数配平、完全/部分相似及 Re/Fr 冲突说明、关键词到 π 群的定位入口、球阻力 CD=f(Re) 标准推导，并补量纲公式、雷诺相似、自模化和压力系数 Cp/Eu 定义；冷门变量仍需逐项列量纲。",主题命中“量纲分析/相似准则”，v80 基础过程覆盖约 86%。；题目要求推导或定义积分；v80 有 M24/M25/M26 骨架，但完整推导仍扣少量严谨性分。,7.8,10.0,78.0,中高,
Q0331,课本/作业整理题,D:\虚拟C盘\学习\流体力学\第5-8章作业与复习_整理\粘性流动作业-2\09_书10.5_正弦速度分布动量积分.md,09_书10.5_正弦速度分布动量积分.md,2. 计算 \(\delta_1\) \delta_1=\int_0^\delta\left(1-\frac{u}{U_e}\right)dy. \delta_1=\delta\int_0^1\left(1-\sin\frac{\pi\eta}{2}\right)d\eta. \int_0^1\sin\frac{\pi\eta}{2}d\eta =\frac{2}{\pi}. 所以： \boxed{\delta_1=\delta\left(1-\frac{2}{\pi}\right)},## 2. 计算 \(\delta_1\) \delta_1=\int_0^\delta\left(1-\frac{u}{U_e}\right)dy. \delta_1=\delta\int_0^1\left(1-\sin\frac{\pi\eta}{2}\right)d\eta. \int_0^1\sin\frac{\pi\eta}{2}d\eta =\frac{2}{\pi}. 所以： \boxed{\delta_1=\delta\left(1-\frac{2}{\pi}\right)},量纲分析/相似准则,P1 > 量纲分析模板；M25 > 量纲相似+推导骨架；M4 > 流程H；M6 > 标准解模板：相似；M13 > 模型律；M26 > 管路/模型,P1,列变量和基本量纲；选量纲独立且不含待求量的重复变量；逐个令 pi=X rho^a V^b L^c 求指数；最后用 M26 的 F~rho V^2 L^2、Delta p~rho V^2、Fr/Re 缩尺速度比做换算。,1. 先按题干关键词选模型；2. 在 v80 对应页写首个控制方程/公式；3. 把题给几何、单位和边界条件代入；4. 做代数求解或列出需要查图查表的位置；5. 检查单位、方向、绝压/表压或适用条件。,"若变量很冷门或需完整实验相似设计，仍需教材解释；v80 补了常见模型力、压强和速度比例换算。 v80 已补 Buckingham pi 五步流程和 Re/Fr/Ma/We/Eu 判据表；复杂多变量推导仍需手算。 v80 已补模型换算库 Q,t,f,F,Delta p,M,P 和 Re/Fr 冲突答题句；复杂 pi 群仍需手算。 v80 保留量纲齐次/Rayleigh 指数配平、完全/部分相似及 Re/Fr 冲突说明、关键词到 π 群的定位入口、球阻力 CD=f(Re) 标准推导，并补量纲公式、雷诺相似、自模化和压力系数 Cp/Eu 定义；冷门变量仍需逐项列量纲。",主题命中“量纲分析/相似准则”，v80 基础过程覆盖约 86%。；题目要求推导或定义积分；v80 有 M24/M25/M26 骨架，但完整推导仍扣少量严谨性分。,7.8,10.0,78.0,中高,
Q0332,课本/作业整理题,D:\虚拟C盘\学习\流体力学\第5-8章作业与复习_整理\粘性流动作业-2\09_书10.5_正弦速度分布动量积分.md,09_书10.5_正弦速度分布动量积分.md,"3. 计算 \(\delta_2\) \delta_2 =\int_0^\delta\frac{u}{U_e}\left(1-\frac{u}{U_e}\right)dy. \delta_2 =\delta\int_0^1 \sin\frac{\pi\eta}{2} \left(1-\sin\frac{\pi\eta}{2}\right)d\eta. \delta_2 =\delta\left[ \int_0^1\sin\frac{\pi\eta}{2}d\eta \int_0^1\sin^2\frac{\pi\eta}{2}d\eta \right]. 其中： \int_0^1\sin\frac{\pi\eta}{2}d\eta=\frac{2}{\pi}, \int_0^1\sin^2\frac{\pi\eta}{2}d\eta=\frac12. 所以： \boxed{\delta_2=\delta\left(\frac{2}{\pi}-\frac12\right)}","## 3. 计算 \(\delta_2\) \delta_2 =\int_0^\delta\frac{u}{U_e}\left(1-\frac{u}{U_e}\right)dy. \delta_2 =\delta\int_0^1 \sin\frac{\pi\eta}{2} \left(1-\sin\frac{\pi\eta}{2}\right)d\eta. \delta_2 =\delta\left[ \int_0^1\sin\frac{\pi\eta}{2}d\eta \int_0^1\sin^2\frac{\pi\eta}{2}d\eta \right]. 其中： \int_0^1\sin\frac{\pi\eta}{2}d\eta=\frac{2}{\pi}, \int_0^1\sin^2\frac{\pi\eta}{2}d\eta=\frac12. 所以： \boxed{\delta_2=\delta\left(\frac{2}{\pi}-\frac12\right)}",量纲分析/相似准则,P1 > 量纲分析模板；M25 > 量纲相似+推导骨架；M4 > 流程H；M6 > 标准解模板：相似；M13 > 模型律；M26 > 管路/模型,P1,列变量和基本量纲；选量纲独立且不含待求量的重复变量；逐个令 pi=X rho^a V^b L^c 求指数；最后用 M26 的 F~rho V^2 L^2、Delta p~rho V^2、Fr/Re 缩尺速度比做换算。,1. 先按题干关键词选模型；2. 在 v80 对应页写首个控制方程/公式；3. 把题给几何、单位和边界条件代入；4. 做代数求解或列出需要查图查表的位置；5. 检查单位、方向、绝压/表压或适用条件。,"若变量很冷门或需完整实验相似设计，仍需教材解释；v80 补了常见模型力、压强和速度比例换算。 v80 已补 Buckingham pi 五步流程和 Re/Fr/Ma/We/Eu 判据表；复杂多变量推导仍需手算。 v80 已补模型换算库 Q,t,f,F,Delta p,M,P 和 Re/Fr 冲突答题句；复杂 pi 群仍需手算。 v80 保留量纲齐次/Rayleigh 指数配平、完全/部分相似及 Re/Fr 冲突说明、关键词到 π 群的定位入口、球阻力 CD=f(Re) 标准推导，并补量纲公式、雷诺相似、自模化和压力系数 Cp/Eu 定义；冷门变量仍需逐项列量纲。",主题命中“量纲分析/相似准则”，v80 基础过程覆盖约 86%。；题目要求推导或定义积分；v80 有 M24/M25/M26 骨架，但完整推导仍扣少量严谨性分。,7.8,10.0,78.0,中高,
Q0333,课本/作业整理题,D:\虚拟C盘\学习\流体力学\第5-8章作业与复习_整理\粘性流动作业-2\09_书10.5_正弦速度分布动量积分.md,09_书10.5_正弦速度分布动量积分.md,4. 求 \(\delta_1/\delta_2\) \frac{\delta_1}{\delta_2} \frac{1-\frac{2}{\pi}}{\frac{2}{\pi}-\frac12}. \boxed{\frac{\delta_1}{\delta_2}\approx2.66},## 4. 求 \(\delta_1/\delta_2\) \frac{\delta_1}{\delta_2} \frac{1-\frac{2}{\pi}}{\frac{2}{\pi}-\frac12}. \boxed{\frac{\delta_1}{\delta_2}\approx2.66},量纲分析/相似准则,P1 > 量纲分析模板；M25 > 量纲相似+推导骨架；M4 > 流程H；M6 > 标准解模板：相似；M13 > 模型律；M26 > 管路/模型,P1,列变量和基本量纲；选量纲独立且不含待求量的重复变量；逐个令 pi=X rho^a V^b L^c 求指数；最后用 M26 的 F~rho V^2 L^2、Delta p~rho V^2、Fr/Re 缩尺速度比做换算。,1. 先按题干关键词选模型；2. 在 v80 对应页写首个控制方程/公式；3. 把题给几何、单位和边界条件代入；4. 做代数求解或列出需要查图查表的位置；5. 检查单位、方向、绝压/表压或适用条件。,"若变量很冷门或需完整实验相似设计，仍需教材解释；v80 补了常见模型力、压强和速度比例换算。 v80 已补 Buckingham pi 五步流程和 Re/Fr/Ma/We/Eu 判据表；复杂多变量推导仍需手算。 v80 已补模型换算库 Q,t,f,F,Delta p,M,P 和 Re/Fr 冲突答题句；复杂 pi 群仍需手算。 v80 保留量纲齐次/Rayleigh 指数配平、完全/部分相似及 Re/Fr 冲突说明、关键词到 π 群的定位入口、球阻力 CD=f(Re) 标准推导，并补量纲公式、雷诺相似、自模化和压力系数 Cp/Eu 定义；冷门变量仍需逐项列量纲。",主题命中“量纲分析/相似准则”，v80 基础过程覆盖约 86%。；题目要求推导或定义积分；v80 有 M24/M25/M26 骨架，但完整推导仍扣少量严谨性分。,7.8,10.0,78.0,中高,
Q0334,课本/作业整理题,D:\虚拟C盘\学习\流体力学\第5-8章作业与复习_整理\粘性流动作业-2\09_书10.5_正弦速度分布动量积分.md,09_书10.5_正弦速度分布动量积分.md,"5. 用动量积分关系式求 \(C_D\) 平板零压强梯度时，动量积分关系式为： \frac{\tau_w}{\rho U_e^2} =\frac{d\delta_2}{dx}. 壁面切应力： \tau_w=\mu\left(\frac{\partial u}{\partial y}\right)_{y=0}. u=U_e\sin\left(\frac{\pi y}{2\delta}\right) \left(\frac{\partial u}{\partial y}\right)_{y=0} =U_e\frac{\pi}{2\delta}. 所以： \tau_w=\mu U_e\frac{\pi}{2\delta}. \delta_2=A\delta,\qquad A=\frac{2}{\pi}-\frac12. 代入动量积分方程： A\frac{d\delta}{dx} =\frac{\nu\pi}{2U_e\delta}. 整理： \delta\frac{d\delta}{dx} =\frac{\nu\pi}{2AU_e}. 积分，且 \(x=0\) 时 \(\delta=0\)： \delta^2=\frac{\pi\nu x}{AU_e}. 于是尾缘 \(x=L\) 处： \delta_2(L)=A\delta(L) =\sqrt{\frac{A\pi\nu L}{U_e}}. 平板总阻力系数定义为： C_D=\frac{D}{\frac12\rho U_e^2 S}. 对平板单面，动量积分给出： C_D=\frac{2\delta_2(L)}{L}. 所以： C_D =2\sqrt{\frac{A\pi}{Re_L}}, \qquad Re_L=\frac{U_eL}{\nu}. A=\frac{2}{\pi}-\frac12. 代入： 2\sqrt{A\pi}=1.31. 因此： \boxed{C_D=\frac{1.31}{\sqrt{Re_L}}} ## 最终答案 \boxed{\frac{\delta_1}{\delta_2}=2.66} \boxed{C_D=\frac{1.31}{\sqrt{Re_L}}}","## 5. 用动量积分关系式求 \(C_D\) 平板零压强梯度时，动量积分关系式为： \frac{\tau_w}{\rho U_e^2} =\frac{d\delta_2}{dx}. 壁面切应力： \tau_w=\mu\left(\frac{\partial u}{\partial y}\right)_{y=0}. u=U_e\sin\left(\frac{\pi y}{2\delta}\right) \left(\frac{\partial u}{\partial y}\right)_{y=0} =U_e\frac{\pi}{2\delta}. 所以： \tau_w=\mu U_e\frac{\pi}{2\delta}. \delta_2=A\delta,\qquad A=\frac{2}{\pi}-\frac12. 代入动量积分方程： A\frac{d\delta}{dx} =\frac{\nu\pi}{2U_e\delta}. 整理： \delta\frac{d\delta}{dx} =\frac{\nu\pi}{2AU_e}. 积分，且 \(x=0\) 时 \(\delta=0\)： \delta^2=\frac{\pi\nu x}{AU_e}. 于是尾缘 \(x=L\) 处： \delta_2(L)=A\delta(L) =\sqrt{\frac{A\pi\nu L}{U_e}}. 平板总阻力系数定义为： C_D=\frac{D}{\frac12\rho U_e^2 S}. 对平板单面，动量积分给出： C_D=\frac{2\delta_2(L)}{L}. 所以： C_D =2\sqrt{\frac{A\pi}{Re_L}}, \qquad Re_L=\frac{U_eL}{\nu}. A=\frac{2}{\pi}-\frac12. 代入： 2\sqrt{A\pi}=1.31. 因此： \boxed{C_D=\frac{1.31}{\sqrt{Re_L}}} ## 最终答案 \boxed{\frac{\delta_1}{\delta_2}=2.66} \boxed{C_D=\frac{1.31}{\sqrt{Re_L}}}",边界层/外绕流阻力,P6 > 平板边界层；P6 > 位移/动量厚度；M24 > 边界层积分题；Q5 > 边界层题库速解；M13 > 微题,P6,先算 Re_x/Re_L 判层流、湍流或转捩；直接题用 delta、Cf、阻力公式；速度剖面题用 M24 的 delta*、theta 和 Karman 模板；外绕流判断摩擦/压差阻力和分离。,1. 算 Re_x 或 Re_L；2. 判断层流/湍流/低 Re；3. 选厚度、Cf 或阻力公式；4. 若为厚度定义题，尝试写积分；5. 说明 v80 缺失的定义或图表。,"复杂非零压梯度动量积分、实验阻力图和扫描图数值仍需教材/图表；v80 已覆盖书10.3/10.5 常见剖面。 v80 已补 delta*, theta, H 的物理意义；复杂动量积分推导仍需手算。 v80 已补局部摩阻系数 cf、单位宽阻力 D'、CD=2theta/L、转捩位置 xcr、平板层/湍/混合阻力判定和湿表面积/迎风面积区分；复杂分离与实验阻力图仍需教材。 v80 保留给定速度剖面到 delta、theta、delta_E、tau_w、CD 的通用积分链，补强 delta、delta*、theta、delta_E 的物理意义，保留层/湍速度剖面标准句、Boussinesq 涡黏、吸气/吹气修正、自由射流动量通量入口、Theta 分离判据和 Karman--Pohlhausen 配边界步骤。",主题命中“边界层/外绕流阻力”，v80 基础过程覆盖约 87%。；题型偏概念简答；v80 已有短答库，但非对应专栏仍扣少量组织分。；题目要求推导或定义积分；v80 有 M24/M25/M26 骨架，但完整推导仍扣少量严谨性分。；仍依赖教材图表或读图；v80 有小查表/查表动作和收口模板，但不是完整数值表。,6.9,10.0,69.0,中高,
Q0335,课本/作业整理题,D:\虚拟C盘\学习\流体力学\第5-8章作业与复习_整理\粘性流动作业-2\10_书10.10_火车摩擦阻力功率.md,10_书10.10_火车摩擦阻力功率.md,2. 层流边界层维持长度 临界雷诺数： Re_{cr}=\frac{\rho Ux_{cr}}{\mu}. 所以： x_{cr}=\frac{Re_{cr}\mu}{\rho U}. 代入： x_{cr} =\frac{5\times10^5\times1.79\times10^{-5}} {1.22\times44.44}. \boxed{x_{cr}\approx0.165\ \mathrm{m}} 这说明火车表面从前缘开始很短一段是层流，之后基本是湍流。,## 2. 层流边界层维持长度 临界雷诺数： Re_{cr}=\frac{\rho Ux_{cr}}{\mu}. 所以： x_{cr}=\frac{Re_{cr}\mu}{\rho U}. 代入： x_{cr} =\frac{5\times10^5\times1.79\times10^{-5}} {1.22\times44.44}. \boxed{x_{cr}\approx0.165\ \mathrm{m}} 这说明火车表面从前缘开始很短一段是层流，之后基本是湍流。,粘性管路/沿程局部损失/泵水轮机,P5 > 管路损失；Q5 > 粘性流动题库速解；M21 > 题图决策卡；M22 > 误判；M26 > 管路/模型,P5,由 Q 求 V，算 Re，判层/湍；层流用 H-P 或 64/Re，光滑湍流可用 0.3164/Re^(1/4)，粗糙管查 Moody；局部损失用所在管段速度；汇总后代入机械能求目标量。,1. 由 Q 和管径求 V；2. 算 Re 判断层流/湍流；3. 取 lambda 或查 Moody/Colebrook；4. 汇总沿程/局部损失；5. 代入机械能方程求目标量。,局部损失系数、粗糙度和物性仍需题给或查教材；v80 明确了 Moody、光滑管和局部损失速度的收口。 v80 保留管路机械能、沿程/局部损失、泵/水轮机功率、Moody/Colebrook 入口，并补圆管层流抛物线速度分布、湍流丰满剖面和平均/最大速度易错。,主题命中“粘性管路/沿程局部损失/泵水轮机”，v80 基础过程覆盖约 85%。；题型偏概念简答；v80 已有短答库，但非对应专栏仍扣少量组织分。；仍依赖教材图表或读图；v80 有小查表/查表动作和收口模板，但不是完整数值表。,7.5,10.0,75.0,中高,
Q0336,课本/作业整理题,D:\虚拟C盘\学习\流体力学\第5-8章作业与复习_整理\粘性流动作业-2\13_粘性流动作业-2_题目与答案.pdf,13_粘性流动作业-2_题目与答案.pdf,1,"1. 圆管湍流近壁分层 直径为 50 mm 的管道内，流动的管截面平均的时均速度 ūm 为 1.7 m/s，已知运动粘性系数 ν = 1.006 mm2 /s, 计算壁面的线性底层、缓冲过渡层和完全湍流的厚度。提示： ūm Ruτ = 2.5 ln + 1.75, uτ ν R 是管半径。 d = 0.05 m, R= = 0.025 m. 2 ν = 1.006 × 10−6 m2 /s. 由平均速度公式反求摩擦速度 uτ ：",粘性管路/沿程局部损失/泵水轮机,P5 > 管路损失；Q5 > 粘性流动题库速解；M21 > 题图决策卡；M22 > 误判；M26 > 管路/模型,P5,由 Q 求 V，算 Re，判层/湍；层流用 H-P 或 64/Re，光滑湍流可用 0.3164/Re^(1/4)，粗糙管查 Moody；局部损失用所在管段速度；汇总后代入机械能求目标量。,1. 由 Q 和管径求 V；2. 算 Re 判断层流/湍流；3. 取 lambda 或查 Moody/Colebrook；4. 汇总沿程/局部损失；5. 代入机械能方程求目标量。,局部损失系数、粗糙度和物性仍需题给或查教材；v80 明确了 Moody、光滑管和局部损失速度的收口。 v80 保留管路机械能、沿程/局部损失、泵/水轮机功率、Moody/Colebrook 入口，并补圆管层流抛物线速度分布、湍流丰满剖面和平均/最大速度易错。,主题命中“粘性管路/沿程局部损失/泵水轮机”，v80 基础过程覆盖约 85%。,8.5,10.0,85.0,中高,
Q0337,课本/作业整理题,D:\虚拟C盘\学习\流体力学\第5-8章作业与复习_整理\粘性流动作业-2\13_粘性流动作业-2_题目与答案.pdf,13_粘性流动作业-2_题目与答案.pdf,2,"2. 泵吸水管最大安装高度 如图离心泵的吸水管采用镀锌钢管，粗糙度 e = 0.15 mm，长 6 m，直径 100 mm，有一个弯头（局部阻力 系数 ζ = 0.29）和一个进口阀（ζ = 2.5）。工作流量 Q = 50 m3 /h, 对应水温的汽化压力为 19.6 kPa，大气压力为 101.3 kPa。若要求水泵入口压力至少比汽化压力大 20 kPa， 求水泵中心位置高于水面的最大安装高度 h。已知 ν = 1.0 × 10−6 m2 /s. 选水池自由液面为 A，泵入口中心为 B。取水面为零高度： zA = 0, zB = h. 水面速度近似为零： VA ≈ 0. 水面压强为大气压： pA = pa . 泵入口最低允许压强： pB = pv + 20 kPa = 19.6 + 20 = 39.6 kPa. 对 A 到 B 写机械能方程： 1 ∑ pa = pB + ρgh + ρV 2 + ∆pf + ∆pζ . 2 3 化为水头形式： ( ) 2 pa − p B V2 L ∑ V h= − − λ + ζ . ρg 2g d 2g 流量： 50 Q= = 0.01389 m3 /s. 3600 管内平均速度： Q 0.01389 V = = = 1.77 m/s. πd2 /4 π(0.1)2 /4 雷诺数： Vd 1.77 × 0.1 Re = = = 1.77 × 105 . ν 1.0 × 10−6 相对粗糙度： e 0.15 mm = = 0.0015. d 100 mm 由 Re 和 e/d 查莫迪图，取 λ ≈ 0.023. 局部阻力系数和： ζ = 0.29 + 2.5 = 2.79. V2 1.772 = = 0.159 m. 2g 2 × 9.81 L 6 λ = 0.023 × = 1.38. d 0.1 pa − pB (101.3 − 39.6) × 103 = = 6.29 m. ρg 1000 × 9.81 因此： h = 6.29 − 0.159 − (1.38 + 2.79) × 0.159. hmax ≈ 5.47 m",粘性管路/沿程局部损失/泵水轮机,P5 > 管路损失；Q5 > 粘性流动题库速解；M21 > 题图决策卡；M22 > 误判；M26 > 管路/模型,P5,由 Q 求 V，算 Re，判层/湍；层流用 H-P 或 64/Re，光滑湍流可用 0.3164/Re^(1/4)，粗糙管查 Moody；局部损失用所在管段速度；汇总后代入机械能求目标量。,1. 由 Q 和管径求 V；2. 算 Re 判断层流/湍流；3. 取 lambda 或查 Moody/Colebrook；4. 汇总沿程/局部损失；5. 代入机械能方程求目标量。,局部损失系数、粗糙度和物性仍需题给或查教材；v80 明确了 Moody、光滑管和局部损失速度的收口。 v80 保留管路机械能、沿程/局部损失、泵/水轮机功率、Moody/Colebrook 入口，并补圆管层流抛物线速度分布、湍流丰满剖面和平均/最大速度易错。,主题命中“粘性管路/沿程局部损失/泵水轮机”，v80 基础过程覆盖约 85%。；题目要求推导或定义积分；v80 有 M24/M25/M26 骨架，但完整推导仍扣少量严谨性分。；仍依赖教材图表或读图；v80 有小查表/查表动作和收口模板，但不是完整数值表。,7.3,10.0,73.0,中高,
Q0338,课本/作业整理题,D:\虚拟C盘\学习\流体力学\第5-8章作业与复习_整理\粘性流动作业-2\13_粘性流动作业-2_题目与答案.pdf,13_粘性流动作业-2_题目与答案.pdf,3,"3. 水轮机输出功率 如图，管路系统中有一水轮机，水温 10◦ C，对应运动粘度 ν = 1.3 × 10−6 m2 /s. 水管为铸铁管，粗糙度 e = 0.25 mm。忽略局部损失，斜管中水流平均流速 2 m/s，试求水轮机输出功率。 图示条件：斜管内径 20 cm、长度 30 m；水平管内径 30 cm、长度 15 m；压力表读数 70 kPa；上游水面比 压力表截面高 30 m。 4 斜管： d1 = 0.20 m, L1 = 30 m, v1 = 2 m/s. 水平管： d2 = 0.30 m, L2 = 15 m. 流量： πd21 π(0.20)2 Q= v1 = × 2 = 0.0628 m3 /s. 4 4 水平管速度： Q 0.0628 v2 = 2 = = 0.889 m/s. πd2 /4 π(0.30)2 /4 雷诺数： v1 d1 2 × 0.20 Re1 = = = 3.08 × 105 . ν 1.3 × 10−6 v 2 d2 0.889 × 0.30 Re2 = = = 2.05 × 105 . ν 1.3 × 10−6 相对粗糙度： e e = 0.00125, = 0.000833. d1 d2 查莫迪图： λ1 ≈ 0.0216, λ2 ≈ 0.0203. 沿程损失： 30 22 hf 1 = 0.0216 × × = 0.659 m.",粘性管路/沿程局部损失/泵水轮机,P5 > 管路损失；Q5 > 粘性流动题库速解；M21 > 题图决策卡；M22 > 误判；M26 > 管路/模型,P5,由 Q 求 V，算 Re，判层/湍；层流用 H-P 或 64/Re，光滑湍流可用 0.3164/Re^(1/4)，粗糙管查 Moody；局部损失用所在管段速度；汇总后代入机械能求目标量。,1. 由 Q 和管径求 V；2. 算 Re 判断层流/湍流；3. 取 lambda 或查 Moody/Colebrook；4. 汇总沿程/局部损失；5. 代入机械能方程求目标量。,局部损失系数、粗糙度和物性仍需题给或查教材；v80 明确了 Moody、光滑管和局部损失速度的收口。 v80 保留管路机械能、沿程/局部损失、泵/水轮机功率、Moody/Colebrook 入口，并补圆管层流抛物线速度分布、湍流丰满剖面和平均/最大速度易错。,主题命中“粘性管路/沿程局部损失/泵水轮机”，v80 基础过程覆盖约 85%。；题目要求推导或定义积分；v80 有 M24/M25/M26 骨架，但完整推导仍扣少量严谨性分。；仍依赖教材图表或读图；v80 有小查表/查表动作和收口模板，但不是完整数值表。,7.3,10.0,73.0,中高,
Q0339,课本/作业整理题,D:\虚拟C盘\学习\流体力学\第5-8章作业与复习_整理\粘性流动作业-2\13_粘性流动作业-2_题目与答案.pdf,13_粘性流动作业-2_题目与答案.pdf,4,"4. 书 10.2：平板层流边界层 µ = 0.731 Pa · s, ρ = 925 kg/m3 的油，以 0.6 m/s 的速度平行地流过一块长为 0.5 m、宽为 0.15 m 的光滑平板。求边界层最大厚度及平板 所受的阻力。 运动粘度： µ 0.731 ν= = = 7.90 × 10−4 m2 /s. ρ 925 雷诺数： UL 0.6 × 0.5 ReL = = = 3.80 × 102 . ν 7.90 × 10−4 为层流。 边界层最大厚度： 5L 5 × 0.5 δmax = √ =√ = 0.128 m. ReL 3.80 × 102 平均摩擦系数：",边界层/外绕流阻力,P6 > 平板边界层；P6 > 位移/动量厚度；M24 > 边界层积分题；Q5 > 边界层题库速解；M13 > 微题,P6,先算 Re_x/Re_L 判层流、湍流或转捩；直接题用 delta、Cf、阻力公式；速度剖面题用 M24 的 delta*、theta 和 Karman 模板；外绕流判断摩擦/压差阻力和分离。,1. 算 Re_x 或 Re_L；2. 判断层流/湍流/低 Re；3. 选厚度、Cf 或阻力公式；4. 若为厚度定义题，尝试写积分；5. 说明 v80 缺失的定义或图表。,"复杂非零压梯度动量积分、实验阻力图和扫描图数值仍需教材/图表；v80 已覆盖书10.3/10.5 常见剖面。 v80 已补 delta*, theta, H 的物理意义；复杂动量积分推导仍需手算。 v80 已补局部摩阻系数 cf、单位宽阻力 D'、CD=2theta/L、转捩位置 xcr、平板层/湍/混合阻力判定和湿表面积/迎风面积区分；复杂分离与实验阻力图仍需教材。 v80 保留给定速度剖面到 delta、theta、delta_E、tau_w、CD 的通用积分链，补强 delta、delta*、theta、delta_E 的物理意义，保留层/湍速度剖面标准句、Boussinesq 涡黏、吸气/吹气修正、自由射流动量通量入口、Theta 分离判据和 Karman--Pohlhausen 配边界步骤。",主题命中“边界层/外绕流阻力”，v80 基础过程覆盖约 87%。,8.7,10.0,87.0,中高,
Q0340,课本/作业整理题,D:\虚拟C盘\学习\流体力学\第5-8章作业与复习_整理\粘性流动作业-2\13_粘性流动作业-2_题目与答案.pdf,13_粘性流动作业-2_题目与答案.pdf,5,"5. 书 10.3：排挤厚度和动量损失厚度 假定层流边界层的速度分布如下，请计算边界层的排挤厚度 δ1 和动量损失厚度 δ2 。 (1) u=U , y < δ; u = U, y > δ. [ ] 3 y 1 ( y )3 (2) u=U − , y < δ; u = U, y > δ. 2δ 2 δ 定义： ∫ ∞( ∫ ∞ u) u( u) δ1 = 1− dy, δ2 = 1− dy. 0 U 0 U U η= , dy = δdη. (1) Uu = η： ∫ 1 δ1 = δ (1 − η)dη = . 0 2 ∫ 1 δ2 = δ η(1 − η)dη = . 0 6 (2) Uu = f = 32 η − 12 η 3 ： ∫ 1 3 δ1 = δ (1 − f )dη = δ. 0 8 ∫ 1 39 δ2 = δ f (1 − f )dη = δ. 0 280 δ δ (1) δ1 = , δ2 = 2 6 3 39 (2) δ1 = δ, δ2 = δ 8 280",边界层/外绕流阻力,P6 > 平板边界层；P6 > 位移/动量厚度；M24 > 边界层积分题；Q5 > 边界层题库速解；M13 > 微题,P6,先算 Re_x/Re_L 判层流、湍流或转捩；直接题用 delta、Cf、阻力公式；速度剖面题用 M24 的 delta*、theta 和 Karman 模板；外绕流判断摩擦/压差阻力和分离。,1. 算 Re_x 或 Re_L；2. 判断层流/湍流/低 Re；3. 选厚度、Cf 或阻力公式；4. 若为厚度定义题，尝试写积分；5. 说明 v80 缺失的定义或图表。,"复杂非零压梯度动量积分、实验阻力图和扫描图数值仍需教材/图表；v80 已覆盖书10.3/10.5 常见剖面。 v80 已补 delta*, theta, H 的物理意义；复杂动量积分推导仍需手算。 v80 已补局部摩阻系数 cf、单位宽阻力 D'、CD=2theta/L、转捩位置 xcr、平板层/湍/混合阻力判定和湿表面积/迎风面积区分；复杂分离与实验阻力图仍需教材。 v80 保留给定速度剖面到 delta、theta、delta_E、tau_w、CD 的通用积分链，补强 delta、delta*、theta、delta_E 的物理意义，保留层/湍速度剖面标准句、Boussinesq 涡黏、吸气/吹气修正、自由射流动量通量入口、Theta 分离判据和 Karman--Pohlhausen 配边界步骤。",主题命中“边界层/外绕流阻力”，v80 基础过程覆盖约 87%。；题型偏概念简答；v80 已有短答库，但非对应专栏仍扣少量组织分。；题目要求推导或定义积分；v80 有 M24/M25/M26 骨架，但完整推导仍扣少量严谨性分。,7.3,10.0,73.0,中高,
Q0341,课本/作业整理题,D:\虚拟C盘\学习\流体力学\第5-8章作业与复习_整理\粘性流动作业-2\13_粘性流动作业-2_题目与答案.pdf,13_粘性流动作业-2_题目与答案.pdf,6,"6. 书 10.5：正弦速度分布 假设平板层流边界层内速度分布为 u ( cy ) = a + b sin , Ue δ 式中 a, b, c 为待定常数，试用动量积分关系式方法求 δ1 /δ2 和 CD 。 7 由边界条件： y=0: u = 0 ⇒ a = 0. y=δ: u = Ue ⇒ b sin c = 1. y=δ: = 0 ⇒ cos c = 0. c= , b = 1. 2 速度分布为： u ( πy ) = sin . Ue 2δ y πη η= , f = sin . δ 2 ∫ 1 ( ) 2 δ1 = δ (1 − f )dη = δ 1 − . 0 π ∫ 1 ( ) 2 1 δ2 = δ f (1 − f )dη = δ − . 0 π 2 δ1 1− 2 = 2 π1 ≈ 2.66 π − 2 δ2 动量积分关系式： τw dδ2 = . ρUe2 dx 壁面切应力： ( ) ∂u π τw = µ = µUe . ∂y 0 2δ 2 1 δ2 = Aδ, A= − . π 2 代入并积分得： √ 2δ2 (L) Aπ CD = =2 . L ReL 2 Aπ = 1.31,",边界层/外绕流阻力,P6 > 平板边界层；P6 > 位移/动量厚度；M24 > 边界层积分题；Q5 > 边界层题库速解；M13 > 微题,P6,先算 Re_x/Re_L 判层流、湍流或转捩；直接题用 delta、Cf、阻力公式；速度剖面题用 M24 的 delta*、theta 和 Karman 模板；外绕流判断摩擦/压差阻力和分离。,1. 算 Re_x 或 Re_L；2. 判断层流/湍流/低 Re；3. 选厚度、Cf 或阻力公式；4. 若为厚度定义题，尝试写积分；5. 说明 v80 缺失的定义或图表。,"复杂非零压梯度动量积分、实验阻力图和扫描图数值仍需教材/图表；v80 已覆盖书10.3/10.5 常见剖面。 v80 已补 delta*, theta, H 的物理意义；复杂动量积分推导仍需手算。 v80 已补局部摩阻系数 cf、单位宽阻力 D'、CD=2theta/L、转捩位置 xcr、平板层/湍/混合阻力判定和湿表面积/迎风面积区分；复杂分离与实验阻力图仍需教材。 v80 保留给定速度剖面到 delta、theta、delta_E、tau_w、CD 的通用积分链，补强 delta、delta*、theta、delta_E 的物理意义，保留层/湍速度剖面标准句、Boussinesq 涡黏、吸气/吹气修正、自由射流动量通量入口、Theta 分离判据和 Karman--Pohlhausen 配边界步骤。",主题命中“边界层/外绕流阻力”，v80 基础过程覆盖约 87%。；题目要求推导或定义积分；v80 有 M24/M25/M26 骨架，但完整推导仍扣少量严谨性分。,7.9,10.0,79.0,中高,
Q0342,课本/作业整理题,D:\虚拟C盘\学习\流体力学\第5-8章作业与复习_整理\粘性流动作业-2\13_粘性流动作业-2_题目与答案.pdf,13_粘性流动作业-2_题目与答案.pdf,7,"7. 书 10.10：火车摩擦阻力功率 流线型火车长 110 m、宽 2.75 m、高 2.75 m，假定顶部及所有侧面的表面摩擦力相当于长 110 m、宽 8.25 m 的光滑平板的一个表面。火车以 160 km/h 的速度在空气中等速行驶，空气密度 ρ = 1.22 kg/m3 , µ = 1.79 × 10−5 Pa · s, 如临界 Re 为 5 × 105 ，问层流边界层能维持多长？火车为克服风的摩擦阻力，消耗的功率为多少？ 160 U= = 44.44 m/s.",边界层/外绕流阻力,P6 > 平板边界层；P6 > 位移/动量厚度；M24 > 边界层积分题；Q5 > 边界层题库速解；M13 > 微题,P6,先算 Re_x/Re_L 判层流、湍流或转捩；直接题用 delta、Cf、阻力公式；速度剖面题用 M24 的 delta*、theta 和 Karman 模板；外绕流判断摩擦/压差阻力和分离。,1. 算 Re_x 或 Re_L；2. 判断层流/湍流/低 Re；3. 选厚度、Cf 或阻力公式；4. 若为厚度定义题，尝试写积分；5. 说明 v80 缺失的定义或图表。,"复杂非零压梯度动量积分、实验阻力图和扫描图数值仍需教材/图表；v80 已覆盖书10.3/10.5 常见剖面。 v80 已补 delta*, theta, H 的物理意义；复杂动量积分推导仍需手算。 v80 已补局部摩阻系数 cf、单位宽阻力 D'、CD=2theta/L、转捩位置 xcr、平板层/湍/混合阻力判定和湿表面积/迎风面积区分；复杂分离与实验阻力图仍需教材。 v80 保留给定速度剖面到 delta、theta、delta_E、tau_w、CD 的通用积分链，补强 delta、delta*、theta、delta_E 的物理意义，保留层/湍速度剖面标准句、Boussinesq 涡黏、吸气/吹气修正、自由射流动量通量入口、Theta 分离判据和 Karman--Pohlhausen 配边界步骤。",主题命中“边界层/外绕流阻力”，v80 基础过程覆盖约 87%。；仍依赖教材图表或读图；v80 有小查表/查表动作和收口模板，但不是完整数值表。,8.3,10.0,83.0,中高,
Q0343,课本/作业整理题,D:\虚拟C盘\学习\流体力学\第5-8章作业与复习_整理\粘性流动作业-2\13_粘性流动作业-2_题目与答案.pdf,13_粘性流动作业-2_题目与答案.pdf,8,"8. 平板单面摩擦阻力和尾部边界层厚度 已知来流 2.5 m/s 绕过零攻角平板，平板长 L = 50 cm，宽 b = 3 m，计算并比较不同流体绕流下，平板单 面摩擦阻力及平板尾部的边界层名义厚度。临界 Recr = 5 × 105 . (a) 空气： ρ = 1.2 kg/m3 , ν = 1.5 × 10−5 m2 /s. (b) 水： ρ = 998 kg/m3 , ν = 1.005 × 10−6 m2 /s. U = 2.5 m/s, L = 0.5 m, b = 3 m. S = Lb = 1.5 m2 . (a) 空气 UL 2.5 × 0.5 ReL = = = 8.33 × 104 . ν 1.5 × 10−5 ReL < 5 × 105 , 所以全层流。",边界层/外绕流阻力,P6 > 平板边界层；P6 > 位移/动量厚度；M24 > 边界层积分题；Q5 > 边界层题库速解；M13 > 微题,P6,先算 Re_x/Re_L 判层流、湍流或转捩；直接题用 delta、Cf、阻力公式；速度剖面题用 M24 的 delta*、theta 和 Karman 模板；外绕流判断摩擦/压差阻力和分离。,1. 算 Re_x 或 Re_L；2. 判断层流/湍流/低 Re；3. 选厚度、Cf 或阻力公式；4. 若为厚度定义题，尝试写积分；5. 说明 v80 缺失的定义或图表。,"复杂非零压梯度动量积分、实验阻力图和扫描图数值仍需教材/图表；v80 已覆盖书10.3/10.5 常见剖面。 v80 已补 delta*, theta, H 的物理意义；复杂动量积分推导仍需手算。 v80 已补局部摩阻系数 cf、单位宽阻力 D'、CD=2theta/L、转捩位置 xcr、平板层/湍/混合阻力判定和湿表面积/迎风面积区分；复杂分离与实验阻力图仍需教材。 v80 保留给定速度剖面到 delta、theta、delta_E、tau_w、CD 的通用积分链，补强 delta、delta*、theta、delta_E 的物理意义，保留层/湍速度剖面标准句、Boussinesq 涡黏、吸气/吹气修正、自由射流动量通量入口、Theta 分离判据和 Karman--Pohlhausen 配边界步骤。",主题命中“边界层/外绕流阻力”，v80 基础过程覆盖约 87%。,8.7,10.0,87.0,中高,
Q0344,课本/作业整理题,D:\虚拟C盘\学习\流体力学\第5-8章作业与复习_整理\粘性流动作业-2\13_粘性流动作业-2_题目与答案.tex,13_粘性流动作业-2_题目与答案.tex,未编号,"\begin{tcolorbox}[colback=blue!3,colframe=blue!50!black,title=说明] 本文件按作业顺序整理，共 8 题。每题先列题目，再给答案。计算中取水密度未注明时为 \(\rho=1000\ \mathrm{kg/m^3}\)，重力加速度 \(g=9.81\ \mathrm{m/s^2}\)。 \end{tcolorbox}",量纲分析/相似准则,P1 > 量纲分析模板；M25 > 量纲相似+推导骨架；M4 > 流程H；M6 > 标准解模板：相似；M13 > 模型律；M26 > 管路/模型,P1,列变量和基本量纲；选量纲独立且不含待求量的重复变量；逐个令 pi=X rho^a V^b L^c 求指数；最后用 M26 的 F~rho V^2 L^2、Delta p~rho V^2、Fr/Re 缩尺速度比做换算。,1. 先按题干关键词选模型；2. 在 v80 对应页写首个控制方程/公式；3. 把题给几何、单位和边界条件代入；4. 做代数求解或列出需要查图查表的位置；5. 检查单位、方向、绝压/表压或适用条件。,"若变量很冷门或需完整实验相似设计，仍需教材解释；v80 补了常见模型力、压强和速度比例换算。 v80 已补 Buckingham pi 五步流程和 Re/Fr/Ma/We/Eu 判据表；复杂多变量推导仍需手算。 v80 已补模型换算库 Q,t,f,F,Delta p,M,P 和 Re/Fr 冲突答题句；复杂 pi 群仍需手算。 v80 保留量纲齐次/Rayleigh 指数配平、完全/部分相似及 Re/Fr 冲突说明、关键词到 π 群的定位入口、球阻力 CD=f(Re) 标准推导，并补量纲公式、雷诺相似、自模化和压力系数 Cp/Eu 定义；冷门变量仍需逐项列量纲。",主题命中“量纲分析/相似准则”，v80 基础过程覆盖约 86%。；题型偏概念简答；v80 已有短答库，但非对应专栏仍扣少量组织分。,8.0,10.0,80.0,中高,
Q0345,课本/作业整理题,D:\虚拟C盘\学习\流体力学\第5-8章作业与复习_整理\粘性流动作业-2\13_粘性流动作业-2_题目与答案.tex,13_粘性流动作业-2_题目与答案.tex,未编号,"直径为 \(50\ \mathrm{mm}\) 的管道内，流动的管截面平均的时均速度 \(\bar u_m\) 为 \(1.7\ \mathrm{m/s}\)，已知运动粘性系数 \nu=1.006\ \mathrm{mm^2/s}, 计算壁面的线性底层、缓冲过渡层和完全湍流的厚度。提示： \frac{\bar u_m}{u_\tau}=2.5\ln\frac{Ru_\tau}{\nu}+1.75, \(R\) 是管半径。",粘性管路/沿程局部损失/泵水轮机,P5 > 管路损失；Q5 > 粘性流动题库速解；M21 > 题图决策卡；M22 > 误判；M26 > 管路/模型,P5,由 Q 求 V，算 Re，判层/湍；层流用 H-P 或 64/Re，光滑湍流可用 0.3164/Re^(1/4)，粗糙管查 Moody；局部损失用所在管段速度；汇总后代入机械能求目标量。,1. 由 Q 和管径求 V；2. 算 Re 判断层流/湍流；3. 取 lambda 或查 Moody/Colebrook；4. 汇总沿程/局部损失；5. 代入机械能方程求目标量。,局部损失系数、粗糙度和物性仍需题给或查教材；v80 明确了 Moody、光滑管和局部损失速度的收口。 v80 保留管路机械能、沿程/局部损失、泵/水轮机功率、Moody/Colebrook 入口，并补圆管层流抛物线速度分布、湍流丰满剖面和平均/最大速度易错。,主题命中“粘性管路/沿程局部损失/泵水轮机”，v80 基础过程覆盖约 85%。,8.5,10.0,85.0,中高,
Q0346,课本/作业整理题,D:\虚拟C盘\学习\流体力学\第5-8章作业与复习_整理\粘性流动作业-2\13_粘性流动作业-2_题目与答案.tex,13_粘性流动作业-2_题目与答案.tex,未编号,由平均速度公式反求摩擦速度 \(u_\tau\)： \frac{1.7}{u_\tau} =2.5\ln\frac{0.025u_\tau}{1.006\times10^{-6}}+1.75.,量纲分析/相似准则,P1 > 量纲分析模板；M25 > 量纲相似+推导骨架；M4 > 流程H；M6 > 标准解模板：相似；M13 > 模型律；M26 > 管路/模型,P1,列变量和基本量纲；选量纲独立且不含待求量的重复变量；逐个令 pi=X rho^a V^b L^c 求指数；最后用 M26 的 F~rho V^2 L^2、Delta p~rho V^2、Fr/Re 缩尺速度比做换算。,1. 先按题干关键词选模型；2. 在 v80 对应页写首个控制方程/公式；3. 把题给几何、单位和边界条件代入；4. 做代数求解或列出需要查图查表的位置；5. 检查单位、方向、绝压/表压或适用条件。,"若变量很冷门或需完整实验相似设计，仍需教材解释；v80 补了常见模型力、压强和速度比例换算。 v80 已补 Buckingham pi 五步流程和 Re/Fr/Ma/We/Eu 判据表；复杂多变量推导仍需手算。 v80 已补模型换算库 Q,t,f,F,Delta p,M,P 和 Re/Fr 冲突答题句；复杂 pi 群仍需手算。 v80 保留量纲齐次/Rayleigh 指数配平、完全/部分相似及 Re/Fr 冲突说明、关键词到 π 群的定位入口、球阻力 CD=f(Re) 标准推导，并补量纲公式、雷诺相似、自模化和压力系数 Cp/Eu 定义；冷门变量仍需逐项列量纲。",主题命中“量纲分析/相似准则”，v80 基础过程覆盖约 86%。,8.6,10.0,86.0,中高,
Q0347,课本/作业整理题,D:\虚拟C盘\学习\流体力学\第5-8章作业与复习_整理\粘性流动作业-2\13_粘性流动作业-2_题目与答案.tex,13_粘性流动作业-2_题目与答案.tex,未编号,"如图离心泵的吸水管采用镀锌钢管，粗糙度 \(e=0.15\ \mathrm{mm}\)，长 \(6\ \mathrm{m}\)，直径 \(100\ \mathrm{mm}\)，有一个弯头 （局部阻力系数 \(\zeta=0.29\)）和一个进口阀（\(\zeta=2.5\)）。工作流量 Q=50\ \mathrm{m^3/h}, 对应水温的汽化压力为 \(19.6\ \mathrm{kPa}\)，大气压力为 \(101.3\ \mathrm{kPa}\)。若要求水泵入口压力至少比汽化压力大 \(20\ \mathrm{kPa}\)，求水泵中心位置高于水面的最大安装高度 \(h\)。已知 \nu=1.0\times10^{-6}\ \mathrm{m^2/s}.",粘性管路/沿程局部损失/泵水轮机,P5 > 管路损失；Q5 > 粘性流动题库速解；M21 > 题图决策卡；M22 > 误判；M26 > 管路/模型,P5,由 Q 求 V，算 Re，判层/湍；层流用 H-P 或 64/Re，光滑湍流可用 0.3164/Re^(1/4)，粗糙管查 Moody；局部损失用所在管段速度；汇总后代入机械能求目标量。,1. 由 Q 和管径求 V；2. 算 Re 判断层流/湍流；3. 取 lambda 或查 Moody/Colebrook；4. 汇总沿程/局部损失；5. 代入机械能方程求目标量。,局部损失系数、粗糙度和物性仍需题给或查教材；v80 明确了 Moody、光滑管和局部损失速度的收口。 v80 保留管路机械能、沿程/局部损失、泵/水轮机功率、Moody/Colebrook 入口，并补圆管层流抛物线速度分布、湍流丰满剖面和平均/最大速度易错。,主题命中“粘性管路/沿程局部损失/泵水轮机”，v80 基础过程覆盖约 85%。；仍依赖教材图表或读图；v80 有小查表/查表动作和收口模板，但不是完整数值表。,8.1,10.0,81.0,中高,
Q0348,课本/作业整理题,D:\虚拟C盘\学习\流体力学\第5-8章作业与复习_整理\粘性流动作业-2\13_粘性流动作业-2_题目与答案.tex,13_粘性流动作业-2_题目与答案.tex,未编号,如图，管路系统中有一水轮机，水温 \(10^\circ\mathrm{C}\)，对应运动粘度 \nu=1.3\times10^{-6}\ \mathrm{m^2/s}. 水管为铸铁管，粗糙度 \(e=0.25\ \mathrm{mm}\)。忽略局部损失，斜管中水流平均流速 \(2\ \mathrm{m/s}\)，试求水轮机输出功率。,粘性管路/沿程局部损失/泵水轮机,P5 > 管路损失；Q5 > 粘性流动题库速解；M21 > 题图决策卡；M22 > 误判；M26 > 管路/模型,P5,由 Q 求 V，算 Re，判层/湍；层流用 H-P 或 64/Re，光滑湍流可用 0.3164/Re^(1/4)，粗糙管查 Moody；局部损失用所在管段速度；汇总后代入机械能求目标量。,1. 由 Q 和管径求 V；2. 算 Re 判断层流/湍流；3. 取 lambda 或查 Moody/Colebrook；4. 汇总沿程/局部损失；5. 代入机械能方程求目标量。,局部损失系数、粗糙度和物性仍需题给或查教材；v80 明确了 Moody、光滑管和局部损失速度的收口。 v80 保留管路机械能、沿程/局部损失、泵/水轮机功率、Moody/Colebrook 入口，并补圆管层流抛物线速度分布、湍流丰满剖面和平均/最大速度易错。,主题命中“粘性管路/沿程局部损失/泵水轮机”，v80 基础过程覆盖约 85%。；仍依赖教材图表或读图；v80 有小查表/查表动作和收口模板，但不是完整数值表。,8.1,10.0,81.0,中高,
Q0349,课本/作业整理题,D:\虚拟C盘\学习\流体力学\第5-8章作业与复习_整理\粘性流动作业-2\13_粘性流动作业-2_题目与答案.tex,13_粘性流动作业-2_题目与答案.tex,未编号,"\mu=0.731\ \mathrm{Pa\cdot s},\qquad \rho=925\ \mathrm{kg/m^3} 的油，以 \(0.6\ \mathrm{m/s}\) 的速度平行地流过一块长为 \(0.5\ \mathrm{m}\)、宽为 \(0.15\ \mathrm{m}\) 的光滑平板。求边界层最大厚度及平板所受的阻力。",边界层/外绕流阻力,P6 > 平板边界层；P6 > 位移/动量厚度；M24 > 边界层积分题；Q5 > 边界层题库速解；M13 > 微题,P6,先算 Re_x/Re_L 判层流、湍流或转捩；直接题用 delta、Cf、阻力公式；速度剖面题用 M24 的 delta*、theta 和 Karman 模板；外绕流判断摩擦/压差阻力和分离。,1. 算 Re_x 或 Re_L；2. 判断层流/湍流/低 Re；3. 选厚度、Cf 或阻力公式；4. 若为厚度定义题，尝试写积分；5. 说明 v80 缺失的定义或图表。,"复杂非零压梯度动量积分、实验阻力图和扫描图数值仍需教材/图表；v80 已覆盖书10.3/10.5 常见剖面。 v80 已补 delta*, theta, H 的物理意义；复杂动量积分推导仍需手算。 v80 已补局部摩阻系数 cf、单位宽阻力 D'、CD=2theta/L、转捩位置 xcr、平板层/湍/混合阻力判定和湿表面积/迎风面积区分；复杂分离与实验阻力图仍需教材。 v80 保留给定速度剖面到 delta、theta、delta_E、tau_w、CD 的通用积分链，补强 delta、delta*、theta、delta_E 的物理意义，保留层/湍速度剖面标准句、Boussinesq 涡黏、吸气/吹气修正、自由射流动量通量入口、Theta 分离判据和 Karman--Pohlhausen 配边界步骤。",主题命中“边界层/外绕流阻力”，v80 基础过程覆盖约 87%。,8.7,10.0,87.0,中高,
Q0350,课本/作业整理题,D:\虚拟C盘\学习\流体力学\第5-8章作业与复习_整理\粘性流动作业-2\13_粘性流动作业-2_题目与答案.tex,13_粘性流动作业-2_题目与答案.tex,未编号,假定层流边界层的速度分布如下，请计算边界层的排挤厚度 \(\delta_1\) 和动量损失厚度 \(\delta_2\)。,边界层/外绕流阻力,P6 > 平板边界层；P6 > 位移/动量厚度；M24 > 边界层积分题；Q5 > 边界层题库速解；M13 > 微题,P6,先算 Re_x/Re_L 判层流、湍流或转捩；直接题用 delta、Cf、阻力公式；速度剖面题用 M24 的 delta*、theta 和 Karman 模板；外绕流判断摩擦/压差阻力和分离。,1. 算 Re_x 或 Re_L；2. 判断层流/湍流/低 Re；3. 选厚度、Cf 或阻力公式；4. 若为厚度定义题，尝试写积分；5. 说明 v80 缺失的定义或图表。,"复杂非零压梯度动量积分、实验阻力图和扫描图数值仍需教材/图表；v80 已覆盖书10.3/10.5 常见剖面。 v80 已补 delta*, theta, H 的物理意义；复杂动量积分推导仍需手算。 v80 已补局部摩阻系数 cf、单位宽阻力 D'、CD=2theta/L、转捩位置 xcr、平板层/湍/混合阻力判定和湿表面积/迎风面积区分；复杂分离与实验阻力图仍需教材。 v80 保留给定速度剖面到 delta、theta、delta_E、tau_w、CD 的通用积分链，补强 delta、delta*、theta、delta_E 的物理意义，保留层/湍速度剖面标准句、Boussinesq 涡黏、吸气/吹气修正、自由射流动量通量入口、Theta 分离判据和 Karman--Pohlhausen 配边界步骤。",主题命中“边界层/外绕流阻力”，v80 基础过程覆盖约 87%。；题目要求推导或定义积分；v80 有 M24/M25/M26 骨架，但完整推导仍扣少量严谨性分。,7.9,10.0,79.0,中,
Q0351,课本/作业整理题,D:\虚拟C盘\学习\流体力学\第5-8章作业与复习_整理\粘性流动作业-2\13_粘性流动作业-2_题目与答案.tex,13_粘性流动作业-2_题目与答案.tex,未编号,"定义： \delta_1=\int_0^\infty\left(1-\frac{u}{U}\right)\dd y,\qquad \delta_2=\int_0^\infty\frac{u}{U}\left(1-\frac{u}{U}\right)\dd y.",概念简答/定义解释,M18 > 往年题可能问法：一句话答案；M23 > 概念短答库；R6 > 可直接抄的结论句；M9 > 高频小问速答；M12 > 概念题保底,无直接页码,先定位 M18/M23/R6 的可抄定义句；按“定义一句+原因一句+后果一句”写；若有公式页，再补适用条件和易错点。,1. 先按题干关键词选模型；2. 在 v80 对应页写首个控制方程/公式；3. 把题给几何、单位和边界条件代入；4. 做代数求解或列出需要查图查表的位置；5. 检查单位、方向、绝压/表压或适用条件。,v80 已显著补强短答，但长论述、实验现象细节和教材原话仍可能扣少量分。 v67 补长论述结构，v69 补读图/收口检查，v80 补层流/湍流/渐变流可抄定义；教材原话仍可能扣分。 v80 已补 N-S 各项标准意义、控制体外力组成、层/湍速度剖面、Boussinesq 涡黏、水击波速因素、孔板/自由射流概念、渐变流测压管水头、Ma 物理意义与 0.3 判据、深水波定义、RTT 守恒入口、完全/部分相似短答和标准四行答案模板，适合先写过程分。,主题命中“概念简答/定义解释”，v80 基础过程覆盖约 89%。,8.9,10.0,89.0,中高,
Q0352,课本/作业整理题,D:\虚拟C盘\学习\流体力学\第5-8章作业与复习_整理\粘性流动作业-2\13_粘性流动作业-2_题目与答案.tex,13_粘性流动作业-2_题目与答案.tex,未编号,"假设平板层流边界层内速度分布为 \frac{u}{U_e}=a+b\sin\left(\frac{cy}{\delta}\right), 式中 \(a,b,c\) 为待定常数，试用动量积分关系式方法求 \(\delta_1/\delta_2\) 和 \(C_D\)。",边界层/外绕流阻力,P6 > 平板边界层；P6 > 位移/动量厚度；M24 > 边界层积分题；Q5 > 边界层题库速解；M13 > 微题,P6,先算 Re_x/Re_L 判层流、湍流或转捩；直接题用 delta、Cf、阻力公式；速度剖面题用 M24 的 delta*、theta 和 Karman 模板；外绕流判断摩擦/压差阻力和分离。,1. 算 Re_x 或 Re_L；2. 判断层流/湍流/低 Re；3. 选厚度、Cf 或阻力公式；4. 若为厚度定义题，尝试写积分；5. 说明 v80 缺失的定义或图表。,"复杂非零压梯度动量积分、实验阻力图和扫描图数值仍需教材/图表；v80 已覆盖书10.3/10.5 常见剖面。 v80 已补 delta*, theta, H 的物理意义；复杂动量积分推导仍需手算。 v80 已补局部摩阻系数 cf、单位宽阻力 D'、CD=2theta/L、转捩位置 xcr、平板层/湍/混合阻力判定和湿表面积/迎风面积区分；复杂分离与实验阻力图仍需教材。 v80 保留给定速度剖面到 delta、theta、delta_E、tau_w、CD 的通用积分链，补强 delta、delta*、theta、delta_E 的物理意义，保留层/湍速度剖面标准句、Boussinesq 涡黏、吸气/吹气修正、自由射流动量通量入口、Theta 分离判据和 Karman--Pohlhausen 配边界步骤。",主题命中“边界层/外绕流阻力”，v80 基础过程覆盖约 87%。；题目要求推导或定义积分；v80 有 M24/M25/M26 骨架，但完整推导仍扣少量严谨性分。,7.9,10.0,79.0,中高,
Q0353,课本/作业整理题,D:\虚拟C盘\学习\流体力学\第5-8章作业与复习_整理\粘性流动作业-2\13_粘性流动作业-2_题目与答案.tex,13_粘性流动作业-2_题目与答案.tex,未编号,"流线型火车长 \(110\ \mathrm{m}\)、宽 \(2.75\ \mathrm{m}\)、高 \(2.75\ \mathrm{m}\)，假定顶部及所有侧面的表面摩擦力相当于长 \(110\ \mathrm{m}\)、宽 \(8.25\ \mathrm{m}\) 的光滑平板的一个表面。火车以 \(160\ \mathrm{km/h}\) 的速度在空气中等速行驶，空气密度 \rho=1.22\ \mathrm{kg/m^3}, \mu=1.79\times10^{-5}\ \mathrm{Pa\cdot s}, 如临界 \(Re\) 为 \(5\times10^5\)，问层流边界层能维持多长？火车为克服风的摩擦阻力，消耗的功率为多少？",边界层/外绕流阻力,P6 > 平板边界层；P6 > 位移/动量厚度；M24 > 边界层积分题；Q5 > 边界层题库速解；M13 > 微题,P6,先算 Re_x/Re_L 判层流、湍流或转捩；直接题用 delta、Cf、阻力公式；速度剖面题用 M24 的 delta*、theta 和 Karman 模板；外绕流判断摩擦/压差阻力和分离。,1. 算 Re_x 或 Re_L；2. 判断层流/湍流/低 Re；3. 选厚度、Cf 或阻力公式；4. 若为厚度定义题，尝试写积分；5. 说明 v80 缺失的定义或图表。,"复杂非零压梯度动量积分、实验阻力图和扫描图数值仍需教材/图表；v80 已覆盖书10.3/10.5 常见剖面。 v80 已补 delta*, theta, H 的物理意义；复杂动量积分推导仍需手算。 v80 已补局部摩阻系数 cf、单位宽阻力 D'、CD=2theta/L、转捩位置 xcr、平板层/湍/混合阻力判定和湿表面积/迎风面积区分；复杂分离与实验阻力图仍需教材。 v80 保留给定速度剖面到 delta、theta、delta_E、tau_w、CD 的通用积分链，补强 delta、delta*、theta、delta_E 的物理意义，保留层/湍速度剖面标准句、Boussinesq 涡黏、吸气/吹气修正、自由射流动量通量入口、Theta 分离判据和 Karman--Pohlhausen 配边界步骤。",主题命中“边界层/外绕流阻力”，v80 基础过程覆盖约 87%。；仍依赖教材图表或读图；v80 有小查表/查表动作和收口模板，但不是完整数值表。,8.3,10.0,83.0,中高,
Q0354,课本/作业整理题,D:\虚拟C盘\学习\流体力学\第5-8章作业与复习_整理\粘性流动作业-2\13_粘性流动作业-2_题目与答案.tex,13_粘性流动作业-2_题目与答案.tex,未编号,已知来流 \(2.5\ \mathrm{m/s}\) 绕过零攻角平板，平板长 \(L=50\ \mathrm{cm}\)，宽 \(b=3\ \mathrm{m}\)，计算并比较不同流体绕流下，平板单面摩擦阻力及平板尾部的边界层名义厚度。临界 Re_{cr}=5\times10^5.,边界层/外绕流阻力,P6 > 平板边界层；P6 > 位移/动量厚度；M24 > 边界层积分题；Q5 > 边界层题库速解；M13 > 微题,P6,先算 Re_x/Re_L 判层流、湍流或转捩；直接题用 delta、Cf、阻力公式；速度剖面题用 M24 的 delta*、theta 和 Karman 模板；外绕流判断摩擦/压差阻力和分离。,1. 算 Re_x 或 Re_L；2. 判断层流/湍流/低 Re；3. 选厚度、Cf 或阻力公式；4. 若为厚度定义题，尝试写积分；5. 说明 v80 缺失的定义或图表。,"复杂非零压梯度动量积分、实验阻力图和扫描图数值仍需教材/图表；v80 已覆盖书10.3/10.5 常见剖面。 v80 已补 delta*, theta, H 的物理意义；复杂动量积分推导仍需手算。 v80 已补局部摩阻系数 cf、单位宽阻力 D'、CD=2theta/L、转捩位置 xcr、平板层/湍/混合阻力判定和湿表面积/迎风面积区分；复杂分离与实验阻力图仍需教材。 v80 保留给定速度剖面到 delta、theta、delta_E、tau_w、CD 的通用积分链，补强 delta、delta*、theta、delta_E 的物理意义，保留层/湍速度剖面标准句、Boussinesq 涡黏、吸气/吹气修正、自由射流动量通量入口、Theta 分离判据和 Karman--Pohlhausen 配边界步骤。",主题命中“边界层/外绕流阻力”，v80 基础过程覆盖约 87%。,8.7,10.0,87.0,中高,
Q0355,课本教材题-张扬军文本,D:\虚拟C盘\学习\流体力学\张扬军（车辆学院）\教材\流体力学教材_text.txt,流体力学教材_text.txt,1.1,1.1 流体的连续介质假设 从微观角度看，与其他物质一样，流体也是由大量分子组成的。由于分子之间存在间隙， 流体并不是空间连续分布的物质。流体力学研究由大量分子组成的流体的宏观平衡和运动规 律，通常所考虑问题的特征尺寸远大于流体分子的平均自由程，因此，一般不讨论流体的微 观结构和个别分子的运动。 从统计意义上来讲，流体的宏观运动是通过大量分子运动的统计平均值来体现的。在流 体力学中，通常取流体质点作为研究流体的基元。流体质点是在微小特征体内含有足够多分 子数且具有确定宏观统计特性的分子集合。从微观角度看，流体质点体积足够大，其尺度远 大于分子平均自由程，因此，个别分子的行为不影响流体质点的统计平均特性，即流体质点 的统计物理量具有确定性；从宏观角度看，流体质点的体积无限小，其尺度与所研究问题的 特征尺度相比，又可看作一个几何点。基于流体质点的统计物理量在空间的变化，能够获得 流体的宏观运动特征。假定流体由流体质点组成，流体质点之间没有间隙，可将流体视为一 种由无数连续分布的流体质点所组成的连续的介质，这就是流体的连续介质假设。 把流体看成由微观无穷大、宏观无穷小的流体质点组成的连续介质后，如果研究流体运 动时所取流体质点足够小且包含足够多的分子，就可以使流体质点的各个统计物理量(如温度、 压力和速度等)具有意义。于是可以避免考虑真实流体无数分子的瞬时状态，而研究由流体质 点所组成的流体的宏观运动属性。连续介质假设将流体视为空间连续分布的介质，因此，表 征流体宏观属性的物理量，如密度、速度、压强、温度、黏度、应力等，在空间的分布也应 该是连续的。在任意时刻，空间上任意一点只能有一个流体质点，因此，流体及其各物理量 可视为时间和空间的单值连续可微函数，进而可以利用微积分等数学工具来对其运动规律进 行研究。 需要强调的是，连续介质假设是流体力学的根本假设之一。基于这个假设，可以把微观 流体分子的无规则运动问题转化为流体质点的宏观运动问题来处理。在大部分工程技术所涉 及的流体力学问题中，该假设都是适用的。例如，在标准状况下，1mm3 的气体中包含 2.7 × 1016 个分子。若取 0.01mm 作为流体质点的特征尺寸，则体积为 10 −6 mm3 的流体质点包含 2.7 × 1010 ·2· 流 体 力 学 个分子，完全能得到与个别分子运动无关的统计平均值。另外，0.01mm 相对于一般工程问题 是一个非常小的量，完全可以将其视为一个宏观无穷小量。但对一些特殊问题，连续介质假 设并不适用，例如，火箭在高空非常稀薄的气体中飞行或者在高真空技术中，此时分子间距 大到与流体运动的特征尺度可比拟的程度，因此，必须舍弃宏观的连续介质研究方法，代之 以微观的分子动力学研究方法。临近空间飞行器是近年来空天武器研究的前沿和热点。当研 究涉及 80km 高度以上空间区域的气体运动时,概念简答/定义解释,M18 > 往年题可能问法：一句话答案；M23 > 概念短答库；R6 > 可直接抄的结论句；M9 > 高频小问速答；M12 > 概念题保底,无直接页码,先定位 M18/M23/R6 的可抄定义句；按“定义一句+原因一句+后果一句”写；若有公式页，再补适用条件和易错点。,1. 先按题干关键词选模型；2. 在 v80 对应页写首个控制方程/公式；3. 把题给几何、单位和边界条件代入；4. 做代数求解或列出需要查图查表的位置；5. 检查单位、方向、绝压/表压或适用条件。,v80 已显著补强短答，但长论述、实验现象细节和教材原话仍可能扣少量分。 v67 补长论述结构，v69 补读图/收口检查，v80 补层流/湍流/渐变流可抄定义；教材原话仍可能扣分。 v80 已补 N-S 各项标准意义、控制体外力组成、层/湍速度剖面、Boussinesq 涡黏、水击波速因素、孔板/自由射流概念、渐变流测压管水头、Ma 物理意义与 0.3 判据、深水波定义、RTT 守恒入口、完全/部分相似短答和标准四行答案模板，适合先写过程分。,主题命中“概念简答/定义解释”，v80 基础过程覆盖约 89%。；仍依赖教材图表或读图；v80 有小查表/查表动作和收口模板，但不是完整数值表。,8.5,10.0,85.0,中高,
Q0356,课本教材题-张扬军文本,D:\虚拟C盘\学习\流体力学\张扬军（车辆学院）\教材\流体力学教材_text.txt,流体力学教材_text.txt,1.2,1.2.1 牛顿内摩擦定律 流体运动时的黏性力与哪些因素有关呢？通过大量的实验研究，牛顿于 1686 年提出了确 定黏性力的牛顿内摩擦定律，具体如下。 如图 1-1 所示，取两块间距为 h 的相互平行的平板，板间充满流体。上板在外力拖动下以 恒定速度 U 沿 x 轴方向运动，下板固定不动。在流体黏性力的作用下，黏附于上板的流体将 以速度 U 运动，而与下板接触的流体速度为零。上、下板之间的流体做平行于平板的运动， 流体运动的速度呈线性分布，从下板速度为零变化到上板速度 U 。显而易见，平行于平板的 各层流体之间都存在相对运动。在流体黏性力的作用下，下层流体将对上层流体产生切向内 摩擦力。因此，要维持流体的运动，必须在上板施加与内摩擦力大小相等、方向相反的切向 拉力。大量的实验证明，流体内摩擦力的大小与速度 U 以及板接触面积成正比，与两板之间 的距离成反比，即 F = μ AU / h (1.2.1) 其中， F 为内摩擦力( N )；A 为流体与平板之 间的接触面积( m2 )；h 为运动平板与静止平板 间的垂直距离(m)；U 为运动平板的移动的速 度( m/s )；μ 为比例系数，称为动力黏度或黏度 ( Pa ⋅ s 或 kg/(m ⋅ s) 或 N ⋅ s/m 2 )。根据式(1.2.1)， 可以得到平板单位面积上所受流体的剪切力 τ (也称为剪切应力、切应力)的表达式为 图 1-1 牛顿平板实验 τ = F / A = μU / h (1.2.2) 第 1 章 流体的物理性质 ·3· 根据式(1.2.2)可以看出，流体切应力与流体运动的速 度梯度成正比，而相应的比例系数即流体的黏度。一般情 况下，流体的运动速度并不呈线性分布。如图 1-2 所示， 此时取厚度为 dy 的流体薄层，令坐标 y 处流体运动速度为 u，坐标 y+dy 处的速度为 u+du。显然在厚度为 dy 的流体 薄层中的速度梯度为 du /dy ，则相应的切应力可以表示为 τ =μ (1.2.3) 图 1-2 黏性流体速度分布示意图 式(1.2.3)即牛顿内摩擦定律的数学表达式，其物理意 义是：流体运动产生的黏性切应力与流体运动的速度梯度成正比，其比例系数为流体的动力 黏度。显然，当 du /dy =0 时，即流体相对静止时， τ = 0 ，即不存在剪切力。从式(1.2.3)中还 可以看出，流体的牛顿内摩擦定律与两固体之间的摩擦定律不同。前者摩擦力与速度梯度成 正比，与压强关系甚微；后者与速度关系甚微，而与两固体间的压强成正比。大量实践和实 验证明，大多数气体、水以及低碳氢化合物基本上都遵循牛顿内摩擦定律，通常将这类流体 称为牛顿流体。对于不服从牛顿内摩擦定律的流体，则称为非牛顿流体。关于非牛顿流体， 将在第 7 章中进行介绍。牛顿于 1687 年将该内摩擦定律发表于其所著的《自然哲学,粘性管路/沿程局部损失/泵水轮机,P5 > 管路损失；Q5 > 粘性流动题库速解；M21 > 题图决策卡；M22 > 误判；M26 > 管路/模型,P5,由 Q 求 V，算 Re，判层/湍；层流用 H-P 或 64/Re，光滑湍流可用 0.3164/Re^(1/4)，粗糙管查 Moody；局部损失用所在管段速度；汇总后代入机械能求目标量。,1. 由 Q 和管径求 V；2. 算 Re 判断层流/湍流；3. 取 lambda 或查 Moody/Colebrook；4. 汇总沿程/局部损失；5. 代入机械能方程求目标量。,局部损失系数、粗糙度和物性仍需题给或查教材；v80 明确了 Moody、光滑管和局部损失速度的收口。 v80 保留管路机械能、沿程/局部损失、泵/水轮机功率、Moody/Colebrook 入口，并补圆管层流抛物线速度分布、湍流丰满剖面和平均/最大速度易错。,主题命中“粘性管路/沿程局部损失/泵水轮机”，v80 基础过程覆盖约 85%。；题目要求推导或定义积分；v80 有 M24/M25/M26 骨架，但完整推导仍扣少量严谨性分。；仍依赖教材图表或读图；v80 有小查表/查表动作和收口模板，但不是完整数值表。,7.3,10.0,73.0,中高,
Q0357,课本教材题-张扬军文本,D:\虚拟C盘\学习\流体力学\张扬军（车辆学院）\教材\流体力学教材_text.txt,流体力学教材_text.txt,1.2,1.2.2 动力黏度 根据式(1.2.3)，可以得到流体动力黏度的表达式为 μ= (1.2.4) du / dy 由式(1.2.4)可知， μ 表示当速度梯度为 1 s −1 时单位面积上内摩擦力的大小， μ 越大，流体的 黏性也越大。在工程计算中，还常常将动力黏度与密度的比值称为运动黏度，用 ν 表示，其 单位为 m 2 /s 。 ν=μ/ρ (1.2.5) 实验研究发现，流体的动力黏度除与流体的种类有关外，还与压强和温度有关。一般情 况下，普通的压强对流体的黏度几乎没有影响，但在极高压强作用下，气体和液体的动力黏 度将随压强的升高而增大，例如，在 1010 Pa 的压强作用下水的动力黏度比 105 Pa 的压强作用下 水的动力黏度增大了 1 倍。温度对流体动力黏度的影响很大，液体的动力黏度随着温度的升 高而减小，气体的动力黏度随着温度的升高而增大。上述现象的物理机制是：液体分子之间 的吸引力是构成黏性的主要因素。当温度上升时，分子无规则热运动加剧，分子间吸引力的 效应减弱，液体的黏度减小；与此相反，构成气体黏性的主要因素是气体分子做无规则随机 运动时由碰撞引起的动量交换，温度越高，气体分子的随机运动越强烈，相应的动量交换越 频繁，宏观上体现出气体的动力黏度越大。水的动力黏度与温度的关系可用下述经验公式近 似计算： μ0 μ= (1.2.6) 1 + 0.0337t + 0.000221t 2 其中， μ 0 为水在 0℃时的动力黏度( Pa ⋅ s )；t 为水温(℃)。气体的动力黏度与温度的关系可 ·4· 流 体 力 学 用下述经验公式近似计算： 3 273 + φ ⎛ T ⎞ 2 μ = μ0 ⎜ ⎟ (1.2.7) T + φ ⎝ 273 ⎠ 其中， μ 0 为气体在 0℃时的动力黏度( Pa ⋅ s )；T 为气体的热力学温度(K)； φ 为根据气体种 类而定的系数。需要指出，式(1.2.7)只适用于压强不太高的场合，此时气体的动力黏度与压 强基本无关。表 1-1 中给出了标准大气压下，水和空气在不同温度时的黏度；表 1-2 给出了常 见气体在标准大气压下，温度在 0℃时的动力黏度 μ 0 和系数 φ 。 表 1-1 水和空气的黏度值 水 空气 温度/℃ μ /(Pa · s) ν /(m²/s) μ /(Pa · s) ν /(m²/s) 0 1.792 × 10−3 1.792 × 10−6 0.0171 × 10−3 13.7 × 10−6 10 1.380 × 10−3 1.308 × 10−6 0.0178 × 10−3 14.7 × 10−6 20 1.005 × 10−3 1.007 × 10−6 0.0183 × 10−3 15.7 × 10−6 30 0.801 × 10−3 0.804 × 10−6 0.0187 × 10−3,粘性管路/沿程局部损失/泵水轮机,P5 > 管路损失；Q5 > 粘性流动题库速解；M21 > 题图决策卡；M22 > 误判；M26 > 管路/模型,P5,由 Q 求 V，算 Re，判层/湍；层流用 H-P 或 64/Re，光滑湍流可用 0.3164/Re^(1/4)，粗糙管查 Moody；局部损失用所在管段速度；汇总后代入机械能求目标量。,1. 由 Q 和管径求 V；2. 算 Re 判断层流/湍流；3. 取 lambda 或查 Moody/Colebrook；4. 汇总沿程/局部损失；5. 代入机械能方程求目标量。,局部损失系数、粗糙度和物性仍需题给或查教材；v80 明确了 Moody、光滑管和局部损失速度的收口。 v80 保留管路机械能、沿程/局部损失、泵/水轮机功率、Moody/Colebrook 入口，并补圆管层流抛物线速度分布、湍流丰满剖面和平均/最大速度易错。,主题命中“粘性管路/沿程局部损失/泵水轮机”，v80 基础过程覆盖约 85%。；仍依赖教材图表或读图；v80 有小查表/查表动作和收口模板，但不是完整数值表。,8.1,10.0,81.0,中高,
Q0358,课本教材题-张扬军文本,D:\虚拟C盘\学习\流体力学\张扬军（车辆学院）\教材\流体力学教材_text.txt,流体力学教材_text.txt,1,"(1.2.8) ∑ ai M i2 i =1 其中， ai 为混合气体中第 i 组分气体的体积分数； M i 为混合气体中第 i 组分气体的相对分子 质量； μi 为混合气体中第 i 组分气体的动力黏度( i = 1,2,3, ⋅⋅⋅, n )。 表 1-2 常见气体在 0℃时的动力黏度 μ0 、系数 φ 和相对分子质量 M 气体名称 μ0 / (Pa ⋅ s) φ M 空气 17.10 × 10−6 111 29 −6 水蒸气 8.93 × 10 961 18 氧气( O 2 ) 19.20 × 10 −6 125 32 氮气( N 2 ) 16.60 × 10−6 104 28 氢气( H 2 ) 8.40 × 10−6 71 2 第 1 章 流体的物理性质 ·5· 气体名称 μ0 / (Pa ⋅ s) φ M −6 一氧化碳(CO) 16.80 × 10 100 28 二氧化碳( CO 2 ) 13.80 × 10−6 254 44 二氧化硫( SO2 ) 11.60 × 10 −6 306 64 例题 1-1 已知某混合气体各组分体积分数分别为 aCO2 = 13.6% ，aSO2 = 0.4% ，aO2 = 4.2% ， aN 2 = 75.6% ， aH2O = 6.2% ，气体温度为 0℃，试求其动力黏度。",概念简答/定义解释,M18 > 往年题可能问法：一句话答案；M23 > 概念短答库；R6 > 可直接抄的结论句；M9 > 高频小问速答；M12 > 概念题保底,无直接页码,先定位 M18/M23/R6 的可抄定义句；按“定义一句+原因一句+后果一句”写；若有公式页，再补适用条件和易错点。,1. 先按题干关键词选模型；2. 在 v80 对应页写首个控制方程/公式；3. 把题给几何、单位和边界条件代入；4. 做代数求解或列出需要查图查表的位置；5. 检查单位、方向、绝压/表压或适用条件。,v80 已显著补强短答，但长论述、实验现象细节和教材原话仍可能扣少量分。 v67 补长论述结构，v69 补读图/收口检查，v80 补层流/湍流/渐变流可抄定义；教材原话仍可能扣分。 v80 已补 N-S 各项标准意义、控制体外力组成、层/湍速度剖面、Boussinesq 涡黏、水击波速因素、孔板/自由射流概念、渐变流测压管水头、Ma 物理意义与 0.3 判据、深水波定义、RTT 守恒入口、完全/部分相似短答和标准四行答案模板，适合先写过程分。,主题命中“概念简答/定义解释”，v80 基础过程覆盖约 89%。；仍依赖教材图表或读图；v80 有小查表/查表动作和收口模板，但不是完整数值表。,8.5,10.0,85.0,中高,
Q0359,课本教材题-张扬军文本,D:\虚拟C盘\学习\流体力学\张扬军（车辆学院）\教材\流体力学教材_text.txt,流体力学教材_text.txt,1.2,1.2.3 黏性流体和理想流体 现实世界中几乎所有的流体都具有黏性。在早期的研究中，人们在考虑流体流动时，并 没有认识到流体的黏性。这种黏度为零的流体通常称为理想流体，它可以视为黏性流体的一 种理想化近似。 流体的黏性给流体运动的数学描述和分析求解带来很大的困难。因而，在实际流动中， 若流体对外不体现黏性效应或黏性效应较弱，可使用理想流体近似替代黏性流体，这样可以 极大简化问题的分析求解过程。那么，在什么情况下，流体对外不体现黏性效应呢？根据牛 顿内摩擦定律的数学表达式(1.2.3)，流体黏性引起的切应力与流体的黏度系数以及速度梯度 成正比。在黏度系数不变的情况下，速度梯度越大，切应力越大，反之则越小。当速度梯度 为零，即流体处于静止或以相同速度运动时，流体黏性引起的切应力也为零。此时，流体对 外不体现黏性效应，可将其视为理想流体。除此之外，对于速度梯度较小的流体，由于黏性 效应相对较弱，可先将其视为理想流体进行求解，再根据流体的黏性效应对结果进行修正(如 第 10 章中将要介绍的边界层理论)，这样也可使问题的处理过程得到简化。,边界层/外绕流阻力,P6 > 平板边界层；P6 > 位移/动量厚度；M24 > 边界层积分题；Q5 > 边界层题库速解；M13 > 微题,P6,先算 Re_x/Re_L 判层流、湍流或转捩；直接题用 delta、Cf、阻力公式；速度剖面题用 M24 的 delta*、theta 和 Karman 模板；外绕流判断摩擦/压差阻力和分离。,1. 算 Re_x 或 Re_L；2. 判断层流/湍流/低 Re；3. 选厚度、Cf 或阻力公式；4. 若为厚度定义题，尝试写积分；5. 说明 v80 缺失的定义或图表。,"复杂非零压梯度动量积分、实验阻力图和扫描图数值仍需教材/图表；v80 已覆盖书10.3/10.5 常见剖面。 v80 已补 delta*, theta, H 的物理意义；复杂动量积分推导仍需手算。 v80 已补局部摩阻系数 cf、单位宽阻力 D'、CD=2theta/L、转捩位置 xcr、平板层/湍/混合阻力判定和湿表面积/迎风面积区分；复杂分离与实验阻力图仍需教材。 v80 保留给定速度剖面到 delta、theta、delta_E、tau_w、CD 的通用积分链，补强 delta、delta*、theta、delta_E 的物理意义，保留层/湍速度剖面标准句、Boussinesq 涡黏、吸气/吹气修正、自由射流动量通量入口、Theta 分离判据和 Karman--Pohlhausen 配边界步骤。",主题命中“边界层/外绕流阻力”，v80 基础过程覆盖约 87%。；仍依赖教材图表或读图；v80 有小查表/查表动作和收口模板，但不是完整数值表。,8.3,10.0,83.0,中高,
Q0360,课本教材题-张扬军文本,D:\虚拟C盘\学习\流体力学\张扬军（车辆学院）\教材\流体力学教材_text.txt,流体力学教材_text.txt,1.3,1.3.1 流体的压缩性 在一定温度下，流体的体积随压强升高而减小的特性称为流体的压缩性。流体的压缩性 ·6· 流 体 力 学 可用体积压缩系数 β T 来表示，它表示当温度保持不变时，单位压强增量所引起的流体体积的 相对变化率，即 1 δV βT = − (1.3.1) V δp 其中， β T 为流体的体积压缩系数( m 2 /N )； δp 为流体压强的增加量( Pa )； V 为流体原有的 体积( m3 )；δV 为流体体积的缩小量( m3 )。由于压强增加时流体的体积减小，δp 与 δV 异号， 故在式(1.3.1)右侧加负号以使体积压缩系数 β T 恒为正。由式(1.3.1)可以看出，对于相同的压 强增量， β T 大的流体，其体积变化率大，流体易于压缩；反之， β T 小的流体，其体积变化 率小，流体难于压缩。表 1-3 给出了 0℃情况下，水的体积压缩系数与压强的关系。从表中可 以看出，水的 β T 很小，即它的压缩性很小。 表 1-3 0℃水的体积压缩系数与压强的关系 p/MPa 0.49 0.98 1.96 3.92 7.85 β T / (10 Pa ) −9 −1,静水压力/测压/闸门,P1 > 静水压旧题急救；Q1 > 平面/曲面闸门完整答案骨架；M19 > 真空度/负表压；M21 > 题图决策卡,P1,先按静水压图题入口读液面和高程；用同高同压逐段写压力链；闸门题套 Q1 的合力、压力中心、铰链取矩；最后检查表压/绝压和负表压。,1. 选同一静止连通液体等压面；2. 沿竖直方向逐段加减 rho g h；3. 若为闸门，求 F 与压力中心；4. 对铰链或曲面分量列平衡；5. 判断表压/绝压。,满分仍需要题图高程、铰链位置、面积惯性矩或多液体界面读数；v80 已给模板但不能替代读图。,主题命中“静水压力/测压/闸门”，v80 基础过程覆盖约 84%。；仍依赖教材图表或读图；v80 有小查表/查表动作和收口模板，但不是完整数值表。,8.0,10.0,80.0,中高,
Q0361,课本教材题-张扬军文本,D:\虚拟C盘\学习\流体力学\张扬军（车辆学院）\教材\流体力学教材_text.txt,流体力学教材_text.txt,0.53,0.539 0.537 0.531 0.523 0.515 气体的 β T 可由状态方程求出，此时温度 T 为常数，可得 1 d ⎛ mRT ⎞ mRT ⎛ 1 ⎞ 1 βT = − ⎜ ⎟=− ⎜− ⎟ = (1.3.2) V dp ⎝ p ⎠ V ⎝ p2 ⎠ p 式(1.3.2)说明气体的 β T 与压强成反比，压强越高， β T 越小，压缩气体越困难；反之，压强 低时气体相对较为容易被压缩。 在工程上，常用体积压缩系数的倒数，即体积模量 K T 衡量流体压缩性，其表达式为 1 Vδ p KT = =− (1.3.3) βT δV K T 大的流体的压缩性小， K T 小的流体的压缩性大。 K T 的单位与压强单位相同。,静水压力/测压/闸门,P1 > 静水压旧题急救；Q1 > 平面/曲面闸门完整答案骨架；M19 > 真空度/负表压；M21 > 题图决策卡,P1,先按静水压图题入口读液面和高程；用同高同压逐段写压力链；闸门题套 Q1 的合力、压力中心、铰链取矩；最后检查表压/绝压和负表压。,1. 选同一静止连通液体等压面；2. 沿竖直方向逐段加减 rho g h；3. 若为闸门，求 F 与压力中心；4. 对铰链或曲面分量列平衡；5. 判断表压/绝压。,满分仍需要题图高程、铰链位置、面积惯性矩或多液体界面读数；v80 已给模板但不能替代读图。,主题命中“静水压力/测压/闸门”，v80 基础过程覆盖约 84%。；题型偏概念简答；v80 已有短答库，但非对应专栏仍扣少量组织分。；仍依赖教材图表或读图；v80 有小查表/查表动作和收口模板，但不是完整数值表。,7.4,10.0,74.0,中高,
Q0362,课本教材题-张扬军文本,D:\虚拟C盘\学习\流体力学\张扬军（车辆学院）\教材\流体力学教材_text.txt,流体力学教材_text.txt,1.3,1.3.2 流体的温度膨胀性 在一定的压强作用下，流体的体积随温度升高而增大的性质称为流体的温度膨胀性，用 温度膨胀系数 α 来表示，它代表压强不变时，单位温升所引起的流体体积的相对变化率，即 δV δV α= δT = (1.3.4) V VδT 其中， α 为流体的温度膨胀系数(℃−1 或者 K−1 )； δT 为流体温度的增加量(℃或 K)；V 为流 体原有的体积( m3 )；δV 为流体体积的增加量( m3 )。由于温度升高，流体的体积膨胀，故 δT 与 δV 同号。大量实验结果指出，液体的温度膨胀系数通常很小，例如，在 9.8 × 10 4 Pa 压强作用 下，温度在 1～10℃内，水的温度膨胀系数 α = 1.4 × 10 −5 ℃−1，即温度每升高 1℃，水的体积相对 变化率仅为百万分之一点四。表 1.4 给出了一个大气压下，不同温度范围内水的温度膨胀系数。 表 1-4 一个大气压下不同温度范围内水的温度膨胀系数 温度/℃ 1～10 10～20 45～50 60～70 90～100 α /℃−1 0.14 × 10−4 1.50 × 10−4 4.22 × 10−4 5.56 × 10−4 7.19 × 10−4 第 1 章 流体的物理性质 ·7· 气体的温度膨胀系数可由状态方程求出，此时 p 为常数，可得 δV / V 1 d ⎛ mRT ⎞ mR 1 α= = ⎜ ⎟= = (1.3.5) δT V dT ⎝ p ⎠ Vp T 由式(1.3.5)可以看出，气体的温度膨胀系数 α 与温度 T 成反比。例如，当 T =273K 时， α =1/273 ，这就是盖-吕萨克(Gay-Lussac)定律：在等压过程中，温度每升高 1K，气体膨胀原 体积的 1/273。 例题 1-2 体积为 5m 3 的水，在温度不变的条件下，压强从 9.8 × 10 4 Pa 增加到 4.9 × 105 Pa ， 体积减小 1 × 10 −3 m 3 ，求水的体积模量 K T 。,静水压力/测压/闸门,P1 > 静水压旧题急救；Q1 > 平面/曲面闸门完整答案骨架；M19 > 真空度/负表压；M21 > 题图决策卡,P1,先按静水压图题入口读液面和高程；用同高同压逐段写压力链；闸门题套 Q1 的合力、压力中心、铰链取矩；最后检查表压/绝压和负表压。,1. 选同一静止连通液体等压面；2. 沿竖直方向逐段加减 rho g h；3. 若为闸门，求 F 与压力中心；4. 对铰链或曲面分量列平衡；5. 判断表压/绝压。,满分仍需要题图高程、铰链位置、面积惯性矩或多液体界面读数；v80 已给模板但不能替代读图。,主题命中“静水压力/测压/闸门”，v80 基础过程覆盖约 84%。；仍依赖教材图表或读图；v80 有小查表/查表动作和收口模板，但不是完整数值表。,8.0,10.0,80.0,中高,
Q0363,课本教材题-张扬军文本,D:\虚拟C盘\学习\流体力学\张扬军（车辆学院）\教材\流体力学教材_text.txt,流体力学教材_text.txt,1.3,1.3.3 可压缩流体和不可压缩流体 流体的温度膨胀系数和体积压缩系数全为零的流体称为不可压缩流体。实际上任何流体， 不论是液体还是气体，都是可以压缩的，不可压缩流体并不存在。但是为了研究问题方便， ·8· 流 体 力 学 人们提出了不可压缩流体的概念，即流体受压体积不缩小，受热体积不膨胀，其密度恒为常 数，即将密度保持为常数的流体称为不可压缩流体。基于此假设，在讨论流体的平衡和运动 规律时可以大大简化。 通常情况下，液体的压缩性很小，随着压强和温度的变化，液体的密度仅发生微小变化。 因此，在多数情况下，液体的压缩性可以忽略不计，故通常把液体视为不可压缩流体，其密 度为常数。与液体不同，一般情况下气体的压缩性都很大，由理想气体状态方程可知，当气体 温度保持不变时，其体积与压强成反比，即压强增加 1 倍，体积减小为原来的 1/2；而根据盖- 吕萨克定律，当压强不变时，气体温度升高 l℃，相比于 0℃时气体的体积膨胀 1/273。因此， 通常情况下均把气体看作可压缩流体， 即气体密度不能视为常数，随压强和温度的变化而变化。 在工程实践中，是否考虑流体的压缩性，要视具体情况而定。在一些特殊情况下需要将 液体视为可压缩流体，例如，当前汽车和通用航空所用的先进内燃机，采用高压共轨技术， 燃油压力已高达 200MPa，燃油的压缩性已不可忽略；此外，考虑水锤现象和水下爆炸过程时， 水中压强变化剧烈且迅速，此时需把水视为可压缩流体来处理。与上述情况相反，在气体流 速不高、温度和压强变化较小的场合，气体密度的变化较小，此时可以忽略气体压缩性的影 响，例如，在研究汽车和微小型低速飞机的外流空气动力学特性时，可把气体视为不可压缩 流体。在一个标准大气压下，当空气的流速等于 68 m/s 时，不考虑压缩性所引起的相对误差 约为 1%，这在工程计算中一般可忽略不计。,水波/水击/课程概念缺口,M18 > 深水波/水击；M20 > 水击基本式；M23 > Re/Fr/水击/深水波,无直接页码,概念题直接写 M18/M23：深水波 h>lambda/2；水击波速受液体弹性、管壁弹性、管径/壁厚影响；快关阀压升用 rho a Delta V。,1. 先按题干关键词选模型；2. 在 v80 对应页写首个控制方程/公式；3. 把题给几何、单位和边界条件代入；4. 做代数求解或列出需要查图查表的位置；5. 检查单位、方向、绝压/表压或适用条件。,如果题目要求水波完整色散关系或水击波速推导，v80 仍不足，需要教材。 v69 已补水波色散式、深水/浅水相速和水击快关公式；复杂波动推导仍需教材。 v80 已补明渠 Fr 缓流/急流/水跃判据，并保留水波色散式和水击快关公式。 v80 保留第一页和反推模板中的水击/声速/水波/明渠定位、水击波速因素与近似公式、深水波 h>lambda/2(kh>pi) 标准定义、浅水判据、色散关系和水击快关公式；少量冷门波动推导仍需教材。,主题命中“水波/水击/课程概念缺口”，v80 基础过程覆盖约 88%。,8.8,10.0,88.0,中高,
Q0364,课本教材题-张扬军文本,D:\虚拟C盘\学习\流体力学\张扬军（车辆学院）\教材\流体力学教材_text.txt,流体力学教材_text.txt,1.4,1.4 流体的界面现象和表面张力 当液体与其他流体或固体接触并出现自由表面时，液体的自由表面都呈现收缩的趋势。 例如，把一根棉线拴在铁丝环上，然后把铁丝环放到肥皂水里再拿出来，环上出现一层肥皂 薄膜，见图 1-3(a)；如果用针刺破棉线左侧的薄膜，则棉线会被右边的薄膜拉向右弯，见 图 1-3(b)；如果刺破右侧，则棉线会被左边的薄膜拉向 左弯，见图 1-3(c)。液体表面的这种收缩趋势由液体表 面张力造成，表面张力沿着液体的表面作用并且和液体 的边界垂直。下面进一步分析上述现象的物理本质。,概念简答/定义解释,M18 > 往年题可能问法：一句话答案；M23 > 概念短答库；R6 > 可直接抄的结论句；M9 > 高频小问速答；M12 > 概念题保底,无直接页码,先定位 M18/M23/R6 的可抄定义句；按“定义一句+原因一句+后果一句”写；若有公式页，再补适用条件和易错点。,1. 先按题干关键词选模型；2. 在 v80 对应页写首个控制方程/公式；3. 把题给几何、单位和边界条件代入；4. 做代数求解或列出需要查图查表的位置；5. 检查单位、方向、绝压/表压或适用条件。,v80 已显著补强短答，但长论述、实验现象细节和教材原话仍可能扣少量分。 v67 补长论述结构，v69 补读图/收口检查，v80 补层流/湍流/渐变流可抄定义；教材原话仍可能扣分。 v80 已补 N-S 各项标准意义、控制体外力组成、层/湍速度剖面、Boussinesq 涡黏、水击波速因素、孔板/自由射流概念、渐变流测压管水头、Ma 物理意义与 0.3 判据、深水波定义、RTT 守恒入口、完全/部分相似短答和标准四行答案模板，适合先写过程分。,主题命中“概念简答/定义解释”，v80 基础过程覆盖约 89%。；仍依赖教材图表或读图；v80 有小查表/查表动作和收口模板，但不是完整数值表。,8.5,10.0,85.0,中高,
Q0365,课本教材题-张扬军文本,D:\虚拟C盘\学习\流体力学\张扬军（车辆学院）\教材\流体力学教材_text.txt,流体力学教材_text.txt,1.4,1.4.1 表面张力 图 1-3 表面张力示意图 由分子物理知道液体分子之间存在相互吸引力，分 −10 −8 子间吸引力的作用半径 r 为 10 ～ 10 m 。若流体内某分子距自由液面的距离大于或等于半 径 r ，如图 1-4 中液体分子 A 或 B 所示，则该分子所受周围液体分子的吸引力基本平衡。而 当流体内的分子距离自由液面距离小于半径 r 时，如分子 C，由于自由面上方不存在液体分 子，液体分子对分子 C 的吸引力合力上下不平衡，形成一个从自由液面向下的作用力。而分 子 D 受到的向下作用合力达到最大。在厚度小于半径 r 的液面薄层内，所有液体分子均受向 下的吸引力，把表面层拉向液体内部。 液体表面附近区域的液体分子都受到指向液体内部的分子吸引力作用，那么进入液体表 面附近区域的所有液体分子都必须反抗这种力的作用，即都必须给予这些分子机械功。这些 机械功以自由表面能的形式被储存起来。若自由表面面积增加，则与之相应的自由表面能也 第1章 流体的物理性质 ·9· 将增加；反之，自由表面面积减少，意味着自由表面能下降，与此同时液体将向周围释放能 量。根据能量守恒原理，当自由表面收缩时，在收缩的方向上必定有力对自由表面做负功， 即作用力的方向与收缩的方向相反，因此这种力必定是拉力，通常将此拉力定义为表面张力‫。ܨ‬ 单位长度上的表面张力称为表面张力系数，用 σ 表示，它的单位为 N/m 。 综上所述，在表面张力的作用下，液体的自由表面始终处于拉伸状态。如果是液滴，在 表面张力的作用下，液滴将向中心收缩，力图收缩成具有最小表面积的球形，从而处于自由 表面能最小的稳定平衡状态。如果将液滴切开，取下半球台来考虑，如图 1-5 所示，在球台 切面周线上必有与球表面相切的张力 F 连续均匀分布在周线上。若周线长度为 L，则表面张 力 F = σ L 。在液体与固体的交界面上或两种互不相溶液体的交界面上也会有表面张力。表面 张力的起因是液体表面层中存在不平衡的分子力，但表面张力并非这个分子力的合力，二者 相互垂直。 图 1-4 液体自由面附近分子受力分析示意图 图 1-5 球台周线上的表面张力示意图 表面张力系数与液体表面接触介质的种类有关，在液体中添加某些有机溶剂或盐类，也 可改变它们的表面张力。例如，把少量的肥皂液加入水中，可以显著地降低它的表面张力， 而把食盐溶液加入水中，却可提高它的表面张力。常见液体的表面张力系数列于表 1-5 中。 通常情况下，表面张力系数随温度升高而下降。 表 1-5 常见液体的表面张力系数(20℃，与空气接触) (单位：N/m) 液体名称 表面张力系数σ 液体名称 表面张力系数σ 酒精 0.0223 原油 0.0233～0.0379 苯 0.0289 水 0.0731 四氯化碳 0.0267 空气中 0.5137 煤油 0.0233～0.,概念简答/定义解释,M18 > 往年题可能问法：一句话答案；M23 > 概念短答库；R6 > 可直接抄的结论句；M9 > 高频小问速答；M12 > 概念题保底,无直接页码,先定位 M18/M23/R6 的可抄定义句；按“定义一句+原因一句+后果一句”写；若有公式页，再补适用条件和易错点。,1. 先按题干关键词选模型；2. 在 v80 对应页写首个控制方程/公式；3. 把题给几何、单位和边界条件代入；4. 做代数求解或列出需要查图查表的位置；5. 检查单位、方向、绝压/表压或适用条件。,v80 已显著补强短答，但长论述、实验现象细节和教材原话仍可能扣少量分。 v67 补长论述结构，v69 补读图/收口检查，v80 补层流/湍流/渐变流可抄定义；教材原话仍可能扣分。 v80 已补 N-S 各项标准意义、控制体外力组成、层/湍速度剖面、Boussinesq 涡黏、水击波速因素、孔板/自由射流概念、渐变流测压管水头、Ma 物理意义与 0.3 判据、深水波定义、RTT 守恒入口、完全/部分相似短答和标准四行答案模板，适合先写过程分。,主题命中“概念简答/定义解释”，v80 基础过程覆盖约 89%。；仍依赖教材图表或读图；v80 有小查表/查表动作和收口模板，但不是完整数值表。,8.5,10.0,85.0,中高,
Q0366,课本教材题-张扬军文本,D:\虚拟C盘\学习\流体力学\张扬军（车辆学院）\教材\流体力学教材_text.txt,流体力学教材_text.txt,1.4,1.4.2 毛细现象 在实际的生活中，经常可以观察到如下现象，将一根细玻璃管插入水中，可以看到管内 的液面要略高于管外液面；若将玻璃管插入水银中，则可以发现管内水银液面低于管外水银 液面。这种现象与液体和固体壁面的接触性质有关。 ·10· 流 体 力 学 当液体与固体壁面接触时，若液体分子间的吸引力小于液体与固体之间的附着力，液体 将润湿、附着在壁面上，沿壁面向外伸展。例如，当细玻璃管插入水中时，水分子之间的相 互吸引力小于水与玻璃之间的附着力，水润湿玻璃管壁面并沿管道壁面伸展，在重力作用下， 使得玻璃管内的液面向下弯曲，在表面张力作用下，玻璃管内的液面被拉高 h ，如图 1-6(a) 所示。反之，若液体分子之间的吸引力大于液体与固体之间的附着力，那么液体将不再润湿 壁面，而是在表面张力的作用下，形成一团。例如，当细玻璃管插入水银中时，由于水银分 子之间的相互吸引力大于水银与玻璃之间的附着力，水银不再润湿玻璃管壁并沿壁面收缩， 在重力和表面张力的共同作用下，使得玻璃管内的水银液面向上弯曲，此时在表面张力作用 下，玻璃管内的液面被拉低了 h ，如图 1-6(b)所示。这种在细管中液面上升或下降的现象称 为毛细现象，能产生显著的毛细现象的细管称为毛细管。 因为液体曲面与管道壁面接触处的表面张力合力指向液面的内凹面，当液面处于静止平 衡时，根据力平衡原理，需要凹面的压力高于凸面的压力才能够与表面张力平衡，这种由表 面张力引起的附加压力称为毛细压力，它与毛细管内液面的上升或下降的高度直接相关。以 图 1-6(a)为例，假设液体密度为ߩ，玻璃毛细管直径为 d ，液面与固体壁面的接触角为ߠ，当 表面张力引起的液面两侧压力差与上升液柱重量相等时，液柱达到平衡状态，此时有 πd 2 πdσ cosθ = ρ g h (1.4.1) 4 4σ cos θ 可得 h= (1.4.2) ρ gd 其中，h 为液面上升或下降的高度。 h > 0 代表液面上升，反之 h < 0 代表 液面下降。由式(1.4.2)可以看出，毛 细管内液面上升或下降的高度与管径 成反比，同时与液体种类、管壁面材 料、液面上气体(或不相容液体)的种 图 1-6 毛细现象示意图 类及温度均有关。对于不同的液体和 管道壁面材料，接触角ߠ有所不同。一般来说，接触角小( 0 < θ < 90° )代表液体与固体壁面之 间的附着力较强，此时液体对于固体壁面来说是润湿的；反之，当接触角较大时 ( 90° < θ < 180° )，则代表液体内部分子之间作用力强于液体与固体壁面之间的附着力，此时 液体对于固体壁面来说是不润湿的。对于玻璃壁面来说，水的接触角在 0 ∼ 9° ，水银的接触角 在 130° ∼ 150° 。对于水来说，当玻璃管内径大于 20mm 时，毛细现象的影响基本可以忽略不 计。对于水银来说，当玻璃管内,静水压力/测压/闸门,P1 > 静水压旧题急救；Q1 > 平面/曲面闸门完整答案骨架；M19 > 真空度/负表压；M21 > 题图决策卡,P1,先按静水压图题入口读液面和高程；用同高同压逐段写压力链；闸门题套 Q1 的合力、压力中心、铰链取矩；最后检查表压/绝压和负表压。,1. 选同一静止连通液体等压面；2. 沿竖直方向逐段加减 rho g h；3. 若为闸门，求 F 与压力中心；4. 对铰链或曲面分量列平衡；5. 判断表压/绝压。,满分仍需要题图高程、铰链位置、面积惯性矩或多液体界面读数；v80 已给模板但不能替代读图。,主题命中“静水压力/测压/闸门”，v80 基础过程覆盖约 84%。；题目要求推导或定义积分；v80 有 M24/M25/M26 骨架，但完整推导仍扣少量严谨性分。；仍依赖教材图表或读图；v80 有小查表/查表动作和收口模板，但不是完整数值表。,7.2,10.0,72.0,中高,
Q0367,课本教材题-张扬军文本,D:\虚拟C盘\学习\流体力学\张扬军（车辆学院）\教材\流体力学教材_text.txt,流体力学教材_text.txt,2.1,"2.1.3 流体静压强 流体静压强是指流体处于静止或相对静止时的压强。流体静压强具有以下两个重要特性。 特性一：流体静压强的方向总是和作用面相互垂直并且指向该作用面，即沿着作用面的 内法向线方向。这一特性可以采用反证法加以证明。如图 2-1 所示，在处于静止状态的流体 中任意取一个作用面 AB，若该作用面上的表面力 F ′ 的方向向外且不与该面垂直，那么 F ′ 可 ·14· 流 体 力 学 以分解为一个与作用面 AB 垂直的力 Fn 和一个与作用面 AB 相切的力 Fτ 。显然， Fτ 势必引起 流体的流动，这与流体处于静止状态的假设不符。因此， Fτ 只可能等于零，力 F ′ 必定与作 用面 AB 垂直。另外，根据流体不能承受拉力的特性可知力 F ′ 的方向只能沿着作用面 AB 的 内法线方向，即图 2-1 中 F 的方向。 特性二：静止流体内部任意点处的流体静压强在各个方向都是相等的。如图 2-2 所示， 在静止流体中通过一点任取 1-1 和 2-2 两个面，作用在 1-1 面上的静压强 p1 与作用在 2-2 面上 的静压强 p2 的大小相等，即 p1 = p2 。 图 2-1 流体静压强的方向 图 2-2 流体静压强各向相等示意图 为了证明特性二，可从处于静止状态的流体中取一个微元四面体(简称微元体)，并对其 受力状态进行分析。该微元体与坐标轴 x 、 y 、 z 的关系如图 2-3 所示，微元体的三个互相垂 直边的边长分别为 dx 、 dy 、 dz 。当微元体取得足够小时，可以认为作用在同一微小面上的 压强是均匀的。若假定 px 、 p y 、 pz 和 pn 分别表示作用在 △Obc 、△Oac 、△Oab 和 △abc 表 面上的流体静压强，△abc 的面积为 dA ， pn 与 x 、 y 、 z 轴的夹角分别为 α 、 β 、γ 。那么， 作用在各微元面上的表面力分别为 p x dydz 2 、 p y dxdz 2 、 p z dxdy 2 和 pn dA 。除上述表面力 以外，微元体还受质量力的作用，假设流体的密度为 ρ ，微元体的体积为 dV = dxdydz 6 ，则 在重力场中质量力为 ρ gdxdydz 6 。显然，与作用在微元面上的表面力相比，质量力是高阶小 量，可以忽略不计。 由于微元体处于平衡状态，其所受的合力等于零，即合力在 x 、 y 、 z 各坐标轴方向的投 影都为零，可得 1 1 1 px dydz − pn dA cos α = 0, p y dxdz − pn dA cos β = 0, pz dxdy − pn dA cos γ = 0 2 2 2 1 1 1 由于 dA cos α = dydz, dA cos β = dxdz, dA cos γ = dxdy 2 2 2 可以得到 p x − pn ",静水压力/测压/闸门,P1 > 静水压旧题急救；Q1 > 平面/曲面闸门完整答案骨架；M19 > 真空度/负表压；M21 > 题图决策卡,P1,先按静水压图题入口读液面和高程；用同高同压逐段写压力链；闸门题套 Q1 的合力、压力中心、铰链取矩；最后检查表压/绝压和负表压。,1. 选同一静止连通液体等压面；2. 沿竖直方向逐段加减 rho g h；3. 若为闸门，求 F 与压力中心；4. 对铰链或曲面分量列平衡；5. 判断表压/绝压。,满分仍需要题图高程、铰链位置、面积惯性矩或多液体界面读数；v80 已给模板但不能替代读图。,主题命中“静水压力/测压/闸门”，v80 基础过程覆盖约 84%。；题目要求推导或定义积分；v80 有 M24/M25/M26 骨架，但完整推导仍扣少量严谨性分。；仍依赖教材图表或读图；v80 有小查表/查表动作和收口模板，但不是完整数值表。,7.2,10.0,72.0,中高,
Q0368,课本教材题-张扬军文本,D:\虚拟C盘\学习\流体力学\张扬军（车辆学院）\教材\流体力学教材_text.txt,流体力学教材_text.txt,2.2,"2.2.1 流体平衡微分方程 为了分析流体处于静止(平衡)时满足的力学规律，现从静止流体中取出一个边长为 dx 、 dy 、dz 的平行六面体微元(简称微元体)并对其进行受力分析，进一步即可导出流体平衡微分 方程。 如图 2-5 所示，该微元体的中心点为 α ，中心点的流体静压强为 p 。由于静压强是空间 坐标的连续函数，那么在垂直于 x 轴的左、右两个微元面中心 b 、 c 点上的静压强可以通过泰 1 ∂p 1 ∂p 勒级数展开获得，略去二阶以上无穷小量后，分别等于 p − dx 和 p + dx 。当微元体 2 ∂x 2 ∂x 足够小时，上述压强可以视为作用在微元面上的平均压强。此外，假设微元体的平均密度为 ρ ， 用 f x 、 f y 、 f z 表示单位质量流体所受质量力沿坐标轴 x 、 y 、 z 的分量，那么微元体所受质 量力沿 x 轴的分量为 f x ρ dxdydz 。当微元体处于平衡状态时，沿 x 方向受力平衡方程为 ⎛ 1 ∂p ⎞ ⎛ 1 ∂p ⎞ ⎜p− dx ⎟ dydz − ⎜ p + dx ⎟ dydz + f x ρ dxdydz = 0 ⎝ 2 ∂x ⎠ ⎝ 2 ∂x ⎠ 1 ∂p 化简得 fx − =0 ρ ∂x 同理， y 方向和 z 方向的受力平衡方程为 图 2-5 流体平衡微分方程导出示意图 ·16· 流 体 力 学 1 ∂p 1 ∂p fy − =0 , fz − =0 (2.2.1) ρ ∂y ρ ∂z 1 写成矢量形式，可得 f − ∇p = 0 (2.2.2) 这就是流体的平衡微分方程式，是欧拉(Euler)于 1755 年提出的，故也称为欧拉平衡方程式。 它表示流体在质量力和表面力作用下的平衡条件，对于某种具有一定密度的流体，只要知道 了单位质量力在各个坐标方向的分量，就可以利用欧拉平衡方程式求出静压强的分布规律。 式(2.2.2)中符号 ∇p 代表求压强的空间梯度。",流体运动学/连续/流线迹线,P1 > 连续性；Q1 > 迹线/流线/脉线；M18 > 往年题可能问法；M23 > 概念短答库；T6 > 常见问法到答案,P1,先判速度场/描述方法；写连续、旋度、流线/迹线微分式；概念题直接用 M18/M23 的一句话答案；应力题转 Q1 张量模板。,1. 先按题干关键词选模型；2. 在 v80 对应页写首个控制方程/公式；3. 把题给几何、单位和边界条件代入；4. 做代数求解或列出需要查图查表的位置；5. 检查单位、方向、绝压/表压或适用条件。,若要求长篇推导或复杂坐标变换，仍需教材细节；v80 已足够支撑多数简答和基础计算过程。 v67 已补推导题固定结构，v69/v80 补截面、边界条件和概念收口检查。 v80 保留新题定位入口、非定常 Bernoulli 推导条件、速度势单值/路径无关证明、Lagrange/Kelvin 可抄证明句、涡管强度 ΩA 守恒、涡量矩模板、自由射流动量通量和 RTT 入口，并补纳维-斯托克斯原词、圆管断面速度分布原词、渐变流测压管水头；更长证明仍需教材措辞。,主题命中“流体运动学/连续/流线迹线”，v80 基础过程覆盖约 85%。；仍依赖教材图表或读图；v80 有小查表/查表动作和收口模板，但不是完整数值表。,8.1,10.0,81.0,中高,
Q0369,课本教材题-张扬军文本,D:\虚拟C盘\学习\流体力学\张扬军（车辆学院）\教材\流体力学教材_text.txt,流体力学教材_text.txt,2.2,"2.2.2 势函数 把式(2.2.1)分别乘以 dx 、 dy 、 dz 之后相加，则有 1 ⎛ ∂p ∂p ∂p ⎞ f x dx + f y dy + f z dz = ⎜ dx + dy + dz ⎟ ρ ⎝ ∂x ∂y ∂z ⎠ 因为 p = p ( x, y, z ) 为空间坐标的函数，上式右边括号内表示压强 p 的全微分，即 ∂p ∂p ∂p dp = dx + dy + dz ∂x ∂y ∂z 所以 ( dp = ρ f x dx + f y dy + f z dz ) (2.2.3) 如果流体为均质不可压缩，即 ρ = 常数。由于式(2.2.3)的左边是压强的全微分 dp ，那么 右边也可以看作某函数的全微分。通常采用 −π ( x, y, z ) 表示这函数，则 ⎛ ∂π ∂π ∂π ⎞ dp = ρ d ( −π ) = ρ ⎜ − dx − dy − dz ⎟ ⎝ ∂x ∂y ∂z ⎠ ∂π ∂π ∂π 与式(2.2.3)相比得 fx = − , fy = − , fz = − (2.2.4) ∂x ∂y ∂z 显然函数 −π ( x, y, z ) 在 x、y、z 轴方向的偏导数正好等于单位质量力在各坐标轴上的投影。函 数 −π 的物理意义可进一步分析如下：在所取的某空间中任意一点上都存在质量力，因此可称 为质量力场。取空间中一点 A ( x, y, z ) ，其单位质量力在各坐标轴的分量分别为 f x 、 f y 、 f z 。 若 A 点处单位质量流体在质量力的作用下移动了 dl 距离，而 dl 在各坐标轴的分量分别为 dx 、 dy 、 dz ，那么单位质量力所做的功为 f x dx + f y dy + f z dz = d ( −π ) ，并且该功转化为流体的势 能的增量。由此可见 −π ( x, y, z ) 反映了单位质量流体的势能(或位能)，所以称为势函数。在重 力场中，单位质量力的三个分量分别为 f x = f y = 0 ， f z = − g ，于是 ∂π ∂π ∂π dπ = dx + dy + ( ) dz = − f x dx + f y dy + f z dz = gdz 积分后可得重力场中静止(平衡)流体的势函数 π = gz (2.2.5) 对于质量为 m 的物体，在基准面以上高度为 z 时，其势能是 mgz 。因此，在重力场中， 势函数 π 的物理意义是单位质量流体所具有的重力势能。 第 2 章 流体静力学 ·17·",概念简答/定义解释,M18 > 往年题可能问法：一句话答案；M23 > 概念短答库；R6 > 可直接抄的结论句；M9 > 高频小问速答；M12 > 概念题保底,无直接页码,先定位 M18/M23/R6 的可抄定义句；按“定义一句+原因一句+后果一句”写；若有公式页，再补适用条件和易错点。,1. 先按题干关键词选模型；2. 在 v80 对应页写首个控制方程/公式；3. 把题给几何、单位和边界条件代入；4. 做代数求解或列出需要查图查表的位置；5. 检查单位、方向、绝压/表压或适用条件。,v80 已显著补强短答，但长论述、实验现象细节和教材原话仍可能扣少量分。 v67 补长论述结构，v69 补读图/收口检查，v80 补层流/湍流/渐变流可抄定义；教材原话仍可能扣分。 v80 已补 N-S 各项标准意义、控制体外力组成、层/湍速度剖面、Boussinesq 涡黏、水击波速因素、孔板/自由射流概念、渐变流测压管水头、Ma 物理意义与 0.3 判据、深水波定义、RTT 守恒入口、完全/部分相似短答和标准四行答案模板，适合先写过程分。,主题命中“概念简答/定义解释”，v80 基础过程覆盖约 89%。；题目要求推导或定义积分；v80 有 M24/M25/M26 骨架，但完整推导仍扣少量严谨性分。；仍依赖教材图表或读图；v80 有小查表/查表动作和收口模板，但不是完整数值表。,7.7,10.0,77.0,中高,
Q0370,课本教材题-张扬军文本,D:\虚拟C盘\学习\流体力学\张扬军（车辆学院）\教材\流体力学教材_text.txt,流体力学教材_text.txt,2.3,2.3.1 重力场中的流体静力学基本方程式 实际工程问题中，作用在流体上的质量力通常只有重力。 如图 2-6 所示开口容器，其中的液体密度为 ρ ，所受质量力 只有重力。取容器的底平面为 xy 平面， z 轴垂直向上。若将 其中液体视为均质不可压缩流体( ρ = 常数)，在重力场中有 f x = f y = 0 ， f z = − g ，代入式(2.2.3)得 d p = − ρ gdz (2.3.1) 积分可得 p = − ρ gz + C (2.3.2) 图 2-6 流体静力学基本方程导出 或 z+ =C (2.3.3) 示意图 式(2.3.2)就是重力场中均质不可压缩流体的压强分布式，是流体静力学基本方程形式之一， 其中 C 为积分常数。 流体静力学基本方程(2.3.3)的物理意义可进行如下解释： z 是液体距基准面的高度，称 为位置高度或位置水头。实际上 z = zmg (mg ) 是单位重量流体所具有的位势能，所以 z 也称 位置能头，单位是 m。 p ( ρ g ) 代表单位重量流体的压强势能。如图 2-7 所示封闭容器，其中 盛有密度为 ρ 的液体，自由液面上的压强为 p0 ，在距容器底 z 处开一个小孔 C(C 点处压强为 p )与一根上端完全封闭且抽成真空的小管相连。可以发现小管中的液位迅速上升至 A 点，液 柱高度为 h 。根据基本方程式，有 z + p ( ρ g ) = ( z + h ) + 0 ，于是 h = p ( ρ g ) ， p ( ρ g ) 与一段 液体柱高度相当，故称它为压强高度或压强能(水)头。 C 点和 A 点处单位重量流体的位能差 ·18· 流 体 力 学 为 h ，这段液柱高度 h 是压差克服重力对液柱做的功，这说明 p ( ρ g ) 代表一种能量，通常称 为压强势能，也称压强能头，单位是 m。位置能头和压强能头之和 z + p ( ρ g ) 是单位重量流 体的总势能，也称静能(水)头。若 z + p ( ρ g ) = C ，则说明在重力作用下，静止不可压缩均质 流体中任何一点的压强能头和位置能头之和是常数，即静能头保持不变。换言之，位势能和 压强势能可以相互转换，但其总和始终保持不变。 式(2.3.3)是能量守恒定律在流体静力学中的具体体现。如图 2-8 所示，尽管容器中 1、2 两点的位置和压强均不相同，但它们的总势能却是一样的。它们的静水头都落在 AA(或 A′A′) 这条水平线上，图 2-8(a)为采用闭口测压管测得的结果，图 2-8(b)为采用开口测压管测得的 结果。显然，两条静水头线的高度相差一个与大气压相当的液柱高度。 图 2-7 单位重量流体的压强势能 图 2-8 静止流体的静水头线 在自由表面 z = H 处，设压强 p = p0 ，则式(2.3.2)中积分常数 C = p0 + ρ ,静水压力/测压/闸门,P1 > 静水压旧题急救；Q1 > 平面/曲面闸门完整答案骨架；M19 > 真空度/负表压；M21 > 题图决策卡,P1,先按静水压图题入口读液面和高程；用同高同压逐段写压力链；闸门题套 Q1 的合力、压力中心、铰链取矩；最后检查表压/绝压和负表压。,1. 选同一静止连通液体等压面；2. 沿竖直方向逐段加减 rho g h；3. 若为闸门，求 F 与压力中心；4. 对铰链或曲面分量列平衡；5. 判断表压/绝压。,满分仍需要题图高程、铰链位置、面积惯性矩或多液体界面读数；v80 已给模板但不能替代读图。,主题命中“静水压力/测压/闸门”，v80 基础过程覆盖约 84%。；题型偏概念简答；v80 已有短答库，但非对应专栏仍扣少量组织分。；仍依赖教材图表或读图；v80 有小查表/查表动作和收口模板，但不是完整数值表。,7.4,10.0,74.0,中高,
Q0371,课本教材题-张扬军文本,D:\虚拟C盘\学习\流体力学\张扬军（车辆学院）\教材\流体力学教材_text.txt,流体力学教材_text.txt,2.3,"2.3.2 可压缩流体中的压强分布 对于气体，若其密度 ρ 可以视为常数，则 2.3.1 节讨论的平衡规律完全适用。但在地球表 面的大气层中，气体的密度 ρ 通常随海拔的变化而变化，此时不能再将大气视为不可压缩流 体，而要结合实际情况对上述分析结果加以修正。 在大气层中，根据气温是否随高度变化分为同温层和对流层。同温层中大气温度几乎不 发生变化，同温层的海拔是 z = 11000～25000m 。假定大气为理想气体，由于处于等温状态， 第 2 章 流体静力学 ·19· 将上式和重力作用下单位质量力的各分量(即 f x = f y = 0 , f z = − g )一起代入流体平衡方程",流体运动学/连续/流线迹线,P1 > 连续性；Q1 > 迹线/流线/脉线；M18 > 往年题可能问法；M23 > 概念短答库；T6 > 常见问法到答案,P1,先判速度场/描述方法；写连续、旋度、流线/迹线微分式；概念题直接用 M18/M23 的一句话答案；应力题转 Q1 张量模板。,1. 先按题干关键词选模型；2. 在 v80 对应页写首个控制方程/公式；3. 把题给几何、单位和边界条件代入；4. 做代数求解或列出需要查图查表的位置；5. 检查单位、方向、绝压/表压或适用条件。,若要求长篇推导或复杂坐标变换，仍需教材细节；v80 已足够支撑多数简答和基础计算过程。 v67 已补推导题固定结构，v69/v80 补截面、边界条件和概念收口检查。 v80 保留新题定位入口、非定常 Bernoulli 推导条件、速度势单值/路径无关证明、Lagrange/Kelvin 可抄证明句、涡管强度 ΩA 守恒、涡量矩模板、自由射流动量通量和 RTT 入口，并补纳维-斯托克斯原词、圆管断面速度分布原词、渐变流测压管水头；更长证明仍需教材措辞。,主题命中“流体运动学/连续/流线迹线”，v80 基础过程覆盖约 85%。；仍依赖教材图表或读图；v80 有小查表/查表动作和收口模板，但不是完整数值表。,8.1,10.0,81.0,中高,
Q0372,课本教材题-张扬军文本,D:\虚拟C盘\学习\流体力学\张扬军（车辆学院）\教材\流体力学教材_text.txt,流体力学教材_text.txt,2.4,2.4.1 绝对压强和相对压强 如果液体自由表面与大气相通，则液面上压强 p0 就是大气压 pa ，即 p0 = pa 。此时式(2.3.4) p = pa + ρ gh (2.4.1) 其中， p 称为绝对压强，是以绝对真空为计算起点的压强。工程运用中，通常测压仪表以当 地大气压作为计算起点，测压仪表上的读数反映了流体压强比当地大气压大或小的值，这种 以大气压作为计算起点的压强称为相对压强。图 2-9 给 出了绝对压强、大气压和相对压强之间的相互关系。由 图可知，相对压强是绝对压强 p 与大气压 pa 之差，用 pg pg = p − pa (2.4.2) 真空(又称真空度)是大气压 pa 与绝对压强之差，用 pV pv = pa − p (2.4.3) 图 2-9 绝对压强、大气压、相对压强、 流体压强的计量单位有很多种，现将实际研究和工 真空的关系 程应用中经常遇到的几种压强单位及换算列于表 2-1。 表 2-1 压强的单位及其换算表 2 千克力/厘米 标准大气压 毫米汞柱 磅力/英寸2 帕(Pa) 巴(bar) 米水柱(mH2O) (kgf/cm2) (atm) (mmHg) (lbf/in2) 1 0.102 × 10−4 0.0987 × 10−4 10−5 1.02 × 10−4 75.01× 10−4 1.45 × 10−4,静水压力/测压/闸门,P1 > 静水压旧题急救；Q1 > 平面/曲面闸门完整答案骨架；M19 > 真空度/负表压；M21 > 题图决策卡,P1,先按静水压图题入口读液面和高程；用同高同压逐段写压力链；闸门题套 Q1 的合力、压力中心、铰链取矩；最后检查表压/绝压和负表压。,1. 选同一静止连通液体等压面；2. 沿竖直方向逐段加减 rho g h；3. 若为闸门，求 F 与压力中心；4. 对铰链或曲面分量列平衡；5. 判断表压/绝压。,满分仍需要题图高程、铰链位置、面积惯性矩或多液体界面读数；v80 已给模板但不能替代读图。,主题命中“静水压力/测压/闸门”，v80 基础过程覆盖约 84%。；仍依赖教材图表或读图；v80 有小查表/查表动作和收口模板，但不是完整数值表。,8.0,10.0,80.0,中高,
Q0373,课本教材题-张扬军文本,D:\虚拟C盘\学习\流体力学\张扬军（车辆学院）\教材\流体力学教材_text.txt,流体力学教材_text.txt,0.68,0.686 × 104 0.07 0.068 0.0689 0.703 51.71 1 流体压强不仅可以用基本公式 p = p0 + ρ gh 来计算，还可以用各种仪表直接测定。常用的 测量仪表种类很多，接下来主要介绍液柱式测压计。,静水压力/测压/闸门,P1 > 静水压旧题急救；Q1 > 平面/曲面闸门完整答案骨架；M19 > 真空度/负表压；M21 > 题图决策卡,P1,先按静水压图题入口读液面和高程；用同高同压逐段写压力链；闸门题套 Q1 的合力、压力中心、铰链取矩；最后检查表压/绝压和负表压。,1. 选同一静止连通液体等压面；2. 沿竖直方向逐段加减 rho g h；3. 若为闸门，求 F 与压力中心；4. 对铰链或曲面分量列平衡；5. 判断表压/绝压。,满分仍需要题图高程、铰链位置、面积惯性矩或多液体界面读数；v80 已给模板但不能替代读图。,主题命中“静水压力/测压/闸门”，v80 基础过程覆盖约 84%。；仍依赖教材图表或读图；v80 有小查表/查表动作和收口模板，但不是完整数值表。,8.0,10.0,80.0,中高,
Q0374,课本教材题-张扬军文本,D:\虚拟C盘\学习\流体力学\张扬军（车辆学院）\教材\流体力学教材_text.txt,流体力学教材_text.txt,2.4,"2.4.2 U 形管测压计 这种测压计是一个装在刻度板上两端开口的 U 形玻璃管。测量时，管的一端与被测容器 第 2 章 流体静力学 ·21· 相接，另一端与大气相通，如图 2-10 所示。U 形管工作介质的密度 ρ 2 通常大于被测流体密度 ρ1 ，例如，可采用酒精、水、四氯化碳和水银等，通常根据被测流体的性质、被测压强和测 量精度等来选择。如果被测压强大，可用水银；若被测压强较小，可用水或酒精，但工作介 质不能与被测流体相互掺混。U 形管测压计的测量范围比较大，但一般不超过 2.94 × 105 Pa 。 下面分别介绍用 U 形管测压计测量 p > pa 和 p < pa 两种情况的测压原理。当被测 容器中流体压强高于大气压，即 p > pa 时，U 形管在接到测点 M 以前，左、右两管内的液 面高度相等。U 形管接到测点上后，在测点 M 的压强作用下，左管的液面下降，右管的液面 上升，直到平衡，如图 2-10(a)所示。这时被 测流体与管内工作介质的分界面 1-2 是一个 等压面，所以 U 形管左、右两管中的点 1 和 图 2-10 U 形管测压计 点 2 的压强相等，即 p1 = p2 。由式(2.3.4) p1 = p + ρ1 gh1 , p2 = pa + ρ 2 gh2 由于点 1 和点 2 的压强相等，可得 p + ρ1 gh1 = pa + ρ 2 gh2 因此，M 点的绝对压强为 p = pa + ρ 2 gh2 − ρ1 gh1 (2.4.4) 相应地，M 点的相对压强为 pg = p − pa = ρ2 gh2 − ρ1gh1 (2.4.5) 由式(2.4.4)和式(2.4.5)，可根据测得的 h1 和 h2 以及已知的 ρ1 和 ρ 2 计算出被测点的绝对压强和 相对压强。 当被测容器中的流体压强小于大气压，即 p < pa 时，在大气压作用下，U 形管右管内的 液面下降，左管内的液面上升，直到平衡，如图 2-10(b)所示。M 点压强的计算方法与上面相 似，M 点的绝对压强为 p = pa − ρ 2 gh2 − ρ1 gh1 (2.4.6) M 点的真空为 pv = pa − p = ρ 2 gh2 + ρ1 gh1 (2.4.7) 当使用 U 形管测压计测量气体压强时，如果气体的密度很小，那么式(2.4.4)～式(2.4.6) 中 ρ1 gh2 项可以忽略不计。若被测流体的压强较高，仅用一个 U 形管则过长，此时可以采用 串联的 U 形管组成多 U 形管测压计进行测量。实际应用中常 采用双 U 形管或三 U 形管串联测压计。 在图 2-11 所示的三 U 形管串联测压计中，以互不掺混 的两种密度( ρ1 > ρ 2 )的流体作为工作介质，其中 1-1、1′-1′、 2-2、2′-2′和 3-3 为不同的等压面。对图中各等压面",静水压力/测压/闸门,P1 > 静水压旧题急救；Q1 > 平面/曲面闸门完整答案骨架；M19 > 真空度/负表压；M21 > 题图决策卡,P1,先按静水压图题入口读液面和高程；用同高同压逐段写压力链；闸门题套 Q1 的合力、压力中心、铰链取矩；最后检查表压/绝压和负表压。,1. 选同一静止连通液体等压面；2. 沿竖直方向逐段加减 rho g h；3. 若为闸门，求 F 与压力中心；4. 对铰链或曲面分量列平衡；5. 判断表压/绝压。,满分仍需要题图高程、铰链位置、面积惯性矩或多液体界面读数；v80 已给模板但不能替代读图。,主题命中“静水压力/测压/闸门”，v80 基础过程覆盖约 84%。；仍依赖教材图表或读图；v80 有小查表/查表动作和收口模板，但不是完整数值表。,8.0,10.0,80.0,中高,
Q0375,课本教材题-张扬军文本,D:\虚拟C盘\学习\流体力学\张扬军（车辆学院）\教材\流体力学教材_text.txt,流体力学教材_text.txt,2.4,2.4.3 倾斜式微压计 在测量气体的微小压强和压强差时，为了提高精度，常采用如图 2-12 所示的倾斜式微压 计。它由一个大截面的杯子连接一个可调节倾斜角度的细玻璃管构成，其中有密度为 ρ 的液 体。在未测压时，倾斜式微压计的两端通大气，杯中液面和倾斜管中的液面在同一平面 1-1 上。当测量容器或管道中某处的压强时，杯子上部测压口与被测气体容器或管道的测点相连 接。在被测流体压强 p 的作用下，杯中液面下降 h1 ，至 0-0 位置，此时倾斜管液面上升长度 L ， 相应上升高度为 h2 = L sin θ 。 根据液体平衡方程式，被测流体的绝对压 p = pa + ρ g ( h1 + h2 ) (2.4.12) 相应的相对压强为 pg = p − pa = ρ g ( h1 + h2 ) (2.4.13) 如果用倾斜式微压计测量两容器或管道两点的 压差，将压强大的 p1 连接杯体测压口，压强小 的 p2 连接倾斜管出口端，则可测得的压差为 图 2-12 倾斜式微压计 p1 − p2 = ρ g ( h1 + h2 ) 由于杯内液体下降量等于倾斜管中液体的上升量，设 A 和 a 分别为杯子和玻璃管的横截 面积，则有 h1 A = La 或 h1 = L ， h2 = L sin θ ⎛a ⎞ ρg 代入式(2.4.13)中，可得pg = ρ g ⎜ + sin θ ⎟ L = L (2.4.14) ⎝ A ⎠ K 1 其中，K 称为倾斜式微压计常数，K = 。当 A 、a 和 ρ 一定时，K 仅是倾斜角 θ 的 a / A + sin θ 第 2 章 流体静力学 ·23· a 1 函数。改变 θ ，可以得到不同的 K 。由于 很小，可以忽略不计，可得 K ≈ 。以 θ =30° A sin θ 为例，此时 h2 = L sin 30° = 1 /(2 L) ，即倾斜式微压计可把压差的液柱读数放大 1 倍；当 θ = 10° 1 时， K ≈ = 5.76 ，压差的液柱读数可以放大 4.76 倍。由此可见，倾斜式微压计可使读 sin10° 数更精确。然而，若 θ 过小(如小于 5°)，倾斜管内的液面会产生较大的波动，位置不易确定， 反而使得测量精度有所下降。,静水压力/测压/闸门,P1 > 静水压旧题急救；Q1 > 平面/曲面闸门完整答案骨架；M19 > 真空度/负表压；M21 > 题图决策卡,P1,先按静水压图题入口读液面和高程；用同高同压逐段写压力链；闸门题套 Q1 的合力、压力中心、铰链取矩；最后检查表压/绝压和负表压。,1. 选同一静止连通液体等压面；2. 沿竖直方向逐段加减 rho g h；3. 若为闸门，求 F 与压力中心；4. 对铰链或曲面分量列平衡；5. 判断表压/绝压。,满分仍需要题图高程、铰链位置、面积惯性矩或多液体界面读数；v80 已给模板但不能替代读图。,主题命中“静水压力/测压/闸门”，v80 基础过程覆盖约 84%。；仍依赖教材图表或读图；v80 有小查表/查表动作和收口模板，但不是完整数值表。,8.0,10.0,80.0,中高,
Q0376,课本教材题-张扬军文本,D:\虚拟C盘\学习\流体力学\张扬军（车辆学院）\教材\流体力学教材_text.txt,流体力学教材_text.txt,2.5,2.5.1 作用在倾斜平面上的总压力 如图 2-13 所示，假设 AB 为一块面积为 A 的形状任意的平板，倾斜放置在密度为 ρ 的静 止液体中。它与液体自由表面的夹角为 θ ，液体自由表面上的压强为 p0 。接下来，分析作用 在平板 AB 上的合力。为了便于分析，假设把平板 AB 绕 Oy 轴转动 90°，这样图 2-13 上便反 映出它的正视图。在平板上取一个微小面积 dA ，作用在它中心点的压强为 p = p0 + ρ gh 。由 于 dA 取得足够小，可以认为作用在它上面的液体的压强都等于 p 。因此作用在 dA 面上的合 力应为 dF = pdA = ( p0 + ρ gh)dA = p0 dA + ρ gy sin θ dA 因为流体是静止的，不存在切向力，所以作用在整个 AB 平板上的压力都垂直于平板。 因此，作用在平板上的合力为 F = ∫ p0 dA + ∫ ρ gy sin θ dA A A = p0 A + ρ g sin θ ∫ ydA 其中，∫ ydA = A ⋅ yC 为平板面积 A 对于 x 轴的面积 矩， yC 为面积 A 的几何中心至 x 轴的垂直距离。 于是静止液体作用在平板上的合力为 图 2-13 倾斜平壁上的总压力 F = p0 A + ρ gyC Asin θ = ( p0 + ρ ghC ) A (2.5.1) 其中， p0 + ρ ghC 为平板 AB 几何中心点处的静压强。由式(2.5.1)可知，静止液体作用在平面 上的合力等于作用在该平面几何中心点处的静压强与该平面面积的乘积。 若作用在液体自由表面上有大气压，而平面外侧也作用着大气压，则仅由液体产生的作 用在平面上的总压力为 F ′ = ρ gyC A sin θ = ρ ghC A (2.5.2) 即作用在平面上的液体总压力为一个假想体积的液体重量，该假想体积是以平面面积为底、 ·24· 流 体 力 学 以平面形心淹深 hC 为高的柱体。 接下来讨论总压力的作用点。总压力的作用线与平面的交点即总压力的作用点，也称 压力中心。因为作用在平面 AB 上每一个微小面积上的压力都是互相平行的，所以每一个 微小面积上所受的压力对 x 轴的静力矩之和应该等于作用在面积 A 上的合力对 x 轴的静力 矩，即 FyD = ∫ ydF (2.5.3) 其中， dF 为作用在微小面积 dA 上的合力； y 为微小面积中心到 x 轴的距离； y D 为合力作用 点到 x 轴的距离。将式(2.5.1)代入式(2.5.3)得 ( p0 + ρ gyC sin θ ) AyD = ∫ p0 ydA + ρ g sin θ ∫ y 2 dA (2.5.4) A A 其中， ∫ p0 ydA = p0 yC A (2.5.5) ∫ y dA = J x 2 根据力学中惯性矩的定义可知 根,静水压力/测压/闸门,P1 > 静水压旧题急救；Q1 > 平面/曲面闸门完整答案骨架；M19 > 真空度/负表压；M21 > 题图决策卡,P1,先按静水压图题入口读液面和高程；用同高同压逐段写压力链；闸门题套 Q1 的合力、压力中心、铰链取矩；最后检查表压/绝压和负表压。,1. 选同一静止连通液体等压面；2. 沿竖直方向逐段加减 rho g h；3. 若为闸门，求 F 与压力中心；4. 对铰链或曲面分量列平衡；5. 判断表压/绝压。,满分仍需要题图高程、铰链位置、面积惯性矩或多液体界面读数；v80 已给模板但不能替代读图。,主题命中“静水压力/测压/闸门”，v80 基础过程覆盖约 84%。；题型偏概念简答；v80 已有短答库，但非对应专栏仍扣少量组织分。；仍依赖教材图表或读图；v80 有小查表/查表动作和收口模板，但不是完整数值表。,7.4,10.0,74.0,中高,
Q0377,课本教材题-张扬军文本,D:\虚拟C盘\学习\流体力学\张扬军（车辆学院）\教材\流体力学教材_text.txt,流体力学教材_text.txt,2.5,2.5.2 作用在曲面上的总压力 实际的工程应用中，经常会遇到与流体接触的固体壁面为曲面的情况。固体壁面为曲面 时，作用在曲面上各处的流体静压强构成了一个空间力系，因此求解任意曲面上的总压力是 比较复杂的。然而，工程上用得最多的是如图 2-14 所示的二向曲面，所以下面先讨论静止液 体作用在二向曲面上的总压力计算问题。 设液体作用在水平母线长度为 b 的柱形曲面 AB 上，A 端和 B 端在自由液面下的深度分别 为 h2 和 h1 。建立直角坐标系，令 xOy 坐标面在自由液面上， Oz 轴垂直于自由液面，方向向 下。设液体的密度为 ρ ，自由液面上的压强为 p0 。 在曲面上任取一个微元面积 dA ，如图 2-14 所示，它在自由液面下的深度为 h 。液体作用 在 dA 上的总压力 dF = pdA = ( p0 + ρ gh) dA 。 dF 在 x 轴方向的分力应为 dFx = dF cos α = ( p0 + ρ gh ) cos α dA = ( p0 + ρ gh ) dAx 其中， dAx = cos α dA 是微元面积 dA 在垂直于 Ox 轴的坐标面内的投影。 AB 曲面所受的合力 在 x 方向的分力为 Fx = ∫ dFx = p0 Ax + ρ g ∫ hdAx A A ·26· 流 体 力 学 其中， ∫ hdAx = hC Ax 为面积 A 在 yOz 坐标面上的投影面 积 Ax 对 x 轴的面积矩， hC 为投影面积几何中心位置。所以 Fx = ( p0 + ρ ghC ) Ax (2.5.9) 式(2.5.9)就是曲面 AB 上液体总压力的水平分量计算公 式。由此可知，流体作用在柱形曲面上的合力的水平分 量等于曲面的垂直投影面积与垂直投影面几何中心处的 总压力的乘积。同液体作用在平面上的总压力一样，作 用力水平分量 Fx 的作用点通过 Ax 的压力中心。如果柱形 图 2-14 作用在二向曲面上的总压力 曲面是封闭的，则 Fx = 0 。接下来分析 dF 的垂直分量： dFz = dF sin α = ( p0 + ρ gh ) sin α dA = ( p0 + ρ gh ) dAz 其中， dAz = sin α dA 是曲面 dA 在垂直于 Oz 轴的坐标面内的投影面积，所以 Fz = ∫ dFz = p0 Az + ρ g ∫ hdAz A A 其中， ∫ hdAz = V p 是从整个曲面 AB 的最外轮廓向上引无数条垂直母线到自由液面处所包围 的体积，这样的体积称为压力体。故上式写成 Fz = p0 Az + ρ gV p (2.5.10) 式(2.5.10)就是作用在曲面 AB 上的液体总压力垂直分量的计算公式。它由两部分组成，其中 一部分为自由液面上压强 p0 与曲面在水平面内的投影面积 Az 的乘积，另一部分,静水压力/测压/闸门,P1 > 静水压旧题急救；Q1 > 平面/曲面闸门完整答案骨架；M19 > 真空度/负表压；M21 > 题图决策卡,P1,先按静水压图题入口读液面和高程；用同高同压逐段写压力链；闸门题套 Q1 的合力、压力中心、铰链取矩；最后检查表压/绝压和负表压。,1. 选同一静止连通液体等压面；2. 沿竖直方向逐段加减 rho g h；3. 若为闸门，求 F 与压力中心；4. 对铰链或曲面分量列平衡；5. 判断表压/绝压。,满分仍需要题图高程、铰链位置、面积惯性矩或多液体界面读数；v80 已给模板但不能替代读图。,主题命中“静水压力/测压/闸门”，v80 基础过程覆盖约 84%。；仍依赖教材图表或读图；v80 有小查表/查表动作和收口模板，但不是完整数值表。,8.0,10.0,80.0,中高,
Q0378,课本教材题-张扬军文本,D:\虚拟C盘\学习\流体力学\张扬军（车辆学院）\教材\流体力学教材_text.txt,流体力学教材_text.txt,2.5,2.5.3 作用在沉没物体上的总压力 物体浸在液体中的位置有三种：若物体的密度大 于液体，物体沉到液体底部，此时物体为沉体；若物 体的密度等于液体，物体可潜入液体中的任何位置， 此时物体为潜体；若物体的密度小于液体，物体浮在 液体上，此时物体为浮体。液体作用在潜体或浮体上 的总压力称为浮力，浮力的作用点称为浮心。 设有一个任意形状的物体浸没在静止液体中，如 图 2-19 作用在沉没物体上的总压力 图 2-19 所示。沿潜体轮廓线作垂直于 Ox 轴的切面， 将潜体分成左、右两部分，则作用在左边曲面 cad 上的总压力在水平方向的分量 Fx1 等于作用 在平面 kd (曲面 cad 在 z 方向的投影面)上的总压力，方向向右，作用在右边曲面 cad 上的总 压力在水平方向的分量 Fx 2 也等于作用在平面 kd 上的总压力，方向向左。所以 Fx1 和 Fx 2 大小 相等，方向相反。用同样方法，可以证明总压力的另一对水平分量 Fy1 与 Fy 2 大小相等，方向 相反，因而作用在物体上的总压力的水平分量等于零。同理，沿潜体轮廓线作垂直于 Oz 轴的 切面，将潜体分成上、下两部分，则作用在上半部表面上总压力的垂直分力 Fz1 = ρ gVacbfg ， 方向向下；作用在下半部表面上总压力的垂直分力 Fz 2 = ρ gVadbfg ，方向向上，液体作用在整 第2章 流体静力学 ·29· 个物体上的总压力的垂直分力为 ( ) Fz = Fz 2 − Fz1 = ρ g Vadbfg − Vacbfg = ρ gVadbc (2.5.15) 方向向上，压力中心就是物体的形心。 综上所述，液体作用在浸没物体(潜体)上的总压力方向垂直向上，大小等于沉没物体所排 开液体的重量。该力又称为浮力。这就是阿基米德原理。浮体的浮力大小等于物体浸没部分所 排开液体的重量。 科技前沿(2)——蛟龙号 习 题 2-1 在绝热大气中， p / ρ γ 为常数，其中 γ 为常数。证明大气压强 p 随高度 z 的变化规律是 1− γ ρ p= ρ gz + p0 γ ρ0 其中， p0 和 ρ0 是海平面( z = 0 )处的压强和密度。 2-2 如图 2-20 所示，U 形管的两端与两个容器连接，已知 U 形管中水银液面的高度差 为 h，A、B 两点的高度差为 h1 ，油密度为 ρoi ，水银密度为 ρHg 。试求 A、B 两点的压强差。 若 pm = 2.45 × 105 Pa ，h = 500mm ，h1 = 200mm ，h2 = 250mm ， 2-3 图 2-21 为多管式压强计， h3 = 150mm ，水银的密度 ρ1 = 13600kg/m3 ，水的密度 ρ2 = 1000kg/m3 ，酒精的密度 ρ3 = 843kg/m3 。 求容器 B 内的压强。 图 2-20 题 2-,静水压力/测压/闸门,P1 > 静水压旧题急救；Q1 > 平面/曲面闸门完整答案骨架；M19 > 真空度/负表压；M21 > 题图决策卡,P1,先按静水压图题入口读液面和高程；用同高同压逐段写压力链；闸门题套 Q1 的合力、压力中心、铰链取矩；最后检查表压/绝压和负表压。,1. 选同一静止连通液体等压面；2. 沿竖直方向逐段加减 rho g h；3. 若为闸门，求 F 与压力中心；4. 对铰链或曲面分量列平衡；5. 判断表压/绝压。,满分仍需要题图高程、铰链位置、面积惯性矩或多液体界面读数；v80 已给模板但不能替代读图。,主题命中“静水压力/测压/闸门”，v80 基础过程覆盖约 84%。；题目要求推导或定义积分；v80 有 M24/M25/M26 骨架，但完整推导仍扣少量严谨性分。；仍依赖教材图表或读图；v80 有小查表/查表动作和收口模板，但不是完整数值表。,7.2,10.0,72.0,中高,
Q0379,课本教材题-张扬军文本,D:\虚拟C盘\学习\流体力学\张扬军（车辆学院）\教材\流体力学教材_text.txt,流体力学教材_text.txt,3.1,3.1 描述流体运动的两种方法 在研究流体运动时，首先要解决的一个问题是用什么方法来描述流体运动。离散质点系 的质点数为有限 N 个，仅有 3N 个自由度，可以采用编号逐点进行描述。刚体虽然质点数为 无穷多个，但质点间为强约束，刚体运动仅有 6 个自由度。流体运动的质点数为无穷多个， 质点间为弱约束，因此描述困难。目前，流体力学中通常采用两种描述方法：①拉格朗日法， 它以流场中单个流体质点的运动作为研究的出发点，从而进一步研究整个流体的运动，很显 然，这种方法是质点系力学研究方法的自然延续；②欧拉法，它不着眼于研究个别流体质点 的运动规律，以流体质点流过空间某点时的运动特性作为研究的出发点，从而研究流体在整 个空间里的运动情况。本节将介绍这两种方法的实质及数学表示法。,流体运动学/连续/流线迹线,P1 > 连续性；Q1 > 迹线/流线/脉线；M18 > 往年题可能问法；M23 > 概念短答库；T6 > 常见问法到答案,P1,先判速度场/描述方法；写连续、旋度、流线/迹线微分式；概念题直接用 M18/M23 的一句话答案；应力题转 Q1 张量模板。,1. 先按题干关键词选模型；2. 在 v80 对应页写首个控制方程/公式；3. 把题给几何、单位和边界条件代入；4. 做代数求解或列出需要查图查表的位置；5. 检查单位、方向、绝压/表压或适用条件。,若要求长篇推导或复杂坐标变换，仍需教材细节；v80 已足够支撑多数简答和基础计算过程。 v67 已补推导题固定结构，v69/v80 补截面、边界条件和概念收口检查。 v80 保留新题定位入口、非定常 Bernoulli 推导条件、速度势单值/路径无关证明、Lagrange/Kelvin 可抄证明句、涡管强度 ΩA 守恒、涡量矩模板、自由射流动量通量和 RTT 入口，并补纳维-斯托克斯原词、圆管断面速度分布原词、渐变流测压管水头；更长证明仍需教材措辞。,主题命中“流体运动学/连续/流线迹线”，v80 基础过程覆盖约 85%。；仍依赖教材图表或读图；v80 有小查表/查表动作和收口模板，但不是完整数值表。,8.1,10.0,81.0,中高,
Q0380,课本教材题-张扬军文本,D:\虚拟C盘\学习\流体力学\张扬军（车辆学院）\教材\流体力学教材_text.txt,流体力学教材_text.txt,3.1,"3.1.1 拉格朗日法 拉格朗日法通过如下两个方面来描述整个流体的运动状态。首先，描述某一运动流体质 点的各个物理量(如密度、速度等)随时间的变化规律；其次，描述相邻流体质点间这些物理 量的变化规律。流体质点是连续分布的，要研究某个确定流体质点的运动，首先必须建立一 个表征该流体质点的办法，以便识别和区分不同的流体质点。在每一时刻，每一个流体质点 都占据唯一确定的空间位置。一个显而易见的办法是以某一时刻 t = t0 各个质点的空间位置坐 标 ( a,b,c ) 来表征它们。不同的流体质点具有不同的 ( a,b,c ) 。为简单起见，先在直角坐标系中 进行讨论。 某流体质点( a1,b1,c1 )在空间运动时，它在直角坐标系中的位置将是时间 t 的函数： ⎧ x = x ( a1 , b1 , c1 , t ) ⎨ y = y ( a1 , b1 , c1 , t ) (3.1.1) ⎪ z = z (a ,b ,c ,t ) ⎩ 1 1 1 其中， a1、b1、c1 是与流体质点初始位置相关的常数，代表质点在 t = t0 时刻所处的空间位置。 当研究所有流体质点在空间的运动时，由于各个质点在 t = t0 时刻的坐标 ( a,b,c ) 不一样，各个 质点在任意时刻的空间位置将是 a ,b,c,t 这四个参数的函数 ⎧ x = x ( a, b, c, t ) ⎨ y = y ( a, b, c, t ) (3.1.2) ⎪ z = z ( a , b, c , t ) ·32· 流 体 力 学 当 a、 b、 c 固定时，式(3.1.2)代表某个确定流体质点的运动轨迹；当 t 固定时，式(3.1.2)代表 t 时刻流体各质点所处的空间位置，所以式(3.1.2)可以描述所有质点的运动。这里用来识别和 区分不同流体质点的参数 a、 b、 c 都应看作自变量，它们与时间 t 一起称为拉格朗日变量。显 然，在 t = t0 时刻，各质点的坐标等于 a ,b,c ，即 ⎧ x0 = x ( a, b, c, t0 ) = a ⎨ y0 = y ( a, b, c, t0 ) = b (3.1.3) ⎪ z = z ( a, b, c, t ) = c ⎩ 0 0 同理，其他物理量也应该是 t 及 a ,b,c 的函数。描述流体运动的拉格朗日法以一组数 ( a,b,c ) 作 为标记，这组数称为拉格朗日坐标或随体坐标。流体质点不管 什么时候、运动到哪，其拉格朗日坐标不变。换言之，拉格朗 日法着眼于流体质点，将流体质点的运动表示为拉格朗日坐标 和时间的函数。 如图 3-1 所示，考虑某流体质点在 Δt 时间间隔内由 A 点移 动到 B 点。根据速度的定义，该流体质点的运动速度可表示为 图 3-1 质点运动 r ( t + Δt ) − r ( t ) Δr V = ",概念简答/定义解释,M18 > 往年题可能问法：一句话答案；M23 > 概念短答库；R6 > 可直接抄的结论句；M9 > 高频小问速答；M12 > 概念题保底,无直接页码,先定位 M18/M23/R6 的可抄定义句；按“定义一句+原因一句+后果一句”写；若有公式页，再补适用条件和易错点。,1. 先按题干关键词选模型；2. 在 v80 对应页写首个控制方程/公式；3. 把题给几何、单位和边界条件代入；4. 做代数求解或列出需要查图查表的位置；5. 检查单位、方向、绝压/表压或适用条件。,v80 已显著补强短答，但长论述、实验现象细节和教材原话仍可能扣少量分。 v67 补长论述结构，v69 补读图/收口检查，v80 补层流/湍流/渐变流可抄定义；教材原话仍可能扣分。 v80 已补 N-S 各项标准意义、控制体外力组成、层/湍速度剖面、Boussinesq 涡黏、水击波速因素、孔板/自由射流概念、渐变流测压管水头、Ma 物理意义与 0.3 判据、深水波定义、RTT 守恒入口、完全/部分相似短答和标准四行答案模板，适合先写过程分。,主题命中“概念简答/定义解释”，v80 基础过程覆盖约 89%。；仍依赖教材图表或读图；v80 有小查表/查表动作和收口模板，但不是完整数值表。,8.5,10.0,85.0,中高,
Q0381,课本教材题-张扬军文本,D:\虚拟C盘\学习\流体力学\张扬军（车辆学院）\教材\流体力学教材_text.txt,流体力学教材_text.txt,3.1,"3.1.2 欧拉法 欧拉法通过下面两个方面来描述整个流体的运动状态。首先，在空间某一固定点上描述 ·34· 流 体 力 学 流体各种物理量(如速度、压强等)随时间的变化规律；其次，描述相邻空间点上这些物理量 的变化规律。需要特别指出的是，空间点与流体质点是两个概念，不能混淆。流体运动时， 同一个空间点在不同的时刻会由不同的流体质点所占据。空间各点上流体的物理量是指占据 这些空间点的各个流体质点的物理量。显然，在欧拉法中各个物理量将是时间 t 和空间点坐 标 q1,q2 ,q3 的函数。例如，流体的速度、密度、压强可表示为 ⎧V = V ( q1 , q2 , q3 , t ) ⎨ ρ = ρ ( q1 , q2 , q3 , t ) (3.1.15) ⎪ p = p (q , q , q ,t ) ⎩ 1 2 3 这些用以识别空间点的坐标 q1,q2 ,q3 及时间 t 称为欧拉变量。在笛卡儿直角坐标系中速度 场可表示为 V = V ( x, y, z, t ) (3.1.16) ⎧ u = u ( x, y , z , t ) 或表示成分量的形式 ⎨ v = v ( x, y , z , t ) (3.1.17) ⎪ w = w ( x, y , z , t ) 欧拉法以固定于空间中的一组坐标来表示流体质点在不同时刻的运动状态，这组坐标通 常称为欧拉坐标。根据连续介质假设，一个流体质点占据一个空间点，从而与欧拉坐标是一 一对应的。很显然，欧拉法着眼于空间点，将流体的运动和物理参数直接表示为空间坐标与 时间的函数，而不是沿运动轨迹去跟踪流体质点。按照欧拉法的观点，对流动特性的研究， 从数学上来讲，可以转化为对含有时间 t 的标量场和向量场的研究，即 Φ = Φ ( q1, q2 , q3 , t ) (3.1.18) 其中， Φ 代表流体的某个物理量，如速度、压强、温度等。 分析流体的运动，必须考察每个空间点上流体的运动变化。通常把充满流体的空间称为 流场。欧拉法把流场的运动要素和物理量都用场的形式表达，因此可以直接将场论知识用于 流体力学问题的分析。在欧拉法中，若流场中各点的流体物理量 Φ 都不随时间变化，那么就 称该流场为定常流场。对于定常流场，有 =0 (3.1.19) 值得指出，拉格朗日法和欧拉法只不过是描述运动的两种方法，拉格朗日法着眼于流体 质点，跟踪流体质点描述其运动历程。欧拉法着眼于空间点，研究流体质点流经空间各固定 点的运动特性。在现代先进的粒子图像测速(particle image velocimetry，PIV)技术中，采用示 踪粒子来进行流场速度测量的方法为典型的拉格朗日法。欧拉法是描述流体运动常用的一种 方法，由欧拉于 1755 年提出。",流体运动学/连续/流线迹线,P1 > 连续性；Q1 > 迹线/流线/脉线；M18 > 往年题可能问法；M23 > 概念短答库；T6 > 常见问法到答案,P1,先判速度场/描述方法；写连续、旋度、流线/迹线微分式；概念题直接用 M18/M23 的一句话答案；应力题转 Q1 张量模板。,1. 先按题干关键词选模型；2. 在 v80 对应页写首个控制方程/公式；3. 把题给几何、单位和边界条件代入；4. 做代数求解或列出需要查图查表的位置；5. 检查单位、方向、绝压/表压或适用条件。,若要求长篇推导或复杂坐标变换，仍需教材细节；v80 已足够支撑多数简答和基础计算过程。 v67 已补推导题固定结构，v69/v80 补截面、边界条件和概念收口检查。 v80 保留新题定位入口、非定常 Bernoulli 推导条件、速度势单值/路径无关证明、Lagrange/Kelvin 可抄证明句、涡管强度 ΩA 守恒、涡量矩模板、自由射流动量通量和 RTT 入口，并补纳维-斯托克斯原词、圆管断面速度分布原词、渐变流测压管水头；更长证明仍需教材措辞。,主题命中“流体运动学/连续/流线迹线”，v80 基础过程覆盖约 85%。；题目要求推导或定义积分；v80 有 M24/M25/M26 骨架，但完整推导仍扣少量严谨性分。；仍依赖教材图表或读图；v80 有小查表/查表动作和收口模板，但不是完整数值表。,7.3,10.0,73.0,中高,
Q0382,课本教材题-张扬军文本,D:\虚拟C盘\学习\流体力学\张扬军（车辆学院）\教材\流体力学教材_text.txt,流体力学教材_text.txt,3.1,"3.1.3 质点导数 流体质点的物理量随时间的变化率称为该物理量的质点导数。质点导数的概念和表达式 在拉格朗日法中是很自然的。例如，任意一个流体质点 ( a,b,c ) 的速度对于时间的变化率就是 这个质点的加速度： 第 3 章 流体运动描述与分析 ·35· ∂ V ( a , b, c , t ) = a ( a , b, c , t ) (3.1.20) 然而在欧拉法中，物理量是空间坐标 q1,q2 ,q3 及时间 t 的函数。例如，速度 V = V ( q1,q2 ,q3 ,t ) 对时间的偏导数 ∂V / ∂t 代表的是空间固定点 (q1 , q2 , q3 )上流体的速度随时间的变化率。很明显， 这并不是某一个确定的流体质点的速度对于时间的变化率。那么在欧拉法中，应该如何表示 流体质点的物理量随时间的变化率呢？这里以笛卡儿直角坐标系中速度的质点导数为例，讨 论欧拉法中质点导数的计算方法。 已知欧拉法中流体运动的速度场 V = V ( x, y, z, t ) ，在 t 时刻空间点 P ( x, y, z ) 上 的流体质点速度为 VP = VP ( x, y, z, t ) 。经过时 间间隔 Δt 之后，该流体质点移动的空间位移 为 V Δt ， 并占 据了 空 间 P′( x + uΔt , y + vΔt , z + wΔt ) 点，如图 3-2 所示。在 t + Δt 时刻， 图 3-2 质点运动 空间 P′ 点上流体质点的速度可表示为 VP′ = V ( x + uΔt ,y + vΔt ,z + wΔt ,t + Δt ) 即经过 Δt 时间间隔后，该流体质点的速度变化量为 ΔV = VP′ − VP = V ( x + uΔt , y + vΔt , z + wΔt , t + Δt ) − V ( x, y, z, t ) (3.1.21) 将式(3.1.21)右端用泰勒级数进行展开，可得 ∂V ⎛ ∂V ∂V ∂V ⎞ ΔV = Δt + ⎜ u ⎝ ∂x +w ⎟ Δt + O Δt ∂z ⎠ 2 ( )",流体运动学/连续/流线迹线,P1 > 连续性；Q1 > 迹线/流线/脉线；M18 > 往年题可能问法；M23 > 概念短答库；T6 > 常见问法到答案,P1,先判速度场/描述方法；写连续、旋度、流线/迹线微分式；概念题直接用 M18/M23 的一句话答案；应力题转 Q1 张量模板。,1. 先按题干关键词选模型；2. 在 v80 对应页写首个控制方程/公式；3. 把题给几何、单位和边界条件代入；4. 做代数求解或列出需要查图查表的位置；5. 检查单位、方向、绝压/表压或适用条件。,若要求长篇推导或复杂坐标变换，仍需教材细节；v80 已足够支撑多数简答和基础计算过程。 v67 已补推导题固定结构，v69/v80 补截面、边界条件和概念收口检查。 v80 保留新题定位入口、非定常 Bernoulli 推导条件、速度势单值/路径无关证明、Lagrange/Kelvin 可抄证明句、涡管强度 ΩA 守恒、涡量矩模板、自由射流动量通量和 RTT 入口，并补纳维-斯托克斯原词、圆管断面速度分布原词、渐变流测压管水头；更长证明仍需教材措辞。,主题命中“流体运动学/连续/流线迹线”，v80 基础过程覆盖约 85%。；仍依赖教材图表或读图；v80 有小查表/查表动作和收口模板，但不是完整数值表。,8.1,10.0,81.0,中高,
Q0383,课本教材题-张扬军文本,D:\虚拟C盘\学习\流体力学\张扬军（车辆学院）\教材\流体力学教材_text.txt,流体力学教材_text.txt,3,(3.1.22) ⎛ ∂V ⎝ ∂t + V ⋅ ∇V ⎟ Δt + O Δt 2 ( ) 根据流体质点加速度的定义(即流体质点速度 V 随时间的变化率)，可得欧拉法中流体质 点速度的质点导数，即加速度为 ∂V ΔV + V ⋅ ∇V a = lim = (3.1.23) ∂t Δt →0 Δt 在本书中，采用 D / Dt 代表欧拉法中的质点导数，式(3.1.23)可以表示为 DV ∂ V = + V ⋅ ∇V a= (3.1.24) Dt ∂t 从式(3.1.24)中可以看出，欧拉法中质点加速度由两部分组成，其中 ∂ / ∂t 称为当地加速 度或局部加速度，它表示在空间固定位置上，流体速度对于时间的变化率，它由流场非定常 性引起，对于定常流动 ∂ / ∂t =0。式(3.1.24)右端第二项 V ⋅ ∇V 称为对流加速度或迁移加速度， 它由流场的空间不均匀性引起。对于流场中的其他物理量也可以采用类似方法求得它们在欧 拉法中的质点导数。例如，密度、压强的质点导数为 D ρ ∂ρ = + V ⋅ ∇ρ (3.1.25) Dt ∂t Dp ∂ p = + V ⋅ ∇p (3.1.26) Dt ∂ t ·36· 流 体 力 学 进一步推广，可以得到欧拉法中任意物理量 Φ 的质点导数表达式为 DΦ ∂ Φ = + V ⋅ ∇Φ (3.1.27) Dt ∂t D ∂ ( ⋅) 在本书中，将 ( ⋅) = + V ⋅ ∇ ( ⋅) (3.1.28) Dt ∂t 称为质点导数算子。,流体运动学/连续/流线迹线,P1 > 连续性；Q1 > 迹线/流线/脉线；M18 > 往年题可能问法；M23 > 概念短答库；T6 > 常见问法到答案,P1,先判速度场/描述方法；写连续、旋度、流线/迹线微分式；概念题直接用 M18/M23 的一句话答案；应力题转 Q1 张量模板。,1. 先按题干关键词选模型；2. 在 v80 对应页写首个控制方程/公式；3. 把题给几何、单位和边界条件代入；4. 做代数求解或列出需要查图查表的位置；5. 检查单位、方向、绝压/表压或适用条件。,若要求长篇推导或复杂坐标变换，仍需教材细节；v80 已足够支撑多数简答和基础计算过程。 v67 已补推导题固定结构，v69/v80 补截面、边界条件和概念收口检查。 v80 保留新题定位入口、非定常 Bernoulli 推导条件、速度势单值/路径无关证明、Lagrange/Kelvin 可抄证明句、涡管强度 ΩA 守恒、涡量矩模板、自由射流动量通量和 RTT 入口，并补纳维-斯托克斯原词、圆管断面速度分布原词、渐变流测压管水头；更长证明仍需教材措辞。,主题命中“流体运动学/连续/流线迹线”，v80 基础过程覆盖约 85%。；题型偏概念简答；v80 已有短答库，但非对应专栏仍扣少量组织分。；仍依赖教材图表或读图；v80 有小查表/查表动作和收口模板，但不是完整数值表。,7.5,10.0,75.0,中高,
Q0384,课本教材题-张扬军文本,D:\虚拟C盘\学习\流体力学\张扬军（车辆学院）\教材\流体力学教材_text.txt,流体力学教材_text.txt,3.1,3.1.4 拉格朗日变量和欧拉变量之间的转换 拉格朗日法和欧拉法是描述运动的两种方法。对于同一个流动问题，既可用拉格朗日法 来描述也可用欧拉法来描述。因此，拉格朗日变量和欧拉变量之间必然可相互转换。,流体运动学/连续/流线迹线,P1 > 连续性；Q1 > 迹线/流线/脉线；M18 > 往年题可能问法；M23 > 概念短答库；T6 > 常见问法到答案,P1,先判速度场/描述方法；写连续、旋度、流线/迹线微分式；概念题直接用 M18/M23 的一句话答案；应力题转 Q1 张量模板。,1. 先按题干关键词选模型；2. 在 v80 对应页写首个控制方程/公式；3. 把题给几何、单位和边界条件代入；4. 做代数求解或列出需要查图查表的位置；5. 检查单位、方向、绝压/表压或适用条件。,若要求长篇推导或复杂坐标变换，仍需教材细节；v80 已足够支撑多数简答和基础计算过程。 v67 已补推导题固定结构，v69/v80 补截面、边界条件和概念收口检查。 v80 保留新题定位入口、非定常 Bernoulli 推导条件、速度势单值/路径无关证明、Lagrange/Kelvin 可抄证明句、涡管强度 ΩA 守恒、涡量矩模板、自由射流动量通量和 RTT 入口，并补纳维-斯托克斯原词、圆管断面速度分布原词、渐变流测压管水头；更长证明仍需教材措辞。,主题命中“流体运动学/连续/流线迹线”，v80 基础过程覆盖约 85%。,8.5,10.0,85.0,中高,
Q0385,课本教材题-张扬军文本,D:\虚拟C盘\学习\流体力学\张扬军（车辆学院）\教材\流体力学教材_text.txt,流体力学教材_text.txt,2,"2. 欧拉变量变换为拉格朗日变量 已知欧拉变量 (q1 , q2 , q3 , t )表示的物理量 Φ (q1, q2 , q3 , t )，若要将其变换为拉格朗日变量 ( a,b,c,t ) 表示的物理量 Φ = Φ ( a,b,c,t ) ，可按如下方法实现，这里为了简单起见，讨论均默 认在笛卡儿直角坐标系中进行。把欧拉变量表示的速度表达式(3.1.17)代入式(3.1.7)中， 可以得到 ⎧ dx ⎪ dt = u = u ( x , y , z , t ) ⎪ dy ⎨ = v = v ( x, y , z , t ) (3.1.31) ⎪ dt ⎪ dz ⎪ dt = w = w ( x , y , z , t ) 第 3 章 流体运动描述与分析 ·37· ⎧ x = x ( C1 , C2 , C3 , t ) 积分式(3.1.31)可得 ⎨ y = y ( C1 , C2 , C3 , t ) (3.1.32) ⎪ z = z (C , C , C , t ) ⎩ 1 2 3 积分常数 C1、C2、C3 可以通过初始 t = t0 时刻流体质点位置 x = a、y = b、z = c 确定，即 ⎧ C1 = C1 ( a, b, c, t ) ⎨C2 = C2 ( a, b, c, t ) (3.1.33) ⎪ C = C ( a , b, c , t ) ⎩ 3 3 由常微分方程基本理论可知，式(3.1.32)和式(3.1.33)所得结果对于拉格朗日变量 ( a,b,c,t ) 是连 续可微的函数。将式(3.1.33)代入式(3.1.32)中，并代入欧拉变量表示的物理量 Φ ( x, y, z, t ) 中， 就可得到以拉格朗日变量表示的物理量 Φ ⎡⎣ x ( a , b, c, t ) , y ( a , b, c, t ) , z ( a , b, c, t ) , t ⎤⎦ 。至此，就完成 了物理量从欧拉变量表示形式向拉格朗日变量表示形式的转换。",流体运动学/连续/流线迹线,P1 > 连续性；Q1 > 迹线/流线/脉线；M18 > 往年题可能问法；M23 > 概念短答库；T6 > 常见问法到答案,P1,先判速度场/描述方法；写连续、旋度、流线/迹线微分式；概念题直接用 M18/M23 的一句话答案；应力题转 Q1 张量模板。,1. 先按题干关键词选模型；2. 在 v80 对应页写首个控制方程/公式；3. 把题给几何、单位和边界条件代入；4. 做代数求解或列出需要查图查表的位置；5. 检查单位、方向、绝压/表压或适用条件。,若要求长篇推导或复杂坐标变换，仍需教材细节；v80 已足够支撑多数简答和基础计算过程。 v67 已补推导题固定结构，v69/v80 补截面、边界条件和概念收口检查。 v80 保留新题定位入口、非定常 Bernoulli 推导条件、速度势单值/路径无关证明、Lagrange/Kelvin 可抄证明句、涡管强度 ΩA 守恒、涡量矩模板、自由射流动量通量和 RTT 入口，并补纳维-斯托克斯原词、圆管断面速度分布原词、渐变流测压管水头；更长证明仍需教材措辞。,主题命中“流体运动学/连续/流线迹线”，v80 基础过程覆盖约 85%。；仍依赖教材图表或读图；v80 有小查表/查表动作和收口模板，但不是完整数值表。,8.1,10.0,81.0,中高,
Q0386,课本教材题-张扬军文本,D:\虚拟C盘\学习\流体力学\张扬军（车辆学院）\教材\流体力学教材_text.txt,流体力学教材_text.txt,3.2,"3.2.1 迹线 迹线就是流体质点运动的轨迹线。在拉格朗日法中，方程(3.1.2)就是质点的迹线参数方 程。从中消去时间项‫ݐ‬，并给定 ( a,b,c ) ，就可以得到以 ( x,y,z ) 表示的某流体质点 ( a,b,c ) 的迹线。 例题 3-2 已知流体质点的位置表示为 ⎛ t2 ⎞ ⎛ t2 ⎞ x = ab cos ⎜ 2 2 ⎟ , y = a 2b 2 sin 2 ⎜ 2 2 ⎟ ⎝a +b ⎠ ⎝a +b ⎠ 求流体质点的迹线。",流体运动学/连续/流线迹线,P1 > 连续性；Q1 > 迹线/流线/脉线；M18 > 往年题可能问法；M23 > 概念短答库；T6 > 常见问法到答案,P1,先判速度场/描述方法；写连续、旋度、流线/迹线微分式；概念题直接用 M18/M23 的一句话答案；应力题转 Q1 张量模板。,1. 先按题干关键词选模型；2. 在 v80 对应页写首个控制方程/公式；3. 把题给几何、单位和边界条件代入；4. 做代数求解或列出需要查图查表的位置；5. 检查单位、方向、绝压/表压或适用条件。,若要求长篇推导或复杂坐标变换，仍需教材细节；v80 已足够支撑多数简答和基础计算过程。 v67 已补推导题固定结构，v69/v80 补截面、边界条件和概念收口检查。 v80 保留新题定位入口、非定常 Bernoulli 推导条件、速度势单值/路径无关证明、Lagrange/Kelvin 可抄证明句、涡管强度 ΩA 守恒、涡量矩模板、自由射流动量通量和 RTT 入口，并补纳维-斯托克斯原词、圆管断面速度分布原词、渐变流测压管水头；更长证明仍需教材措辞。,主题命中“流体运动学/连续/流线迹线”，v80 基础过程覆盖约 85%。；仍依赖教材图表或读图；v80 有小查表/查表动作和收口模板，但不是完整数值表。,8.1,10.0,81.0,中高,
Q0387,课本教材题-张扬军文本,D:\虚拟C盘\学习\流体力学\张扬军（车辆学院）\教材\流体力学教材_text.txt,流体力学教材_text.txt,3.2,"3.2.2 流线 流线是速度场的向量线，此曲线上任一点的切线方向与流体在该点的速度方向一致。设 r 为空间某点的向径， V 为流体在该点的速度。根据流线的定义，流线方程为 V × dr = 0 (3.2.3) 其中， dr 为流线任意点处切线方向的微元向量。式(3.2.3)在笛卡儿直角坐标系中的展开式为 dx dy dz = = (3.2.4) u ( x, y, z, t ) v ( x, y, z, t ) w ( x, y, z, t ) 其中， u ,v ,w 为速度沿坐标 x, y, z 方向的分量。由于流线是针对同一时刻而言的，在积分流线 的微分方程时认为时间 t 是常数。因此，不同时刻可有不同流线。根据流线的定义，可以得出 流线的如下性质。 (1)一般情况下，空间每一点只能有一个速度方向。因此，不能有两条流线同时通过空间 同一点。换句话说，流线不能相交。但有三种例外情况：速度为零的点，通常称为驻点，如 图 3-3(a)所示的 A 点；流线相切的点，如图 3-3(a) 所示的 B 点，上、下两股速度不等的流体在 B 点 相切；速度为无限大的点，通常称为奇点，如图 3-3(b)所示的 O 点。 (2)流场中的每一点都有流线通过，由这些流 线形成流谱。 图 3-3 流线 (3)在定常流动时，流线形状和位置不随时间 变化。在非定常流动时，一般要随时间变化。在定常流动时，流线和迹线重合。 例题 3-4 已知速度场分布 u = 2 x , v = y + 3 ，求通过空间点 x = 1, y = −2 的流线。",流体运动学/连续/流线迹线,P1 > 连续性；Q1 > 迹线/流线/脉线；M18 > 往年题可能问法；M23 > 概念短答库；T6 > 常见问法到答案,P1,先判速度场/描述方法；写连续、旋度、流线/迹线微分式；概念题直接用 M18/M23 的一句话答案；应力题转 Q1 张量模板。,1. 先按题干关键词选模型；2. 在 v80 对应页写首个控制方程/公式；3. 把题给几何、单位和边界条件代入；4. 做代数求解或列出需要查图查表的位置；5. 检查单位、方向、绝压/表压或适用条件。,若要求长篇推导或复杂坐标变换，仍需教材细节；v80 已足够支撑多数简答和基础计算过程。 v67 已补推导题固定结构，v69/v80 补截面、边界条件和概念收口检查。 v80 保留新题定位入口、非定常 Bernoulli 推导条件、速度势单值/路径无关证明、Lagrange/Kelvin 可抄证明句、涡管强度 ΩA 守恒、涡量矩模板、自由射流动量通量和 RTT 入口，并补纳维-斯托克斯原词、圆管断面速度分布原词、渐变流测压管水头；更长证明仍需教材措辞。,主题命中“流体运动学/连续/流线迹线”，v80 基础过程覆盖约 85%。；题型偏概念简答；v80 已有短答库，但非对应专栏仍扣少量组织分。；仍依赖教材图表或读图；v80 有小查表/查表动作和收口模板，但不是完整数值表。,7.5,10.0,75.0,中高,
Q0388,课本教材题-张扬军文本,D:\虚拟C盘\学习\流体力学\张扬军（车辆学院）\教材\流体力学教材_text.txt,流体力学教材_text.txt,3,"(3.2.7) A1 A2 Vn, A1 A1 = Vn, A2 A2 和 (3.2.8) 根据流管定义，可得流管如下性质： (1)流管不能相交。 (2)在定常流动中，流管形状及位置不随时间变化；在非定常流动中，可随时间变化。 (3)在实际的流场中，流管截面不能收缩到零，否则在该处的流速要达到无限大，这在实 际上是不可能的。因此，流管不能在流场内部中断，流管只能始于或终于流场边界(如物面、 自由面)，或者呈环形状，或者伸展到无穷远处。",概念简答/定义解释,M18 > 往年题可能问法：一句话答案；M23 > 概念短答库；R6 > 可直接抄的结论句；M9 > 高频小问速答；M12 > 概念题保底,无直接页码,先定位 M18/M23/R6 的可抄定义句；按“定义一句+原因一句+后果一句”写；若有公式页，再补适用条件和易错点。,1. 先按题干关键词选模型；2. 在 v80 对应页写首个控制方程/公式；3. 把题给几何、单位和边界条件代入；4. 做代数求解或列出需要查图查表的位置；5. 检查单位、方向、绝压/表压或适用条件。,v80 已显著补强短答，但长论述、实验现象细节和教材原话仍可能扣少量分。 v67 补长论述结构，v69 补读图/收口检查，v80 补层流/湍流/渐变流可抄定义；教材原话仍可能扣分。 v80 已补 N-S 各项标准意义、控制体外力组成、层/湍速度剖面、Boussinesq 涡黏、水击波速因素、孔板/自由射流概念、渐变流测压管水头、Ma 物理意义与 0.3 判据、深水波定义、RTT 守恒入口、完全/部分相似短答和标准四行答案模板，适合先写过程分。,主题命中“概念简答/定义解释”，v80 基础过程覆盖约 89%。,8.9,10.0,89.0,中高,
Q0389,课本教材题-张扬军文本,D:\虚拟C盘\学习\流体力学\张扬军（车辆学院）\教材\流体力学教材_text.txt,流体力学教材_text.txt,3.3,3.3 流体流动的分类 通常情况下，流体的流动过程非常复杂，为了抓住流体运动的本质特征，对流动进行简 化，首先需要根据一定的原则对流体流动类型进行分类，然后针对不同类型的流动可采用不 同的方式进行化简或研究。 ·40· 流 体 力 学 流体流动的分类方法有多种。例如，第 1 章中根据流体有、无黏性将其划分为黏性流体 流动或理想流体流动。进一步，在第 9 章中，将根据流动雷诺数将黏性流体流动分为层流或 湍流。此外，也可根据流体是否可压缩将其分为可压缩流体流动或不可压缩流体流动。在第 12 章中根据流动马赫数进一步将可压缩流体流动分为亚声速、跨声速、超声速和高超声速流 动。在 3.5 节和 3.6 节中还可以根据流体微团是否存在旋转角速度矢量(涡量)，将其分成有旋 或无旋流动。当然，根据流动特性是否随时间变化，还可以将流动分为定常或非定常流动。 根据流场空间分布特性，可以将其分为一维、二维或三维流动等。本节将主要讨论定常流动、 非定常流动以及一维、二维和三维流动的基本特征。,流体运动学/连续/流线迹线,P1 > 连续性；Q1 > 迹线/流线/脉线；M18 > 往年题可能问法；M23 > 概念短答库；T6 > 常见问法到答案,P1,先判速度场/描述方法；写连续、旋度、流线/迹线微分式；概念题直接用 M18/M23 的一句话答案；应力题转 Q1 张量模板。,1. 先按题干关键词选模型；2. 在 v80 对应页写首个控制方程/公式；3. 把题给几何、单位和边界条件代入；4. 做代数求解或列出需要查图查表的位置；5. 检查单位、方向、绝压/表压或适用条件。,若要求长篇推导或复杂坐标变换，仍需教材细节；v80 已足够支撑多数简答和基础计算过程。 v67 已补推导题固定结构，v69/v80 补截面、边界条件和概念收口检查。 v80 保留新题定位入口、非定常 Bernoulli 推导条件、速度势单值/路径无关证明、Lagrange/Kelvin 可抄证明句、涡管强度 ΩA 守恒、涡量矩模板、自由射流动量通量和 RTT 入口，并补纳维-斯托克斯原词、圆管断面速度分布原词、渐变流测压管水头；更长证明仍需教材措辞。,主题命中“流体运动学/连续/流线迹线”，v80 基础过程覆盖约 85%。；仍依赖教材图表或读图；v80 有小查表/查表动作和收口模板，但不是完整数值表。,8.1,10.0,81.0,中高,
Q0390,课本教材题-张扬军文本,D:\虚拟C盘\学习\流体力学\张扬军（车辆学院）\教材\流体力学教材_text.txt,流体力学教材_text.txt,3.1,3.1.2 节中已经简单介绍过定常和非定常流动的基本概念。定常流动和非定常流动是根据 流场内任意一空间点上的流动参数与时间是否有关来加以区分的。若流场内所有空间点上的 流动参数不随时间变化，这种流动可称为定常流动；反之则称为非定常流动。在定常流动状 态下，流线与迹线重合。对非定常流动，流线可随时间而变，流场中的速度、密度、压强等 流动参数均为时间和空间坐标的函数。对定常流动，流动参数与时间无关，速度、密度、压 强等仅是空间坐标的函数。 从数学上来说，流体做定常流动时，自变量数目减少，这给流动问题的分析和研究带来 很大方便。在实际问题的分析过程中，若某流场的流动参数随时间的变化过程非常缓慢，在 较短的时间间隔内，也可近似将其简化为定常流动来处理。除此之外，还可通过选择适当的 参考坐标系，将非定常流动转化为定常流动。例如，在静止河水中匀速航行的轮船，当把参 考坐标系固定在地面上时，将观察到水中各点的流动参数随着轮船的前进而变化，此时流动 是非定常的。然而，当把参考坐标系固定在轮船上时，将观察到水以船速匀速绕过船体流动， 船体周围水中各点的流动参数不随时间变化，此时流动可视为定常流动。这说明在分析实际 问题时，参考坐标系的选择至关重要，选择合适的参考坐标系，可使问题大大简化。,流体运动学/连续/流线迹线,P1 > 连续性；Q1 > 迹线/流线/脉线；M18 > 往年题可能问法；M23 > 概念短答库；T6 > 常见问法到答案,P1,先判速度场/描述方法；写连续、旋度、流线/迹线微分式；概念题直接用 M18/M23 的一句话答案；应力题转 Q1 张量模板。,1. 先按题干关键词选模型；2. 在 v80 对应页写首个控制方程/公式；3. 把题给几何、单位和边界条件代入；4. 做代数求解或列出需要查图查表的位置；5. 检查单位、方向、绝压/表压或适用条件。,若要求长篇推导或复杂坐标变换，仍需教材细节；v80 已足够支撑多数简答和基础计算过程。 v67 已补推导题固定结构，v69/v80 补截面、边界条件和概念收口检查。 v80 保留新题定位入口、非定常 Bernoulli 推导条件、速度势单值/路径无关证明、Lagrange/Kelvin 可抄证明句、涡管强度 ΩA 守恒、涡量矩模板、自由射流动量通量和 RTT 入口，并补纳维-斯托克斯原词、圆管断面速度分布原词、渐变流测压管水头；更长证明仍需教材措辞。,主题命中“流体运动学/连续/流线迹线”，v80 基础过程覆盖约 85%。；题型偏概念简答；v80 已有短答库，但非对应专栏仍扣少量组织分。,7.9,10.0,79.0,中高,
Q0391,课本教材题-张扬军文本,D:\虚拟C盘\学习\流体力学\张扬军（车辆学院）\教材\流体力学教材_text.txt,流体力学教材_text.txt,3.3,"3.3.1 节根据时间相关性对流动进行了分类。实际上，也可根据流动参数的空间分布特性 对流动进行分类。通常情况下，若流动参数，如速度、密度、压强和温度等，仅是一个空间 变量的函数，即流动参数只沿空间一个方向分布，可将此流动称为一维流动。此时，若流动 是定常的，那么描述流动的基本方程可以进一步简化为常微分方程，使问题的求解大大简化。 与一维流动相对应，若流动参数是两个空间变量的函数，则将其称为二维流动；若流动参数 是三个空间变量的函数，则称为三维流动。很 显然，描述二维或三维流动的基本方程均为偏 微分方程，问题的求解过程也相对复杂。在实 际分析问题的过程中常常沿流线建立描述流 动的基本方程，这可使多维问题转变为一维问 题，从而让求解过程变得简单。 图 3-5 为理想不可压缩流体在直管道内的 定常流动，在管道任意一个截面上，流体的速 图 3-5 理想不可压缩流体管内流动 度和压力都是均匀分布的，即流动参数仅沿管 第 3 章 流体运动描述与分析 ·41· 道延展方向变化。此时若沿管道延展方向(也 是流线方向)建立流动的基本方程，那么问题 可以简化为一维问题。图 3-6 为黏性不可压 缩流体在直管道内的定常流动，在管道任意 一个截面上，流体的压力均匀分布，但由于 流体黏性的作用，速度分布呈抛物面形状。 此时流动参数同时沿管道延展方向和管道半 径方向有所变化，故该问题是一个二维问题。 在进行流动问题的分析时，选择合适的 图 3-6 黏性不可压缩流体管内流动 坐标系至关重要。以图 3-6 所示黏性不可压 缩流体在直管道内的定常流动为例，若在笛卡儿直角坐标系中来分析该问题，那么流动的速 度、压力等参数必然是空间坐标 ( x, y, z ) 的函数，即一个三维问题。然而，若在柱坐标系中来 分析该问题，由于流动可视为轴对称，流动参数仅为空间坐标 ( r, z ) 的函数，即可视为一个二 维问题。根据流动特点，选择合适的坐标系可使问题大大简化。",流体运动学/连续/流线迹线,P1 > 连续性；Q1 > 迹线/流线/脉线；M18 > 往年题可能问法；M23 > 概念短答库；T6 > 常见问法到答案,P1,先判速度场/描述方法；写连续、旋度、流线/迹线微分式；概念题直接用 M18/M23 的一句话答案；应力题转 Q1 张量模板。,1. 先按题干关键词选模型；2. 在 v80 对应页写首个控制方程/公式；3. 把题给几何、单位和边界条件代入；4. 做代数求解或列出需要查图查表的位置；5. 检查单位、方向、绝压/表压或适用条件。,若要求长篇推导或复杂坐标变换，仍需教材细节；v80 已足够支撑多数简答和基础计算过程。 v67 已补推导题固定结构，v69/v80 补截面、边界条件和概念收口检查。 v80 保留新题定位入口、非定常 Bernoulli 推导条件、速度势单值/路径无关证明、Lagrange/Kelvin 可抄证明句、涡管强度 ΩA 守恒、涡量矩模板、自由射流动量通量和 RTT 入口，并补纳维-斯托克斯原词、圆管断面速度分布原词、渐变流测压管水头；更长证明仍需教材措辞。,主题命中“流体运动学/连续/流线迹线”，v80 基础过程覆盖约 85%。；题型偏概念简答；v80 已有短答库，但非对应专栏仍扣少量组织分。；仍依赖教材图表或读图；v80 有小查表/查表动作和收口模板，但不是完整数值表。,7.5,10.0,75.0,中高,
Q0392,课本教材题-张扬军文本,D:\虚拟C盘\学习\流体力学\张扬军（车辆学院）\教材\流体力学教材_text.txt,流体力学教材_text.txt,3.4,3.4 流体微团和微团运动分析 流体微团是指把流体无限分割为具有均布质量的微元，是研究流体运动的最小单元。它 是微观无穷大、宏观无穷小的一个流体质量体。这与第 1 章中介绍的流体质点相类似，但需 要指出，流体微团与流体质点是两个概念。仅当不需要考虑微团的体积和变形，只研究它的 可以把流体微团视为没有体积的质点， 位移和各物理状态时， 即此时流体微团退化为流体质点。 为了分析整个流场的运动，可以首先研究流场中任意一个流体微团的运动，分析流体微 团上任意两点的速度之间的关系。为简化起见，在笛卡儿直角坐标系中用几何的方法分析一 个正交六面体流体微团的运动。,概念简答/定义解释,M18 > 往年题可能问法：一句话答案；M23 > 概念短答库；R6 > 可直接抄的结论句；M9 > 高频小问速答；M12 > 概念题保底,无直接页码,先定位 M18/M23/R6 的可抄定义句；按“定义一句+原因一句+后果一句”写；若有公式页，再补适用条件和易错点。,1. 先按题干关键词选模型；2. 在 v80 对应页写首个控制方程/公式；3. 把题给几何、单位和边界条件代入；4. 做代数求解或列出需要查图查表的位置；5. 检查单位、方向、绝压/表压或适用条件。,v80 已显著补强短答，但长论述、实验现象细节和教材原话仍可能扣少量分。 v67 补长论述结构，v69 补读图/收口检查，v80 补层流/湍流/渐变流可抄定义；教材原话仍可能扣分。 v80 已补 N-S 各项标准意义、控制体外力组成、层/湍速度剖面、Boussinesq 涡黏、水击波速因素、孔板/自由射流概念、渐变流测压管水头、Ma 物理意义与 0.3 判据、深水波定义、RTT 守恒入口、完全/部分相似短答和标准四行答案模板，适合先写过程分。,主题命中“概念简答/定义解释”，v80 基础过程覆盖约 89%。,8.9,10.0,89.0,中高,
Q0393,课本教材题-张扬军文本,D:\虚拟C盘\学习\流体力学\张扬军（车辆学院）\教材\流体力学教材_text.txt,流体力学教材_text.txt,3.4,"3.4.1 流体微团运动的几何分析 在某一时刻 t ，在流场中任取一正交六面体流体微团。经过微小时间隔 Δt 之后，该流体 微团运动到新的位置。通常情况下，由于流体微团上的各点速度不同，其形状和大小都要发 生变化，如图 3-7 所示。接下来，首先要证明：原来正交六面体流体微团经过 Δt 时间间隔后， 将变成斜平行六面体流体微团。以图 3-7 中 OBDC 流体平面为例，观察其中 OB 与 CD 两条流 体线在 Δt 时间内的变化规律，那么可得到 O′B′ = OB + BB′ − OO′ = Δxe x + VB Δt − VO Δt = Δxe x + ⎣⎡V ( x + Δx, y , z , t ) − V ( x, y, z , t ) ⎦⎤ Δt (3.4.1) = Δ xe x + Δx Δt + O Δ x 2 Δ t ( ) ′ ′ ′ C D = CD + DD − CC ′ = Δxe x + VD Δt − VC Δt = Δxe x + ⎡⎣V ( x + Δx, y, z + Δz , t ) − V ( x, y, z + Δz , t ) ⎤⎦ Δt (3.4.2) = Δxe x + Δx Δt + O Δ x 2 Δ t , Δ xΔ z Δ t ) ·42· 流 体 力 学 从式(3.4.1)和式(3.4.2)中可看出，当忽略高阶小量时， O′B′ = C ′D′ ，即 O′B′C ′ D′ 为平行四边 形。同理可以求得 O′C ′ = OC + CC ′ − OO′ = Δze z + VC Δt − VO Δt = Δze z + ⎡⎣V ( x, y , z + Δz , t ) − V ( x, y, z , t ) ⎤⎦ Δt (3.4.3) = Δz e z + Δz Δt + O Δ z 2 Δ t ) O ′B′ 与 O′C ′ 点积并忽略高阶小量，可以得到 ⎛ ∂V ⎞ ⎛ ∂V ⎞ O′B′ ⋅ O′C ′ = ⎜ Δxe x + ΔxΔt ⎟ ⋅ ⎜ Δzez + ΔzΔt ⎟ (3.4.4) ⎝ ∂x ⎠ ⎝ ∂z ⎠ 图 3-7 流体微团运动 通常情况下式(3.4.4)不等于零，所以 O ′B ′C ′D ′ 为斜平行四边形。类似地，可以证明流体 微团的其余五个流体面也具有相同的性质。由此可以知道，正交六面体流体微团经过 Δt 时间 间隔后，将变成斜平行六面体。进一步，可以将正交六面体流体微团变成斜平行六面体流体 微团的运动分解为下列四种运动形式的组合。 (1)平移：六面体流体微团像刚体一样整体平移到新的位置。 (2)线变形：六面体流体微团通过 O 点的三条正交流体线的伸长或缩短，与之相应的是流 体微团体积的膨胀或收缩。 (3)转动：六面体流体微团像刚体一样的在空间转动。 (4)角变形：六面体流体",静水压力/测压/闸门,P1 > 静水压旧题急救；Q1 > 平面/曲面闸门完整答案骨架；M19 > 真空度/负表压；M21 > 题图决策卡,P1,先按静水压图题入口读液面和高程；用同高同压逐段写压力链；闸门题套 Q1 的合力、压力中心、铰链取矩；最后检查表压/绝压和负表压。,1. 选同一静止连通液体等压面；2. 沿竖直方向逐段加减 rho g h；3. 若为闸门，求 F 与压力中心；4. 对铰链或曲面分量列平衡；5. 判断表压/绝压。,满分仍需要题图高程、铰链位置、面积惯性矩或多液体界面读数；v80 已给模板但不能替代读图。,主题命中“静水压力/测压/闸门”，v80 基础过程覆盖约 84%。；题目要求推导或定义积分；v80 有 M24/M25/M26 骨架，但完整推导仍扣少量严谨性分。；仍依赖教材图表或读图；v80 有小查表/查表动作和收口模板，但不是完整数值表。,7.2,10.0,72.0,中高,
Q0394,课本教材题-张扬军文本,D:\虚拟C盘\学习\流体力学\张扬军（车辆学院）\教材\流体力学教材_text.txt,流体力学教材_text.txt,1,1. 线变形率 单位时间内流体线的相对伸长称为线变形率。现以 OB 为例，分析过 O 点的三条正交流体 线的线变形率。从图 3-7 可知，经 Δt 时间后 OB 变成了 O ′B ′ ，忽略高阶小量，可以得到 第 3 章 流体运动描述与分析 ·43· ∂V ⎛ ∂u ∂v ∂w ⎞ O′B′ = Δxe x + ΔxΔt = Δxex + ⎜ ex + e y + e z ⎟ ΔxΔt (3.4.5) ∂x ⎝ ∂x ∂x ∂x ⎠ 2 2 2 ⎛ ∂u ⎞ ⎛ ∂v ⎞ ⎛ ∂w ⎞ O′B′ = Δx ⎜ 1 + Δt ⎟ + ⎜ Δ t ⎟ + ⎜ Δt ⎟ ⎝ ∂x ⎠ ⎝ ∂x ⎠ ⎝ ∂x ⎠ 2 2 2 ∂u ⎛ ∂u ⎞ ⎛ ∂v ⎞ ⎛ ∂w ⎞ = Δx 1 + 2 Δ t + ⎜ Δ t ⎟ + ⎜ Δt ⎟ + ⎜ Δt ⎟ (3.4.6) ∂x ⎝ ∂x ⎠ ⎝ ∂x ⎠ ⎝ ∂x ⎠ ⎛ ∂u ⎞ = Δx ⎜ 1 + ⎝ ∂x ⎠ Δt ⎟ + O Δ t 2 ( ) 若用 ε xx 表示 x 方向的流体线在单位时间内的相对伸长，可得 ⎛ ∂u ⎞ O′B′ − OB Δx ⎜1 + Δt ⎟ − Δx ∂x ⎠ ∂u ε xx = lim = lim ⎝ = (3.4.7) Δt →0 Δt OB Δt →0 Δt Δx ∂x 同理， y 和 z 方向流体线的线变形率为 ε yy = (3.4.8) ε zz =,概念简答/定义解释,M18 > 往年题可能问法：一句话答案；M23 > 概念短答库；R6 > 可直接抄的结论句；M9 > 高频小问速答；M12 > 概念题保底,无直接页码,先定位 M18/M23/R6 的可抄定义句；按“定义一句+原因一句+后果一句”写；若有公式页，再补适用条件和易错点。,1. 先按题干关键词选模型；2. 在 v80 对应页写首个控制方程/公式；3. 把题给几何、单位和边界条件代入；4. 做代数求解或列出需要查图查表的位置；5. 检查单位、方向、绝压/表压或适用条件。,v80 已显著补强短答，但长论述、实验现象细节和教材原话仍可能扣少量分。 v67 补长论述结构，v69 补读图/收口检查，v80 补层流/湍流/渐变流可抄定义；教材原话仍可能扣分。 v80 已补 N-S 各项标准意义、控制体外力组成、层/湍速度剖面、Boussinesq 涡黏、水击波速因素、孔板/自由射流概念、渐变流测压管水头、Ma 物理意义与 0.3 判据、深水波定义、RTT 守恒入口、完全/部分相似短答和标准四行答案模板，适合先写过程分。,主题命中“概念简答/定义解释”，v80 基础过程覆盖约 89%。；仍依赖教材图表或读图；v80 有小查表/查表动作和收口模板，但不是完整数值表。,8.5,10.0,85.0,中高,
Q0395,课本教材题-张扬军文本,D:\虚拟C盘\学习\流体力学\张扬军（车辆学院）\教材\流体力学教材_text.txt,流体力学教材_text.txt,3,(3.4.9) 分析流体微团的体积 Δ∀ 在单位时间 Δt 内的相对变化率，即流体微团的体积膨胀速率： ⎛ ∂u ⎞ ⎛ ∂v ⎞ ⎛ ∂w ⎞ Δ ( Δ∀ ) / Δ∀ ⎜1 + Δt ⎟ ⎜ 1 + Δ t ⎟ ⎜ 1 + Δ t ⎟ Δ x Δ y Δ z − Δ xΔ y Δ z ⎝ ∂x ⎠ ⎝ ∂y ⎠ ⎝ ∂z ⎠ lim = lim Δt → 0 Δt Δt → 0 Δ t Δ xΔ y Δ z (3.4.10) Δ∀ → 0 Δ∀ → 0 ∂u ∂v ∂ w = + + = ∇ ⋅V ∂ x ∂ y ∂z 因此，流体微团的体积膨胀速率等于三个方向上的线变形率之和，这也称为流体速度的散度。 对于不可压缩流体，其体积不会发生变化，有 ∇ ⋅V = 0 (3.4.11) 式(3.4.11)可视为流体不可压缩的条件或不可压缩流体的连续性方程。图 3-8 表示流体微团经 过 Δt 时间后的纯膨胀变形过程。,流体运动学/连续/流线迹线,P1 > 连续性；Q1 > 迹线/流线/脉线；M18 > 往年题可能问法；M23 > 概念短答库；T6 > 常见问法到答案,P1,先判速度场/描述方法；写连续、旋度、流线/迹线微分式；概念题直接用 M18/M23 的一句话答案；应力题转 Q1 张量模板。,1. 先按题干关键词选模型；2. 在 v80 对应页写首个控制方程/公式；3. 把题给几何、单位和边界条件代入；4. 做代数求解或列出需要查图查表的位置；5. 检查单位、方向、绝压/表压或适用条件。,若要求长篇推导或复杂坐标变换，仍需教材细节；v80 已足够支撑多数简答和基础计算过程。 v67 已补推导题固定结构，v69/v80 补截面、边界条件和概念收口检查。 v80 保留新题定位入口、非定常 Bernoulli 推导条件、速度势单值/路径无关证明、Lagrange/Kelvin 可抄证明句、涡管强度 ΩA 守恒、涡量矩模板、自由射流动量通量和 RTT 入口，并补纳维-斯托克斯原词、圆管断面速度分布原词、渐变流测压管水头；更长证明仍需教材措辞。,主题命中“流体运动学/连续/流线迹线”，v80 基础过程覆盖约 85%。；仍依赖教材图表或读图；v80 有小查表/查表动作和收口模板，但不是完整数值表。,8.1,10.0,81.0,中高,
Q0396,课本教材题-张扬军文本,D:\虚拟C盘\学习\流体力学\张扬军（车辆学院）\教材\流体力学教材_text.txt,流体力学教材_text.txt,2,2. 角变形率 过 O 点可以作三个微元正交流体面，每个流体面有两条过 O 点的正交边，两正交边的角 平分线与每条边之间的夹角在单位时间内的变化量称为角变形率。显然，每个平面有两个角 变形率。以垂直于 y 轴的平面 OBDC 为例，如图 3-9 所示，其中 OF 为 OB 和 OC 正交边的角 平分线。经 Δt 时间 OB 和 OC 流体线分别运动到 O′ B′ 和 O′C ′ ，相对于原来的方向分别转动了 α1 和 α2 。相应的 OB 和 OC 正交边的角平分线 OF 运动到 O′ F ′ ，相对于原来的方向转动了 α ， 并且有 α = (α1 + α 2 ) / 2 。定义角变形率 ε xz 和 ε zx 分别为 ·44· 流 体 力 学 图 3-8 流体微团纯膨胀变形 ∠FOB − ∠F ′O′ B′ ε xz = lim (3.4.12) Δt →0 Δt ∠COF − ∠C ′O′ F ′ ε zx = lim (3.4.13) Δt →0 Δt 其中，ε xz 的第一个下标 x 表示转动的流体边平行于 x 轴，第二个下标 z 表示流体边的端点在 z 轴方向产生位移。由图 3-9 所示的几何关系可知， α 2 − α1 ∠FOB − ∠F ′O′ B′ = ∠FOF ′ − α1 = α − α1 = 2 α 2 − α1 ∠COF − ∠C ′O′ F ′ = α 2 − ∠FOF ′ = α 2 − α = 2 图 3-9 流体微团角变形 忽略高阶小量，可以得到 α1 和 α2 表达式如下： ΔxΔt BB′ BB′′ ∂w α1 = = = − ∂x =− Δt OB OB Δx ∂x Δz Δt CC ′ CC ′′ ∂u α2 = = = ∂z = Δt OC OC Δz ∂z 第 3 章 流体运动描述与分析 ·45· 代入上式中，可以得到 1 ⎛ ∂u ∂w ⎞ ε xz = ε zx = ⎜ + ⎟ (3.4.14) 2 ⎝ ∂z ∂x ⎠ 用类似的方法可求得其他两个平面上的角变形率为 1 ⎛ ∂u ∂v ⎞ ε xy = ε yx = ⎜ + ⎟ (3.4.15) 2 ⎝ ∂y ∂x ⎠ 1 ⎛ ∂w ∂v ⎞ ε yz = ε zy = ⎜ + ⎟ (3.4.16) 2 ⎝ ∂y ∂ z ⎠ 从上述分析可以发现，六面体流体微团的角变形率虽然有六个，但其中只有三个是独立的。,概念简答/定义解释,M18 > 往年题可能问法：一句话答案；M23 > 概念短答库；R6 > 可直接抄的结论句；M9 > 高频小问速答；M12 > 概念题保底,无直接页码,先定位 M18/M23/R6 的可抄定义句；按“定义一句+原因一句+后果一句”写；若有公式页，再补适用条件和易错点。,1. 先按题干关键词选模型；2. 在 v80 对应页写首个控制方程/公式；3. 把题给几何、单位和边界条件代入；4. 做代数求解或列出需要查图查表的位置；5. 检查单位、方向、绝压/表压或适用条件。,v80 已显著补强短答，但长论述、实验现象细节和教材原话仍可能扣少量分。 v67 补长论述结构，v69 补读图/收口检查，v80 补层流/湍流/渐变流可抄定义；教材原话仍可能扣分。 v80 已补 N-S 各项标准意义、控制体外力组成、层/湍速度剖面、Boussinesq 涡黏、水击波速因素、孔板/自由射流概念、渐变流测压管水头、Ma 物理意义与 0.3 判据、深水波定义、RTT 守恒入口、完全/部分相似短答和标准四行答案模板，适合先写过程分。,主题命中“概念简答/定义解释”，v80 基础过程覆盖约 89%。；仍依赖教材图表或读图；v80 有小查表/查表动作和收口模板，但不是完整数值表。,8.5,10.0,85.0,中高,
Q0397,课本教材题-张扬军文本,D:\虚拟C盘\学习\流体力学\张扬军（车辆学院）\教材\流体力学教材_text.txt,流体力学教材_text.txt,3,3. 流体旋转角速度 过同一点 O 的任意两条正交微元流体线，将它们所在的平面上的旋转角速度的平均值定 义为 O 点流体的旋转角速度在垂直该平面方向的分量。以垂直于 y 轴的平面 OBDC 为例，如 图 3-9 所示，那么过 O 点流体旋转角速度在 y 轴上的分量等于流体线 OB 和 OC 在 xOz 平面上 旋转角速度的平均值，这里用 ω y 表示，根据定义则有 α1 + α 2 1 ⎛ ∂u ∂w ⎞ ω y = lim = ⎜ − ⎟ (3.4.17) Δt →0 2Δt 2 ⎝ ∂z ∂x ⎠ 同理，其余两个平面上流体微团绕 x 轴和‫ݖ‬轴的旋转角速度 ωx 和 ωz 分别为 1 ⎛ ∂w ∂v ⎞ ωx = ⎜ − ⎟ (3.4.18) 2 ⎝ ∂y ∂z ⎠ 1 ⎛ ∂v ∂u ⎞ ωz = ⎜ − ⎟ (3.4.19) 2 ⎝ ∂x ∂ y ⎠ 由于角速度是矢量，整个流体微团转动的角速度为 1 ⎛ ∂ w ∂v ⎞ 1 ⎛ ∂u ∂w ⎞ 1 ⎛ ∂v ∂u ⎞ ω = ωx ex + ω y e y + ωz ez = ⎜ − ⎟ ex + ⎜ − ⎟ e y + ⎜ − ⎟ ez (3.4.20) 2 ⎝ ∂y ∂z ⎠ 2 ⎝ ∂z ∂x ⎠ 2 ⎝ ∂x ∂y ⎠ 若写成矢量运算的形式，可得 1 ω = ∇ ×V (3.4.21) 2 即流体旋转角速度等于流体速度场旋度的 1/2。 从上面的分析可知，正交六面体流体微团的运动总是可以分解成整体平移运动、流体微 团的旋转运动、微团的线变形和角变形运动。与之相应的是平移速度、旋转角速度、线变形 率和角变形率。除平移运动外，六面体流体微团的运动状态在一般情况下需用九个独立分 量来描述，即 ω x 、 ω y 、 ω z 、 ε xx 、 ε yy 、 ε zz 、 ε xy 、 ε yz 、 ε zx 。而根据前面分析可以知道， 上述九个分量又由 ∂u / ∂x 、 ∂u / ∂y 、 ∂u / ∂z 、 ∂v / ∂x 、 ∂v / ∂y 、 ∂v / ∂z 、 ∂w / ∂x 、 ∂w / ∂y 、 ∂w / ∂z 九个分量组合而成。本质上来说，上述九个分量也可以完全确定六面体的运动状态。 ·46· 流 体 力 学,概念简答/定义解释,M18 > 往年题可能问法：一句话答案；M23 > 概念短答库；R6 > 可直接抄的结论句；M9 > 高频小问速答；M12 > 概念题保底,无直接页码,先定位 M18/M23/R6 的可抄定义句；按“定义一句+原因一句+后果一句”写；若有公式页，再补适用条件和易错点。,1. 先按题干关键词选模型；2. 在 v80 对应页写首个控制方程/公式；3. 把题给几何、单位和边界条件代入；4. 做代数求解或列出需要查图查表的位置；5. 检查单位、方向、绝压/表压或适用条件。,v80 已显著补强短答，但长论述、实验现象细节和教材原话仍可能扣少量分。 v67 补长论述结构，v69 补读图/收口检查，v80 补层流/湍流/渐变流可抄定义；教材原话仍可能扣分。 v80 已补 N-S 各项标准意义、控制体外力组成、层/湍速度剖面、Boussinesq 涡黏、水击波速因素、孔板/自由射流概念、渐变流测压管水头、Ma 物理意义与 0.3 判据、深水波定义、RTT 守恒入口、完全/部分相似短答和标准四行答案模板，适合先写过程分。,主题命中“概念简答/定义解释”，v80 基础过程覆盖约 89%。；仍依赖教材图表或读图；v80 有小查表/查表动作和收口模板，但不是完整数值表。,8.5,10.0,85.0,中高,
Q0398,课本教材题-张扬军文本,D:\虚拟C盘\学习\流体力学\张扬军（车辆学院）\教材\流体力学教材_text.txt,流体力学教材_text.txt,3.4,"3.4.2 亥姆霍兹速度分解定理 为了分析流体中任意相邻两点的速度关系， 考察流场中任一流体微团，如图 3-10 所示。 令流体微团上某点 O ( x, y, z ) 在 t 时刻的速 VO ( x, y, z , t ) = uO ( x, y, z, t ) e x + vO ( x, y, z, t ) e y + wO ( x, y, z, t ) ez 图 3-10 相邻两流体质点之间的速度关系 其相邻点 A ( x + Δx, y + Δy, z + Δz ) 的速度为 VA ( x + Δx, y + Δy, z + Δz, t ) = u A ( x + Δx, y + Δy, z + Δz, t ) e x + v A ( x + Δx, y + Δy, z + Δz, t ) e y + wA ( x + Δx, y + Δy, z + Δz, t ) e z 将其进行泰勒展开，并且忽略高阶小量可得 ⎛ ∂u ∂u ∂u ⎞ VA ( x + Δx, y + Δy, z + Δz , t ) = ⎜ uO + Δx + Δy + Δz ⎟ e x ⎜ ∂x O ∂y O ∂z O ⎟⎠ ⎛ ∂v ∂v ∂v ⎞ + ⎜ vO + Δx + Δy + Δz ⎟ e y ⎜ ∂x O ∂y O ∂z O ⎟⎠ ⎛ ∂w ∂w ∂w ⎞ + ⎜ wO + Δx + Δy + Δz ⎟ e z ⎜ ∂x O ∂y O ∂z O ⎟⎠ 由于所选取的 O 点和 A 具有一般性，上式中可以省去下标，并改写可得 V ( x + Δx, y + Δy, z + Δz , t ) ⎛ ∂u 1 ⎛ ∂u ∂v ⎞ 1 ⎛ ∂u ∂w ⎞ 1 ⎛ ∂v ∂ u ⎞ 1 ⎛ ∂w ∂u ⎞ ⎞ = ⎜ u + Δ x + ⎜ + ⎟ Δy + ⎜ + ⎟ Δz − ⎜ − ⎟ Δ y − ⎜ − ⎟ Δz ⎟ e x ⎝ ∂x 2 ⎝ ∂y ∂x ⎠ 2 ⎝ ∂z ∂x ⎠ 2 ⎝ ∂x ∂y ⎠ 2 ⎝ ∂x ∂z ⎠ ⎠ ⎛ ∂v 1 ⎛ ∂v ∂u ⎞ 1 ⎛ ∂v ∂w ⎞ 1 ⎛ ∂ u ∂v ⎞ 1 ⎛ ∂w ∂v ⎞ ⎞ + ⎜ v + Δy + ⎜ + ⎟ Δx + ⎜ + ⎟ Δz − ⎜ − ⎟ Δ x − ⎜ − ⎟ Δz ⎟ e y ⎝ ∂y 2 ⎝ ∂ x ∂y ⎠ 2 ⎝ ∂z ∂ y ⎠ 2 ⎝ ∂y ∂x ⎠ 2 ⎝ ∂ y ∂z ⎠ ⎠ ⎛ ∂w 1 ⎛ ∂w ∂ u ⎞ 1 ⎛ ∂ w ∂v ⎞ 1 ⎛ ∂u ∂w ⎞ 1 ⎛ ∂v ∂w ⎞ ⎞ +⎜w+ Δz + ⎜ + ⎟ Δx + ⎜ + ⎟ Δy − ⎜ − ⎟ Δx − ⎜ − ⎟ Δy ⎟ e z ⎝ ∂z 2 ⎝ ∂x ∂z ⎠ 2 ⎝ ∂y ∂z ⎠ 2 ⎝ ",概念简答/定义解释,M18 > 往年题可能问法：一句话答案；M23 > 概念短答库；R6 > 可直接抄的结论句；M9 > 高频小问速答；M12 > 概念题保底,无直接页码,先定位 M18/M23/R6 的可抄定义句；按“定义一句+原因一句+后果一句”写；若有公式页，再补适用条件和易错点。,1. 先按题干关键词选模型；2. 在 v80 对应页写首个控制方程/公式；3. 把题给几何、单位和边界条件代入；4. 做代数求解或列出需要查图查表的位置；5. 检查单位、方向、绝压/表压或适用条件。,v80 已显著补强短答，但长论述、实验现象细节和教材原话仍可能扣少量分。 v67 补长论述结构，v69 补读图/收口检查，v80 补层流/湍流/渐变流可抄定义；教材原话仍可能扣分。 v80 已补 N-S 各项标准意义、控制体外力组成、层/湍速度剖面、Boussinesq 涡黏、水击波速因素、孔板/自由射流概念、渐变流测压管水头、Ma 物理意义与 0.3 判据、深水波定义、RTT 守恒入口、完全/部分相似短答和标准四行答案模板，适合先写过程分。,主题命中“概念简答/定义解释”，v80 基础过程覆盖约 89%。；仍依赖教材图表或读图；v80 有小查表/查表动作和收口模板，但不是完整数值表。,8.5,10.0,85.0,中高,
Q0399,课本教材题-张扬军文本,D:\虚拟C盘\学习\流体力学\张扬军（车辆学院）\教材\流体力学教材_text.txt,流体力学教材_text.txt,3,"(3.4.22) ( ) + v + ε yy Δy + ε yx Δx + ε yz Δz + ω z Δx − ω x Δz e y + ( w + ε zz Δz + ε zx Δx + ε zy Δy + ω x Δy − ω y Δx ) e z 考虑到 1 ω × Δr = 2 ( ) ( ( ∇ × V ) × Δr = ω y Δ z − ω z Δ y e x + ( ω z Δ x − ω x Δ z ) e y + ω x Δ y − ω y Δ x e z ) 第 3 章 流体运动描述与分析 ·47· ( )( ) ( ) Δr ⋅ ε = ⎡⎣ Δxe x + Δye y + Δze z ⋅ ε xx e x + ε xy e y + ε xz e z e x + ε yx e x + ε yy e y + ε yz e z e y + (ε zx e x + ε zy e y + ε zz e z ) e z ⎤⎦ = (ε xx Δx + ε xy Δy + ε xz Δz ) e x + (ε yy Δy + ε yx Δx + ε yz Δz ) e y + (ε zz Δz + ε zx Δx + ε zy Δy ) e z 其中， ⎡ε xx ε xy ε xz ⎤ ⎡ e x ⎤ ⎢ ⎥⎢ ⎥ ε = ⎡⎣ e x e y e z ⎤⎦ ⎢ε yx ε yy ε yz ⎥ ⎢ e y ⎥ ⎢ ⎥⎢ ⎥ ⎢⎣ε zx ε zy ε zz ⎥⎦ ⎣ e z ⎦ ε 为一个二阶对称张量，其六个独立分量分别对应于流体微团的线变形率和角变形率。 式(3.4.22)可以化简为 1 V ( x + Δx, y + Δy, z + Δz , t ) = V + Δr ⋅ ε + ( ∇ × V ) × Δr (3.4.23) 2 式(3.4.23)给出了流体微团上任意两点之间速度关系的一般形式，称为亥姆霍兹速度分解 定理。该定理可以简述如下：流体微团上任意一点 O 的相邻点 A 上的速度可以分成三个部分 之和：①与 O 点相同的平移速度 V ；②绕 O 点转动在 A 点引起的速度 ( ∇ × V ) × Δr / 2 ；③流体 微团变形在 A 点引起的速度 Δr ⋅ ε 。在式(3.4.23)中，若 ∇ × V = 0 ，则将流动称为无旋流动； 反之若 ∇ × V ≠ 0 ，则将流动称为有旋流动。 亥姆霍兹速度分解定理对于流体力学的发展具有深远的影响。根据该定理可以把旋转运 动从一般运动中分离出来，有可能把运动分成无旋运动和有旋运动，从而可以对它们分别进 行研究。同理根据该定理可以把流体的变形运动从一般运动中分离出来，有可能将流体变形 率与流体的应力联系起来，这对于黏性流体运动规律的研究具有重大的影响。除本章介绍的 速度分解定理外，第",流体运动学/连续/流线迹线,P1 > 连续性；Q1 > 迹线/流线/脉线；M18 > 往年题可能问法；M23 > 概念短答库；T6 > 常见问法到答案,P1,先判速度场/描述方法；写连续、旋度、流线/迹线微分式；概念题直接用 M18/M23 的一句话答案；应力题转 Q1 张量模板。,1. 先按题干关键词选模型；2. 在 v80 对应页写首个控制方程/公式；3. 把题给几何、单位和边界条件代入；4. 做代数求解或列出需要查图查表的位置；5. 检查单位、方向、绝压/表压或适用条件。,若要求长篇推导或复杂坐标变换，仍需教材细节；v80 已足够支撑多数简答和基础计算过程。 v67 已补推导题固定结构，v69/v80 补截面、边界条件和概念收口检查。 v80 保留新题定位入口、非定常 Bernoulli 推导条件、速度势单值/路径无关证明、Lagrange/Kelvin 可抄证明句、涡管强度 ΩA 守恒、涡量矩模板、自由射流动量通量和 RTT 入口，并补纳维-斯托克斯原词、圆管断面速度分布原词、渐变流测压管水头；更长证明仍需教材措辞。,主题命中“流体运动学/连续/流线迹线”，v80 基础过程覆盖约 85%。；题型偏概念简答；v80 已有短答库，但非对应专栏仍扣少量组织分。,7.9,10.0,79.0,中高,
Q0400,课本教材题-张扬军文本,D:\虚拟C盘\学习\流体力学\张扬军（车辆学院）\教材\流体力学教材_text.txt,流体力学教材_text.txt,3.5,"3.5.1 涡量 有旋流动是流体运动的一种重要类型。流动有旋或无旋取决于流体微团自身是否旋转， 即由速度场的旋度 ∇ ×V 是否为零来决定，与流体微团运动的轨迹无关。例如，在图 3-11(a) 所示流动中，流体微团的运动轨迹虽然是一个圆，但由于微团本身并未发生旋转，所以该流 动是无旋流动；在图 3-11(b)中，尽管流体微团的 运动轨迹是一条直线，但由于微团本身发生了转 动，所以该流动是有旋流动。在流体力学中，将 速度场的旋度称为涡量，具体表达形式如下： Ω = ∇ ×V (3.5.1) 涡量 Ω 是描述流体运动的一种物理量，由于 流场速度 V 是空间位置 r 和时间 t 的矢量函数，所 图 3-11 无旋运动与有旋运动 ·48· 流 体 力 学 以 Ω ( r ,t ) 也是一个矢量场，称为涡量场。涡量场有一个重要特性，即涡量的散度为零： ∇⋅Ω = 0 (3.5.2) 通常将散度为零的矢量场称为管式场，因此涡量场是一个管式场。式(3.5.2)也称为涡量 的连续性方程。显然，这一特性是由涡量的定义所决定的，即旋度场的散度为零。",流体运动学/连续/流线迹线,P1 > 连续性；Q1 > 迹线/流线/脉线；M18 > 往年题可能问法；M23 > 概念短答库；T6 > 常见问法到答案,P1,先判速度场/描述方法；写连续、旋度、流线/迹线微分式；概念题直接用 M18/M23 的一句话答案；应力题转 Q1 张量模板。,1. 先按题干关键词选模型；2. 在 v80 对应页写首个控制方程/公式；3. 把题给几何、单位和边界条件代入；4. 做代数求解或列出需要查图查表的位置；5. 检查单位、方向、绝压/表压或适用条件。,若要求长篇推导或复杂坐标变换，仍需教材细节；v80 已足够支撑多数简答和基础计算过程。 v67 已补推导题固定结构，v69/v80 补截面、边界条件和概念收口检查。 v80 保留新题定位入口、非定常 Bernoulli 推导条件、速度势单值/路径无关证明、Lagrange/Kelvin 可抄证明句、涡管强度 ΩA 守恒、涡量矩模板、自由射流动量通量和 RTT 入口，并补纳维-斯托克斯原词、圆管断面速度分布原词、渐变流测压管水头；更长证明仍需教材措辞。,主题命中“流体运动学/连续/流线迹线”，v80 基础过程覆盖约 85%。；题型偏概念简答；v80 已有短答库，但非对应专栏仍扣少量组织分。；仍依赖教材图表或读图；v80 有小查表/查表动作和收口模板，但不是完整数值表。,7.5,10.0,75.0,中高,
Q0401,课本教材题-张扬军文本,D:\虚拟C盘\学习\流体力学\张扬军（车辆学院）\教材\流体力学教材_text.txt,流体力学教材_text.txt,3.5,"3.5.2 涡线、涡管、涡通量、环量 涡线是这样一条曲线，曲线上任意一点的切线方向与在该点的涡量方向一致，如图 3-12(a) 所示。由于 Ω = 2ω ，涡线也可看作同一时刻流体微团的瞬时转动轴线，不同时刻涡线可能不 同。与流线方程相似，涡线的方程由其定义可知为 Ω × dr = 0 (3.5.3) 其中，dr 为涡线任意点处切线方向的微元向量。式(3.5.3)在笛卡儿直角坐标系中的展开形式为 dx dy dz = = (3.5.4) Ωx ( x, y , z , t ) Ω y ( x, y , z , t ) Ωz ( x, y , z , t ) 其中， Ωx 、 Ω y 、 Ωz 为涡量沿坐标 x、y、z 方向的分量。与流线类似，涡线是对同一时刻而 言的。因此，在积分涡线的微分方程时时间 t 是常数，而对于不同时刻，可有不同涡线。对于 定常流动，涡线将不随时间变化。根据涡线定义，过一点只能作一条涡线。 图 3-12 (a)涡线、(b)涡管、(c)涡通量、(d)环量 如图 3-12(b)所示，在涡量场中任取一条非涡线的封闭曲线，在同一时刻过该曲线的每一 点作涡线，这些涡线形成的管状曲面称为涡管。通过某一开口曲面的涡量总和称为涡通量， 如图 3-12(c)所示。根据定义可知通过曲面 A 的涡通量为 J = ∫∫ Ω ⋅ ndA (3.5.5) 其中， n 为曲面 A 的外法线单位向量。在流场中任取一条封闭曲线 L ，速度沿该封闭曲线的 线积分称为曲线‫ܮ‬的速度环量，相应的数学表达形式为 Γ = ∫ V ⋅ dl (3.5.6) 通常情况下，速度环量的正负不仅与流场的速度方向有关，而且与积分时所选取的绕行 第 3 章 流体运动描述与分析 ·49· 方向有关。如图 3-12(d)所示，一般情况下，规定积分 时的绕行方向是逆时针方向，即封闭曲线所包围的区 域总在行进方向的左侧。",流体运动学/连续/流线迹线,P1 > 连续性；Q1 > 迹线/流线/脉线；M18 > 往年题可能问法；M23 > 概念短答库；T6 > 常见问法到答案,P1,先判速度场/描述方法；写连续、旋度、流线/迹线微分式；概念题直接用 M18/M23 的一句话答案；应力题转 Q1 张量模板。,1. 先按题干关键词选模型；2. 在 v80 对应页写首个控制方程/公式；3. 把题给几何、单位和边界条件代入；4. 做代数求解或列出需要查图查表的位置；5. 检查单位、方向、绝压/表压或适用条件。,若要求长篇推导或复杂坐标变换，仍需教材细节；v80 已足够支撑多数简答和基础计算过程。 v67 已补推导题固定结构，v69/v80 补截面、边界条件和概念收口检查。 v80 保留新题定位入口、非定常 Bernoulli 推导条件、速度势单值/路径无关证明、Lagrange/Kelvin 可抄证明句、涡管强度 ΩA 守恒、涡量矩模板、自由射流动量通量和 RTT 入口，并补纳维-斯托克斯原词、圆管断面速度分布原词、渐变流测压管水头；更长证明仍需教材措辞。,主题命中“流体运动学/连续/流线迹线”，v80 基础过程覆盖约 85%。；题型偏概念简答；v80 已有短答库，但非对应专栏仍扣少量组织分。；仍依赖教材图表或读图；v80 有小查表/查表动作和收口模板，但不是完整数值表。,7.5,10.0,75.0,中高,
Q0402,课本教材题-张扬军文本,D:\虚拟C盘\学习\流体力学\张扬军（车辆学院）\教材\流体力学教材_text.txt,流体力学教材_text.txt,3.5,3.5.3 涡管强度守恒定理 在同一时刻，同一涡管各个截面上的涡通量相同， 即涡管强度守恒定理。证明过程如下。 在某一时刻，任取一段涡管，如图 3-13 所示，涡管截 面为 A1 、 A2 (它们的边界线为绕涡管的封闭曲线)，涡 管侧面为 A3 。该段涡管表面积为 A = A1 + A2 + A3 。通 图 3-13 涡管通量 过该段涡管表面的涡通量按式(3.5.5)积分可得 J = ∫∫ Ω ⋅ ndA = − ∫∫ Ω1 ⋅ n1dA + ∫∫ Ω2 ⋅ n2 dA + ∫∫ Ω3 ⋅ n3dA (3.5.7) A A1 A2 A3 其中， n 为外法线的单位向量，而 n1 指向内侧，因此在 n1 前应加负号。 根据涡管的定义，在 A3 曲面上的涡线与曲面法线垂直，所以式(3.5.7)右侧第三项为零， 于是可得 J = − ∫∫ Ω1 ⋅ n1dA + ∫∫ Ω2 ⋅ n2dA (3.5.8) A1 A2 另外根据高斯定理，由式(3.5.7)可得 J = ∫∫ Ω ⋅ ndA = ∫∫∫ ∇ ⋅ Ωd∀ = 0 (3.5.9) A ∀ 其中，∀ 为封闭曲面 A 围成的体积。将式(3.5.9)代入式(3.5.8)中，可以得到 ∫∫ Ω1 ⋅ n1dA = ∫∫ Ω2 ⋅ n2dA (3.5.10) A1 A2 涡管截面 A1 和 A2 的选择具有任意性，由此可以得出结论：在同一时刻，同一涡管各截面的涡 通量不变，即涡管通量守恒。通常又把涡管的涡通量称为涡管强度，涡通量守恒定理又称为 涡管强度守恒定理。 对于微元涡管，若近似地认为截面 A1 及 A2 上的涡量为常数，并且涡量与截面 A1 及 A2 的 法线方向平行，则涡通量守恒公式可以写成 Ω1 A1 = Ω 2 A2 (3.5.11) 由涡管强度守恒定理可以得出两个结论。 (1)同一个微元涡管，涡管截面积越小，涡量 越大，即流体旋转的角速度越大。 (2)涡管截面不可能收缩到零，否则截面上涡 量将无穷大，如图 3-14 所示。因此涡管不能始于 或终于流体，而只能成为环形、始于边界或终于边 界或伸展到无穷远。 速度环量与涡通量有密切的关系。若 A 是以封 图 3-14 涡管 闭周线 L 为周界的曲面，则由斯托克斯公式得 ·50· 流 体 力 学 Γ = ∫ V ⋅ dl = ∫∫ ( ∇ × V ) ⋅ ndA = ∫∫ Ω ⋅ ndA = J (3.5.12) L A A 也就是说，封闭曲线 L 上的速度环量等于穿过以该曲线为周界的任意开口曲面的涡通量。根 据速度环量的这个性质，由涡通量守恒定理可得到推论：在涡管上绕涡管的任意封闭曲线的 速度环量相等。,概念简答/定义解释,M18 > 往年题可能问法：一句话答案；M23 > 概念短答库；R6 > 可直接抄的结论句；M9 > 高频小问速答；M12 > 概念题保底,无直接页码,先定位 M18/M23/R6 的可抄定义句；按“定义一句+原因一句+后果一句”写；若有公式页，再补适用条件和易错点。,1. 先按题干关键词选模型；2. 在 v80 对应页写首个控制方程/公式；3. 把题给几何、单位和边界条件代入；4. 做代数求解或列出需要查图查表的位置；5. 检查单位、方向、绝压/表压或适用条件。,v80 已显著补强短答，但长论述、实验现象细节和教材原话仍可能扣少量分。 v67 补长论述结构，v69 补读图/收口检查，v80 补层流/湍流/渐变流可抄定义；教材原话仍可能扣分。 v80 已补 N-S 各项标准意义、控制体外力组成、层/湍速度剖面、Boussinesq 涡黏、水击波速因素、孔板/自由射流概念、渐变流测压管水头、Ma 物理意义与 0.3 判据、深水波定义、RTT 守恒入口、完全/部分相似短答和标准四行答案模板，适合先写过程分。,主题命中“概念简答/定义解释”，v80 基础过程覆盖约 89%。；题目要求推导或定义积分；v80 有 M24/M25/M26 骨架，但完整推导仍扣少量严谨性分。；仍依赖教材图表或读图；v80 有小查表/查表动作和收口模板，但不是完整数值表。,7.7,10.0,77.0,中高,
Q0403,课本教材题-张扬军文本,D:\虚拟C盘\学习\流体力学\张扬军（车辆学院）\教材\流体力学教材_text.txt,流体力学教材_text.txt,3.6,3.6 无旋流动的一般性质 任意时刻，若流场中速度场的旋度处处为零，即满足 ∇ × V = 0 的流动称为无旋流动。真 实流动的某些区域在很多情况下十分接近于无旋流动。流场做无旋运动的假定之后，会使问 题的求解过程大为简化，因此，无旋流动在流体力学中占有很重要的地位。无旋流场存在着 一系列重要性质，这些性质无论对于可压缩流动还是对于不可压缩流动都是存在的。,流体运动学/连续/流线迹线,P1 > 连续性；Q1 > 迹线/流线/脉线；M18 > 往年题可能问法；M23 > 概念短答库；T6 > 常见问法到答案,P1,先判速度场/描述方法；写连续、旋度、流线/迹线微分式；概念题直接用 M18/M23 的一句话答案；应力题转 Q1 张量模板。,1. 先按题干关键词选模型；2. 在 v80 对应页写首个控制方程/公式；3. 把题给几何、单位和边界条件代入；4. 做代数求解或列出需要查图查表的位置；5. 检查单位、方向、绝压/表压或适用条件。,若要求长篇推导或复杂坐标变换，仍需教材细节；v80 已足够支撑多数简答和基础计算过程。 v67 已补推导题固定结构，v69/v80 补截面、边界条件和概念收口检查。 v80 保留新题定位入口、非定常 Bernoulli 推导条件、速度势单值/路径无关证明、Lagrange/Kelvin 可抄证明句、涡管强度 ΩA 守恒、涡量矩模板、自由射流动量通量和 RTT 入口，并补纳维-斯托克斯原词、圆管断面速度分布原词、渐变流测压管水头；更长证明仍需教材措辞。,主题命中“流体运动学/连续/流线迹线”，v80 基础过程覆盖约 85%。,8.5,10.0,85.0,中高,
Q0404,课本教材题-张扬军文本,D:\虚拟C盘\学习\流体力学\张扬军（车辆学院）\教材\流体力学教材_text.txt,流体力学教材_text.txt,3.6,"3.6.1 速度有势 对于无旋流场，满足速度场旋度为零，即 ∇ ×V = 0 (3.6.1) 由于任一标量函数的梯度场的旋度恒为零，所以 V 一定是某个标量函数的梯度，即有 V = ∇φ (3.6.2) 其中， φ 称为速度势。以笛卡儿直角坐标系为例，速度势与速度分量之间的关系可以写成 ∂φ ∂φ ∂φ u= , v= , w= (3.6.3) ∂x ∂y ∂z 由场论分析可知，速度无旋是速度有势的充分和必要条件(证明略)。换言之，无旋必然 有势，有势必须无旋。不论流动是否可压缩，也不论流动是定常还是非定常，上述结论均成 立。故无旋流场又可称为有势流场，简称位势流。",流体运动学/连续/流线迹线,P1 > 连续性；Q1 > 迹线/流线/脉线；M18 > 往年题可能问法；M23 > 概念短答库；T6 > 常见问法到答案,P1,先判速度场/描述方法；写连续、旋度、流线/迹线微分式；概念题直接用 M18/M23 的一句话答案；应力题转 Q1 张量模板。,1. 先按题干关键词选模型；2. 在 v80 对应页写首个控制方程/公式；3. 把题给几何、单位和边界条件代入；4. 做代数求解或列出需要查图查表的位置；5. 检查单位、方向、绝压/表压或适用条件。,若要求长篇推导或复杂坐标变换，仍需教材细节；v80 已足够支撑多数简答和基础计算过程。 v67 已补推导题固定结构，v69/v80 补截面、边界条件和概念收口检查。 v80 保留新题定位入口、非定常 Bernoulli 推导条件、速度势单值/路径无关证明、Lagrange/Kelvin 可抄证明句、涡管强度 ΩA 守恒、涡量矩模板、自由射流动量通量和 RTT 入口，并补纳维-斯托克斯原词、圆管断面速度分布原词、渐变流测压管水头；更长证明仍需教材措辞。,主题命中“流体运动学/连续/流线迹线”，v80 基础过程覆盖约 85%。；题目要求推导或定义积分；v80 有 M24/M25/M26 骨架，但完整推导仍扣少量严谨性分。,7.7,10.0,77.0,中高,
Q0405,课本教材题-张扬军文本,D:\虚拟C盘\学习\流体力学\张扬军（车辆学院）\教材\流体力学教材_text.txt,流体力学教材_text.txt,3.6,"3.6.2 速度势与环量 在无旋流动中，无限接近的毗邻两点的速度势之差为 dφ = ∇φ ⋅ dr (3.6.4) 则任意两点之间的速度势之差可以由式(3.6.4)积分求得。如图 3-15 所示，在某一时刻 t，连 接 无 旋 流 场 中 的 两 点 Po ( xo , yo , zo ) 和 P ( x, y, z ) 的任意两条曲线 B1 和 B2 ，那么 P 、 Po 两点上的速度势之差为 φP − φPo = ∫ d φ = ∫ V ⋅ dr (3.6.5) Po B1P Po B1P 若沿 Po B1PB2 Po 积分，可以得到同一点上势函 数的差值为 图 3-15 两点速度势之差 φP′o − φPo = ∫ dφ = ∫ V ⋅ dr (3.6.6) Po B1PB2 Po Po B1PB2 Po 第3章 流体运动描述与分析 ·51· 如果式(3.6.6)的右侧为零，则流场中 φ 是单值函数，否则 φ 为多值函数。速度势 φ 的性质 与所讨论的流场是单连通域还是多连通域密切相关，其中单连通域与多连通域的定义可简单 说明如下。 如果在某个空间区域中，任意两点能以连续线连接起来，并且连线在任何地方都不越过 这个区域的边界，这样的空间区域称为连通域。如果在连通域中，任意封闭曲线能连续地收 缩成一点而不越过连通域的边界，则这种连通域称为单连通域。例如，球表面内部的空间区 域、两个同心球之间的空间区域等都是单连通域。凡是不具有单连通域性质的连通域称为多 连通域。单连通域中，由于任意曲线都是可缩曲线，所以根据斯托克斯定理，式(3.6.6)可写成 φP′0 − φP0 = v∫ V ⋅ dr = ∫∫ ( ∇ × V ) ⋅ ndA = 0 (3.6.7) Po B1PB2 Po A 其中，A 为以封闭曲线 Po B1PB2 Po 为边界的开口曲面。由此可以得如下结论：在单连通域中， 速度势是单值函数，并且沿任意封闭曲线的速度环量为零。因此，在单连通域中不可能存在 封闭流线。 科技前沿(3)——PIV 测速 习 题 ⎛ cos(ωt ) ⎞ 3-1 已知初始时刻位于 ( x0 ,0) 的流体质点运动轨迹满足满足 x(t , x0 ) = x0 ⎜ ⎟ ，求该 ⎝ sin(ωt ) ⎠ 流体质点的速度与加速度，并请问该流体质点在做什么运动？ ⎛ x ⎞ 3-2 在一维流场内，欧拉法描述的速度场为 u = V0 ⎜1 + ⎟ ，其中 x ∈ [ 0, L] 。求该流场的 ⎝ 2 L⎠ 加速度场。 3-3 假设流体质点运动的轨迹方程为 ⎧ x = C1et − t − 1 ⎪⎪ t ⎨ y = C2 e + t − 1 ⎪z = C ⎪⎩ 3 其中， C1 、 C2 、 C3 为常数。试求：(1) t = 0 时位于点 ( x, y, z ) = ( a, b, ",流体运动学/连续/流线迹线,P1 > 连续性；Q1 > 迹线/流线/脉线；M18 > 往年题可能问法；M23 > 概念短答库；T6 > 常见问法到答案,P1,先判速度场/描述方法；写连续、旋度、流线/迹线微分式；概念题直接用 M18/M23 的一句话答案；应力题转 Q1 张量模板。,1. 先按题干关键词选模型；2. 在 v80 对应页写首个控制方程/公式；3. 把题给几何、单位和边界条件代入；4. 做代数求解或列出需要查图查表的位置；5. 检查单位、方向、绝压/表压或适用条件。,若要求长篇推导或复杂坐标变换，仍需教材细节；v80 已足够支撑多数简答和基础计算过程。 v67 已补推导题固定结构，v69/v80 补截面、边界条件和概念收口检查。 v80 保留新题定位入口、非定常 Bernoulli 推导条件、速度势单值/路径无关证明、Lagrange/Kelvin 可抄证明句、涡管强度 ΩA 守恒、涡量矩模板、自由射流动量通量和 RTT 入口，并补纳维-斯托克斯原词、圆管断面速度分布原词、渐变流测压管水头；更长证明仍需教材措辞。,主题命中“流体运动学/连续/流线迹线”，v80 基础过程覆盖约 85%。；题型偏概念简答；v80 已有短答库，但非对应专栏仍扣少量组织分。；题目要求推导或定义积分；v80 有 M24/M25/M26 骨架，但完整推导仍扣少量严谨性分。；仍依赖教材图表或读图；v80 有小查表/查表动作和收口模板，但不是完整数值表。,6.7,10.0,67.0,中高,
Q0406,课本教材题-张扬军文本,D:\虚拟C盘\学习\流体力学\张扬军（车辆学院）\教材\流体力学教材_text.txt,流体力学教材_text.txt,4.1,4.1 系统与控制体 理论力学以质点、质点系和刚体作为研究对象，工程热力学以闭口系统或开口系统为研 究对象，它们的共同点在于都是以确定不变的物质集合作为研究对象。在流体力学的研究中， 系统是指某一确定流体质点集合的总体。系统的边界把系统和外界分开，系统随流体运动而 运动，其边界形状和所包围空间随运动而变化。在系统的边界上，没有流体流出或流入，即 系统与外界没有质量交换。例如，在一个气缸内，气缸内壁与活塞所包围的气体可视为一个 系统，如图 4-1 所示。活塞移动时，系统边界的大小在改变，但其所包含的气体(即流体质点) 却始终不变。由此可见，系统相当于工程热力学中的封闭系统，对应于流体运动的拉格朗日 描述。但在大多数流体力学的实际问题中，感兴趣的是流体对流场中的物体或空间某区域的 作用和影响。例如，在车辆工程中，通常关心的是发动机、动力舱、乘员室、车身周围等特 定空间区域内空气的流动状况。因此，在处理流体力学问题时，往往采用欧拉描述更为方便， 与之相应，需要引入控制体的概念。 控制体是流场中某一确定的空间区域，控制体的边界称为控制面。控制体的大小、形状 可根据流动情况和边界位置任意选定。例如，在变截面通道内，可划出其中待研究的任意一 段为控制体，如图 4-2 虚线所示。控制体选定后，它的形状和位置相对于所选择的坐标系一 般是固定不变的。但控制体和控制面是抽象概念，对流动没有影响。控制体内的流体可流进 或流出控制体，因此，控制体内的流体是随时间变化的。 图 4-1 系统示意图 图 4-2 控制体示意图,流体运动学/连续/流线迹线,P1 > 连续性；Q1 > 迹线/流线/脉线；M18 > 往年题可能问法；M23 > 概念短答库；T6 > 常见问法到答案,P1,先判速度场/描述方法；写连续、旋度、流线/迹线微分式；概念题直接用 M18/M23 的一句话答案；应力题转 Q1 张量模板。,1. 先按题干关键词选模型；2. 在 v80 对应页写首个控制方程/公式；3. 把题给几何、单位和边界条件代入；4. 做代数求解或列出需要查图查表的位置；5. 检查单位、方向、绝压/表压或适用条件。,若要求长篇推导或复杂坐标变换，仍需教材细节；v80 已足够支撑多数简答和基础计算过程。 v67 已补推导题固定结构，v69/v80 补截面、边界条件和概念收口检查。 v80 保留新题定位入口、非定常 Bernoulli 推导条件、速度势单值/路径无关证明、Lagrange/Kelvin 可抄证明句、涡管强度 ΩA 守恒、涡量矩模板、自由射流动量通量和 RTT 入口，并补纳维-斯托克斯原词、圆管断面速度分布原词、渐变流测压管水头；更长证明仍需教材措辞。,主题命中“流体运动学/连续/流线迹线”，v80 基础过程覆盖约 85%。；仍依赖教材图表或读图；v80 有小查表/查表动作和收口模板，但不是完整数值表。,8.1,10.0,81.0,中高,
Q0407,课本教材题-张扬军文本,D:\虚拟C盘\学习\流体力学\张扬军（车辆学院）\教材\流体力学教材_text.txt,流体力学教材_text.txt,4.1,4.1 节给出了系统和控制体的定义，本节将对两者中流体参数之间的关联关系，即雷诺输 ·54· 流 体 力 学 运定理进行介绍。图 4-3 为流体系统通过控制体的情况，流体系统在 t 时刻位于图 4-3(a)中封 闭虚线所示的区域。令系统在 t 时刻所占据的空间刚好与所选择的控制体重合， t 时刻系统内 的流体即控制体内部的流体。 t 时刻之后，流体系统运动离开原有位置，在 t + Δt 时刻，系统 运动到图 4-3(b)中封闭虚线所示区域。 图 4-3 流体系统通过控制体的情形 令 Q 是系统内流体的任一物理量，如质量、能量或动量等。现在推导系统内物理量 Q 随 时间的变化率与控制体内物理量 Q 随时间的变化率之间的关系。如图 4-3(b)所示，可把 t 时刻 和 t + Δt 时刻的系统分成三个区域。在 t 时刻，系统边界与控制体边界重合，系统可分为Ⅰ和 Ⅱ两个区域，在 t + Δt 时刻，系统可分为Ⅱ和Ⅲ两个区域，其中区域Ⅱ为 t 和 t + Δt 两时刻的 系统所共有。系统内物理量 Q 随时间的变化率可通过 Δt → 0 时物理量 Q 的变化与时间间隔 Δt 比值的极限求得，即 t +Δt t ⎛ ⎞ ⎛ ⎞ ⎜ ⎟ ⎜ ⎟ ⎜ ∫∫∫ ⎜ ∫∫∫ Qd ∀ − Qd∀ ⎟ ⎟ D ⎝ S ∀ ⎠ ⎝ S ∀ ⎠ Dt ∫∫∫ Qd∀ = lim (4.2.1) Δt →0 Δt 其中，∀ S 为系统体积，上标 t 和 t + Δt 分别代表不同的时刻。根据前面分析，有 t +Δt t +Δt t +Δt ⎛ ⎞ ⎛ ⎞ ⎛ ⎞ ⎜ ⎟ = ⎜ ∫∫∫ Qd∀ ⎟ = ⎜ ∫∫∫ Qd∀ ⎟ ⎜ ∫∫∫ Q d ∀ ⎟ ⎜ ⎟ ⎜ ⎟ ⎝ ∀S ⎠ ⎝∀ II +∀ III ⎠ ⎝∀ CV −∀ I +∀ III ⎠,Bernoulli/机械能/动量控制体,P1 > 控制体动量模板；P1 > 伯努利/机械能；Q2 > 弯管受力/喷嘴反力；M21 > 题图决策卡；M26 > 高频计算/查表/控制体收口,P1,先选截面，写连续和 Bernoulli/机械能；再按控制体受力图列压力力、壁面力和动量通量；多出口用 M26 通式；求出壁面对流体的力后按题问管/螺栓取反。,1. 先按题干关键词选模型；2. 在 v80 对应页写首个控制方程/公式；3. 把题给几何、单位和边界条件代入；4. 做代数求解或列出需要查图查表的位置；5. 检查单位、方向、绝压/表压或适用条件。,复杂三维受力和图中方向仍要自己画清楚；v80 已补多出口通式和喷嘴/弯管收口流程。 v69 把截面号、面积、高程、表压/绝压、CV取反和局损速度集中到读图/收口八查。 v80 保留雷诺输运、压力力方向/表压、孔板/文丘里流量计公式链，并补控制体外力组成与自由射流动量通量提示；复杂控制体仍需画受力图。,主题命中“Bernoulli/机械能/动量控制体”，v80 基础过程覆盖约 84%。；题型偏概念简答；v80 已有短答库，但非对应专栏仍扣少量组织分。；题目要求推导或定义积分；v80 有 M24/M25/M26 骨架，但完整推导仍扣少量严谨性分。；仍依赖教材图表或读图；v80 有小查表/查表动作和收口模板，但不是完整数值表。,6.6,10.0,66.0,中高,
Q0408,课本教材题-张扬军文本,D:\虚拟C盘\学习\流体力学\张扬军（车辆学院）\教材\流体力学教材_text.txt,流体力学教材_text.txt,4,(4.2.3) t +Δt ⎛ ⎞ ∂ 1⎜ ⎟ ∂t ∫∫∫ ∫∫∫ = Qd∀ + lim Qd∀ Δt →0 Δt ⎜ ⎟ ∀ CV ⎝∀Ⅲ−∀Ⅰ ⎠ 式(4.2.3)右端第一项是对控制体进行积分，由于控制体选定后不随时间变化，故积分与求导 可互换 ∂ ∂Q ∂t ∫∫∫ Qd∀ = ∫∫∫ d∀ (4.2.4) ∀ CV ∀ CV 式(4.2.3)右端第二项表示 Δt → 0 时物理量 Q 通过控制体边界面的净流出率(流出率与流入率 之差)。在图 4-3 中，令流入控制面的流速为 Vi ，其与流入微元表面 dSi 的外法向 ni 间的夹角 为 θi ；流出控制面的流速为 Vo ，其与流出微元表面 dSo 的外法向 no 的夹角为 θ o 。那么， Δt 时 间内物理量 Q 通过微元面 dSi 流入控制体的流率为 Q (Vi ni cosθ i )dSi Δt = Q (Vi ⋅ ni )dSi Δt 。同理， 物理量 Q 通过微元面 dSo 流出控制体的流率为 Q (Vo no cosθ o )dSo Δt = Q (Vo ⋅ no )dSo Δt 。将物理量 Q 的流入率和流出率代入式(4.2.3)右端第二项中，可得 t +Δt t 1⎛ ⎞ ⎛ ⎞ lim ⎜ ∫∫∫ Qd∀ ⎟ = ⎜ ∫∫ Q (Vo ⋅ no ) dSo + ∫∫ Q (Vi ⋅ ni ) dSi ⎟ Δt →0 Δt ⎜ ⎟ ⎜ ⎟ ⎝∀ III −∀ I ⎠ ⎝ So Si ⎠ (4.2.5) ⎛ ⎞ = ⎜ ∫∫ Q (V ⋅ n ) dS ⎟ ⎜ ⎟ ⎝ S ⎠ 将式(4.2.5)代入式(4.2.3)中，并结合式(4.2.4)，可以得到 D ∂Q d∀ + ∫∫ Q (V ⋅ n ) dS Dt ∫∫∫ Qd∀ = ∫∫∫ (4.2.6) ∀S ∀ CV S 式(4.2.6)表示系统内物理量 Q 随时间的变化率，等于控制体内该物理量随时间的变化率 加上通过控制面该物理量的净流出率，通常将式(4.2.6)称为雷诺输运方程。,Bernoulli/机械能/动量控制体,P1 > 控制体动量模板；P1 > 伯努利/机械能；Q2 > 弯管受力/喷嘴反力；M21 > 题图决策卡；M26 > 高频计算/查表/控制体收口,P1,先选截面，写连续和 Bernoulli/机械能；再按控制体受力图列压力力、壁面力和动量通量；多出口用 M26 通式；求出壁面对流体的力后按题问管/螺栓取反。,1. 先按题干关键词选模型；2. 在 v80 对应页写首个控制方程/公式；3. 把题给几何、单位和边界条件代入；4. 做代数求解或列出需要查图查表的位置；5. 检查单位、方向、绝压/表压或适用条件。,复杂三维受力和图中方向仍要自己画清楚；v80 已补多出口通式和喷嘴/弯管收口流程。 v69 把截面号、面积、高程、表压/绝压、CV取反和局损速度集中到读图/收口八查。 v80 保留雷诺输运、压力力方向/表压、孔板/文丘里流量计公式链，并补控制体外力组成与自由射流动量通量提示；复杂控制体仍需画受力图。,主题命中“Bernoulli/机械能/动量控制体”，v80 基础过程覆盖约 84%。；仍依赖教材图表或读图；v80 有小查表/查表动作和收口模板，但不是完整数值表。,8.0,10.0,80.0,中高,
Q0409,课本教材题-张扬军文本,D:\虚拟C盘\学习\流体力学\张扬军（车辆学院）\教材\流体力学教材_text.txt,流体力学教材_text.txt,4.2,4.2.2 雷诺输运方程的意义 由第 3 章可知，流体质点的随体导数等于当地导数与迁移导数之和，实际上这与雷诺输 运方程表示的结论在本质上是一致的。换言之，系统内物理量 Q 对时间的随体导数也由两部 分组成：一部分为控制体内物理量 Q 随时间的变化率，相当于当地导数；另一部分为物理量 Q 通过控制面的净流出率，相当于迁移导数。物理量 Q 可以是标量(如质量、能量等)，也可以 是矢量(如动量、角动量等)。雷诺输运方程与流体质点随体导数的差别仅在于应用对象不同。 流体质点随体导数是对流体质点和空间坐标点而言，适用于微分法分析；雷诺输运方程则是 对系统和控制体而言，适用于控制体法分析。在定常流动条件下，有 ∫∫∫ ∂t d∀ = 0 (4.2.7) ∀ CV ·56· 流 体 力 学 代入式(4.2.6)中可得 Qd∀ = ∫∫ Q (V ⋅ n ) dS Dt ∫∫∫,Bernoulli/机械能/动量控制体,P1 > 控制体动量模板；P1 > 伯努利/机械能；Q2 > 弯管受力/喷嘴反力；M21 > 题图决策卡；M26 > 高频计算/查表/控制体收口,P1,先选截面，写连续和 Bernoulli/机械能；再按控制体受力图列压力力、壁面力和动量通量；多出口用 M26 通式；求出壁面对流体的力后按题问管/螺栓取反。,1. 先按题干关键词选模型；2. 在 v80 对应页写首个控制方程/公式；3. 把题给几何、单位和边界条件代入；4. 做代数求解或列出需要查图查表的位置；5. 检查单位、方向、绝压/表压或适用条件。,复杂三维受力和图中方向仍要自己画清楚；v80 已补多出口通式和喷嘴/弯管收口流程。 v69 把截面号、面积、高程、表压/绝压、CV取反和局损速度集中到读图/收口八查。 v80 保留雷诺输运、压力力方向/表压、孔板/文丘里流量计公式链，并补控制体外力组成与自由射流动量通量提示；复杂控制体仍需画受力图。,主题命中“Bernoulli/机械能/动量控制体”，v80 基础过程覆盖约 84%。；题型偏概念简答；v80 已有短答库，但非对应专栏仍扣少量组织分。；仍依赖教材图表或读图；v80 有小查表/查表动作和收口模板，但不是完整数值表。,7.4,10.0,74.0,中高,
Q0410,课本教材题-张扬军文本,D:\虚拟C盘\学习\流体力学\张扬军（车辆学院）\教材\流体力学教材_text.txt,流体力学教材_text.txt,4.3,4.3.1 积分形式连续性方程 连续性方程是质量守恒定律在流体流动中的应用，是流动过程中流体系统内既无流体质 量产生又无流体质量消耗的数学描述。由于系统的质量不生不灭，则有 Dt ∫∫∫ ρ d∀ = 0 (4.3.1) 其中， ρ 为流体的密度；∀ S 为系统的体积。将雷诺输运方程(式(4.2.6))代入式(4.3.1)，可得 ∫∫∫ ∂t d∀ + ∫∫ ρ (V ⋅ n) dS = 0 (4.3.2) ∀ CV S 式(4.3.2)为积分形式的连续性方程，表示流体通过控制面的净质量流出率等于控制体 内流体质量的减少率。在上述的推导过程中未作任何简化假设，故只要流体满足连续介质 假设，式(4.3.2)都适用。 例题 4-1 已知石油在内径 0.2m 的输油管道截面上的流速为 2m/s ，求另一内径为 0.1m 的 截面上的流速及管道内的体积流量。,Bernoulli/机械能/动量控制体,P1 > 控制体动量模板；P1 > 伯努利/机械能；Q2 > 弯管受力/喷嘴反力；M21 > 题图决策卡；M26 > 高频计算/查表/控制体收口,P1,先选截面，写连续和 Bernoulli/机械能；再按控制体受力图列压力力、壁面力和动量通量；多出口用 M26 通式；求出壁面对流体的力后按题问管/螺栓取反。,1. 先按题干关键词选模型；2. 在 v80 对应页写首个控制方程/公式；3. 把题给几何、单位和边界条件代入；4. 做代数求解或列出需要查图查表的位置；5. 检查单位、方向、绝压/表压或适用条件。,复杂三维受力和图中方向仍要自己画清楚；v80 已补多出口通式和喷嘴/弯管收口流程。 v69 把截面号、面积、高程、表压/绝压、CV取反和局损速度集中到读图/收口八查。 v80 保留雷诺输运、压力力方向/表压、孔板/文丘里流量计公式链，并补控制体外力组成与自由射流动量通量提示；复杂控制体仍需画受力图。,主题命中“Bernoulli/机械能/动量控制体”，v80 基础过程覆盖约 84%。；题目要求推导或定义积分；v80 有 M24/M25/M26 骨架，但完整推导仍扣少量严谨性分。；仍依赖教材图表或读图；v80 有小查表/查表动作和收口模板，但不是完整数值表。,7.2,10.0,72.0,中高,
Q0411,课本教材题-张扬军文本,D:\虚拟C盘\学习\流体力学\张扬军（车辆学院）\教材\流体力学教材_text.txt,流体力学教材_text.txt,4.3,4.3.2 微分形式连续性方程 从积分形式连续性方程出发，可推导连续性方程的微分形式。任取控制体∀ CV ，在其上满 足质量守恒方程(4.3.2)，利用高斯公式，可将式(4.3.2)左端第二项面积分化为体积分，即 ∫∫ ρ (V ⋅ n ) dS = ∫∫∫ ∇ ⋅ ( ρV ) d∀ (4.3.3) S ∀ CV 第 4 章 雷诺输运公式与连续性方程 ·57· ⎛ ∂ρ ⎞ 代入式(4.3.2)中可得 ∫∫∫ ⎜⎝ ∂t + ∇ ⋅ ( ρV ) ⎟⎠ d∀ = 0 (4.3.4) ∀ CV 式(4.3.4)对任意控制体都成立，则对任意流体微元也成立，可得 + ∇ ⋅ ( ρV ) = 0 (4.3.5) 进一步展开 ∇ ⋅ ( ρV ) = V ⋅ ∇ρ + ρ∇ ⋅ V ，代入式(4.3.5)可以得到 + V ⋅ ∇ρ + ρ∇ ⋅ V = 0 (4.3.6) 也可以写成 + ρ∇ ⋅ V = 0 (4.3.7) 例题 4-2 不可压缩流体在二维平面流动， y 方向的速度分量为 v = y 2 − y − x ，试求 x 方 向的速度分量，假定 x = 0 时 u = 0 。,流体运动学/连续/流线迹线,P1 > 连续性；Q1 > 迹线/流线/脉线；M18 > 往年题可能问法；M23 > 概念短答库；T6 > 常见问法到答案,P1,先判速度场/描述方法；写连续、旋度、流线/迹线微分式；概念题直接用 M18/M23 的一句话答案；应力题转 Q1 张量模板。,1. 先按题干关键词选模型；2. 在 v80 对应页写首个控制方程/公式；3. 把题给几何、单位和边界条件代入；4. 做代数求解或列出需要查图查表的位置；5. 检查单位、方向、绝压/表压或适用条件。,若要求长篇推导或复杂坐标变换，仍需教材细节；v80 已足够支撑多数简答和基础计算过程。 v67 已补推导题固定结构，v69/v80 补截面、边界条件和概念收口检查。 v80 保留新题定位入口、非定常 Bernoulli 推导条件、速度势单值/路径无关证明、Lagrange/Kelvin 可抄证明句、涡管强度 ΩA 守恒、涡量矩模板、自由射流动量通量和 RTT 入口，并补纳维-斯托克斯原词、圆管断面速度分布原词、渐变流测压管水头；更长证明仍需教材措辞。,主题命中“流体运动学/连续/流线迹线”，v80 基础过程覆盖约 85%。；题目要求推导或定义积分；v80 有 M24/M25/M26 骨架，但完整推导仍扣少量严谨性分。；仍依赖教材图表或读图；v80 有小查表/查表动作和收口模板，但不是完整数值表。,7.3,10.0,73.0,中高,
Q0412,课本教材题-张扬军文本,D:\虚拟C盘\学习\流体力学\张扬军（车辆学院）\教材\流体力学教材_text.txt,流体力学教材_text.txt,4.3,4.3.3 不可压缩流体的连续性方程 对于不可压缩流体，有 Dρ / Dt = 0 ，那么方程(4.3.7)可进一步化简为 ∇ ⋅V = 0 (4.3.8) 考虑图 4-4 所示流管内不可压缩流体的流动，在截面 S1 处速度为 V1 ，截面 S2 处速度为 V2 ，选图中虚线所示的截面 S1 、截面 S2 和流 管表面 S3 作为控制面，根据高斯公式并结合 式(4.3.8)有 ∫∫ V ⋅ ndS = ∫∫∫ ∇ ⋅ Vd∀ = 0 (4.3.9) S1 + S 2 + S3 ∀ 由于没有流体通过流管管壁部分的控制 面，即在侧面 S3 上有 V ⋅ n = 0 。若考虑一个 微元流管，令流管截面上速度均匀分布，则 在截面 S1 处有 V1 ⋅ n1 = −V1 ，在截面 S2 处有 图 4-4 流管中的流动 V2 ⋅ n2 = V2 代入式(4.3.9)中可以得到 ·58· 流 体 力 学 V1S1 = V2 S2 (4.3.10) 式(4.3.10)为不可压缩流体一维流动的连续性方程，在计算管内流体流动时会经常用到。 由式(4.3.10)可知，不可压缩流体在管内流动时，对于同一根管子，管径粗的截面上平均流速 低，管径细的截面上平均流速高。 科技前沿(4)——拉瓦尔喷管 习 题 4-1 如图 4-5 所示，水在三岔管道中流过，假设流动是定常的，进、出口流速分布是均 匀的。在 t = 20s 时控制体与系统重合，如图 4-5 中虚线所示。(1)请给出进、出口截面积之间 的关系；(2)请画出 t = 20.2s 时系统的边界。 4-2 送 风 管 道 的 截 面 积 A1 = 1m2 ， 体 积 流 量 Q1 = 108000m3 /h ， 静 压 ( 表 压 ) p1 = 0.267N/cm2 ，风温 t1 = 28℃ 。管道经过一段距离以及弯管、大小节、收缩管段后，截面 积变为 A2 = 0.64m2 、静压下降为 p2 = 0.133N/cm2 ，温度变为 t2 = 24℃ 。测得当地大气压为 pa = 760mmHg 。求截面积 A2 处的质量流量 G2 、体积流量 Q2 ，以及两个截面上的平均流速 v1 、 v2 。 4-3 如图 4-6 所示，在容器中液面恒定前提下，试比较 1 和 2 两点的流速，并说明原因： (a)在等直径竖管中；(b)在渐扩形竖管中；(c)在底孔出流流束中。 图 4-5 题 4-1 示意图 图 4-6 题 4-3 示意图 4-4 标准状态下空气以 30m3 /min 的恒定速度被压气机压缩，压气机出、入口静压之比 为 10，气体在压气机内经历等熵过程。要求压气机出口平均速度不超过 30m/s ，求出口最小 直径。 4-5 黏性不可压缩流体在等截面圆管内流动，圆管半径为 R 。在进口处速度均匀分布， 大小为 v1 ；在某一离进口足,Bernoulli/机械能/动量控制体,P1 > 控制体动量模板；P1 > 伯努利/机械能；Q2 > 弯管受力/喷嘴反力；M21 > 题图决策卡；M26 > 高频计算/查表/控制体收口,P1,先选截面，写连续和 Bernoulli/机械能；再按控制体受力图列压力力、壁面力和动量通量；多出口用 M26 通式；求出壁面对流体的力后按题问管/螺栓取反。,1. 先按题干关键词选模型；2. 在 v80 对应页写首个控制方程/公式；3. 把题给几何、单位和边界条件代入；4. 做代数求解或列出需要查图查表的位置；5. 检查单位、方向、绝压/表压或适用条件。,复杂三维受力和图中方向仍要自己画清楚；v80 已补多出口通式和喷嘴/弯管收口流程。 v69 把截面号、面积、高程、表压/绝压、CV取反和局损速度集中到读图/收口八查。 v80 保留雷诺输运、压力力方向/表压、孔板/文丘里流量计公式链，并补控制体外力组成与自由射流动量通量提示；复杂控制体仍需画受力图。,主题命中“Bernoulli/机械能/动量控制体”，v80 基础过程覆盖约 84%。；题型偏概念简答；v80 已有短答库，但非对应专栏仍扣少量组织分。；仍依赖教材图表或读图；v80 有小查表/查表动作和收口模板，但不是完整数值表。,7.4,10.0,74.0,中高,
Q0413,课本教材题-张扬军文本,D:\虚拟C盘\学习\流体力学\张扬军（车辆学院）\教材\流体力学教材_text.txt,流体力学教材_text.txt,5.1,5.1.1 积分形式能量方程 从第 4 章可知，对运动的流体应用质量守恒定律可导出连续性方程。在本章中，对运动 的流体应用能量守恒定律则可导出能量方程。能量守恒定律的一种基本表达方式就是热力学 第一定律，即对任一给定的系统，存在 = Q +W (5.1.1) 其中， DE Dt 为能量对时间的全导数；Q 和 W 为单位时间内系统吸收的热量和外界环境对系 统所做的功。这里规定：系统吸收热量时 Q 为正值，系统放出热量时 Q 为负值；外界环境对 系统做功时 W 为正值，系统对外界环境做功时 W 为负值。那么，式(5.1.1)的物理表述是：单 位时间内系统吸收的热量与外界环境对系统所做功之和，等于系统能量的增量，其中能量 E 与 系统的状态有关。只要热力状态确定，能量 E 是系统确定状态的函数，即 E 是空间和时间的 函数，可用 DE Dt 表示能量对时间的全导数。式(5.1.1)右端的热量 Q 和功 W 与过程有关，只 有在系统状态变化的过程中，系统才会吸收(或放出)热量，与此同时系统对外界环境(或外界 环境对系统)做功，所以 Q 和 W 仅是时间的函数。对式(5.1.1)中系统能量的变化项 DE Dt 应 用雷诺输运方程，可将其转化为对控制体的公式，若令 E = ρ e ， e 为单位质量流体的能量， 那么雷诺输运方程可以写成 DE ∂ ( ρ e) = ∫∫∫ d∀ + ∫∫ ρ e (V ⋅ n ) dS (5.1.2) Dt ∂t ∀ CV S 将式(5.1.2)代入式(5.1.1)得 ∂ ( ρ e) ∫∫∫ d∀ + ∫∫ ρ e (V ⋅ n ) dS = Q + W (5.1.3) ∀ CV S 式(5.1.3)表示单位时间内输入系统的热量与外界环境对系统所做功之和，等于控制体内 能量随时间的变化率与通过控制体表面的能量流率之和。在重力场中，系统单位质量的能量 可表示为 V2 e = eu + gz + (5.1.4) 2 其中， eu 为单位质量的内能； gz 为单位质量的势能； V 2 2 为单位质量的动能； z 为竖直方 向流体质点坐标。由前可知，热量 Q 为单位时间内通过控制面由热传导传入的热量以及由热 辐射或内热源传给系统的热量，功 W 为单位时间内作用在控制面上的表面力所做的功，可表 第 5 章 能量方程与伯努利方程 ·61· W = ∫∫ (σ n ⋅ V )dS (5.1.5) 其中，σ n 为作用在控制面上的表面应力，可将其分解为垂直于控制体面的法向应力 pn 和切向 于表面的切应力 τ 。理想流体的切应力 τ = 0 ，而法向应力为压强： pn = − pn (5.1.6) 其中， p 为流体压强，其中负号表示流体压强沿作用面的内法线方向，故对理想流体 W = ∫∫ − p(V ⋅ n)dS (5.1.7) 将式(5.1.7),Bernoulli/机械能/动量控制体,P1 > 控制体动量模板；P1 > 伯努利/机械能；Q2 > 弯管受力/喷嘴反力；M21 > 题图决策卡；M26 > 高频计算/查表/控制体收口,P1,先选截面，写连续和 Bernoulli/机械能；再按控制体受力图列压力力、壁面力和动量通量；多出口用 M26 通式；求出壁面对流体的力后按题问管/螺栓取反。,1. 先按题干关键词选模型；2. 在 v80 对应页写首个控制方程/公式；3. 把题给几何、单位和边界条件代入；4. 做代数求解或列出需要查图查表的位置；5. 检查单位、方向、绝压/表压或适用条件。,复杂三维受力和图中方向仍要自己画清楚；v80 已补多出口通式和喷嘴/弯管收口流程。 v69 把截面号、面积、高程、表压/绝压、CV取反和局损速度集中到读图/收口八查。 v80 保留雷诺输运、压力力方向/表压、孔板/文丘里流量计公式链，并补控制体外力组成与自由射流动量通量提示；复杂控制体仍需画受力图。,主题命中“Bernoulli/机械能/动量控制体”，v80 基础过程覆盖约 84%。；仍依赖教材图表或读图；v80 有小查表/查表动作和收口模板，但不是完整数值表。,8.0,10.0,80.0,中高,
Q0414,课本教材题-张扬军文本,D:\虚拟C盘\学习\流体力学\张扬军（车辆学院）\教材\流体力学教材_text.txt,流体力学教材_text.txt,5.1,5.1.2 微分形式能量方程 微分形式的能量守恒方程本节不进行推导，直接给出方程表达式： D D⎛ V2 ⎞ ρ e = ρ ⎜ eu + + gz ⎟ = ρ f m ⋅ V + ∇ ⋅ (σ ⋅V ) + ∇ ⋅ (k ∇T ) + ρ q (5.1.11) Dt Dt ⎝ 2 ⎠ ⎡σ xx σ xy σ xz ⎤ ⎢ ⎥ 其中， f m 为单位质量流体受到的质量力(重力除外)； σ = ⎢σ yx σ yy σ yz ⎥ 为表面力张量；k ⎢ ⎥ ⎢⎣σ zx σ zy σ zz ⎥⎦ 为热导率； q 为单位质量的辐射传热率。感兴趣的读者可自行推导。,Bernoulli/机械能/动量控制体,P1 > 控制体动量模板；P1 > 伯努利/机械能；Q2 > 弯管受力/喷嘴反力；M21 > 题图决策卡；M26 > 高频计算/查表/控制体收口,P1,先选截面，写连续和 Bernoulli/机械能；再按控制体受力图列压力力、壁面力和动量通量；多出口用 M26 通式；求出壁面对流体的力后按题问管/螺栓取反。,1. 先按题干关键词选模型；2. 在 v80 对应页写首个控制方程/公式；3. 把题给几何、单位和边界条件代入；4. 做代数求解或列出需要查图查表的位置；5. 检查单位、方向、绝压/表压或适用条件。,复杂三维受力和图中方向仍要自己画清楚；v80 已补多出口通式和喷嘴/弯管收口流程。 v69 把截面号、面积、高程、表压/绝压、CV取反和局损速度集中到读图/收口八查。 v80 保留雷诺输运、压力力方向/表压、孔板/文丘里流量计公式链，并补控制体外力组成与自由射流动量通量提示；复杂控制体仍需画受力图。,主题命中“Bernoulli/机械能/动量控制体”，v80 基础过程覆盖约 84%。；题目要求推导或定义积分；v80 有 M24/M25/M26 骨架，但完整推导仍扣少量严谨性分。；仍依赖教材图表或读图；v80 有小查表/查表动作和收口模板，但不是完整数值表。,7.2,10.0,72.0,中高,
Q0415,课本教材题-张扬军文本,D:\虚拟C盘\学习\流体力学\张扬军（车辆学院）\教材\流体力学教材_text.txt,流体力学教材_text.txt,5.2,5.2.2 伯努利方程的应用 伯努利方程指出了不可压缩理想流体在势力场中做定常流动时，同一条流线上各点之间 的能量关系。若没有外力作用，在理想不可压缩流体的管内流动中，速度大的截面处压强低； 速度小的截面处压强高。流体静压强可通过仪器直接测量获得，故利用伯努利方程可以求得 流体的速度。因此，伯努利方程在工程计算中非常有用，下面举一些简单例子予以说明。 例题 5-1 如图 5-1 所示，设有盛液的巨大容器(如水库或贮液罐)，在液面下容器底部有 一个排液小孔，假定液体黏性可以忽略，已知液面上压强 p1 ，孔口外压强 p2 ，孔口面积 a ，计算小孔泻出的流量。,Bernoulli/机械能/动量控制体,P1 > 控制体动量模板；P1 > 伯努利/机械能；Q2 > 弯管受力/喷嘴反力；M21 > 题图决策卡；M26 > 高频计算/查表/控制体收口,P1,先选截面，写连续和 Bernoulli/机械能；再按控制体受力图列压力力、壁面力和动量通量；多出口用 M26 通式；求出壁面对流体的力后按题问管/螺栓取反。,1. 先按题干关键词选模型；2. 在 v80 对应页写首个控制方程/公式；3. 把题给几何、单位和边界条件代入；4. 做代数求解或列出需要查图查表的位置；5. 检查单位、方向、绝压/表压或适用条件。,复杂三维受力和图中方向仍要自己画清楚；v80 已补多出口通式和喷嘴/弯管收口流程。 v69 把截面号、面积、高程、表压/绝压、CV取反和局损速度集中到读图/收口八查。 v80 保留雷诺输运、压力力方向/表压、孔板/文丘里流量计公式链，并补控制体外力组成与自由射流动量通量提示；复杂控制体仍需画受力图。,主题命中“Bernoulli/机械能/动量控制体”，v80 基础过程覆盖约 84%。；题型偏概念简答；v80 已有短答库，但非对应专栏仍扣少量组织分。；仍依赖教材图表或读图；v80 有小查表/查表动作和收口模板，但不是完整数值表。,7.4,10.0,74.0,中高,
Q0416,课本教材题-张扬军文本,D:\虚拟C盘\学习\流体力学\张扬军（车辆学院）\教材\流体力学教材_text.txt,流体力学教材_text.txt,6.1,6.1.1 积分形式动量方程 动量方程适用于求解流体与固体之间的相互作用，是动量守恒定律应用于流体流动问题 的结果。根据动量守恒定律，系统内流体动量随时间的变化率等于作用在系统上外力之和， ρVd∀ = ∑ ( F )S Dt ∫∫∫,Bernoulli/机械能/动量控制体,P1 > 控制体动量模板；P1 > 伯努利/机械能；Q2 > 弯管受力/喷嘴反力；M21 > 题图决策卡；M26 > 高频计算/查表/控制体收口,P1,先选截面，写连续和 Bernoulli/机械能；再按控制体受力图列压力力、壁面力和动量通量；多出口用 M26 通式；求出壁面对流体的力后按题问管/螺栓取反。,1. 先按题干关键词选模型；2. 在 v80 对应页写首个控制方程/公式；3. 把题给几何、单位和边界条件代入；4. 做代数求解或列出需要查图查表的位置；5. 检查单位、方向、绝压/表压或适用条件。,复杂三维受力和图中方向仍要自己画清楚；v80 已补多出口通式和喷嘴/弯管收口流程。 v69 把截面号、面积、高程、表压/绝压、CV取反和局损速度集中到读图/收口八查。 v80 保留雷诺输运、压力力方向/表压、孔板/文丘里流量计公式链，并补控制体外力组成与自由射流动量通量提示；复杂控制体仍需画受力图。,主题命中“Bernoulli/机械能/动量控制体”，v80 基础过程覆盖约 84%。,8.4,10.0,84.0,中高,
Q0417,课本教材题-张扬军文本,D:\虚拟C盘\学习\流体力学\张扬军（车辆学院）\教材\流体力学教材_text.txt,流体力学教材_text.txt,6,(6.1.1) 其中，∫∫∫ ρVd∀ 为系统的动量；∑ ( F )S 为作用在系统上外力的矢量和。借助雷诺输运方程， 把这一针对系统的方程转换成适用于控制体的方程。仅需将雷诺输运方程中物理量 Q 取为单 位体积流体的动量 ρV ，即 Q = ρV 。代入式(4.2.6)中，即可得积分形式动量方程： D ∂ ∫∫∫ ρVd∀ = ∫∫∫ ρVd∀ + ∫∫ ρV (V ⋅ n ) dS = ∑ ( F )S (6.1.2) Dt ∂t ∀S ∀ CV S ∂t ∫∫∫ 对于定常流动， ρVd∀ = 0 ∀ CV 将式(6.1.2)代入式(6.1.1)中，可得定常流动条件下的动量方程为 ∑ ( F )S = ∫∫ ρV (V ⋅ n) dS (6.1.3) 式(6.1.3)表示，在定常流动时，作用于控制体上的合力等于流出、流入控制面的净动量流率。 值得注意的是，式(6.1.3)是一个矢量方程。在笛卡儿直角坐标系下，可分解成沿 x、y、z 三 个坐标轴方向的分量方程，即 ⎪∑ Fx = ∫∫ ρ u (V ⋅ n ) dS ⎪ S ⎨∑ Fy = ∫∫ ρ v (V ⋅ n ) dS (6.1.4) ⎪ S ⎪∑ Fz = ∫∫ ρ w (V ⋅ n ) dS ⎩⎪ S 式(6.1.4)的物理意义与式(6.1.3)相同，即在定常流动条件下，作用于控制体上的合力沿 三个坐标轴的分量(投影)与流出和流入控制面的净动量流率在三个坐标轴的分量(投影)相等。 下面分别对合力项和净动量流率项进行分析讨论。 ·68· 流 体 力 学,Bernoulli/机械能/动量控制体,P1 > 控制体动量模板；P1 > 伯努利/机械能；Q2 > 弯管受力/喷嘴反力；M21 > 题图决策卡；M26 > 高频计算/查表/控制体收口,P1,先选截面，写连续和 Bernoulli/机械能；再按控制体受力图列压力力、壁面力和动量通量；多出口用 M26 通式；求出壁面对流体的力后按题问管/螺栓取反。,1. 先按题干关键词选模型；2. 在 v80 对应页写首个控制方程/公式；3. 把题给几何、单位和边界条件代入；4. 做代数求解或列出需要查图查表的位置；5. 检查单位、方向、绝压/表压或适用条件。,复杂三维受力和图中方向仍要自己画清楚；v80 已补多出口通式和喷嘴/弯管收口流程。 v69 把截面号、面积、高程、表压/绝压、CV取反和局损速度集中到读图/收口八查。 v80 保留雷诺输运、压力力方向/表压、孔板/文丘里流量计公式链，并补控制体外力组成与自由射流动量通量提示；复杂控制体仍需画受力图。,主题命中“Bernoulli/机械能/动量控制体”，v80 基础过程覆盖约 84%。；题型偏概念简答；v80 已有短答库，但非对应专栏仍扣少量组织分。；仍依赖教材图表或读图；v80 有小查表/查表动作和收口模板，但不是完整数值表。,7.4,10.0,74.0,中高,
Q0418,课本教材题-张扬军文本,D:\虚拟C盘\学习\流体力学\张扬军（车辆学院）\教材\流体力学教材_text.txt,流体力学教材_text.txt,1,1. 合力项 动量方程中的合力项 ∑ ( F )S 表示作用在系统上所有外力的矢量和。在推导雷诺输运方程 时，系统与控制体在初始时刻是重合的，因此，作用在系统上的合力可看作作用在控制体上 的合力。它包括作用在控制体上的所有质量力和作用在控制面上的所有表面力，即 ∑ ( F )S = ∑ ( Fm + Fs )S (6.1.5) 令 f m 表示单位质量的质量力，则总质量力可表示为 Fm = ∫∫∫ f m ρ d∀ (6.1.6) ∀ CV 若 质量力 仅是 重力且 令其 方向沿 坐标 z 轴 负向 ，那 么单位 质量 的质量 力可 以写成 f m = − gez 。控制体上的表面力由下列两种力组成：①控制面上固体表面所产生的力；②控制 面上周围流体的压强和黏性应力。计算时需要特别注意压强的方向，控制面上外部压强垂直 于表面并指向控制体内部，而控制面的单位矢量 n 定义为外法向，两者刚好相反。因此，压 力的公式为 F p = ∫∫ p ( −n ) dS (6.1.7) 若在全闭合控制面上作用均匀压强 pu (如大气压强 pa )，因控制面是闭合的，所以围绕控 制面的均匀压强所产生的静压力为 F pu = 0 ，即 F pu = ∫∫ pu ( −n ) dS = − pu ∫∫ ndS = 0 (6.1.8) S S 因此，若作用在控制面上的总压强包含这个均匀压强 pu 。为简化计算，可将总压强减去 均匀压强(如大气压强 pa )，然后计算压力，其结果是相同的。若 pu = pa ，则 F p = ∫∫ ( p − pa ) ( − n ) dS = ∫∫ pg ( − n ) dS (6.1.9) S S 其中， pg 为相对压强(或表压)。用此法可简化压力的计算。,Bernoulli/机械能/动量控制体,P1 > 控制体动量模板；P1 > 伯努利/机械能；Q2 > 弯管受力/喷嘴反力；M21 > 题图决策卡；M26 > 高频计算/查表/控制体收口,P1,先选截面，写连续和 Bernoulli/机械能；再按控制体受力图列压力力、壁面力和动量通量；多出口用 M26 通式；求出壁面对流体的力后按题问管/螺栓取反。,1. 先按题干关键词选模型；2. 在 v80 对应页写首个控制方程/公式；3. 把题给几何、单位和边界条件代入；4. 做代数求解或列出需要查图查表的位置；5. 检查单位、方向、绝压/表压或适用条件。,复杂三维受力和图中方向仍要自己画清楚；v80 已补多出口通式和喷嘴/弯管收口流程。 v69 把截面号、面积、高程、表压/绝压、CV取反和局损速度集中到读图/收口八查。 v80 保留雷诺输运、压力力方向/表压、孔板/文丘里流量计公式链，并补控制体外力组成与自由射流动量通量提示；复杂控制体仍需画受力图。,主题命中“Bernoulli/机械能/动量控制体”，v80 基础过程覆盖约 84%。；题型偏概念简答；v80 已有短答库，但非对应专栏仍扣少量组织分。；题目要求推导或定义积分；v80 有 M24/M25/M26 骨架，但完整推导仍扣少量严谨性分。；仍依赖教材图表或读图；v80 有小查表/查表动作和收口模板，但不是完整数值表。,6.6,10.0,66.0,中高,
Q0419,课本教材题-张扬军文本,D:\虚拟C盘\学习\流体力学\张扬军（车辆学院）\教材\流体力学教材_text.txt,流体力学教材_text.txt,2,2. 净动量流率项 式(6.1.3)中，控制体的净动量流率项 ∫∫ ρV (V ⋅ n ) dS 是对控制面的面积分。通常情况下， 当控制面上流体速度分布不均匀时，要通过积分才能求出。但若适当选择控制体，使 V 和 ρ 在 控制面上均匀分布，这时净动量流率为流出和流入控制体的动量流率之差，可通过式(6.1.10) 计算： ∫∫ ρV (V ⋅ n) dS = ∑ ( ρQV )o − ∑ ( ρ QV )i (6.1.10) 其中，下标 o 和 i 分别代表控制体出口和入口。式(6.1.10)是矢量方程，求解时同样可将其在 笛卡儿直角坐标系中分解为沿 x、y、z 三个坐标方向的分量 第 6 章 动量方程及动量矩方程 ·69· ⎪ ∫∫ ρ u (V ⋅ n ) dS = ∑ ( ρ Qu )o − ∑ ( ρ Qu )i ⎨ ∫∫ ρ v (V ⋅ n ) dS = ∑ ( ρ Qv )o − ∑ ( ρ Qv )i (6.1.11) ⎪ ∫∫ ρ w (V ⋅ n ) dS = ∑ ( ρ Qw)o − ∑ ( ρ Qw)i ⎩⎪ S 在使用式(6.1.11)时，应特别注意坐标方向与速度分量 u、 v、 w 方向之间的关系。如果坐 标方向与速度分量方向一致，动量流率项为正值；如果坐标方向与速度分量方向相反，动量 流率项为负值。动量方程适用于求解流体与固体之间的相互作用问题。在应用动量方程时， 应选择合适的控制体，确定合适的坐标系。然后，将已知外力、动量向所确定的坐标轴投影， 求得在该方向上的分量。假定待求力的方向与所确定的坐标方向一致，若最后计算结果是正 值，则待求力的方向与假定一致，沿坐标轴正向；若计算结果是负值，则待求力的方向与假 定相反，即沿坐标轴负向。 例题 6-1 如图 6-1 所示的弯管中，水流量 Q = 0.08 m3 /s (流动方向为 A1 → A2 )。管直径 d1 = 0.3 m ， d2 = 0.2 m ，转角 θ = 30° ，截面 A1 中心点的相对压强 p1 − pa = 12 kPa 。不考虑 重力影响，试求管壁对水流的作用力 F 。 图 6-1 例题 6-1 示意图,Bernoulli/机械能/动量控制体,P1 > 控制体动量模板；P1 > 伯努利/机械能；Q2 > 弯管受力/喷嘴反力；M21 > 题图决策卡；M26 > 高频计算/查表/控制体收口,P1,先选截面，写连续和 Bernoulli/机械能；再按控制体受力图列压力力、壁面力和动量通量；多出口用 M26 通式；求出壁面对流体的力后按题问管/螺栓取反。,1. 先按题干关键词选模型；2. 在 v80 对应页写首个控制方程/公式；3. 把题给几何、单位和边界条件代入；4. 做代数求解或列出需要查图查表的位置；5. 检查单位、方向、绝压/表压或适用条件。,复杂三维受力和图中方向仍要自己画清楚；v80 已补多出口通式和喷嘴/弯管收口流程。 v69 把截面号、面积、高程、表压/绝压、CV取反和局损速度集中到读图/收口八查。 v80 保留雷诺输运、压力力方向/表压、孔板/文丘里流量计公式链，并补控制体外力组成与自由射流动量通量提示；复杂控制体仍需画受力图。,主题命中“Bernoulli/机械能/动量控制体”，v80 基础过程覆盖约 84%。；仍依赖教材图表或读图；v80 有小查表/查表动作和收口模板，但不是完整数值表。,8.0,10.0,80.0,中高,
Q0420,课本教材题-张扬军文本,D:\虚拟C盘\学习\流体力学\张扬军（车辆学院）\教材\流体力学教材_text.txt,流体力学教材_text.txt,6.2,6.2 流体运动的动量矩方程 动量矩守恒定律给出作用在流体质点上的净力矩与质点角动量随时间变化率之间的关系。 ·72· 流 体 力 学 如图 6-3 所示，距原点 O 矢径为 r0 的空间 P 点处质 量为 mP 的流体质点，其运动速度为 V 且受到外力 F 的作用，则力 F 对点 O 的力矩 M0 与流体质点对 O 点的角动量随时间的变化率相等，即 ⎡ r0 × ( mPV ) ⎤⎦ M 0 = r0 × F = (6.2.1) dt ⎣ 对于由许多质点组成的流体系统，动量矩定理 可用式(6.2.2)表示： 图 6-3 动量矩原理示意图 ∑ ( M 0 )S = Dt ∫∫∫ r0 × ρVd∀ (6.2.2) 其中，∑ ( M 0 )s 为作用在系统上的外力矩的矢量和； ∫∫∫ r0 × ρVd∀ 为系统的角动量。与动量方程的处理方法类似，可应用雷诺输运方程，把对系 统的动量矩方程转换成对控制体的动量矩方程。雷诺输运方程中系统的物理量 Q 取为单位体 积角动量 r0 × ρV ，即 Q = r0 × ρV ，并代入雷诺输运方程，即可得 D ∂ ∫∫∫ ( r0 × ρV ) d∀ = ∫∫∫ ( r0 × ρV ) d∀ + ∫∫ ( r0 × ρV ) ⋅ (V ⋅ n ) dS (6.2.3) Dt ∂t ∀S ∀ CV S 代入式(6.2.2)，有 ∑ ( M 0 )S = ∂t ∫∫∫ ( r0 × ρV ) d∀ + ∫∫ ( r0 × ρV ) ⋅ (V ⋅ n) dS (6.2.4) ∀ CV S ( r0 × ρV ) d∀ = 0 ，式(6.2.4)成为 ∂t ∫∫∫ 对定常流动 ∀ CV ∑ ( M 0 )S = ∫∫ ( r0 × ρV ) ⋅ (V ⋅ n) dS (6.2.5) 式(6.2.5)为定常流动的动量矩方程，等号左边合力矩的下标 S 代表对系统的力矩。但由 于在推导雷诺方程时，初始时刻系统与控制体是重合的，故 ∑ ( M0 ) 也可以看作作用在控制体 上所有外力矩的矢量和。因此，式(6.2.5)的物理意义为：定常流动时，作用在控制体上所有 外力矩的矢量和，等于流入、流出控制面的净角动量流率。 在分析转动流体机械时，往往仅需要采用沿转轴方向的动量矩方程。此时，可以选择在 柱坐标中分析问题，并将坐标 z 轴与流体机械的转轴重合。如果叶轮进、出口截面 1 与 2 处 流动都是均匀的(或取平均值)，并且考虑到只有与 r 垂直的速度分量才会产生转矩，式(6.2.5) 沿 z 轴的投影形式可以写成 ∑ M 轴 = ( r2vθ 2 − r1vθ 1 )Q (6.2.6) 其中，Q 为流经流体机械的质量流量； vθ 1 与 vθ 2 为流体在进、出口截面 1 与 2 处的绝对速度 的切向分量； r1 与 r2 为 vθ 1 与 vθ,Bernoulli/机械能/动量控制体,P1 > 控制体动量模板；P1 > 伯努利/机械能；Q2 > 弯管受力/喷嘴反力；M21 > 题图决策卡；M26 > 高频计算/查表/控制体收口,P1,先选截面，写连续和 Bernoulli/机械能；再按控制体受力图列压力力、壁面力和动量通量；多出口用 M26 通式；求出壁面对流体的力后按题问管/螺栓取反。,1. 先按题干关键词选模型；2. 在 v80 对应页写首个控制方程/公式；3. 把题给几何、单位和边界条件代入；4. 做代数求解或列出需要查图查表的位置；5. 检查单位、方向、绝压/表压或适用条件。,复杂三维受力和图中方向仍要自己画清楚；v80 已补多出口通式和喷嘴/弯管收口流程。 v69 把截面号、面积、高程、表压/绝压、CV取反和局损速度集中到读图/收口八查。 v80 保留雷诺输运、压力力方向/表压、孔板/文丘里流量计公式链，并补控制体外力组成与自由射流动量通量提示；复杂控制体仍需画受力图。,主题命中“Bernoulli/机械能/动量控制体”，v80 基础过程覆盖约 84%。；题型偏概念简答；v80 已有短答库，但非对应专栏仍扣少量组织分。；题目要求推导或定义积分；v80 有 M24/M25/M26 骨架，但完整推导仍扣少量严谨性分。；仍依赖教材图表或读图；v80 有小查表/查表动作和收口模板，但不是完整数值表。,6.6,10.0,66.0,中高,
Q0421,课本教材题-张扬军文本,D:\虚拟C盘\学习\流体力学\张扬军（车辆学院）\教材\流体力学教材_text.txt,流体力学教材_text.txt,6.3,6.3 叶轮机械的欧拉公式 工程中常用的压气机、水泵等机械利用旋转叶轮对流体做功，以提高流体的动能或压强； 而汽轮机、水轮机等动力机械则利用高速或高 焓气体推动旋转叶轮做功。这两类机械统称叶 轮式流体机械，简称叶轮机械。以流动的形式 分类，叶轮机械又可以分成轴流式和离心式。 流体以旋转轴方向通过叶轮的机械称为轴流式， 流体在垂直于旋转轴的平面上通过叶轮的机械 称为离心式。 图 6-5(a)是一个离心式叶轮机械的示意图， 流体在纸面内通过叶轮，叶轮绕垂直于纸面的 图 6-5 (a)叶轮机械示意图和(b)一个叶片通道 轴线以等角速度旋转。叶轮入口直径为 d1 ，叶 控制体 轮上有 N 个叶片，叶轮出口直径为 d2 。相对于 第 6 章 动量方程及动量矩方程 ·75· 旋转叶轮，流体流入及流出的相对速度为 w1 和 w2 ，它们与叶轮周向速度之间的夹角分别称为 入口安装角 β 和出口安装角 β ，流经叶轮的流体质量流量为 M 。接下来，将介绍如何采用 1 2 流体力学的积分型动量矩方程来计算叶轮对流体所做的功。 实际叶轮中的流动比较复杂，因此需要进行一些简化以求得简便的工程计算公式。首先， 假定叶片很薄，其厚度对流动的影响忽略不计；其次，假定任意两叶片间的流动都相同，即 流动参数沿周向均匀分布；最后，假定流动是平面流，即流动参数沿轴向不变。取固结于叶 轮的旋转坐标系，在其中以两叶片的壁面和进、出口截面 ABCD 建立控制体，如图 6-5(b)所 示。令流动是平面的，轴向取单位长度。由于存在惯性效应，在旋转坐标系中质量力除重力 外还应包括惯性力。对于等速旋转的叶轮，牵连加速度只有向心加速度，故惯性力强度为 − a = −ω × (ω × r ) − 2ω × w = ω 2 r + 2 w × ω (6.3.1) 其中， ω 为叶轮旋转角速度矢量； w 为流体相对于旋转叶轮的运动速度； r 为平面极坐标位 置矢量。式(6.3.1)右端第一项为离心惯性力强度，第二项为科氏惯性力强度。 在旋转坐标系中，流体做定常流动，在图 6-5(b)所示控制体上建立质量守恒方程或连续 性方程，可以得到 ∫∫ ρ ( w ⋅ n) dS = 0 在叶片表面上，速度无穿透， w ⋅ n = 0 ，故连续性方程可以化简为 − ∫∫ ρ1 w1 ⋅ n1dS = ∫∫ ρ 2 w 2 ⋅ n2 dS = M N (6.3.2) S1 S2 由于忽略了叶片的厚度，所以 S1 = πd1 / N ， S2 = πd2 / N ， N 为叶轮上的叶片数，在极坐 标中式(6.3.2)还可写成 2π N ∫0 ρ w ⋅ rdθ = M N (6.3.3) 为求叶轮对流体所做的功，首先应采用动量矩方程求出叶轮对流体作用的力矩。在随叶 轮旋转的坐标系中，相对运动定常，故局部导数项为零。动量矩方程可化简为,粘性管路/沿程局部损失/泵水轮机,P5 > 管路损失；Q5 > 粘性流动题库速解；M21 > 题图决策卡；M22 > 误判；M26 > 管路/模型,P5,由 Q 求 V，算 Re，判层/湍；层流用 H-P 或 64/Re，光滑湍流可用 0.3164/Re^(1/4)，粗糙管查 Moody；局部损失用所在管段速度；汇总后代入机械能求目标量。,1. 由 Q 和管径求 V；2. 算 Re 判断层流/湍流；3. 取 lambda 或查 Moody/Colebrook；4. 汇总沿程/局部损失；5. 代入机械能方程求目标量。,局部损失系数、粗糙度和物性仍需题给或查教材；v80 明确了 Moody、光滑管和局部损失速度的收口。 v80 保留管路机械能、沿程/局部损失、泵/水轮机功率、Moody/Colebrook 入口，并补圆管层流抛物线速度分布、湍流丰满剖面和平均/最大速度易错。,主题命中“粘性管路/沿程局部损失/泵水轮机”，v80 基础过程覆盖约 85%。；题目要求推导或定义积分；v80 有 M24/M25/M26 骨架，但完整推导仍扣少量严谨性分。；仍依赖教材图表或读图；v80 有小查表/查表动作和收口模板，但不是完整数值表。,7.3,10.0,73.0,中高,
Q0422,课本教材题-张扬军文本,D:\虚拟C盘\学习\流体力学\张扬军（车辆学院）\教材\流体力学教材_text.txt,流体力学教材_text.txt,6,(6.3.14) ) 式(6.3.13)和式(6.3.14)称为欧拉叶轮机械公式，其中 β1 、β 2 、r1 和 r2 为叶轮的几何参数； M 为质量流量； ω 为叶轮转速。这些量给定后，只要算出 w1 和 w2 便能得到叶片对流体作用 的力矩和功率。 在叶轮机械中，常用速度三角形方法来求叶片的进、出口相对速度 w1 和 w2 。在叶轮中流 第 6 章 动量方程及动量矩方程 ·77· 体质点的相对运动速度是 w ，流体质点相对于固定坐标系的绝对速度用 c 表示，叶轮旋转坐 标系中的牵连速度为 ω × r ，三者之间关系为 c = w +ω ×r (6.3.15) 用几何方法表示式(6.3.15)的速度关系式称为速度三角形，如图 6-6 所示。其中 u 表示周 向速度 ω × r ，它沿圆周切向。叶片进、出口处的切线方向与叶轮周向速度方向的交角 β1和β2 定义为叶片安装角。在进、出口处，流体绝对速度 c 与叶轮周向速度方向的交角定义为进气 角和出气角，并用 α1 、 α 2 表示。由图 6-6 所示的速度三角形几何关系，可得 u1 − w1 cos β1 = r1ω − w1 cos β1 = c1 cos α1 = c1u 同理， u2 − w2 cos β2 = r2ω − w2 cos β2 = c2 cosα 2 = c2u 代入式(6.3.13)和式(6.3.14)，叶轮功率公式可改写为 L = M ( r c cos α − r c cos α ) 2 2 2 1 1 1 (6.3.16) P = Lω = M ( u2 c2u − u1c1u ) (6.3.17) 其中， c1u 、 c2u 为进、出口流体绝对速度的沿圆周切向的分量； u1 、 u2 为进、出口处的叶轮 旋转的圆周速度。 图 6-6 速度三角形 如果 P > 0 ，根据式(6.3.17)，有 u2 c2u − u1c1u > 0 此时代表叶轮对流体做功，这种机械称为压缩机。同理，根据式(6.3.17)，如果 P < 0 ， 可知有 u2 c2u − u1c1u < 0 此时代表流体对叶轮做功，这种机械为膨胀机或涡轮机。 科技前沿(6)——航空发动机 习 题 6-1 如图 6-7 所示，一股射流以速度 V0 水平射到倾斜光滑平板上，射流的体积流量为 Q0 。 求沿板面两侧的分流量 Q1 和 Q2 的表达式以及射流对板面的作用力(忽略流体撞击的损失和重 力影响，并假设射流内的压强在分流前后没有变化)。 6-2 高压管末端的喷嘴如图 6-8 所示。其中出口直径 d = 10cm ，管段直径 D = 40cm ，喷 嘴内流体流量 Q = 0.4m3 /s ，喷嘴和管以法兰盘连接，共用 12 个螺栓，不计水和管嘴的重量， 求每个螺栓的受力大小和方向。 ·78· 流 体 力 学 图 6-,Bernoulli/机械能/动量控制体,P1 > 控制体动量模板；P1 > 伯努利/机械能；Q2 > 弯管受力/喷嘴反力；M21 > 题图决策卡；M26 > 高频计算/查表/控制体收口,P1,先选截面，写连续和 Bernoulli/机械能；再按控制体受力图列压力力、壁面力和动量通量；多出口用 M26 通式；求出壁面对流体的力后按题问管/螺栓取反。,1. 先按题干关键词选模型；2. 在 v80 对应页写首个控制方程/公式；3. 把题给几何、单位和边界条件代入；4. 做代数求解或列出需要查图查表的位置；5. 检查单位、方向、绝压/表压或适用条件。,复杂三维受力和图中方向仍要自己画清楚；v80 已补多出口通式和喷嘴/弯管收口流程。 v69 把截面号、面积、高程、表压/绝压、CV取反和局损速度集中到读图/收口八查。 v80 保留雷诺输运、压力力方向/表压、孔板/文丘里流量计公式链，并补控制体外力组成与自由射流动量通量提示；复杂控制体仍需画受力图。,主题命中“Bernoulli/机械能/动量控制体”，v80 基础过程覆盖约 84%。；题型偏概念简答；v80 已有短答库，但非对应专栏仍扣少量组织分。；仍依赖教材图表或读图；v80 有小查表/查表动作和收口模板，但不是完整数值表。,7.4,10.0,74.0,中高,
Q0423,课本教材题-张扬军文本,D:\虚拟C盘\学习\流体力学\张扬军（车辆学院）\教材\流体力学教材_text.txt,流体力学教材_text.txt,1.2,1.2 节中已经介绍过牛顿平板实验的相关内容。通过实验发现，流体中的切应力与流体运 动的角变形率成正比，即牛顿内摩擦定律。采用本书所定义的应力符号，该定律也可以写成 如下形式： τ yx = μ (7.1.1) 其中， μ 为动力黏度； ∂u ∂y 为牛顿平板实验中平行剪切流的角变形率。式(7.1.1)是最简单 的应力与变形率之间的关系式，仅适用于平行剪切流动。要得到一般形式的应力与变形率之 间的关系式还需运用理论推演的手段。英国科学家斯托克斯在 1845 年把牛顿内摩擦定律推广 到了任意的三维流动。他认为，应力与变形率之间的关系应该满足以下三个条件： (1)应力与变形率之间呈正比关系； (2)流体是各向同性的，换言之，应力与变形率之间的关系与方向无关； (3)当流体静止时，利用应力与变形率之间的关系，流体的正应力应该等于静压强。 这三个条件通常也称为斯托克斯假设(注：此处的正应力 σ 为黏性正应力 τ 和压强 p 之和)。 由假设(1)，应力分量与对应变形率分量之间的关系可以写为 σ xx = aε x + b (7.1.2) σ yy = aε y + b (7.1.3) σ zz = aε z + b (7.1.4) τ xy = τ yx = aγ z (7.1.5) τ yz = τ zy = aγ x (7.1.6) τ zx = τ xz = aγ y (7.1.7) 其中，ε x、ε y、ε z 和 γ x、γ y、γ z 为 3.4 节中所定义的线变形率和角变形率；a 和 b 为待定常数。 考虑到假设(2)，可知式(7.1.2)～式(7.1.7)应与坐标系的选取无关。再考虑到假设(3)，当流 体静止时其线变形率等于零，此时的正应力等于流体静压强，因此，在式(7.1.2)～式(7.1.4) 中三个正应力的表达式中加入了待定常数 b 。根据式(7.1.5)，切应力 τ yx 应该表示为 a ⎛ ∂v ∂u ⎞ τ yx = aγ z = ⎜ + ⎟ (7.1.8) 2 ⎝ ∂x ∂y ⎠ 将式 (7.1.8) 与由牛顿平板实验得到的式 (7.1.1) 相比较，并考虑到在牛顿平板实验中 ∂v / ∂x = 0 ，可知必有 a = 2μ (7.1.9) 第 7 章 基本方程及定解条件 ·81· 运用式(7.1.9)所给出的 a ，由式(7.1.2)～式(7.1.4)可以得到三个正应力分量的表达式为 σ xx = 2μ +b (7.1.10) σ yy = 2μ + b (7.1.11) σ zz = 2 μ +b (7.1.12) 再把三个正应力分量相加得到 ⎛ ∂u ∂v ∂w ⎞ σ xx +σ yy +σ zz = 2μ ⎜ + + ⎟ + 3b (7.1.13) ⎝ ∂ x ∂y ∂ z ⎠ 当流体静止时，正应力等于流体静压强，即有 σ x,概念简答/定义解释,M18 > 往年题可能问法：一句话答案；M23 > 概念短答库；R6 > 可直接抄的结论句；M9 > 高频小问速答；M12 > 概念题保底,无直接页码,先定位 M18/M23/R6 的可抄定义句；按“定义一句+原因一句+后果一句”写；若有公式页，再补适用条件和易错点。,1. 先按题干关键词选模型；2. 在 v80 对应页写首个控制方程/公式；3. 把题给几何、单位和边界条件代入；4. 做代数求解或列出需要查图查表的位置；5. 检查单位、方向、绝压/表压或适用条件。,v80 已显著补强短答，但长论述、实验现象细节和教材原话仍可能扣少量分。 v67 补长论述结构，v69 补读图/收口检查，v80 补层流/湍流/渐变流可抄定义；教材原话仍可能扣分。 v80 已补 N-S 各项标准意义、控制体外力组成、层/湍速度剖面、Boussinesq 涡黏、水击波速因素、孔板/自由射流概念、渐变流测压管水头、Ma 物理意义与 0.3 判据、深水波定义、RTT 守恒入口、完全/部分相似短答和标准四行答案模板，适合先写过程分。,主题命中“概念简答/定义解释”，v80 基础过程覆盖约 89%。；仍依赖教材图表或读图；v80 有小查表/查表动作和收口模板，但不是完整数值表。,8.5,10.0,85.0,中高,
Q0424,课本教材题-张扬军文本,D:\虚拟C盘\学习\流体力学\张扬军（车辆学院）\教材\流体力学教材_text.txt,流体力学教材_text.txt,7,(7.1.26) 实践证明，对于大多数流体的流动，本构方程都能够较好地描述应力与变形率之间的关 系。然而，自然界中也有一些流体不满足这个定律。通常将满足这个定律的流体称为牛顿流 体，不满足这个定律的流体称为非牛顿流体。,概念简答/定义解释,M18 > 往年题可能问法：一句话答案；M23 > 概念短答库；R6 > 可直接抄的结论句；M9 > 高频小问速答；M12 > 概念题保底,无直接页码,先定位 M18/M23/R6 的可抄定义句；按“定义一句+原因一句+后果一句”写；若有公式页，再补适用条件和易错点。,1. 先按题干关键词选模型；2. 在 v80 对应页写首个控制方程/公式；3. 把题给几何、单位和边界条件代入；4. 做代数求解或列出需要查图查表的位置；5. 检查单位、方向、绝压/表压或适用条件。,v80 已显著补强短答，但长论述、实验现象细节和教材原话仍可能扣少量分。 v67 补长论述结构，v69 补读图/收口检查，v80 补层流/湍流/渐变流可抄定义；教材原话仍可能扣分。 v80 已补 N-S 各项标准意义、控制体外力组成、层/湍速度剖面、Boussinesq 涡黏、水击波速因素、孔板/自由射流概念、渐变流测压管水头、Ma 物理意义与 0.3 判据、深水波定义、RTT 守恒入口、完全/部分相似短答和标准四行答案模板，适合先写过程分。,主题命中“概念简答/定义解释”，v80 基础过程覆盖约 89%。；题目要求推导或定义积分；v80 有 M24/M25/M26 骨架，但完整推导仍扣少量严谨性分。,8.1,10.0,81.0,中高,
Q0425,课本教材题-张扬军文本,D:\虚拟C盘\学习\流体力学\张扬军（车辆学院）\教材\流体力学教材_text.txt,流体力学教材_text.txt,7.2,7.2 流体的热力学状态方程 在 7.1 节介绍的流体本构方程中含有压强 p，对于可压缩流动体的流动问题，压强 p 通常 与流体密度ߩ、温度 T 等热力学状态量相关。表征流体处于热力学平衡态时压强 p、流体密度 ߩ、温度 T 等三个热力学参量的函数关系式称为状态方程。不同流体有不同的状态方程。对于 气体而言，当其所受压力趋于零且密度极低时，气体分子之间相互作用力可以忽略不计，气 体分子的体积也可忽略。此时，其力学行为与理想气体相似，即其状态方程满足 p = ρ RT (7.2.1) 其中，R 为气体常数，与气体的相对分子质量有关， R = Ru / M ， Ru = 8.314J/ ( mol ⋅ K ) 为摩 尔气体常数， M 为气体的摩尔质量。实际情况下，随着气体受到压力的增大，气体的状态方 程都会偏离理想气体状态方程。随着工业的发展，气体受高压过程的应用日趋增多，对实际 气体状态方程的理论或实验研究都得到了促进和发展。目前，相关的状态方程已提出了上百 个，但仅有十多个得到广泛应用。,量纲分析/相似准则,P1 > 量纲分析模板；M25 > 量纲相似+推导骨架；M4 > 流程H；M6 > 标准解模板：相似；M13 > 模型律；M26 > 管路/模型,P1,列变量和基本量纲；选量纲独立且不含待求量的重复变量；逐个令 pi=X rho^a V^b L^c 求指数；最后用 M26 的 F~rho V^2 L^2、Delta p~rho V^2、Fr/Re 缩尺速度比做换算。,1. 先按题干关键词选模型；2. 在 v80 对应页写首个控制方程/公式；3. 把题给几何、单位和边界条件代入；4. 做代数求解或列出需要查图查表的位置；5. 检查单位、方向、绝压/表压或适用条件。,"若变量很冷门或需完整实验相似设计，仍需教材解释；v80 补了常见模型力、压强和速度比例换算。 v80 已补 Buckingham pi 五步流程和 Re/Fr/Ma/We/Eu 判据表；复杂多变量推导仍需手算。 v80 已补模型换算库 Q,t,f,F,Delta p,M,P 和 Re/Fr 冲突答题句；复杂 pi 群仍需手算。 v80 保留量纲齐次/Rayleigh 指数配平、完全/部分相似及 Re/Fr 冲突说明、关键词到 π 群的定位入口、球阻力 CD=f(Re) 标准推导，并补量纲公式、雷诺相似、自模化和压力系数 Cp/Eu 定义；冷门变量仍需逐项列量纲。",主题命中“量纲分析/相似准则”，v80 基础过程覆盖约 86%。；仍依赖教材图表或读图；v80 有小查表/查表动作和收口模板，但不是完整数值表。,8.2,10.0,82.0,中高,
Q0426,课本教材题-张扬军文本,D:\虚拟C盘\学习\流体力学\张扬军（车辆学院）\教材\流体力学教材_text.txt,流体力学教材_text.txt,7.2,"7.2.2 Redlich-Kwong 状态方程 Redlich-Kwong 状态方程是由 1949 年瑞里奇(O.Redlich)和邝(J.N.S.Kwong)对 van der Waals 第 7 章 基本方程及定解条件 ·83· 状态方程进行改进得到的。后人在此基础上进行了深入研究，提出了一系列状态方程，可统 一表示成如下形式： RT a p= − 2 (7.2.3) V − b + c V + δV + ε ) 其中， p 为绝对压力；V 为摩尔体积；T 为热力学温度；R 为气体常数；其余参数 a 、b 、c 、 δ 、ε 根据具体情况分别给出，与流体的临界温度、临界压力等有关系。在实际工程应用中， 式(7.2.3)可以在远离理想气体状态下计算非极性气体的状态，并且在混合物计算与相平衡近 似计算中取得相当好的结果。但对极性气体的计算精度较差。当式(7.2.3)中各参数取值如下： a0 0.42747 Ru2Tc2 0.08664RuTc a (T ) = , a0 = , δ =b= (T / Tc ) 0.5 Pc Pc 其余参数 c 、 ε 为零，且 Tc 、 Pc 为临界温度和临界压力时，式(7.2.3)称为 Redlich-Kwong 状 态方程。当式(7.2.3)中参数取不同取值时，可以得到一系列衍生方程。",可压缩流/喷管/激波/膨胀波,P3 > 等熵流+Laval；P4 > 激波+膨胀波；Q4 > 第7章题库速解；R2 > 查表衔接；M14 > 查表动作；M26 > 可压查表,P3；P4,先判等熵、阻塞、内激波、斜激波或膨胀波；按 P3/P4 分段写公式；用 M26 明确输入量：等熵/面积用 M，正激波用 M1，斜激波用 M1、theta，PM 用 nu(M)；最后检查 pe/pb 和总压是否跨激波重置。,1. 判定等熵段、阻塞、激波或膨胀波；2. 写 T0/T、p0/p、A/A* 或激波关系；3. 选择亚声/超声支；4. 标出需要查表的 M、β、ν；5. 回代压力、温度、流量并检查 pe/pb。,斜激波图、PM 函数和面积-马赫数完整表仍可能需要教材；v80 把查表输入和后续接公式写得更明确。 v68 已补 M=1/2/3 的等熵、面积、PM 角和正激波锚点；完整斜激波/PM/面积查表仍需教材。 v80 保留喷管/激波/PM 查表动作和 0.528 易错判断，并补 Fanno 等截面绝热摩擦管入口；同时保留 Ma 物理意义、等熵任意两点、最大速度、弱/强斜激波、脱体激波、PM 最大偏转、背压/出口内压易错和波阻概念；复杂波系仍需按图逐段判支路。,主题命中“可压缩流/喷管/激波/膨胀波”，v80 基础过程覆盖约 81%。；仍依赖教材图表或读图；v80 有小查表/查表动作和收口模板，但不是完整数值表。,7.7,10.0,77.0,中高,
Q0427,课本教材题-张扬军文本,D:\虚拟C盘\学习\流体力学\张扬军（车辆学院）\教材\流体力学教材_text.txt,流体力学教材_text.txt,7.2,7.2.3 维里 Virial 状态方程 1901 年，卡末林 · 昂尼斯提出以幂级数形式来表达状态方程，即 ⎛ B C D ⎞ pV = RT ⎜1 + + 2 + 3 + ... ⎟ (7.2.4) ⎝ V V V ⎠ 其中，系数 B 、 C 、 D 等仅视为温度的函数，称为第二、第三、第四…维里系数，式(7.2.4) 所示形式的状态方程称为维里(Virial)状态方程。维里状态方程的项数可以按照方程的精确程 度来选定，相应系数可依据实验数据拟合确定。维里系数的物理意义在统计物理学中有一定 的解释，例如，第二维里系数反映一对分子间的相互作用造成的气体性质与理想气体的偏差， 第三维里系数反映三个分子间的相互作用造成的偏差，等等。因此，维里系数还可以用理论 导出，目前，用统计力学方法可以计算到第三维里系数。,概念简答/定义解释,M18 > 往年题可能问法：一句话答案；M23 > 概念短答库；R6 > 可直接抄的结论句；M9 > 高频小问速答；M12 > 概念题保底,无直接页码,先定位 M18/M23/R6 的可抄定义句；按“定义一句+原因一句+后果一句”写；若有公式页，再补适用条件和易错点。,1. 先按题干关键词选模型；2. 在 v80 对应页写首个控制方程/公式；3. 把题给几何、单位和边界条件代入；4. 做代数求解或列出需要查图查表的位置；5. 检查单位、方向、绝压/表压或适用条件。,v80 已显著补强短答，但长论述、实验现象细节和教材原话仍可能扣少量分。 v67 补长论述结构，v69 补读图/收口检查，v80 补层流/湍流/渐变流可抄定义；教材原话仍可能扣分。 v80 已补 N-S 各项标准意义、控制体外力组成、层/湍速度剖面、Boussinesq 涡黏、水击波速因素、孔板/自由射流概念、渐变流测压管水头、Ma 物理意义与 0.3 判据、深水波定义、RTT 守恒入口、完全/部分相似短答和标准四行答案模板，适合先写过程分。,主题命中“概念简答/定义解释”，v80 基础过程覆盖约 89%。；仍依赖教材图表或读图；v80 有小查表/查表动作和收口模板，但不是完整数值表。,8.5,10.0,85.0,中高,
Q0428,课本教材题-张扬军文本,D:\虚拟C盘\学习\流体力学\张扬军（车辆学院）\教材\流体力学教材_text.txt,流体力学教材_text.txt,7.2,"7.2.4 对比状态方程 研究表明，各种物质的热力性质存在一定的相似性，即热力学相似。它表现在用无量纲 的对比参数来表达热力性质时，各种物质的热力性质可以用同一个方程式来表达，方程中不 包含任何与物质种类有关的常数。对比状态方程就是用无量纲的对比参数表达的各种物质通 用的状态方程式，其中， 对比压力为 pr = (7.2.5) 对比温度为 Tr = (7.2.6) 对比摩尔体积为 Vr = (7.2.7) 压缩因子为 (7.2.8) Z= 上述对比压力、对比温度、对比摩尔体积等参数均是与气体临界点相同参数的比值。压 ·84· 流 体 力 学 缩因子 Z 则是气体体积与按理想气体状态方程计算得的体积的比值。压缩因子表达了实际气 体性质与理想气体性质的偏差， Z 偏离 1 越远，气体的性质偏离理想气体越远。实验结果表 明，具有相同对比压力和对比温度时，不同气体的压缩因子基本相等(平均偏差在 5%以内)。 这个由实验得出的规律称为对应态定律，其数学表达为 Z = f ( pr , Tr ) (7.2.9) 式(7.2.9)即对比状态方程的表达形式。对比状态方程的优点是通用性，对各种工质只需知道 它们的临界点参数就可以进行热力性质计算。因为各种物质间的热力学相似性只是近似的， 仅包含两个对比参数的对比状态方程不能给出较精确的计算结果。为此，一些研究者在方程 中引入一些表征气体分子结构或运动特征的无量纲量，组成有较多参数的、精度较高的对比 状态方程。",量纲分析/相似准则,P1 > 量纲分析模板；M25 > 量纲相似+推导骨架；M4 > 流程H；M6 > 标准解模板：相似；M13 > 模型律；M26 > 管路/模型,P1,列变量和基本量纲；选量纲独立且不含待求量的重复变量；逐个令 pi=X rho^a V^b L^c 求指数；最后用 M26 的 F~rho V^2 L^2、Delta p~rho V^2、Fr/Re 缩尺速度比做换算。,1. 先按题干关键词选模型；2. 在 v80 对应页写首个控制方程/公式；3. 把题给几何、单位和边界条件代入；4. 做代数求解或列出需要查图查表的位置；5. 检查单位、方向、绝压/表压或适用条件。,"若变量很冷门或需完整实验相似设计，仍需教材解释；v80 补了常见模型力、压强和速度比例换算。 v80 已补 Buckingham pi 五步流程和 Re/Fr/Ma/We/Eu 判据表；复杂多变量推导仍需手算。 v80 已补模型换算库 Q,t,f,F,Delta p,M,P 和 Re/Fr 冲突答题句；复杂 pi 群仍需手算。 v80 保留量纲齐次/Rayleigh 指数配平、完全/部分相似及 Re/Fr 冲突说明、关键词到 π 群的定位入口、球阻力 CD=f(Re) 标准推导，并补量纲公式、雷诺相似、自模化和压力系数 Cp/Eu 定义；冷门变量仍需逐项列量纲。",主题命中“量纲分析/相似准则”，v80 基础过程覆盖约 86%。；题目要求推导或定义积分；v80 有 M24/M25/M26 骨架，但完整推导仍扣少量严谨性分。；仍依赖教材图表或读图；v80 有小查表/查表动作和收口模板，但不是完整数值表。,7.4,10.0,74.0,中高,
Q0429,课本教材题-张扬军文本,D:\虚拟C盘\学习\流体力学\张扬军（车辆学院）\教材\流体力学教材_text.txt,流体力学教材_text.txt,7.3,7.3 流体力学基本方程组和边界条件 前面介绍了流体流动需要满足的连续性方程、动量方程、动量矩方程以及能量方程，同 时介绍了与流体物质属性相关的流体本构方程和热力学状态方程，它们组成求解流体流动问 题的基本方程组，通过补充相应的定解条件，如边界条件和初始条件，就可以通过基本方程 组对流动问题进行求解。,Bernoulli/机械能/动量控制体,P1 > 控制体动量模板；P1 > 伯努利/机械能；Q2 > 弯管受力/喷嘴反力；M21 > 题图决策卡；M26 > 高频计算/查表/控制体收口,P1,先选截面，写连续和 Bernoulli/机械能；再按控制体受力图列压力力、壁面力和动量通量；多出口用 M26 通式；求出壁面对流体的力后按题问管/螺栓取反。,1. 先按题干关键词选模型；2. 在 v80 对应页写首个控制方程/公式；3. 把题给几何、单位和边界条件代入；4. 做代数求解或列出需要查图查表的位置；5. 检查单位、方向、绝压/表压或适用条件。,复杂三维受力和图中方向仍要自己画清楚；v80 已补多出口通式和喷嘴/弯管收口流程。 v69 把截面号、面积、高程、表压/绝压、CV取反和局损速度集中到读图/收口八查。 v80 保留雷诺输运、压力力方向/表压、孔板/文丘里流量计公式链，并补控制体外力组成与自由射流动量通量提示；复杂控制体仍需画受力图。,主题命中“Bernoulli/机械能/动量控制体”，v80 基础过程覆盖约 84%。,8.4,10.0,84.0,中高,
Q0430,课本教材题-张扬军文本,D:\虚拟C盘\学习\流体力学\张扬军（车辆学院）\教材\流体力学教材_text.txt,流体力学教材_text.txt,7.3,7.3.3 流体力学方程组 根据流体运动的连续性方程、动量方程(Navier-Stokes方程)和能量方程，再加上流体的热力 学状态方程，就得到了完备的流体力学方程组。在笛卡儿直角坐标系中写出其分量形式如下。 第 7 章 基本方程及定解条件 ·85· (1)连续性方程： ∂ρ ∂ ( ρ u ) ∂ ( ρ v ) ∂ ( ρ w ) + + + =0 (7.3.4) ∂t ∂x ∂y ∂z (2)动量方程： ⎛ ∂u ∂u ∂u ∂u ⎞ ∂p ∂ ⎡ ⎛ 2 ⎞ ⎛ ∂ u ∂ v ∂ w ⎞ ⎤ ρ⎜ + u + v + w ⎟ = − + ⎢⎜ − μ ⎟ ⎜ + + ⎟⎥ ⎝ ∂t ∂x ∂y ∂z ⎠ ∂ x ∂ x ⎣ ⎝ 3 ⎠ ⎝ ∂ x ∂y ∂ z ⎠ ⎦ ∂ ⎡ ∂u ⎤ ∂ ⎡ ⎛ ∂u ∂v ⎞ ⎤ + 2μ + ⎢ μ ⎜ + ⎟⎥ (7.3.5) ∂x ⎢⎣ ∂x ⎥⎦ ∂y ⎣ ⎝ ∂y ∂x ⎠ ⎦ ∂ ⎡ ⎛ ∂u ∂w ⎞ ⎤ + μ ⎜ + ⎟ + ρ fx ∂z ⎢⎣ ⎝ ∂z ∂x ⎠ ⎥⎦ ⎛ ∂v ∂v ∂v ∂v ⎞ ∂ p ∂ ⎡ ⎛ 2 ⎞ ⎛ ∂u ∂ v ∂w ⎞ ⎤ ρ⎜ + u + v + w ⎟ = − + ⎢⎜ − μ ⎟ ⎜ + + ⎟⎥ ⎝ ∂t ∂x ∂y ∂z ⎠ ∂ y ∂ y ⎣ ⎝ 3 ⎠ ⎝ ∂ x ∂y ∂ z ⎠ ⎦ ∂ ⎡ ⎛ ∂ v ∂u ⎞ ⎤ ∂ ⎡ ∂ v ⎤ + ⎢ μ ⎜ + ⎟⎥ + 2μ (7.3.6) ∂x ⎣ ⎝ ∂x ∂y ⎠ ⎦ ∂y ⎣⎢ ∂y ⎦⎥ ∂ ⎡ ⎛ ∂w ∂ v ⎞ ⎤ + ⎢μ ⎜ + ⎟⎥ + ρ f y ∂ z ⎣ ⎝ ∂y ∂ z ⎠ ⎦ ⎛ ∂w ∂w ∂w ∂w ⎞ ∂ p ∂ ⎡ ⎛ 2 ⎞ ⎛ ∂ u ∂ v ∂w ⎞ ⎤ ρ⎜ +u +v + w ⎟ = − + ⎢⎜ − μ ⎟ ⎜ + + ⎟⎥ ⎝ ∂t ∂x ∂y ∂z ⎠ ∂z ∂z ⎣ ⎝ 3 ⎠ ⎝ ∂x ∂y ∂z ⎠ ⎦ ∂ ⎡ ⎛ ∂u ∂w ⎞ ⎤ ∂ ⎡ ⎛ ∂v ∂w ⎞ ⎤ + μ⎜ + ⎟ + ⎢μ ⎜ + ⎟⎥ (7.3.7) ∂x ⎢⎣ ⎝ ∂z ∂x ⎠ ⎥⎦ ∂y ⎣ ⎝ ∂z ∂y ⎠ ⎦ ∂ ⎡ ∂w ⎤ + 2μ + ρ fz ∂z ⎢⎣ ∂z ⎥⎦ (3)能量方程： ⎛ ∂e ∂e ∂e ∂e ⎞ ⎛ ∂u ∂v ∂w ⎞ ρ⎜ + u + v + w ⎟ = − p⎜ + + ⎟ +Φ ⎝ ∂t ∂x ∂y ∂z ⎠ ⎝ ∂x ∂y ∂ z ⎠,Bernoulli/机械能/动量控制体,P1 > 控制体动量模板；P1 > 伯努利/机械能；Q2 > 弯管受力/喷嘴反力；M21 > 题图决策卡；M26 > 高频计算/查表/控制体收口,P1,先选截面，写连续和 Bernoulli/机械能；再按控制体受力图列压力力、壁面力和动量通量；多出口用 M26 通式；求出壁面对流体的力后按题问管/螺栓取反。,1. 先按题干关键词选模型；2. 在 v80 对应页写首个控制方程/公式；3. 把题给几何、单位和边界条件代入；4. 做代数求解或列出需要查图查表的位置；5. 检查单位、方向、绝压/表压或适用条件。,复杂三维受力和图中方向仍要自己画清楚；v80 已补多出口通式和喷嘴/弯管收口流程。 v69 把截面号、面积、高程、表压/绝压、CV取反和局损速度集中到读图/收口八查。 v80 保留雷诺输运、压力力方向/表压、孔板/文丘里流量计公式链，并补控制体外力组成与自由射流动量通量提示；复杂控制体仍需画受力图。,主题命中“Bernoulli/机械能/动量控制体”，v80 基础过程覆盖约 84%。,8.4,10.0,84.0,中高,
Q0431,课本教材题-张扬军文本,D:\虚拟C盘\学习\流体力学\张扬军（车辆学院）\教材\流体力学教材_text.txt,流体力学教材_text.txt,7,(7.3.9) ⎡ ⎛ ∂u ∂v ⎞ ⎛ ∂u ∂w ⎞ ⎛ ∂v ∂w ⎞ 2 2 2⎤ + μ ⎢⎜ + ⎟ + ⎜ + ⎟ +⎜ + ⎟ ⎥ ⎢⎣⎝ ∂y ∂x ⎠ ⎝ ∂z ∂x ⎠ ⎝ ∂z ∂y ⎠ ⎦⎥ 在方程(7.3.4)～方程(7.3.8)中，未知参数为 ρ 、 p 、u 、 v 、 w 、T 和 e 。内能 e 和温度 T 之间的关系以及压力和密度之间的关系可由热力学关系式(如 e = CV T ，其中 CV 为定容比热) 和状态方程给出。 ·86· 流 体 力 学 上面给出了一般情况下描述牛顿流体运动的基本方程组，对于一些特殊的流体或流动状 态，上述方程还可进行相应的简化。例如，对于重力场作用下( g = gex )的均质不可压缩流体 ( ρ = const )的流动，上述方程可简化如下。 (1)连续性方程： ∂u ∂v ∂w + + =0 (7.3.10) ∂x ∂y ∂z (2)动量方程： ⎛ ∂u ∂u ∂u ∂u ⎞ ∂ p ∂ ⎛ ∂ u ⎞ ∂ ⎡ ⎛ ∂u ∂ v ⎞ ⎤ ρ⎜ +u + v + w ⎟ = − + ⎜ 2μ ⎟ + ⎢ μ ⎜ + ⎟⎥ ⎝ ∂t ∂x ∂y ∂z ⎠ ∂x ∂x ⎝ ∂x ⎠ ∂ y ⎣ ⎝ ∂y ∂ x ⎠ ⎦,流体运动学/连续/流线迹线,P1 > 连续性；Q1 > 迹线/流线/脉线；M18 > 往年题可能问法；M23 > 概念短答库；T6 > 常见问法到答案,P1,先判速度场/描述方法；写连续、旋度、流线/迹线微分式；概念题直接用 M18/M23 的一句话答案；应力题转 Q1 张量模板。,1. 先按题干关键词选模型；2. 在 v80 对应页写首个控制方程/公式；3. 把题给几何、单位和边界条件代入；4. 做代数求解或列出需要查图查表的位置；5. 检查单位、方向、绝压/表压或适用条件。,若要求长篇推导或复杂坐标变换，仍需教材细节；v80 已足够支撑多数简答和基础计算过程。 v67 已补推导题固定结构，v69/v80 补截面、边界条件和概念收口检查。 v80 保留新题定位入口、非定常 Bernoulli 推导条件、速度势单值/路径无关证明、Lagrange/Kelvin 可抄证明句、涡管强度 ΩA 守恒、涡量矩模板、自由射流动量通量和 RTT 入口，并补纳维-斯托克斯原词、圆管断面速度分布原词、渐变流测压管水头；更长证明仍需教材措辞。,主题命中“流体运动学/连续/流线迹线”，v80 基础过程覆盖约 85%。,8.5,10.0,85.0,中高,
Q0432,课本教材题-张扬军文本,D:\虚拟C盘\学习\流体力学\张扬军（车辆学院）\教材\流体力学教材_text.txt,流体力学教材_text.txt,7,(7.3.13) ∂ ⎡ ⎛ ∂v ∂w ⎞ ⎤ + ⎢μ ⎜ + ⎟⎥ ∂ y ⎣ ⎝ ∂ z ∂y ⎠ ⎦ (3)能量方程： ⎛ ∂T ∂T ∂T ∂T ⎞ ∂ ⎛ ∂T ⎞ ∂ ⎛ ∂T ⎞ ∂ ⎛ ∂ T ⎞ ρ CV ⎜ +u +v + w ⎟ =Φ + ⎜k ⎟+ ⎜k ⎟+ ⎜k ⎟ (7.3.14) ⎝ ∂t ∂x ∂y ∂z ⎠ ∂x ⎝ ∂ x ⎠ ∂y ⎝ ∂ y ⎠ ∂ z ⎝ ∂ z ⎠ 从方程(7.3.10)～方程(7.3.14)中可以看出，此时未知函数为 p 、u 、 v 和 w ，即方程个数与未 知函数个数相当，问题已经封闭。换句话说，对于均质不可压缩的流动问题，流场的温度分 布可以在获得速度场之后单独通过能量方程(7.3.14)进行求解，即流体的运动状态与温度分布 求解过程可以解耦。 当流体的黏性可以忽略不计时，即 μ = 0，k = 0 ，代入方程(7.3.4)～式(7.3.8)中，可以得 到理想流体流动的基本方程如下。 (1)连续性方程： ∂ρ ∂ ( ρ u ) ∂ ( ρ v ) ∂ ( ρ w ) + + + =0 (7.3.15) ∂t ∂x ∂y ∂z (2)动量方程： ⎛ ∂u ∂u ∂u ∂u ⎞ ∂p ρ⎜ +u +v + w ⎟ = − + ρ fx (7.3.16) ⎝ ∂t ∂x ∂y ∂z ⎠ ∂x ⎛ ∂v ∂v ∂v ∂v ⎞ ∂p ρ⎜ + u + v + w ⎟ = − + ρ fy (7.3.17) ⎝ ∂t ∂x ∂y ∂z ⎠ ∂y 第 7 章 基本方程及定解条件 ·87· ⎛ ∂w ∂w ∂w ∂w ⎞ ∂p ρ⎜ +u +v + w ⎟ = − + ρ fz (7.3.18) ⎝ ∂ t ∂ x ∂ y ∂ z ⎠ ∂z (3)能量方程： ⎛ ∂e ∂e ∂e ∂e ⎞ ⎛ ∂u ∂v ∂w ⎞ ρ CV ⎜ + u + v + w ⎟ = − p⎜ + + ⎟ (7.3.19) ⎝ ∂t ∂x ∂y ∂z ⎠ ⎝ ∂x ∂y ∂z ⎠ 方程(7.3.15)～方程(7.3.19)称为理想流体运动的欧拉方程。关于理想不可压缩流体流动 问题的求解将在第 11 章中进行详细讨论。,流体运动学/连续/流线迹线,P1 > 连续性；Q1 > 迹线/流线/脉线；M18 > 往年题可能问法；M23 > 概念短答库；T6 > 常见问法到答案,P1,先判速度场/描述方法；写连续、旋度、流线/迹线微分式；概念题直接用 M18/M23 的一句话答案；应力题转 Q1 张量模板。,1. 先按题干关键词选模型；2. 在 v80 对应页写首个控制方程/公式；3. 把题给几何、单位和边界条件代入；4. 做代数求解或列出需要查图查表的位置；5. 检查单位、方向、绝压/表压或适用条件。,若要求长篇推导或复杂坐标变换，仍需教材细节；v80 已足够支撑多数简答和基础计算过程。 v67 已补推导题固定结构，v69/v80 补截面、边界条件和概念收口检查。 v80 保留新题定位入口、非定常 Bernoulli 推导条件、速度势单值/路径无关证明、Lagrange/Kelvin 可抄证明句、涡管强度 ΩA 守恒、涡量矩模板、自由射流动量通量和 RTT 入口，并补纳维-斯托克斯原词、圆管断面速度分布原词、渐变流测压管水头；更长证明仍需教材措辞。,主题命中“流体运动学/连续/流线迹线”，v80 基础过程覆盖约 85%。,8.5,10.0,85.0,中高,
Q0433,课本教材题-张扬军文本,D:\虚拟C盘\学习\流体力学\张扬军（车辆学院）\教材\流体力学教材_text.txt,流体力学教材_text.txt,7.3,7.3.3 节介绍了流体力学基本方程组，它是支配流体运动的普适方程，要确定某种具体流 动状态，就要找出流体力学基本方程组的一组确定的解。流体力学基本方程组是非线性偏微 分方程，因此需要给定适当的初始条件和边界条件才能够得到确定的解。然而，到目前为止， 由于该方程组非常复杂，实际流动区域的几何结构多种多样，给出流体力学基本方程组定解 条件的一般提法至今仍是一件相当困难的事情。在这里将不从数学上讨论流体力学基本方程 组解的存在性、唯一性和稳定性的一般条件，而只是根据求解具体问题的需要，给出几种常 见的初始条件和边界条件。,概念简答/定义解释,M18 > 往年题可能问法：一句话答案；M23 > 概念短答库；R6 > 可直接抄的结论句；M9 > 高频小问速答；M12 > 概念题保底,无直接页码,先定位 M18/M23/R6 的可抄定义句；按“定义一句+原因一句+后果一句”写；若有公式页，再补适用条件和易错点。,1. 先按题干关键词选模型；2. 在 v80 对应页写首个控制方程/公式；3. 把题给几何、单位和边界条件代入；4. 做代数求解或列出需要查图查表的位置；5. 检查单位、方向、绝压/表压或适用条件。,v80 已显著补强短答，但长论述、实验现象细节和教材原话仍可能扣少量分。 v67 补长论述结构，v69 补读图/收口检查，v80 补层流/湍流/渐变流可抄定义；教材原话仍可能扣分。 v80 已补 N-S 各项标准意义、控制体外力组成、层/湍速度剖面、Boussinesq 涡黏、水击波速因素、孔板/自由射流概念、渐变流测压管水头、Ma 物理意义与 0.3 判据、深水波定义、RTT 守恒入口、完全/部分相似短答和标准四行答案模板，适合先写过程分。,主题命中“概念简答/定义解释”，v80 基础过程覆盖约 89%。,8.9,10.0,89.0,中高,
Q0434,课本教材题-张扬军文本,D:\虚拟C盘\学习\流体力学\张扬军（车辆学院）\教材\流体力学教材_text.txt,流体力学教材_text.txt,1,"1. 初始条件 求解非定常流动问题通常需要给出初始条件。初始条件即流场的初始状态。在初始时刻 t = t0 ，一般情况下应给出速度场和热力学状态的分布： V = V ( x, y , z ) , p = p ( x, y , z ) , ρ = ρ ( x, y, z ) , T = T ( x, y, z ) (7.3.20) 对于定常流动来说，流场和时间无关，因此不需要提供初始条件，由定常流动的控制方 程和边界条件就可以解出定常流场。",流体运动学/连续/流线迹线,P1 > 连续性；Q1 > 迹线/流线/脉线；M18 > 往年题可能问法；M23 > 概念短答库；T6 > 常见问法到答案,P1,先判速度场/描述方法；写连续、旋度、流线/迹线微分式；概念题直接用 M18/M23 的一句话答案；应力题转 Q1 张量模板。,1. 先按题干关键词选模型；2. 在 v80 对应页写首个控制方程/公式；3. 把题给几何、单位和边界条件代入；4. 做代数求解或列出需要查图查表的位置；5. 检查单位、方向、绝压/表压或适用条件。,若要求长篇推导或复杂坐标变换，仍需教材细节；v80 已足够支撑多数简答和基础计算过程。 v67 已补推导题固定结构，v69/v80 补截面、边界条件和概念收口检查。 v80 保留新题定位入口、非定常 Bernoulli 推导条件、速度势单值/路径无关证明、Lagrange/Kelvin 可抄证明句、涡管强度 ΩA 守恒、涡量矩模板、自由射流动量通量和 RTT 入口，并补纳维-斯托克斯原词、圆管断面速度分布原词、渐变流测压管水头；更长证明仍需教材措辞。,主题命中“流体运动学/连续/流线迹线”，v80 基础过程覆盖约 85%。,8.5,10.0,85.0,中高,
Q0435,课本教材题-张扬军文本,D:\虚拟C盘\学习\流体力学\张扬军（车辆学院）\教材\流体力学教材_text.txt,流体力学教材_text.txt,2,2. 边界条件 边界条件是包围流场每一边界上的流场信息，对 于不同种类的流动，边界条件也不同。图 7-1 给出了 在流动分析中最常遇到的三类边界条件。 图 7-1 边界条件示意图 1)固体壁面 黏性流体与不可渗透、无滑移的固体壁面相接触，壁面处流体速度为 V = Vw (7.3.21) 其中， Vw 为固壁的运动速度。 2)进口与出口 在求解域内流场信息时，流动的进、出口截面上的速度与压强的分布通常也需要知道。 有时流动入口边界条件也可选用上游无穷远处的值，例如，理想流体绕无限长圆柱的二维流 动，将圆柱体上游无穷远处作为进口条件，给定 V∞、p∞ 。 3)液体-气体交界面 液体-气体交界面上的边界条件主要有两个，一个为运动学条件，即交界面两侧液体和气 ·88· 流 体 力 学 体速度应相等，即 Vl = Vg (7.3.22) 另一个为应力平衡条件，即交界面两侧液体和气体表面力应和表面张力相平衡。根据上述初 始条件和边界条件，可以对基本微分方程组积分，并确定积分常数，得到符合实际流动的结 果。需要指出，若此时液体和气体交界面位置是未知的，那么还需要补充关于液体和气体交 界面的光滑保持性条件。,粘性管路/沿程局部损失/泵水轮机,P5 > 管路损失；Q5 > 粘性流动题库速解；M21 > 题图决策卡；M22 > 误判；M26 > 管路/模型,P5,由 Q 求 V，算 Re，判层/湍；层流用 H-P 或 64/Re，光滑湍流可用 0.3164/Re^(1/4)，粗糙管查 Moody；局部损失用所在管段速度；汇总后代入机械能求目标量。,1. 由 Q 和管径求 V；2. 算 Re 判断层流/湍流；3. 取 lambda 或查 Moody/Colebrook；4. 汇总沿程/局部损失；5. 代入机械能方程求目标量。,局部损失系数、粗糙度和物性仍需题给或查教材；v80 明确了 Moody、光滑管和局部损失速度的收口。 v80 保留管路机械能、沿程/局部损失、泵/水轮机功率、Moody/Colebrook 入口，并补圆管层流抛物线速度分布、湍流丰满剖面和平均/最大速度易错。,主题命中“粘性管路/沿程局部损失/泵水轮机”，v80 基础过程覆盖约 85%。；仍依赖教材图表或读图；v80 有小查表/查表动作和收口模板，但不是完整数值表。,8.1,10.0,81.0,中高,
Q0436,课本教材题-张扬军文本,D:\虚拟C盘\学习\流体力学\张扬军（车辆学院）\教材\流体力学教材_text.txt,流体力学教材_text.txt,7.3,"7.3.5 柱坐标和球坐标系流体力学基本方程 在流体力学的某些问题中，采用曲线坐标系描述要比采用笛卡儿直角坐标系更为简便。 一般曲线坐标系理论建立在张量分析理论基础上，已经超出了本书范畴。这里直接给出两种 最常用的正交曲线坐标系(即柱坐标系和球坐标系)中，流体力学基本方程的表达形式和相关 物理量的运算法则。柱坐标系 ( R, φ , z ) 、球坐标系 ( R,θ , φ )和笛卡儿直角坐标系之间的关系如图 7-2 所示。",概念简答/定义解释,M18 > 往年题可能问法：一句话答案；M23 > 概念短答库；R6 > 可直接抄的结论句；M9 > 高频小问速答；M12 > 概念题保底,无直接页码,先定位 M18/M23/R6 的可抄定义句；按“定义一句+原因一句+后果一句”写；若有公式页，再补适用条件和易错点。,1. 先按题干关键词选模型；2. 在 v80 对应页写首个控制方程/公式；3. 把题给几何、单位和边界条件代入；4. 做代数求解或列出需要查图查表的位置；5. 检查单位、方向、绝压/表压或适用条件。,v80 已显著补强短答，但长论述、实验现象细节和教材原话仍可能扣少量分。 v67 补长论述结构，v69 补读图/收口检查，v80 补层流/湍流/渐变流可抄定义；教材原话仍可能扣分。 v80 已补 N-S 各项标准意义、控制体外力组成、层/湍速度剖面、Boussinesq 涡黏、水击波速因素、孔板/自由射流概念、渐变流测压管水头、Ma 物理意义与 0.3 判据、深水波定义、RTT 守恒入口、完全/部分相似短答和标准四行答案模板，适合先写过程分。,主题命中“概念简答/定义解释”，v80 基础过程覆盖约 89%。；仍依赖教材图表或读图；v80 有小查表/查表动作和收口模板，但不是完整数值表。,8.5,10.0,85.0,中高,
Q0437,课本教材题-张扬军文本,D:\虚拟C盘\学习\流体力学\张扬军（车辆学院）\教材\流体力学教材_text.txt,流体力学教材_text.txt,7,"(7.3.45) 1 1 ∂p μ⎛ 2 ∂VR V 2cosθ ∂Vθ ⎞ =− + fφ + ⎜ ΔVφ + 2 − 2 φ2 + 2 2 ⎟ ρ R sin θ ∂φ ρ⎝ R sin θ ∂φ R sin θ R sin θ ∂φ ⎠ (3)能量方程： ∂e ∂e Vθ ∂e Vφ ∂e k + VR + + = ΔT + Φ + q (7.3.46) ∂t ∂R R ∂θ R sin θ ∂φ ρ ∂2 2 ∂ cotθ ∂ 1 ∂2 1 ∂2 其中， Δ= + + + + ∂R2 R ∂R R2 ∂θ R2 ∂θ 2 R2 sin 2 θ ∂φ 2 相应的能量耗散函数在球坐标系中的表达式为 ⎧ 2 ⎪ ⎡⎛ ∂VR ⎞ ⎛ 1 ∂Vθ VR ⎞ ⎛ 1 ∂Vφ VR Vθ cotθ ⎞ ⎤ 2 2 Φ = μ ⎨ 2 ⎢⎜ ⎟ +⎜ + ⎟ +⎜ + + ⎟⎥ ⎪⎩ ⎣⎢⎝ ∂R ⎠ ⎝ R ∂θ R ⎠ ⎝ R sin θ ∂φ R R ⎠ ⎦⎥ 2 2 ∂ ⎛ Vφ ⎞ ⎤ ⎡ ∂ ⎛ Vθ ⎞ 1 ∂VR ⎤ ⎫⎪ 2 ⎡ 1 ∂Vθ sin θ ∂ ⎛ Vφ ⎞ ⎤ ⎡ 1 ∂VR +⎢ + ⎜ ⎟⎥ + ⎢ +R ⎜ ⎟⎥ + ⎢ R ⎜ ⎟+ ⎬ ⎣ R sin θ ∂φ R ∂θ ⎝ sin θ ⎠ ⎦ ⎣ R sin θ ∂φ ∂R ⎝ R ⎠ ⎦ ⎣ ∂R ⎝ R ⎠ R ∂θ ⎥⎦ ⎪⎭ 科技前沿(7)——计算流体动力学 第 7 章 基本方程及定解条件 ·91· 习 题 ∂V 1 7-1 根据理想流体流动的动量方程 + V ⋅ ∇V = f − ∇p (欧拉方程)，以及矢量分析 ∂t ρ 运算式 ∇ ( a ⋅ b ) = a × ( ∇ × b ) + b × ( ∇ × a ) + ( a ⋅ ∇ ) b + ( b ⋅ ∇ ) a ，推导 Lamb 型的理想流体动量方 ∂V ⎛V2⎞ 1 程 −V × Ω + ∇⎜ ⎟ = f − ∇p ，其中 Ω 为旋度。 ∂t ⎜ 2 ⎟ ρ ⎝ ⎠ 7-2 在柱坐标系 (r ,θ , z ) 下，推导三维流体连续性方程的微分形式。 7-3 黏性不可压缩流体做平面缓慢运动，若惯性力与质量力的作用可以忽略不计，试证 明 p 满足如下方程： ∂2 p ∂2 p + =0 ∂x 2 ∂y 2 7-4 放置在 x 轴线上的无限大平板的上方为均质不可压缩牛顿流体。设平板在自身平面 内以速度 u = U cos(ω t ) 做振荡运动， U 和 ω 均为常数。不考虑重力和压强因素，试验证流场 −y ⎛ ω ⎞ 中的速度分布 u = Ue cos ⎜⎜ ωt − y 2ν ⎟ ， v = 0 是否满足 Navier-Stokes 方程及边界条件。 ⎝ 2ν ⎟⎠ 7-5 如图 7-3 所示，已知在",边界层/外绕流阻力,P6 > 平板边界层；P6 > 位移/动量厚度；M24 > 边界层积分题；Q5 > 边界层题库速解；M13 > 微题,P6,先算 Re_x/Re_L 判层流、湍流或转捩；直接题用 delta、Cf、阻力公式；速度剖面题用 M24 的 delta*、theta 和 Karman 模板；外绕流判断摩擦/压差阻力和分离。,1. 算 Re_x 或 Re_L；2. 判断层流/湍流/低 Re；3. 选厚度、Cf 或阻力公式；4. 若为厚度定义题，尝试写积分；5. 说明 v80 缺失的定义或图表。,"复杂非零压梯度动量积分、实验阻力图和扫描图数值仍需教材/图表；v80 已覆盖书10.3/10.5 常见剖面。 v80 已补 delta*, theta, H 的物理意义；复杂动量积分推导仍需手算。 v80 已补局部摩阻系数 cf、单位宽阻力 D'、CD=2theta/L、转捩位置 xcr、平板层/湍/混合阻力判定和湿表面积/迎风面积区分；复杂分离与实验阻力图仍需教材。 v80 保留给定速度剖面到 delta、theta、delta_E、tau_w、CD 的通用积分链，补强 delta、delta*、theta、delta_E 的物理意义，保留层/湍速度剖面标准句、Boussinesq 涡黏、吸气/吹气修正、自由射流动量通量入口、Theta 分离判据和 Karman--Pohlhausen 配边界步骤。",主题命中“边界层/外绕流阻力”，v80 基础过程覆盖约 87%。；题目要求推导或定义积分；v80 有 M24/M25/M26 骨架，但完整推导仍扣少量严谨性分。；仍依赖教材图表或读图；v80 有小查表/查表动作和收口模板，但不是完整数值表。,7.5,10.0,75.0,中高,
Q0438,课本教材题-张扬军文本,D:\虚拟C盘\学习\流体力学\张扬军（车辆学院）\教材\流体力学教材_text.txt,流体力学教材_text.txt,8.1,8.1.1 量纲 每个物理量都有它的量纲，量纲分为基本量纲和导出量纲两类。对于一个物理过程而言， 基本量纲并不唯一，只要该物理过程中所有物理量的量纲都可通过它们的组合表示出来，而 它们又相互独立，就可以作为基本量纲。 在流体力学问题中，最常采用长度 [ L ] 、质量 [M ] 、时间 [T ] 为基本量纲，若涉及传热问 题，那么基本量纲中还需要加上温度 [Θ ] 。其他物理量的量纲均可由基本量纲推导出来，例如， 压力的量纲是 [ p ] = ML−1T −2 。一般情况下，对于流体力学中的任意一个物理量 A ，其量纲可 以用式(8.1.1)表示： [ A] = M a LbT c (8.1.1) 通常称式(8.1.1)为量纲公式，其中， a 、 b 、 c 可为正、负、整数或分数，具体取值取决于物理 量的定义和本质，例如，密度的量纲为 [ ρ ] = ML−3 。流体力学中常见物理量的量纲见表 8-1。 第 8 章 相似理论与量纲分析 ·93· 表 8-1 流体力学常用量的量纲 导出量 量纲 速度 V [V ] = LT −1 力F [ F ] = MLT −2 压强 p [ p ] = ML−1T −2 密度 ρ [ ρ ] = ML−3 动力黏度 μ [ μ ] = ML−1T −1 运动黏度 ν [ν ] = L2T −1 若式(8.1.1)中 a = b = c = 0 ，则 A 称为无量纲数或无量纲量。无量纲量可以是两个同类物 理量的比值，也可由有量纲量通过乘积组合而成，组合的结果使 a = b = c = 0 。量纲分析的目 的之一就是要找到正确组合各有关量形成无量纲量的方法。值得注意的是，有些方程中的常 数是有量纲的，如气体常数 R ，根据气体状态方程 p = ρ RT ， R 的量纲为 L2T −2Θ−1 。,量纲分析/相似准则,P1 > 量纲分析模板；M25 > 量纲相似+推导骨架；M4 > 流程H；M6 > 标准解模板：相似；M13 > 模型律；M26 > 管路/模型,P1,列变量和基本量纲；选量纲独立且不含待求量的重复变量；逐个令 pi=X rho^a V^b L^c 求指数；最后用 M26 的 F~rho V^2 L^2、Delta p~rho V^2、Fr/Re 缩尺速度比做换算。,1. 先按题干关键词选模型；2. 在 v80 对应页写首个控制方程/公式；3. 把题给几何、单位和边界条件代入；4. 做代数求解或列出需要查图查表的位置；5. 检查单位、方向、绝压/表压或适用条件。,"若变量很冷门或需完整实验相似设计，仍需教材解释；v80 补了常见模型力、压强和速度比例换算。 v80 已补 Buckingham pi 五步流程和 Re/Fr/Ma/We/Eu 判据表；复杂多变量推导仍需手算。 v80 已补模型换算库 Q,t,f,F,Delta p,M,P 和 Re/Fr 冲突答题句；复杂 pi 群仍需手算。 v80 保留量纲齐次/Rayleigh 指数配平、完全/部分相似及 Re/Fr 冲突说明、关键词到 π 群的定位入口、球阻力 CD=f(Re) 标准推导，并补量纲公式、雷诺相似、自模化和压力系数 Cp/Eu 定义；冷门变量仍需逐项列量纲。",主题命中“量纲分析/相似准则”，v80 基础过程覆盖约 86%。；题型偏概念简答；v80 已有短答库，但非对应专栏仍扣少量组织分。；题目要求推导或定义积分；v80 有 M24/M25/M26 骨架，但完整推导仍扣少量严谨性分。；仍依赖教材图表或读图；v80 有小查表/查表动作和收口模板，但不是完整数值表。,6.8,10.0,68.0,中高,
Q0439,课本教材题-张扬军文本,D:\虚拟C盘\学习\流体力学\张扬军（车辆学院）\教材\流体力学教材_text.txt,流体力学教材_text.txt,8.1,"8.1.2 量纲齐次性原理及应用 量纲分析的理论基础是量纲齐次性原理。它可表述为：表达物理规律的函数关系(或方程 式)中，每一项都必须具有相同的量纲，称为量纲齐次式。例如，牛顿第二定律： f = ma (8.1.2) 其左、右两项的量纲必定是一致的。根据量纲齐次性原理，量纲不同的物理量之间只能进行 乘、除，不能进行加、减运算。在式(8.1.2)所示牛顿第二定律中，质量 m 和加速度 a 的量纲 是不同的，两者相乘以后得到力的量纲，故而可与力进行加、减运算。量纲齐次性原理的另 一表述为：一个正确而完整的物理方程，其各项的量纲都是相同的。可用这一原理来校核物 理方程和经验公式的正确性与完整性。一个不完全的物理方程，常常量纲也是不一致的。对 于量纲齐次的方程，只要用方程任一项的量纲去除其余各项，就可使方程的每一项都变成无 量纲量，从而将方程化为无量纲方程。基于量纲齐次性原理，通过量纲分析和换算，将原来 含有较多物理量的方程转化为含有较少无量纲量的方程，从而缩减方程变量、简化实验研究。 下面举例来说明。 实验观察表明，流体绕小球的定常流动中，影响小球受到的阻力 D 的因素有来流速度 u 、 流体密度 ρ 、动力黏度 μ 和小球直径 d 。于是有 D = D (u, d , μ , ρ ) 将阻力展开成级数的形式，可得 D = ∑ α i μ ai ρ bi d ci u di i =0 其中， α i 为无量纲的系数。取上式两边物理量的量纲，可以写出量纲关系式： ( ) ( ML ) ( L ) ( LT ) ai −3 bi ci −1 d i MLT −2 = ML−1T −1 根据量纲齐次性原理，由等式两边物理量的量纲相等可以得到 ·94· 流 体 力 学 ⎧ ai + bi = 1 ⎨ − ai − 3bi + ci + di = 1 ⎪ − ai − di = −2 三个方程中有四个未知量，可令其中一个量为参变量(此处令 d i 为参变量)，可得方程的 ai = 2 − di , bi = di − 1, ci = di 将上式代入前面的级数展开式中，可得 d −2 ⎛ ρ ud ⎞ i ∞ D = ∑ αi μ ρ d u = ρ u d ∑αi ⎜ ai bi ci di 2 2 i =0 i =0 ⎝ μ ⎠ 引入无量纲量 D ρ ud CD = 和 Re = ρu 2d 2 μ 分别称为阻力系数和雷诺数。可将阻力的级数表达形式写成阻力系数与雷诺数之间的函数关 系，即 CD = f ( Re) 以上分析表明，五个物理量之间的关系可简化为两个无量纲量之间的关系。",概念简答/定义解释,M18 > 往年题可能问法：一句话答案；M23 > 概念短答库；R6 > 可直接抄的结论句；M9 > 高频小问速答；M12 > 概念题保底,无直接页码,先定位 M18/M23/R6 的可抄定义句；按“定义一句+原因一句+后果一句”写；若有公式页，再补适用条件和易错点。,1. 先按题干关键词选模型；2. 在 v80 对应页写首个控制方程/公式；3. 把题给几何、单位和边界条件代入；4. 做代数求解或列出需要查图查表的位置；5. 检查单位、方向、绝压/表压或适用条件。,v80 已显著补强短答，但长论述、实验现象细节和教材原话仍可能扣少量分。 v67 补长论述结构，v69 补读图/收口检查，v80 补层流/湍流/渐变流可抄定义；教材原话仍可能扣分。 v80 已补 N-S 各项标准意义、控制体外力组成、层/湍速度剖面、Boussinesq 涡黏、水击波速因素、孔板/自由射流概念、渐变流测压管水头、Ma 物理意义与 0.3 判据、深水波定义、RTT 守恒入口、完全/部分相似短答和标准四行答案模板，适合先写过程分。,主题命中“概念简答/定义解释”，v80 基础过程覆盖约 89%。；题目要求推导或定义积分；v80 有 M24/M25/M26 骨架，但完整推导仍扣少量严谨性分。；仍依赖教材图表或读图；v80 有小查表/查表动作和收口模板，但不是完整数值表。,7.7,10.0,77.0,中高,
Q0440,课本教材题-张扬军文本,D:\虚拟C盘\学习\流体力学\张扬军（车辆学院）\教材\流体力学教材_text.txt,流体力学教材_text.txt,8.1,"8.1.3 π 定理 瑞利在 1877 年首先提出了将量纲分析作为一种综合物理现象影响因素的方法。此后，白 金汉在 1914 年提出的 π 定理则奠定量纲分析理论基础，因此 π 定理也称为白金汉定理。 π 定 理可表述为：若某物理过程由 n 个物理量描述，把它写成数学表达式，即 f ( x1 , x2 , ⋅⋅⋅, xn ) = 0 ， 设这些物理量包含 r 个基本量纲，则该物理过程可用 n − m 个无量纲数组成的关系式来描述， 即 F (π1 , π 2 , ⋅⋅⋅, π n −m ) = 0 ，其中无量纲数是这样组成的：在变量 x1 , x2 , ⋅⋅⋅, xn 中选择 m ( m ≤ r ) 个量纲不同的变量作为重复变量，并把重复变量与其余变量逐个组成无量纲量 π ，共可组成 n − m 个无量纲量。这里 m 是 n 个物理量的量纲矩阵的秩。例如，选择 x1 , x2 , x3 为重复变量， 那么这 n − m 个无量纲量如下： π1 = x1a1 x2b1 x3c1 x4 π 2 = x1a2 x2b2 x3c2 x5 π n − m = x1an−m x2bn−m x3cn−m xn 根据物理方程的量纲齐次原理，确定待指定指数 a 、b 、c ，也就确定了每个无量纲量 π ， 并且最后可以得到由 n − m 个无量纲量组成的无量纲方程。一般来说，要将某物理过程用无量 纲量组成的函数关系式表达出来，根据 π 定理，需要以下几个步骤： (1)列出量纲齐次性方程中全部 n 个变量； (2)选定基本量纲，如 L、M、T； (3)列出所有 n 个变量的量纲，确定在其中出现的基本量纲数 r； (4)求出 n 个变量的量纲矩阵的秩，即在各 π 中重复出现的基本变量的个数 m； 第 8 章 相似理论与量纲分析 ·95· (5)选定 m 个基本变量，它们必须包括所有的基本量纲，与剩下的变量逐一组成 n − m 个 无量纲量 π ； (6)确定无量纲量及其方程， F (π1 , π 2 , ⋅⋅⋅, π n −m ) = 0 。 下面通过一个具体的实例来说明 π 定理的运用。 例题 8-1 黏性不可压缩流体在管内做定常流动时，管内流体的压降损失 Δp 与管内径 d 、 管道长度 l 、管壁粗糙度 ε 、管内流体平均流速 U 以及流体密度 ρ 和黏度 μ 有关。试用 π 定理 求解该物理问题的无量纲方程。",量纲分析/相似准则,P1 > 量纲分析模板；M25 > 量纲相似+推导骨架；M4 > 流程H；M6 > 标准解模板：相似；M13 > 模型律；M26 > 管路/模型,P1,列变量和基本量纲；选量纲独立且不含待求量的重复变量；逐个令 pi=X rho^a V^b L^c 求指数；最后用 M26 的 F~rho V^2 L^2、Delta p~rho V^2、Fr/Re 缩尺速度比做换算。,1. 先按题干关键词选模型；2. 在 v80 对应页写首个控制方程/公式；3. 把题给几何、单位和边界条件代入；4. 做代数求解或列出需要查图查表的位置；5. 检查单位、方向、绝压/表压或适用条件。,"若变量很冷门或需完整实验相似设计，仍需教材解释；v80 补了常见模型力、压强和速度比例换算。 v80 已补 Buckingham pi 五步流程和 Re/Fr/Ma/We/Eu 判据表；复杂多变量推导仍需手算。 v80 已补模型换算库 Q,t,f,F,Delta p,M,P 和 Re/Fr 冲突答题句；复杂 pi 群仍需手算。 v80 保留量纲齐次/Rayleigh 指数配平、完全/部分相似及 Re/Fr 冲突说明、关键词到 π 群的定位入口、球阻力 CD=f(Re) 标准推导，并补量纲公式、雷诺相似、自模化和压力系数 Cp/Eu 定义；冷门变量仍需逐项列量纲。",主题命中“量纲分析/相似准则”，v80 基础过程覆盖约 86%。；题型偏概念简答；v80 已有短答库，但非对应专栏仍扣少量组织分。；题目要求推导或定义积分；v80 有 M24/M25/M26 骨架，但完整推导仍扣少量严谨性分。；仍依赖教材图表或读图；v80 有小查表/查表动作和收口模板，但不是完整数值表。,6.8,10.0,68.0,中高,
Q0441,课本教材题-张扬军文本,D:\虚拟C盘\学习\流体力学\张扬军（车辆学院）\教材\流体力学教材_text.txt,流体力学教材_text.txt,8.2,8.2.1 常用无量纲参数 前面提到了若干无量纲参数。在流体力学中，一些重要的无量纲参数往往以杰出科学家 或工程师的名字命名，下面给出流体力学中常用的几个无量纲参数。,量纲分析/相似准则,P1 > 量纲分析模板；M25 > 量纲相似+推导骨架；M4 > 流程H；M6 > 标准解模板：相似；M13 > 模型律；M26 > 管路/模型,P1,列变量和基本量纲；选量纲独立且不含待求量的重复变量；逐个令 pi=X rho^a V^b L^c 求指数；最后用 M26 的 F~rho V^2 L^2、Delta p~rho V^2、Fr/Re 缩尺速度比做换算。,1. 先按题干关键词选模型；2. 在 v80 对应页写首个控制方程/公式；3. 把题给几何、单位和边界条件代入；4. 做代数求解或列出需要查图查表的位置；5. 检查单位、方向、绝压/表压或适用条件。,"若变量很冷门或需完整实验相似设计，仍需教材解释；v80 补了常见模型力、压强和速度比例换算。 v80 已补 Buckingham pi 五步流程和 Re/Fr/Ma/We/Eu 判据表；复杂多变量推导仍需手算。 v80 已补模型换算库 Q,t,f,F,Delta p,M,P 和 Re/Fr 冲突答题句；复杂 pi 群仍需手算。 v80 保留量纲齐次/Rayleigh 指数配平、完全/部分相似及 Re/Fr 冲突说明、关键词到 π 群的定位入口、球阻力 CD=f(Re) 标准推导，并补量纲公式、雷诺相似、自模化和压力系数 Cp/Eu 定义；冷门变量仍需逐项列量纲。",主题命中“量纲分析/相似准则”，v80 基础过程覆盖约 86%。；题目要求推导或定义积分；v80 有 M24/M25/M26 骨架，但完整推导仍扣少量严谨性分。,7.8,10.0,78.0,中高,
Q0442,课本教材题-张扬军文本,D:\虚拟C盘\学习\流体力学\张扬军（车辆学院）\教材\流体力学教材_text.txt,流体力学教材_text.txt,1,1. 雷诺数 以英国工程师雷诺(Reynolds)的名字命名。根据雷诺数，可以对流动的形态进行判别。 雷诺数的表达式可写成如下形式： ρVl Re = 它代表了流场中惯性力与黏性力的量级之比。如果 Re 大，则惯性力起主要作用，流动状 态多呈现湍流；如果 Re 小，则黏性力起主要作用，流动多是层流状态。图 8-1 给出了一些流 动的雷诺数范围，供大家参考。,粘性管路/沿程局部损失/泵水轮机,P5 > 管路损失；Q5 > 粘性流动题库速解；M21 > 题图决策卡；M22 > 误判；M26 > 管路/模型,P5,由 Q 求 V，算 Re，判层/湍；层流用 H-P 或 64/Re，光滑湍流可用 0.3164/Re^(1/4)，粗糙管查 Moody；局部损失用所在管段速度；汇总后代入机械能求目标量。,1. 由 Q 和管径求 V；2. 算 Re 判断层流/湍流；3. 取 lambda 或查 Moody/Colebrook；4. 汇总沿程/局部损失；5. 代入机械能方程求目标量。,局部损失系数、粗糙度和物性仍需题给或查教材；v80 明确了 Moody、光滑管和局部损失速度的收口。 v80 保留管路机械能、沿程/局部损失、泵/水轮机功率、Moody/Colebrook 入口，并补圆管层流抛物线速度分布、湍流丰满剖面和平均/最大速度易错。,主题命中“粘性管路/沿程局部损失/泵水轮机”，v80 基础过程覆盖约 85%。；仍依赖教材图表或读图；v80 有小查表/查表动作和收口模板，但不是完整数值表。,8.1,10.0,81.0,中高,
Q0443,课本教材题-张扬军文本,D:\虚拟C盘\学习\流体力学\张扬军（车辆学院）\教材\流体力学教材_text.txt,流体力学教材_text.txt,2,2. 欧拉数 由瑞士数学家欧拉(Euler)提出，如果压强或压强梯度对流动起主要作用，可用欧拉数进 行相应的分析，欧拉数的表达式为 Eu = ρV 2 它代表了流场中压力与惯性力的量级比值。,流体运动学/连续/流线迹线,P1 > 连续性；Q1 > 迹线/流线/脉线；M18 > 往年题可能问法；M23 > 概念短答库；T6 > 常见问法到答案,P1,先判速度场/描述方法；写连续、旋度、流线/迹线微分式；概念题直接用 M18/M23 的一句话答案；应力题转 Q1 张量模板。,1. 先按题干关键词选模型；2. 在 v80 对应页写首个控制方程/公式；3. 把题给几何、单位和边界条件代入；4. 做代数求解或列出需要查图查表的位置；5. 检查单位、方向、绝压/表压或适用条件。,若要求长篇推导或复杂坐标变换，仍需教材细节；v80 已足够支撑多数简答和基础计算过程。 v67 已补推导题固定结构，v69/v80 补截面、边界条件和概念收口检查。 v80 保留新题定位入口、非定常 Bernoulli 推导条件、速度势单值/路径无关证明、Lagrange/Kelvin 可抄证明句、涡管强度 ΩA 守恒、涡量矩模板、自由射流动量通量和 RTT 入口，并补纳维-斯托克斯原词、圆管断面速度分布原词、渐变流测压管水头；更长证明仍需教材措辞。,主题命中“流体运动学/连续/流线迹线”，v80 基础过程覆盖约 85%。；仍依赖教材图表或读图；v80 有小查表/查表动作和收口模板，但不是完整数值表。,8.1,10.0,81.0,中高,
Q0444,课本教材题-张扬军文本,D:\虚拟C盘\学习\流体力学\张扬军（车辆学院）\教材\流体力学教材_text.txt,流体力学教材_text.txt,4,4. 韦伯数 在流动问题中，当表面张力产生的影响不能忽略时，需要引入的一个无量纲参数，称为 韦伯(Weber)数，其表达式为 ρV 2l We = 它代表了惯性力与表面张力的量级比值，反映了表面张力对流动的影响。,量纲分析/相似准则,P1 > 量纲分析模板；M25 > 量纲相似+推导骨架；M4 > 流程H；M6 > 标准解模板：相似；M13 > 模型律；M26 > 管路/模型,P1,列变量和基本量纲；选量纲独立且不含待求量的重复变量；逐个令 pi=X rho^a V^b L^c 求指数；最后用 M26 的 F~rho V^2 L^2、Delta p~rho V^2、Fr/Re 缩尺速度比做换算。,1. 先按题干关键词选模型；2. 在 v80 对应页写首个控制方程/公式；3. 把题给几何、单位和边界条件代入；4. 做代数求解或列出需要查图查表的位置；5. 检查单位、方向、绝压/表压或适用条件。,"若变量很冷门或需完整实验相似设计，仍需教材解释；v80 补了常见模型力、压强和速度比例换算。 v80 已补 Buckingham pi 五步流程和 Re/Fr/Ma/We/Eu 判据表；复杂多变量推导仍需手算。 v80 已补模型换算库 Q,t,f,F,Delta p,M,P 和 Re/Fr 冲突答题句；复杂 pi 群仍需手算。 v80 保留量纲齐次/Rayleigh 指数配平、完全/部分相似及 Re/Fr 冲突说明、关键词到 π 群的定位入口、球阻力 CD=f(Re) 标准推导，并补量纲公式、雷诺相似、自模化和压力系数 Cp/Eu 定义；冷门变量仍需逐项列量纲。",主题命中“量纲分析/相似准则”，v80 基础过程覆盖约 86%。；题目要求推导或定义积分；v80 有 M24/M25/M26 骨架，但完整推导仍扣少量严谨性分。；仍依赖教材图表或读图；v80 有小查表/查表动作和收口模板，但不是完整数值表。,7.4,10.0,74.0,中高,
Q0445,课本教材题-张扬军文本,D:\虚拟C盘\学习\流体力学\张扬军（车辆学院）\教材\流体力学教材_text.txt,流体力学教材_text.txt,5,5. 斯特劳哈尔数 斯特劳哈尔(Strouhal)数是与流场的非定常特性有关的无量纲参数，其表达式为 Sr = 斯特劳哈尔数是流动非定常的标志，它代表了局部惯性力和对流惯性力的量级之比。例 如，对于周期振动圆柱的绕流问题，可取圆柱振动周期为特征时间 t0 ，圆柱直径 D 为特征长 度，来流速度 V0 为特征速度，那么斯特劳哈尔数为 Sr = D (V0t0 ) 。 第 8 章 相似理论与量纲分析 ·99·,量纲分析/相似准则,P1 > 量纲分析模板；M25 > 量纲相似+推导骨架；M4 > 流程H；M6 > 标准解模板：相似；M13 > 模型律；M26 > 管路/模型,P1,列变量和基本量纲；选量纲独立且不含待求量的重复变量；逐个令 pi=X rho^a V^b L^c 求指数；最后用 M26 的 F~rho V^2 L^2、Delta p~rho V^2、Fr/Re 缩尺速度比做换算。,1. 先按题干关键词选模型；2. 在 v80 对应页写首个控制方程/公式；3. 把题给几何、单位和边界条件代入；4. 做代数求解或列出需要查图查表的位置；5. 检查单位、方向、绝压/表压或适用条件。,"若变量很冷门或需完整实验相似设计，仍需教材解释；v80 补了常见模型力、压强和速度比例换算。 v80 已补 Buckingham pi 五步流程和 Re/Fr/Ma/We/Eu 判据表；复杂多变量推导仍需手算。 v80 已补模型换算库 Q,t,f,F,Delta p,M,P 和 Re/Fr 冲突答题句；复杂 pi 群仍需手算。 v80 保留量纲齐次/Rayleigh 指数配平、完全/部分相似及 Re/Fr 冲突说明、关键词到 π 群的定位入口、球阻力 CD=f(Re) 标准推导，并补量纲公式、雷诺相似、自模化和压力系数 Cp/Eu 定义；冷门变量仍需逐项列量纲。",主题命中“量纲分析/相似准则”，v80 基础过程覆盖约 86%。；题目要求推导或定义积分；v80 有 M24/M25/M26 骨架，但完整推导仍扣少量严谨性分。；仍依赖教材图表或读图；v80 有小查表/查表动作和收口模板，但不是完整数值表。,7.4,10.0,74.0,中高,
Q0446,课本教材题-张扬军文本,D:\虚拟C盘\学习\流体力学\张扬军（车辆学院）\教材\流体力学教材_text.txt,流体力学教材_text.txt,7,7. 马赫数 奥地利物理学家马赫(Mach)在研究可压缩流体流动时，提出了马赫数的定义。它是流体 运动速度与当地声速的比值，具体的表达式为 Ma = 它代表了惯性力与弹性力的量级之比。对于气体流动问题，当气体运动速度较低时 ( Ma ≤ 0.3 )，其压缩效应可以忽略不计(即流动可以视为不可压缩流动)；当气体运动速度较 高时( Ma > 0.3 )，就不能忽略压缩性对流动特性的影响。图 8-2 给出了一些物体运动的马赫数， 生活中常见的流动速度都远低于声速，因此，马赫数对流动的影响很小，此时的模型实验主 要考虑雷诺数的影响。 图 8-2 一些物体运动的马赫数 下面对以上几种常用的无量纲参数进行总结，如图 8-3 所示。,可压缩流/喷管/激波/膨胀波,P3 > 等熵流+Laval；P4 > 激波+膨胀波；Q4 > 第7章题库速解；R2 > 查表衔接；M14 > 查表动作；M26 > 可压查表,P3；P4,先判等熵、阻塞、内激波、斜激波或膨胀波；按 P3/P4 分段写公式；用 M26 明确输入量：等熵/面积用 M，正激波用 M1，斜激波用 M1、theta，PM 用 nu(M)；最后检查 pe/pb 和总压是否跨激波重置。,1. 判定等熵段、阻塞、激波或膨胀波；2. 写 T0/T、p0/p、A/A* 或激波关系；3. 选择亚声/超声支；4. 标出需要查表的 M、β、ν；5. 回代压力、温度、流量并检查 pe/pb。,斜激波图、PM 函数和面积-马赫数完整表仍可能需要教材；v80 把查表输入和后续接公式写得更明确。 v68 已补 M=1/2/3 的等熵、面积、PM 角和正激波锚点；完整斜激波/PM/面积查表仍需教材。 v80 保留喷管/激波/PM 查表动作和 0.528 易错判断，并补 Fanno 等截面绝热摩擦管入口；同时保留 Ma 物理意义、等熵任意两点、最大速度、弱/强斜激波、脱体激波、PM 最大偏转、背压/出口内压易错和波阻概念；复杂波系仍需按图逐段判支路。,主题命中“可压缩流/喷管/激波/膨胀波”，v80 基础过程覆盖约 81%。；题型偏概念简答；v80 已有短答库，但非对应专栏仍扣少量组织分。；题目要求推导或定义积分；v80 有 M24/M25/M26 骨架，但完整推导仍扣少量严谨性分。；仍依赖教材图表或读图；v80 有小查表/查表动作和收口模板，但不是完整数值表。,6.3,10.0,63.0,中高,
Q0447,课本教材题-张扬军文本,D:\虚拟C盘\学习\流体力学\张扬军（车辆学院）\教材\流体力学教材_text.txt,流体力学教材_text.txt,8.2,"8.2.2 基本方程的无量纲化 在流体运动的一般问题中，通常包含下列特征物理量。 L0 ：特征长度； V0 ：特征速度； t0 ：特征时间； ·100· 流 体 力 学 p0 ：特征压力； ρ0 ：特征密度； T0 ：特征温度； μ0 ：特征动力黏度； CV 0 ：特征比定容热容； C p 0 ：特征比定压热容； k0 ：特征热导率； f0 ：特征体积力。 图 8-3 流体力学中常见的无量纲参数 根据具体的流动问题，上述特征物理量的形式将有所不同。以特征长度为例，在物体绕 流问题中，可取物体的长度为特征长度；在管道流动中，可取管径为特征长度。以这些特征 物理量度量各相应的有量纲物理量，可得到无量纲物理量如下(其中*表示无量纲物理量)： x y z x* = , y* = , z* = L0 L0 L0 u v w u* = , v* = , w* = V0 V0 V0 t p ρ T μ t* = , p* = , ρ* = , T* = , μ* = t0 p0 ρ0 T0 μ0 CV Cp k f CV* = , C *p = , k* = , f*= CV 0 C p0 k0 f0 将上述无量纲物理量代入连续性方程(7.3.4)、Navier-Stokes 方程(方程(7.3.5)～方程",边界层/外绕流阻力,P6 > 平板边界层；P6 > 位移/动量厚度；M24 > 边界层积分题；Q5 > 边界层题库速解；M13 > 微题,P6,先算 Re_x/Re_L 判层流、湍流或转捩；直接题用 delta、Cf、阻力公式；速度剖面题用 M24 的 delta*、theta 和 Karman 模板；外绕流判断摩擦/压差阻力和分离。,1. 算 Re_x 或 Re_L；2. 判断层流/湍流/低 Re；3. 选厚度、Cf 或阻力公式；4. 若为厚度定义题，尝试写积分；5. 说明 v80 缺失的定义或图表。,"复杂非零压梯度动量积分、实验阻力图和扫描图数值仍需教材/图表；v80 已覆盖书10.3/10.5 常见剖面。 v80 已补 delta*, theta, H 的物理意义；复杂动量积分推导仍需手算。 v80 已补局部摩阻系数 cf、单位宽阻力 D'、CD=2theta/L、转捩位置 xcr、平板层/湍/混合阻力判定和湿表面积/迎风面积区分；复杂分离与实验阻力图仍需教材。 v80 保留给定速度剖面到 delta、theta、delta_E、tau_w、CD 的通用积分链，补强 delta、delta*、theta、delta_E 的物理意义，保留层/湍速度剖面标准句、Boussinesq 涡黏、吸气/吹气修正、自由射流动量通量入口、Theta 分离判据和 Karman--Pohlhausen 配边界步骤。",主题命中“边界层/外绕流阻力”，v80 基础过程覆盖约 87%。；题目要求推导或定义积分；v80 有 M24/M25/M26 骨架，但完整推导仍扣少量严谨性分。；仍依赖教材图表或读图；v80 有小查表/查表动作和收口模板，但不是完整数值表。,7.5,10.0,75.0,中高,
Q0448,课本教材题-张扬军文本,D:\虚拟C盘\学习\流体力学\张扬军（车辆学院）\教材\流体力学教材_text.txt,流体力学教材_text.txt,8,(8.2.1) ∂t * ∂ x* ∂y * ∂z * 第 8 章 相似理论与量纲分析 ·101· (2)动量方程： ∂u * * ∂u * ∂u * ∂u Sr + u + v + w ∂t * ∂ x* ∂y * ∂z * 1 ∂p* 1 1 ∂ ⎡⎛ 2 * ⎞ ⎛ ∂u* ∂v* ∂w* ⎞ ⎤ = − Eu + Frf x + ⎢⎜ − μ ⎟ ⎜ + + ⎟⎥ ρ * ∂ x* Re ρ * ∂x* ⎢⎣⎝ 3 ⎠ ⎝ ∂x* ∂y* ∂z* ⎠ ⎥⎦,量纲分析/相似准则,P1 > 量纲分析模板；M25 > 量纲相似+推导骨架；M4 > 流程H；M6 > 标准解模板：相似；M13 > 模型律；M26 > 管路/模型,P1,列变量和基本量纲；选量纲独立且不含待求量的重复变量；逐个令 pi=X rho^a V^b L^c 求指数；最后用 M26 的 F~rho V^2 L^2、Delta p~rho V^2、Fr/Re 缩尺速度比做换算。,1. 先按题干关键词选模型；2. 在 v80 对应页写首个控制方程/公式；3. 把题给几何、单位和边界条件代入；4. 做代数求解或列出需要查图查表的位置；5. 检查单位、方向、绝压/表压或适用条件。,"若变量很冷门或需完整实验相似设计，仍需教材解释；v80 补了常见模型力、压强和速度比例换算。 v80 已补 Buckingham pi 五步流程和 Re/Fr/Ma/We/Eu 判据表；复杂多变量推导仍需手算。 v80 已补模型换算库 Q,t,f,F,Delta p,M,P 和 Re/Fr 冲突答题句；复杂 pi 群仍需手算。 v80 保留量纲齐次/Rayleigh 指数配平、完全/部分相似及 Re/Fr 冲突说明、关键词到 π 群的定位入口、球阻力 CD=f(Re) 标准推导，并补量纲公式、雷诺相似、自模化和压力系数 Cp/Eu 定义；冷门变量仍需逐项列量纲。",主题命中“量纲分析/相似准则”，v80 基础过程覆盖约 86%。；题目要求推导或定义积分；v80 有 M24/M25/M26 骨架，但完整推导仍扣少量严谨性分。,7.8,10.0,78.0,中高,
Q0449,课本教材题-张扬军文本,D:\虚拟C盘\学习\流体力学\张扬军（车辆学院）\教材\流体力学教材_text.txt,流体力学教材_text.txt,2,"2. 运动相似 在非定常流动中，流场中各点的速度随时间而变化。图 8-4 为两种管内流体的平均流速 随时间的变化曲线。若二者平均速度变化的时间间 隔互成比例，有时间相似比例常数： t′ t′ t′ t′ Ct = 1 = 2 = 3 = "" = n (8.3.4) t1 t2 t3 tn 其 中 ， ti′ 和 ti 为 两 种 流 动 相 对 应 的 时 间 间 隔 ， i = 1,2,"", n 。 在两个流场中，对应空间点、对应时刻的速度 图 8-4 两种流体的平均流速随时间的 (加速度)方向一致、大小成比例，则称两个速度场 变化曲线 第 8 章 相似理论与量纲分析 ·103· (加速度场)相似。图 8-5 为流体在两个直径不同的 圆管中做层流运动时的速度分布曲线，二者的速 度方向都平行于管中心线，并且空间各对应点在 对应时刻的速度成比例： V1′ V2′ V3′ V′ CV = = = =""= n (8.3.5) V1 V2 V3 Vn 其中， CV 为速度相似比例常数，与之相应的加速 度相似比例常数和流量相似比例常数之间的关系 图 8-5 不同直径圆管中流体的速度分布 如下： V1′ / t1′ V2′ / t2′ V3′ / t3′ V ′ / t′ C Ca = = = ="" = n n = V (8.3.6) V1 / t1 V2 / t2 V3 / t3 Vn / tn Ct V1′l1′2 V2′l ′22 V3′l ′32 Vn′l ′n2 CQ = = = = "" = = CV Cl2 (8.3.7) V1l12 V2 l22 V3l32 Vn ln2",量纲分析/相似准则,P1 > 量纲分析模板；M25 > 量纲相似+推导骨架；M4 > 流程H；M6 > 标准解模板：相似；M13 > 模型律；M26 > 管路/模型,P1,列变量和基本量纲；选量纲独立且不含待求量的重复变量；逐个令 pi=X rho^a V^b L^c 求指数；最后用 M26 的 F~rho V^2 L^2、Delta p~rho V^2、Fr/Re 缩尺速度比做换算。,1. 先按题干关键词选模型；2. 在 v80 对应页写首个控制方程/公式；3. 把题给几何、单位和边界条件代入；4. 做代数求解或列出需要查图查表的位置；5. 检查单位、方向、绝压/表压或适用条件。,"若变量很冷门或需完整实验相似设计，仍需教材解释；v80 补了常见模型力、压强和速度比例换算。 v80 已补 Buckingham pi 五步流程和 Re/Fr/Ma/We/Eu 判据表；复杂多变量推导仍需手算。 v80 已补模型换算库 Q,t,f,F,Delta p,M,P 和 Re/Fr 冲突答题句；复杂 pi 群仍需手算。 v80 保留量纲齐次/Rayleigh 指数配平、完全/部分相似及 Re/Fr 冲突说明、关键词到 π 群的定位入口、球阻力 CD=f(Re) 标准推导，并补量纲公式、雷诺相似、自模化和压力系数 Cp/Eu 定义；冷门变量仍需逐项列量纲。",主题命中“量纲分析/相似准则”，v80 基础过程覆盖约 86%。；题目要求推导或定义积分；v80 有 M24/M25/M26 骨架，但完整推导仍扣少量严谨性分。；仍依赖教材图表或读图；v80 有小查表/查表动作和收口模板，但不是完整数值表。,7.4,10.0,74.0,中高,
Q0450,课本教材题-张扬军文本,D:\虚拟C盘\学习\流体力学\张扬军（车辆学院）\教材\流体力学教材_text.txt,流体力学教材_text.txt,8.3,8.3.2 流动相似定理 相似的现象都属于同一类现象，它们应遵循同一种客观规律，能用同一组微分方程进行 描述。通过求解微分方程，原则上可以获得对同一类型各种流动都适用的通解。但若要求得 某一具体流动的特解，还必须给出相应的附加条件，即定解条件。很显然，相似现象的定解 条件也必相似。这里的定解条件包括几何条件(形状与大小)、物理条件(密度、黏度等)、边 界条件(进口、出口及壁面处流速的大小)以及初始条件(起始时刻流速、温度、物性参数)。 原则上，定解条件能够在服从同一种物理规律的无数流动现象中单一确定出某一具体流动现 ·104· 流 体 力 学 象。对所有满足同一组微分方程的流动现象，若其中两种流动现象的定解条件完全相同，则 二者是同一种流动；若辨识两种流动现象的定解条件相似，则二者是相似的流动；若辨识两 种流动现象的定解条件既不相同也不相似，那么二者就既不相同也不相似。由于描述相似现 象的物理量各自互成比例，而这些量又满足同一组微分方程，所以各物理量的比值(相似倍数) 不能是任意的，而是相互制约的。下面将根据 8.2 节中给出的无量纲基本方程导出流场的相似 准则。 流动需要满足的基本方程为连续性方程(7.3.4)、Navier-Stokes 方程(方程(7.3.5)～方程,量纲分析/相似准则,P1 > 量纲分析模板；M25 > 量纲相似+推导骨架；M4 > 流程H；M6 > 标准解模板：相似；M13 > 模型律；M26 > 管路/模型,P1,列变量和基本量纲；选量纲独立且不含待求量的重复变量；逐个令 pi=X rho^a V^b L^c 求指数；最后用 M26 的 F~rho V^2 L^2、Delta p~rho V^2、Fr/Re 缩尺速度比做换算。,1. 先按题干关键词选模型；2. 在 v80 对应页写首个控制方程/公式；3. 把题给几何、单位和边界条件代入；4. 做代数求解或列出需要查图查表的位置；5. 检查单位、方向、绝压/表压或适用条件。,"若变量很冷门或需完整实验相似设计，仍需教材解释；v80 补了常见模型力、压强和速度比例换算。 v80 已补 Buckingham pi 五步流程和 Re/Fr/Ma/We/Eu 判据表；复杂多变量推导仍需手算。 v80 已补模型换算库 Q,t,f,F,Delta p,M,P 和 Re/Fr 冲突答题句；复杂 pi 群仍需手算。 v80 保留量纲齐次/Rayleigh 指数配平、完全/部分相似及 Re/Fr 冲突说明、关键词到 π 群的定位入口、球阻力 CD=f(Re) 标准推导，并补量纲公式、雷诺相似、自模化和压力系数 Cp/Eu 定义；冷门变量仍需逐项列量纲。",主题命中“量纲分析/相似准则”，v80 基础过程覆盖约 86%。；题目要求推导或定义积分；v80 有 M24/M25/M26 骨架，但完整推导仍扣少量严谨性分。,7.8,10.0,78.0,中高,
Q0451,课本教材题-张扬军文本,D:\虚拟C盘\学习\流体力学\张扬军（车辆学院）\教材\流体力学教材_text.txt,流体力学教材_text.txt,7,(7.3.7))和能量方程(7.3.8)。这里以某一不可压缩流动满足的 x 方向动量方程为例进行说明， 如方程(8.3.9)所示： ⎛ ∂u ∂u ∂u ∂u ⎞ ∂p ∂ ⎛ ∂u ⎞ ∂ ⎡ ⎛ ∂u ∂ v ⎞ ⎤ ρ⎜ + u + v + w ⎟ = − + ⎜ 2μ ⎟ + ⎢ μ ⎜ + ⎟ ⎥ ⎝ ∂t ∂x ∂y ∂z ⎠ ∂x ∂x ⎝ ∂x ⎠ ∂y ⎣ ⎝ ∂y ∂x ⎠ ⎦,Bernoulli/机械能/动量控制体,P1 > 控制体动量模板；P1 > 伯努利/机械能；Q2 > 弯管受力/喷嘴反力；M21 > 题图决策卡；M26 > 高频计算/查表/控制体收口,P1,先选截面，写连续和 Bernoulli/机械能；再按控制体受力图列压力力、壁面力和动量通量；多出口用 M26 通式；求出壁面对流体的力后按题问管/螺栓取反。,1. 先按题干关键词选模型；2. 在 v80 对应页写首个控制方程/公式；3. 把题给几何、单位和边界条件代入；4. 做代数求解或列出需要查图查表的位置；5. 检查单位、方向、绝压/表压或适用条件。,复杂三维受力和图中方向仍要自己画清楚；v80 已补多出口通式和喷嘴/弯管收口流程。 v69 把截面号、面积、高程、表压/绝压、CV取反和局损速度集中到读图/收口八查。 v80 保留雷诺输运、压力力方向/表压、孔板/文丘里流量计公式链，并补控制体外力组成与自由射流动量通量提示；复杂控制体仍需画受力图。,主题命中“Bernoulli/机械能/动量控制体”，v80 基础过程覆盖约 84%。；题型偏概念简答；v80 已有短答库，但非对应专栏仍扣少量组织分。,7.8,10.0,78.0,中高,
Q0452,课本教材题-张扬军文本,D:\虚拟C盘\学习\流体力学\张扬军（车辆学院）\教材\流体力学教材_text.txt,流体力学教材_text.txt,8,"(8.3.15) 要使描述两个流动现象的方程一致，那么方程(8.3.9)与方程(8.3.15)相比，可得到 CV2 Cp CV C μ p′ μ′ = = = C g = 1, Cp = , Cμ = (8.3.16) Cl C ρ Cl C ρ Cl2 p μ 这说明了各相似比例常数不能任意选取，而是受式(8.3.16)约束。根据式(8.3.16)，可得 第 8 章 相似理论与量纲分析 ·105· V V′ (1) CV2 (Cg Cl ) = 1 ，即有 = (8.3.17) gl g ′l ′ 根据前面流场基本无量纲参数的定义，可知 Fr = Fr′ ，即流场及其相似流场的弗劳德数 相等。 p p′ (2) CV2 Cρ C p = 1 ，即有 = (8.3.18) ρV 2 ρ ′V ′2 有 Eu = Eu′ ，即流场及其相似流场的欧拉数相等。 ρVl ρ ′V ′l ′ (3) Cl Cρ CV Cμ = 1 ，即有 = (8.3.19) μ μ′ 有 Re = Re′ ，即流场及其相似流场的雷诺数相等。 可见，对于两个相似的不可压缩定常流动，它们的弗劳德数、欧拉数、雷诺数必相等。Fr 、 Eu 和 Re 都是流动的基本无量纲参数，因此，流动的无量纲参数是否相等是判断两个流动现 象是否相似的根据。综上所述，两种流动现象相似的充分必要条件是：对于同种类的流动现 象，能够用同一组微分方程进行描述且定解条件相似，而由定解条件中的物理量组成的无量 纲参数在数值上也相等。",量纲分析/相似准则,P1 > 量纲分析模板；M25 > 量纲相似+推导骨架；M4 > 流程H；M6 > 标准解模板：相似；M13 > 模型律；M26 > 管路/模型,P1,列变量和基本量纲；选量纲独立且不含待求量的重复变量；逐个令 pi=X rho^a V^b L^c 求指数；最后用 M26 的 F~rho V^2 L^2、Delta p~rho V^2、Fr/Re 缩尺速度比做换算。,1. 先按题干关键词选模型；2. 在 v80 对应页写首个控制方程/公式；3. 把题给几何、单位和边界条件代入；4. 做代数求解或列出需要查图查表的位置；5. 检查单位、方向、绝压/表压或适用条件。,"若变量很冷门或需完整实验相似设计，仍需教材解释；v80 补了常见模型力、压强和速度比例换算。 v80 已补 Buckingham pi 五步流程和 Re/Fr/Ma/We/Eu 判据表；复杂多变量推导仍需手算。 v80 已补模型换算库 Q,t,f,F,Delta p,M,P 和 Re/Fr 冲突答题句；复杂 pi 群仍需手算。 v80 保留量纲齐次/Rayleigh 指数配平、完全/部分相似及 Re/Fr 冲突说明、关键词到 π 群的定位入口、球阻力 CD=f(Re) 标准推导，并补量纲公式、雷诺相似、自模化和压力系数 Cp/Eu 定义；冷门变量仍需逐项列量纲。",主题命中“量纲分析/相似准则”，v80 基础过程覆盖约 86%。；题型偏概念简答；v80 已有短答库，但非对应专栏仍扣少量组织分。；题目要求推导或定义积分；v80 有 M24/M25/M26 骨架，但完整推导仍扣少量严谨性分。,7.2,10.0,72.0,中高,
Q0453,课本教材题-张扬军文本,D:\虚拟C盘\学习\流体力学\张扬军（车辆学院）\教材\流体力学教材_text.txt,流体力学教材_text.txt,8.3,8.3.3 相似原理的应用 相似原理是实验研究的理论基础，通过相似原理，可解决实验研究中的一系列问题。应 用相似原理进行实验研究的具体步骤归纳起来有如下几点。 (1)根据流动相似的基本原则，首先判断哪些无量纲参数(相似参数)是主要(决定性)的， 哪些是次要的、可忽略的。例如，物体在空气中低速运动时，只有 Re 起决定作用；物体在高 速气流中运动时，则主要考虑 Ma 的影响。 (2)根据决定性相似参数相等的条件设计实验。包括设计模型、选择实验设备及实验条件、 选择模型实验中的工作介质、确定运动状态等。 (3)确定实验中需要测量的物理量以及对实验数据的整理。根据流动相似的基本原理，彼 此相似的现象必定具有数值相同的相似参数，即实验中要测定各相似参数所包含的一切物理 量，并把它整理成相似参数。 (4)实验结果的换算。根据相似原理，可把模型实验的结果在相似参数相等的条件下换算 到实物系统中。,量纲分析/相似准则,P1 > 量纲分析模板；M25 > 量纲相似+推导骨架；M4 > 流程H；M6 > 标准解模板：相似；M13 > 模型律；M26 > 管路/模型,P1,列变量和基本量纲；选量纲独立且不含待求量的重复变量；逐个令 pi=X rho^a V^b L^c 求指数；最后用 M26 的 F~rho V^2 L^2、Delta p~rho V^2、Fr/Re 缩尺速度比做换算。,1. 先按题干关键词选模型；2. 在 v80 对应页写首个控制方程/公式；3. 把题给几何、单位和边界条件代入；4. 做代数求解或列出需要查图查表的位置；5. 检查单位、方向、绝压/表压或适用条件。,"若变量很冷门或需完整实验相似设计，仍需教材解释；v80 补了常见模型力、压强和速度比例换算。 v80 已补 Buckingham pi 五步流程和 Re/Fr/Ma/We/Eu 判据表；复杂多变量推导仍需手算。 v80 已补模型换算库 Q,t,f,F,Delta p,M,P 和 Re/Fr 冲突答题句；复杂 pi 群仍需手算。 v80 保留量纲齐次/Rayleigh 指数配平、完全/部分相似及 Re/Fr 冲突说明、关键词到 π 群的定位入口、球阻力 CD=f(Re) 标准推导，并补量纲公式、雷诺相似、自模化和压力系数 Cp/Eu 定义；冷门变量仍需逐项列量纲。",主题命中“量纲分析/相似准则”，v80 基础过程覆盖约 86%。；题目要求推导或定义积分；v80 有 M24/M25/M26 骨架，但完整推导仍扣少量严谨性分。,7.8,10.0,78.0,中高,
Q0454,课本教材题-张扬军文本,D:\虚拟C盘\学习\流体力学\张扬军（车辆学院）\教材\流体力学教材_text.txt,流体力学教材_text.txt,8.4,8.4 模 型 实 验 相似原理与量纲分析方法解决了模型实验中的一系列问题。要进行模型实验，首先要合 理设计实验模型、选择模型实验中的流体介质，才能够保证模型实验流动与原型流动相似。 根据流动相似定理，设计模型和选择介质必须使定解条件相似，而由定解条件中的物理量组 成的相似参数在数值上相等。实验过程中需要测定哪些物理量，实验数据如何处理，才能反 映客观实质呢？流动相似定理表明，彼此相似的流动现象必定具有数值相等的相似参数。因 此，在实验中应测定各相似参数中所包含的物理量，并把它们整理成相似参数。模型实验结 ·106· 流 体 力 学 果如何整理才能找到规律性，以便推广应用到原型流动中去呢？由 π 定理可知，描述某物理 现象的各种变量的关系可以表示成数目较少的无量纲量之间的关系式。对于彼此相似的流动 现象，它们的无量纲量满足的方程式也相同。因此，实验结果应当整理成相似参数之间的关 系式，便可推广应用到原型流动中去。,量纲分析/相似准则,P1 > 量纲分析模板；M25 > 量纲相似+推导骨架；M4 > 流程H；M6 > 标准解模板：相似；M13 > 模型律；M26 > 管路/模型,P1,列变量和基本量纲；选量纲独立且不含待求量的重复变量；逐个令 pi=X rho^a V^b L^c 求指数；最后用 M26 的 F~rho V^2 L^2、Delta p~rho V^2、Fr/Re 缩尺速度比做换算。,1. 先按题干关键词选模型；2. 在 v80 对应页写首个控制方程/公式；3. 把题给几何、单位和边界条件代入；4. 做代数求解或列出需要查图查表的位置；5. 检查单位、方向、绝压/表压或适用条件。,"若变量很冷门或需完整实验相似设计，仍需教材解释；v80 补了常见模型力、压强和速度比例换算。 v80 已补 Buckingham pi 五步流程和 Re/Fr/Ma/We/Eu 判据表；复杂多变量推导仍需手算。 v80 已补模型换算库 Q,t,f,F,Delta p,M,P 和 Re/Fr 冲突答题句；复杂 pi 群仍需手算。 v80 保留量纲齐次/Rayleigh 指数配平、完全/部分相似及 Re/Fr 冲突说明、关键词到 π 群的定位入口、球阻力 CD=f(Re) 标准推导，并补量纲公式、雷诺相似、自模化和压力系数 Cp/Eu 定义；冷门变量仍需逐项列量纲。",主题命中“量纲分析/相似准则”，v80 基础过程覆盖约 86%。；题目要求推导或定义积分；v80 有 M24/M25/M26 骨架，但完整推导仍扣少量严谨性分。；仍依赖教材图表或读图；v80 有小查表/查表动作和收口模板，但不是完整数值表。,7.4,10.0,74.0,中高,
Q0455,课本教材题-张扬军文本,D:\虚拟C盘\学习\流体力学\张扬军（车辆学院）\教材\流体力学教材_text.txt,流体力学教材_text.txt,8.4,"8.4.1 完全相似与部分相似 按照上述原则安排实验，使模型实验流动与原型流动的全部相似参数分别相等，那么模 型实验流动与原型流动可以视为完全相似。这种严格的完全相似的要求，只有在模型和实物 尺寸相同的情况下才有可能实现。例如，在黏性不可压缩流体定常流动问题中，要使模型实 验流动与原型流动完全相似，则应满足雷诺数、弗劳德数、欧拉数等分别相等，即 ⎛ VL ⎞ ⎛ VL ⎞ ⎛ V ⎞ ⎛ V ⎞ ⎛ p ⎞ ⎛ p ⎞ ⎜ ⎟ =⎜ ⎟ , ⎜⎜ ⎟⎟ = ⎜⎜ ⎟⎟ , ⎜ 2 ⎟ =⎜ 2 ⎟ ⎝ ⎠m ⎝ ν ⎠p ⎝ gL ⎠m ⎝ gL ⎠p ⎝ ρV ⎠m ⎝ ρV ⎠ p 满足相似参数相等也意味着各个物理量的比例系数存在下列制约的关系： Cν = CV Cl ⎫ CV2 = C g Cl ⎬ (8.4.1) C p = Cρ CV2 ⎪⎭ 在设计模型实验时，如果选择三个基本比例系数(如 Cl , CV , Cρ )能满足式(8.4.1)给出的这三个 制约方程，则模型实验流动与原型流动可实现完全相似。通常情况下，重力加速度的比例系 数为 Cg = 1 ，从式(8.4.1)中第 2 式可得 CV2 = Cl 3 代入式(8.4.1)中第 1 式，可得 Cν = Cl2 虽然线性比例系数 Cl 可以任意选择，但要使流体运动黏度的比例系数 Cν 保持 Cl3/2 的数值 就不大容易。一般情况下，模型实验多用水或空气作为介质，如风洞、水洞、水槽等，上述 要求难以满足；另外，模型实验流动与原型流动的流体往往采用同一种流体，此时 Cν = 1 ， 于是从式(8.4.1)中第 1 式及第 2 式可得 1 CV = 1 CV = Cl 2 显然，只有 Cl = 1 时， CV 才可能同时满足以上两式。然而，这种情况下，模型实验也就 失去了意义。对于包含更多相似参数的情况，各种量比例系数的制约关系更复杂，要实现模 型实验流动与原型流动在力学上完全相似，最终导致模型实验流动与原型流动完全一样几乎 不可能实现。事实上，在许多工程问题中，各种相似参数的重要性并不等同。例如，若流动 中存在气-液交界面(如气泡在液体中运动)或气-液交界面与固体壁面接触，当液体的表面张力 起显著作用时，We 相似参数才会变得重要，而在一般流动问题中则不必考虑。忽略一些对流 第 8 章 相似理论与量纲分析 ·107· 动问题影响较小的相似参数，仅考虑起主要作用的相似参数，这种相似称为部分相似。保证 模型实验流动与原型流动部分相似的实验方法便是近似模型法。",流体运动学/连续/流线迹线,P1 > 连续性；Q1 > 迹线/流线/脉线；M18 > 往年题可能问法；M23 > 概念短答库；T6 > 常见问法到答案,P1,先判速度场/描述方法；写连续、旋度、流线/迹线微分式；概念题直接用 M18/M23 的一句话答案；应力题转 Q1 张量模板。,1. 先按题干关键词选模型；2. 在 v80 对应页写首个控制方程/公式；3. 把题给几何、单位和边界条件代入；4. 做代数求解或列出需要查图查表的位置；5. 检查单位、方向、绝压/表压或适用条件。,若要求长篇推导或复杂坐标变换，仍需教材细节；v80 已足够支撑多数简答和基础计算过程。 v67 已补推导题固定结构，v69/v80 补截面、边界条件和概念收口检查。 v80 保留新题定位入口、非定常 Bernoulli 推导条件、速度势单值/路径无关证明、Lagrange/Kelvin 可抄证明句、涡管强度 ΩA 守恒、涡量矩模板、自由射流动量通量和 RTT 入口，并补纳维-斯托克斯原词、圆管断面速度分布原词、渐变流测压管水头；更长证明仍需教材措辞。,主题命中“流体运动学/连续/流线迹线”，v80 基础过程覆盖约 85%。；题型偏概念简答；v80 已有短答库，但非对应专栏仍扣少量组织分。；题目要求推导或定义积分；v80 有 M24/M25/M26 骨架，但完整推导仍扣少量严谨性分。；仍依赖教材图表或读图；v80 有小查表/查表动作和收口模板，但不是完整数值表。,6.7,10.0,67.0,中高,
Q0456,课本教材题-张扬军文本,D:\虚拟C盘\学习\流体力学\张扬军（车辆学院）\教材\流体力学教材_text.txt,流体力学教材_text.txt,1,1. 雷诺相似 许多实际流动主要受黏性力、压力和惯性力的作用。例如，管道内流体的流动，由于不 存在自由面，没有表面张力作用，可不考虑 We 相似参数。与此同时，重力不影响流场，故可 不考虑 Fr 相似参数。如果流速与声速相比很低，流体的压缩性影响也可以忽略不计，即不必 考虑作用在流体上的弹性力及相应的 Ma 相似参数。 从动力学相似的观点来看，若两个流场在空间对应点上作用的同种力的方向相同、大小 成同一比例，则满足动力相似。对于仅考虑黏性力、压力和惯性力这三种力的情况，在空间 对应点上，模型实验流动中的惯性力和黏性力应该和原型流动中的惯性力和黏性力成同一比 例。因此，只要在空间对应点上满足雷诺数相等即可。从更具有普遍意义的相似定理来看， 两个流动相似，则相似参数对应相等，由 π 定理得出的相似参数满足的方程也相同。在 n − k 个 相似参数中，其中 n − k − 1 个是独立相似参数或称为决定性相似参数(相当于函数的自变量)， 一个为非独立相似参数或非决定性相似参数(相当于函数的因变量)。对于仅考虑黏性力、压 力和惯性力作用的流动问题，将雷诺数以及其他与几何尺寸有关的无量纲参数看作独立相似 参数，欧拉数可视为非独立相似参数。 在几何相似的前提下，流动现象相似的决定性相似参数仅为雷诺数，则模型实验必须遵 守的相似称为雷诺相似。在满足雷诺相似的情况下，如果模型的缩放比例或介质选取不当， 可能会出现模型实验流动的速度太大难以实施，亦或是模型实验流动的压缩性影响变得重要， 实验会带来较大的误差甚至错误的结果。实验表明，当 Re 大到一定程度，即惯性力与黏性力 之比大到一定程度时，黏性力的影响相对减弱。若继续提高 Re 将不会影响流动现象和流动特 征。此时，阻力的相似并不要求雷诺数相等，即与雷诺数无关，这种情形称为自动模化状态 或自模化状态。例如，在管道流动中，当流动雷诺数大到一定程度时，描述沿程机械能损失 的阻力系数仅取决于管道的相对粗糙度。这时只要保证几何相似就能使流动相似，这给模型 实验研究带来了很大的方便。,量纲分析/相似准则,P1 > 量纲分析模板；M25 > 量纲相似+推导骨架；M4 > 流程H；M6 > 标准解模板：相似；M13 > 模型律；M26 > 管路/模型,P1,列变量和基本量纲；选量纲独立且不含待求量的重复变量；逐个令 pi=X rho^a V^b L^c 求指数；最后用 M26 的 F~rho V^2 L^2、Delta p~rho V^2、Fr/Re 缩尺速度比做换算。,1. 先按题干关键词选模型；2. 在 v80 对应页写首个控制方程/公式；3. 把题给几何、单位和边界条件代入；4. 做代数求解或列出需要查图查表的位置；5. 检查单位、方向、绝压/表压或适用条件。,"若变量很冷门或需完整实验相似设计，仍需教材解释；v80 补了常见模型力、压强和速度比例换算。 v80 已补 Buckingham pi 五步流程和 Re/Fr/Ma/We/Eu 判据表；复杂多变量推导仍需手算。 v80 已补模型换算库 Q,t,f,F,Delta p,M,P 和 Re/Fr 冲突答题句；复杂 pi 群仍需手算。 v80 保留量纲齐次/Rayleigh 指数配平、完全/部分相似及 Re/Fr 冲突说明、关键词到 π 群的定位入口、球阻力 CD=f(Re) 标准推导，并补量纲公式、雷诺相似、自模化和压力系数 Cp/Eu 定义；冷门变量仍需逐项列量纲。",主题命中“量纲分析/相似准则”，v80 基础过程覆盖约 86%。；题型偏概念简答；v80 已有短答库，但非对应专栏仍扣少量组织分。；题目要求推导或定义积分；v80 有 M24/M25/M26 骨架，但完整推导仍扣少量严谨性分。；仍依赖教材图表或读图；v80 有小查表/查表动作和收口模板，但不是完整数值表。,6.8,10.0,68.0,中高,
Q0457,课本教材题-张扬军文本,D:\虚拟C盘\学习\流体力学\张扬军（车辆学院）\教材\流体力学教材_text.txt,流体力学教材_text.txt,2,2. 弗劳德相似 对于存在自由面的流动问题，如明渠流动、堰流和由孔口流入大气的液体射流，船驶过 水面引起的波浪运动等，此时重力、压力和惯性力占支配地位，液体的压缩性对这类流动现 象影响微弱；只要流动的尺度不是非常小，表面张力也可以忽略不计；反映惯性力与黏性力 之比的雷诺数很大，此时，黏性影响可以忽略不计。这时，流动相似的决定性相似参数是弗 劳德数，满足弗劳德数相等的模型实验称为弗劳德相似。弗劳德相似要求 ⎛ V ⎞ ⎛ V ⎞ ⎜⎜ ⎟⎟ = ⎜⎜ ⎟⎟ (8.4.2) ⎝ gl ⎠m ⎝ gl ⎠p 一般情况下，模型实验流动与原型流动的重力加速度相等，即 g m = g p ，因此式(8.4.2) ·108· 流 体 力 学 Vm l = m (8.4.3) Vp lp 由式(8.4.3)可见，对于 lm lp < 1 的缩小模型实验，模型实验流动要求的速度比原型流动的 速度低，与雷诺相似的要求恰恰相反。若采用与原型流动相同的流体介质进行模型实验，那 么模型实验流动的雷诺数也比原型流动的雷诺数要小，这就有可能导致黏性力模型实验流动 和原型流动中所起作用的重要程度存在差异。因此，在设计模型时，模型的几何尺寸也不能 太小。,Bernoulli/机械能/动量控制体,P1 > 控制体动量模板；P1 > 伯努利/机械能；Q2 > 弯管受力/喷嘴反力；M21 > 题图决策卡；M26 > 高频计算/查表/控制体收口,P1,先选截面，写连续和 Bernoulli/机械能；再按控制体受力图列压力力、壁面力和动量通量；多出口用 M26 通式；求出壁面对流体的力后按题问管/螺栓取反。,1. 先按题干关键词选模型；2. 在 v80 对应页写首个控制方程/公式；3. 把题给几何、单位和边界条件代入；4. 做代数求解或列出需要查图查表的位置；5. 检查单位、方向、绝压/表压或适用条件。,复杂三维受力和图中方向仍要自己画清楚；v80 已补多出口通式和喷嘴/弯管收口流程。 v69 把截面号、面积、高程、表压/绝压、CV取反和局损速度集中到读图/收口八查。 v80 保留雷诺输运、压力力方向/表压、孔板/文丘里流量计公式链，并补控制体外力组成与自由射流动量通量提示；复杂控制体仍需画受力图。,主题命中“Bernoulli/机械能/动量控制体”，v80 基础过程覆盖约 84%。；题型偏概念简答；v80 已有短答库，但非对应专栏仍扣少量组织分。；仍依赖教材图表或读图；v80 有小查表/查表动作和收口模板，但不是完整数值表。,7.4,10.0,74.0,中高,
Q0458,课本教材题-张扬军文本,D:\虚拟C盘\学习\流体力学\张扬军（车辆学院）\教材\流体力学教材_text.txt,流体力学教材_text.txt,3,3. 其他相似 当流体的压缩性对流动现象起到重要作用时，则需要考虑的相似参数为马赫数。例如， 在可压缩气流中，一般情况下，决定性相似参数为马赫数和雷诺数。要使模型实验流动与原 型流动相似，应满足 ⎛V ⎞ ⎛V ⎞ ⎛ lV ρ ⎞ ⎛ lV ρ ⎞ ⎜ ⎟ =⎜ ⎟ 和 ⎜ ⎟ =⎜ ⎟ ⎝ a ⎠m ⎝ a ⎠p ⎝ μ ⎠m ⎝ μ ⎠p lp ρp μm Vm am 同时满足以上两个条件，则需要 = = lm ρm μp Vp ap 如果黏性影响可以忽略不计，或者流动状态处于自动模化的雷诺数范围，那么马赫数就 是唯一的决定性相似参数。只要满足模型实验流动与原型流动的马赫数相等就能保证两种流 动的压缩性效应相似。由于马赫数中不包含特征长度，所以它对模型的尺寸没有任何限制。 Vm = Vp 。 此时，模型实验流动的介质可用与原型流动相同的介质，即有 am = ap， 当流体的黏性影响可以忽略或者流动处于自模化的雷诺数范围，设计模型实验时，其黏 性往往可以不必考虑，即不考虑雷诺数。如果是管道中的液体流动或者气体的低速流动，重 力、弹性力及表面张力也不必要考虑，只需考虑代表压力与惯性力之比的欧拉数就可以了。 在此情况下应有 ⎛ p ⎞ ⎛ p ⎞ ⎜ 2 ⎟ =⎜ 2 ⎟ ⎝ ρV ⎠m ⎝ ρV ⎠p 其中， Δp 为流场内两点间的压强差。在实际应用中，对于物体的绕流问题，常选取无穷远处 p − p∞ 来流的压强 p∞ 作为参考压强，即有 Δp = p − p∞ 。同时，定义压强系数 p = 2 。对于有 ρV∞2 气穴现象的液体流动问题，参考压强可选为液体在该温度下的饱和蒸气压强 pv ，此时模型实 验流动和原型流动的欧拉数(或压强系数)应满足 ⎛ p − pv ⎞ ⎛ p − pv ⎞ 2⎜ 2 ⎟ = 2⎜ 2 ⎟ ⎝ ρV∞ ⎠ m ⎝ ρV∞ ⎠ p 该特殊形式的欧拉数称为气穴数，它是专门考虑气穴现象时的相似参数。 例题 8-3 内径为 75mm 的水平直管中，水流平均速度为 3m/s ，已知水的动力黏度 −3 μ = 1.139 × 10 Pa⋅ s ，密度 ρ = 999.1kg/ m3 。若用相同的管道以空气为介质做模型实验，空气 的动力黏度 μ = 1.788 × 10−5 Pa⋅ s ，密度 ρ = 1.225kg/ m3 。要使两种流动相似，气流平均速度应 第 8 章 相似理论与量纲分析 ·109· 为多大？若在管道 5 m 长范围测得气流压降为 906.4 Pa ，与之相似的水流在相同长度下压降为 多大？,量纲分析/相似准则,P1 > 量纲分析模板；M25 > 量纲相似+推导骨架；M4 > 流程H；M6 > 标准解模板：相似；M13 > 模型律；M26 > 管路/模型,P1,列变量和基本量纲；选量纲独立且不含待求量的重复变量；逐个令 pi=X rho^a V^b L^c 求指数；最后用 M26 的 F~rho V^2 L^2、Delta p~rho V^2、Fr/Re 缩尺速度比做换算。,1. 先按题干关键词选模型；2. 在 v80 对应页写首个控制方程/公式；3. 把题给几何、单位和边界条件代入；4. 做代数求解或列出需要查图查表的位置；5. 检查单位、方向、绝压/表压或适用条件。,"若变量很冷门或需完整实验相似设计，仍需教材解释；v80 补了常见模型力、压强和速度比例换算。 v80 已补 Buckingham pi 五步流程和 Re/Fr/Ma/We/Eu 判据表；复杂多变量推导仍需手算。 v80 已补模型换算库 Q,t,f,F,Delta p,M,P 和 Re/Fr 冲突答题句；复杂 pi 群仍需手算。 v80 保留量纲齐次/Rayleigh 指数配平、完全/部分相似及 Re/Fr 冲突说明、关键词到 π 群的定位入口、球阻力 CD=f(Re) 标准推导，并补量纲公式、雷诺相似、自模化和压力系数 Cp/Eu 定义；冷门变量仍需逐项列量纲。",主题命中“量纲分析/相似准则”，v80 基础过程覆盖约 86%。；题型偏概念简答；v80 已有短答库，但非对应专栏仍扣少量组织分。；题目要求推导或定义积分；v80 有 M24/M25/M26 骨架，但完整推导仍扣少量严谨性分。；仍依赖教材图表或读图；v80 有小查表/查表动作和收口模板，但不是完整数值表。,6.8,10.0,68.0,中高,
Q0459,课本教材题-张扬军文本,D:\虚拟C盘\学习\流体力学\张扬军（车辆学院）\教材\流体力学教材_text.txt,流体力学教材_text.txt,1.11,1.118 × 30 由于要求 Rep = Rem ，可得 = 1.50 × 108 20ν m 由此解得实验介质的运动黏度为 ν m = 1.118 × 10−8 m 2 / s 即在运动黏度为 1.118 × 10−8 m2 / s 的拖曳水池中，以 1.118 m/ s 速度拖拽模型船只，可保证模型 实验流场与原型流场动力相似。 解毕。 科技前沿(8)——天地换算 ·110· 流 体 力 学 习 题 8-1 试导出用基本量纲 [ L ] 、 [T ] 、 [ M ] 、 [Θ ] 表示的体积流量、角速度、比焓、比熵的 量纲。 1 8-2 证明方程 p + ρ gz + ρV 2 = H (const) 左端三项量纲相同，并确定 H 的量纲。 2 8-3 检查以下各组合数是否是无量纲组合。 Q Δp ρl ΔplQ ρQ Q ρ ① ；② ；③ ；④ ；⑤ l2 ρ ΔpQ 2 ρ Δpl 2 l2 Δp 8-4 试导出密度 ρ 、速度 v 、长度 l 及动力黏度 μ 的无量纲组合。 8-5 某种情形下，经过孔口出流的流量 Q 与孔口直径 d 、流体压强 p 、流体密度 ρ 有关， 试确定流量 Q 的表达式。 8-6 直径为 d 的圆球以匀速 v 通过密度为 ρ 、黏度为 μ 的液体，液体作用在圆球上的力 F 可认为与 d 、 v 、 ρ 、 μ 有关，试确定 F 的表达式。 8-7 流体通过水平毛细管的流量 Q 与管径 d 、动力黏度 μ 、压强梯度 有关，试求流 量 Q 的表达式。 8-8 某充满液体的大容器底面有泄流孔口。今要用模型实验来确定液体流尽的时间，模 型长度比尺缩小 200 倍，测得流尽时间为 5min，试问原容器液体流尽时间。 8-9 汽车行驶速度为 108km/h ，拟在风洞中进行模型实验，风洞试验段风速为 45m/s ， 求原型与模型之间的长度比例尺。若在模型上测得阻力为 1.5 kN ，求原型汽车所受的阻力。 8-10 模型船与实船的尺寸比例为 1 50 ，若已知模型在速度为 Vm = 1.33m/s 时，船模的拖 曳阻力为 Fm = 9.81N ，实验与实际情况中水的密度和黏度认为相同，试在下列两种情况下 确定船的速度和阻力：(1)测量摩擦阻力，黏性力起主要作用；(2)测量波浪阻力，重力起主 要作用。 8-11 天然气在水平管道内以平均流速 v1 = 20m/s 流动，为了测量沿管道的压降，用水做 模型实验，取长度比例尺为 Cl = 0.1 ，试确定：(1)为保证流动相似，模型管道内水的流速应 等于多少？(2)若测得模型实验中，每 0.1m 管长的压降 Δp2 = 1kPa ，则天然气管道中每米管 长的压降 Δp1 是多少？(天然气密度 ρ1 =1.86kg/m3 ，运动黏度ν 1 = 1.3 × 10−5 m 2 /s ，水的,边界层/外绕流阻力,P6 > 平板边界层；P6 > 位移/动量厚度；M24 > 边界层积分题；Q5 > 边界层题库速解；M13 > 微题,P6,先算 Re_x/Re_L 判层流、湍流或转捩；直接题用 delta、Cf、阻力公式；速度剖面题用 M24 的 delta*、theta 和 Karman 模板；外绕流判断摩擦/压差阻力和分离。,1. 算 Re_x 或 Re_L；2. 判断层流/湍流/低 Re；3. 选厚度、Cf 或阻力公式；4. 若为厚度定义题，尝试写积分；5. 说明 v80 缺失的定义或图表。,"复杂非零压梯度动量积分、实验阻力图和扫描图数值仍需教材/图表；v80 已覆盖书10.3/10.5 常见剖面。 v80 已补 delta*, theta, H 的物理意义；复杂动量积分推导仍需手算。 v80 已补局部摩阻系数 cf、单位宽阻力 D'、CD=2theta/L、转捩位置 xcr、平板层/湍/混合阻力判定和湿表面积/迎风面积区分；复杂分离与实验阻力图仍需教材。 v80 保留给定速度剖面到 delta、theta、delta_E、tau_w、CD 的通用积分链，补强 delta、delta*、theta、delta_E 的物理意义，保留层/湍速度剖面标准句、Boussinesq 涡黏、吸气/吹气修正、自由射流动量通量入口、Theta 分离判据和 Karman--Pohlhausen 配边界步骤。",主题命中“边界层/外绕流阻力”，v80 基础过程覆盖约 87%。；题目要求推导或定义积分；v80 有 M24/M25/M26 骨架，但完整推导仍扣少量严谨性分。；仍依赖教材图表或读图；v80 有小查表/查表动作和收口模板，但不是完整数值表。,7.5,10.0,75.0,中高,
Q0460,课本教材题-张扬军文本,D:\虚拟C盘\学习\流体力学\张扬军（车辆学院）\教材\流体力学教材_text.txt,流体力学教材_text.txt,9.1,9.1.1 黏性不可压缩流体总流的伯努利方程 考虑黏性不可压缩流体的管道或槽道内的流动，由于黏性的影响，紧贴管道壁面的流体 质点将黏附在固体壁面上，质点运动速度为零。然而，轴线附近的流体仍以较大的流速 V 流 动。沿管道半径方向，存在一个流速由零到 V 的变化区域，即存在相对运动的流体层。在 相对运动的流体层之间，由于黏性影响存在切向阻力，要维持流体的流动，就需要消耗机 械能以克服阻力。此时，理想流体伯努利方程反映的流动过程中沿流线总机械能守恒的规 律不再成立。 理想不可压缩流体在重力作用下做定常流动，则沿同一条流线总机械能守恒，对于同一 流线上、下游(以下标 1、2 表示)两点应用伯努利方程可得 V12 p V2 p + gz1 + 1 = 2 + gz2 + 2 (9.1.1) 2 ρ 2 ρ 对于黏性流体，由于克服黏性阻力影响要消耗机械能。下游的机械能要小于上游的机械 能，即有 V12 p V2 p + gz1 + 1 > 2 + gz2 + 2 (9.1.2) 2 ρ 2 ρ V12 p V2 p 或写成 + z1 + 1 = 2 + z2 + 2 + hwl (9.1.3) 2g ρ g 2g ρg 其中， hwl 为单位重量流体沿流线从上游流至下游时所消耗的机械能( J/N 或 m)，式(9.1.3)称 为黏性流体沿流线的伯努利方程。在黏性不可压缩流体的管道或槽道流动中，流动的有效截 面为有限值，这类流动又称为总流。总流是由无数微元流束(或流线)组成的有效截面为有限 ·112· 流 体 力 学 值的流动。由于在管道(或槽道)中存在弯管、阀门等阻力件，总流流动不再是微元流束流动 的简单叠加。因此，对总流流动应用伯努利方程时，需要注意以下两点。 (1)伯努利方程只能应用于流动变化缓慢(缓变流)的区域，不能在弯管、阀门等流动发生 急剧变化(急变流)的区域应用伯努利方程。换言之，伯努利方程仅适用于流线间夹角很小、 流线的曲率半径很大的流动，如图 9-1 所示。 图 9-1 总流示意图 (2)由于总流截面上各点流速不一致，在伯努利方程中应该使用该截面上的平均流速 V ， 而且需乘上总流的动能修正系数 α ，其定义为 3 1 ⎛V ⎞ A ∫A ⎝ V ⎠ α= ⎜ ⎟ dA (9.1.4) 其中， A 为总流的有效截面积。在工业管道中，通常取 α = 1.01～1.10 ，湍流流动的 α 比层流 流动的 α 更接近于 1，故在本书中若无特殊说明，均近似取 α = 1.0 。引入动能修正系数 α 后， 总流在两个缓变流截面处的伯努利方程可以写成 V2 p1 V2 p α1 1 + z1 + = α1 2 + z2 + 2 + hw (9.1.5) 2g ρg 2g ρg 其中， α1 、 α 2 为两个截面上的动能修正系数，通常可近似取为 1； V 为平均流,粘性管路/沿程局部损失/泵水轮机,P5 > 管路损失；Q5 > 粘性流动题库速解；M21 > 题图决策卡；M22 > 误判；M26 > 管路/模型,P5,由 Q 求 V，算 Re，判层/湍；层流用 H-P 或 64/Re，光滑湍流可用 0.3164/Re^(1/4)，粗糙管查 Moody；局部损失用所在管段速度；汇总后代入机械能求目标量。,1. 由 Q 和管径求 V；2. 算 Re 判断层流/湍流；3. 取 lambda 或查 Moody/Colebrook；4. 汇总沿程/局部损失；5. 代入机械能方程求目标量。,局部损失系数、粗糙度和物性仍需题给或查教材；v80 明确了 Moody、光滑管和局部损失速度的收口。 v80 保留管路机械能、沿程/局部损失、泵/水轮机功率、Moody/Colebrook 入口，并补圆管层流抛物线速度分布、湍流丰满剖面和平均/最大速度易错。,主题命中“粘性管路/沿程局部损失/泵水轮机”，v80 基础过程覆盖约 85%。；题型偏概念简答；v80 已有短答库，但非对应专栏仍扣少量组织分。；仍依赖教材图表或读图；v80 有小查表/查表动作和收口模板，但不是完整数值表。,7.5,10.0,75.0,中高,
Q0461,课本教材题-张扬军文本,D:\虚拟C盘\学习\流体力学\张扬军（车辆学院）\教材\流体力学教材_text.txt,流体力学教材_text.txt,9.1,9.1.2 流动阻力损失 从上述分析可知，黏性不可压缩流体的管道流动与理想流体管道流动的最大区别就是存 在流动阻力，从而使流体流动过程中出现机械能损失，总机械能不再守恒。通常把黏性不可 第 9 章 黏性不可压缩流体的内部流动 ·113· 压缩流体管道流动中，由流动阻力引起的机械能损失 hw 称为流动阻力损失，简称阻力损失。 它可以分解为沿缓变流流动的沿程阻力损失总和 ∑ h f 以及在急变流处产生的局部阻力损失 总和 ∑ h j 两部分，即 hw = ∑ h f + ∑ h j (9.1.7),粘性管路/沿程局部损失/泵水轮机,P5 > 管路损失；Q5 > 粘性流动题库速解；M21 > 题图决策卡；M22 > 误判；M26 > 管路/模型,P5,由 Q 求 V，算 Re，判层/湍；层流用 H-P 或 64/Re，光滑湍流可用 0.3164/Re^(1/4)，粗糙管查 Moody；局部损失用所在管段速度；汇总后代入机械能求目标量。,1. 由 Q 和管径求 V；2. 算 Re 判断层流/湍流；3. 取 lambda 或查 Moody/Colebrook；4. 汇总沿程/局部损失；5. 代入机械能方程求目标量。,局部损失系数、粗糙度和物性仍需题给或查教材；v80 明确了 Moody、光滑管和局部损失速度的收口。 v80 保留管路机械能、沿程/局部损失、泵/水轮机功率、Moody/Colebrook 入口，并补圆管层流抛物线速度分布、湍流丰满剖面和平均/最大速度易错。,主题命中“粘性管路/沿程局部损失/泵水轮机”，v80 基础过程覆盖约 85%。,8.5,10.0,85.0,中高,
Q0462,课本教材题-张扬军文本,D:\虚拟C盘\学习\流体力学\张扬军（车辆学院）\教材\流体力学教材_text.txt,流体力学教材_text.txt,2,2. 局部阻力损失 局部阻力损失简称局部阻力或局部损失，是发生在流动状态发生急剧变化的急变流区域 中的机械能损失。它主要由在弯头、闸门等管件处流体微团的碰撞、旋涡等造成。单位重量 流体的局部阻力损失表示为 V2 hj = ζ (9.1.9) 2g 其中，无量纲系数 ζ 为局部阻力系数，其值通常由实验确定。 例题 9-1 已知一个输油管的直径 d = 0.1m ，长 l = 10000m ，出口与入口高度差 zo − zi = 12m ，输油量 M = 8000kg/h ，油的密度 ρ = 860kg/m3 ，入口端的油压为 pi = 4.9 × 105 Pa 。沿 程阻力系数 λ = 0.05 ，求出口端的油压 po 。,量纲分析/相似准则,P1 > 量纲分析模板；M25 > 量纲相似+推导骨架；M4 > 流程H；M6 > 标准解模板：相似；M13 > 模型律；M26 > 管路/模型,P1,列变量和基本量纲；选量纲独立且不含待求量的重复变量；逐个令 pi=X rho^a V^b L^c 求指数；最后用 M26 的 F~rho V^2 L^2、Delta p~rho V^2、Fr/Re 缩尺速度比做换算。,1. 先按题干关键词选模型；2. 在 v80 对应页写首个控制方程/公式；3. 把题给几何、单位和边界条件代入；4. 做代数求解或列出需要查图查表的位置；5. 检查单位、方向、绝压/表压或适用条件。,"若变量很冷门或需完整实验相似设计，仍需教材解释；v80 补了常见模型力、压强和速度比例换算。 v80 已补 Buckingham pi 五步流程和 Re/Fr/Ma/We/Eu 判据表；复杂多变量推导仍需手算。 v80 已补模型换算库 Q,t,f,F,Delta p,M,P 和 Re/Fr 冲突答题句；复杂 pi 群仍需手算。 v80 保留量纲齐次/Rayleigh 指数配平、完全/部分相似及 Re/Fr 冲突说明、关键词到 π 群的定位入口、球阻力 CD=f(Re) 标准推导，并补量纲公式、雷诺相似、自模化和压力系数 Cp/Eu 定义；冷门变量仍需逐项列量纲。",主题命中“量纲分析/相似准则”，v80 基础过程覆盖约 86%。；题目要求推导或定义积分；v80 有 M24/M25/M26 骨架，但完整推导仍扣少量严谨性分。；仍依赖教材图表或读图；v80 有小查表/查表动作和收口模板，但不是完整数值表。,7.4,10.0,74.0,中高,
Q0463,课本教材题-张扬军文本,D:\虚拟C盘\学习\流体力学\张扬军（车辆学院）\教材\流体力学教材_text.txt,流体力学教材_text.txt,9.2,9.2 黏性不可压流动的层流解析解 第７章中给出了一般情况下描述黏性均质不可压缩流体的流动需满足的流体力学基本方 程组，即方程(7.3.10)～方程(7.3.14)。该方程组构成了求解流场压强 p 和速度未知函数 u、v 和 w 的封闭方程组。然而由于方程组中存在非线性项，其解析解的求解非常困难。迄今为止， 可以得到解析解的流动例子非常有限。本节将以平行剪切流为例，介绍流动解析解的求解方 法。在这些特殊的流动情况下，流动力学基本方程中的非线性项为零，数学上处理起来相对 容易一些。,粘性管路/沿程局部损失/泵水轮机,P5 > 管路损失；Q5 > 粘性流动题库速解；M21 > 题图决策卡；M22 > 误判；M26 > 管路/模型,P5,由 Q 求 V，算 Re，判层/湍；层流用 H-P 或 64/Re，光滑湍流可用 0.3164/Re^(1/4)，粗糙管查 Moody；局部损失用所在管段速度；汇总后代入机械能求目标量。,1. 由 Q 和管径求 V；2. 算 Re 判断层流/湍流；3. 取 lambda 或查 Moody/Colebrook；4. 汇总沿程/局部损失；5. 代入机械能方程求目标量。,局部损失系数、粗糙度和物性仍需题给或查教材；v80 明确了 Moody、光滑管和局部损失速度的收口。 v80 保留管路机械能、沿程/局部损失、泵/水轮机功率、Moody/Colebrook 入口，并补圆管层流抛物线速度分布、湍流丰满剖面和平均/最大速度易错。,主题命中“粘性管路/沿程局部损失/泵水轮机”，v80 基础过程覆盖约 85%。,8.5,10.0,85.0,中高,
Q0464,课本教材题-张扬军文本,D:\虚拟C盘\学习\流体力学\张扬军（车辆学院）\教材\流体力学教材_text.txt,流体力学教材_text.txt,9.2,"9.2.1 圆管内的定常层流流动 流体在圆管内的定常层流流动是不可压黏性流体力学中的经典问题之一。如图 9-2 所示， 水平放置一个直径为 D 的长圆管，内有密度 ρ 、黏度 μ 的黏性不可压缩流体沿管道做层流流 动，为简化问题，忽略重力影响。这种流动具有下列特征： (1)假设管道很长，管道两端的影响可以忽略不计，管内流动仅沿管道轴线方向； (2)假设管道截面为圆形，即呈轴对称，并且管内流动也呈现轴对称特性。 图 9-2 直圆管中的定常层流流动 根据流动特征(2)，选择在柱坐标系中分析本问题，其中坐标 z 轴与圆管轴线重合， 如图 9-2 所示，结合流动特征(1)，有 ∂Vz ∂Vz Vr = Vφ = 0, = =0 (9.2.1) ∂φ ∂z 由于流动定常，可得 ∂(⋅) =0 (9.2.2) 其中， (⋅) 代表流场速度、压力等物理量。将式(9.2.1)和式(9.2.2)代入柱坐标形式下的连续性方 程(7.3.30)和动量方程(方程(7.3.31)～方程(7.3.33))中，可知连续性方程自动满足，动量方程 可化简为 1 ∂p 0=− + gr (9.2.3) ρ ∂r 1 ∂p 0=− + gφ (9.2.4) ρ r ∂φ 第 9 章 黏性不可压缩流体的内部流动 ·115· 1 ∂p μ ⎛ ∂2V 1 ∂Vz ⎞ 0=− + g z + ⎜⎜ 2z + ⎟ (9.2.5) ρ ∂z ρ ⎝ ∂r r ∂r ⎟⎠ 由式(9.2.5)可知， Vz = Vz ( r ) (9.2.6) 忽略重力的影响 g r = gφ = g z = 0 。将式(9.2.6)代入式(9.2.3)～式(9.2.5)中，可得 ∂p ∂ p = =0 (9.2.7) ∂r ∂φ ∂p ⎛ ∂2V 1 ∂Vz ⎞ 0=− + μ ⎜⎜ 2z + ⎟ (9.2.8) ∂z ⎝ ∂r r ∂r ⎠⎟ 从式(9.2.7)中可以看出压强 p 只是坐标 z 的函数，因此 ∂p / ∂z = dp / dz 。将式(9.2.8)沿径向 r 积分，可得 1 dp 2 Vz = r + Cl ln r + C z (9.2.9) 4 μ dz 积分常数 Cl 和 C z 可由圆管轴心位置速度有限条件和圆管壁面的黏附速度边界条件确定，即 r = 0 时， Vz 取值有限； r = 时， Vz = 0 (9.2.10) 2 将式(9.2.9)代入边界条件(9.2.10)中，可得 1 dp D 2 Cl = 0, Cz = − (9.2.11) 4 μ dz 4 1 dp ⎛ 2 D 2 ⎞ 于是可得圆管中速度分布形式 Vz = ⎜r − ⎟ (9.2.12) 4 μ dz ⎝ 4 ⎠ 从式(9.2.12)中，可知管内速度最大点发生在管道轴线 ( r = 0 ) 上， D 2 dp Vz max ",粘性管路/沿程局部损失/泵水轮机,P5 > 管路损失；Q5 > 粘性流动题库速解；M21 > 题图决策卡；M22 > 误判；M26 > 管路/模型,P5,由 Q 求 V，算 Re，判层/湍；层流用 H-P 或 64/Re，光滑湍流可用 0.3164/Re^(1/4)，粗糙管查 Moody；局部损失用所在管段速度；汇总后代入机械能求目标量。,1. 由 Q 和管径求 V；2. 算 Re 判断层流/湍流；3. 取 lambda 或查 Moody/Colebrook；4. 汇总沿程/局部损失；5. 代入机械能方程求目标量。,局部损失系数、粗糙度和物性仍需题给或查教材；v80 明确了 Moody、光滑管和局部损失速度的收口。 v80 保留管路机械能、沿程/局部损失、泵/水轮机功率、Moody/Colebrook 入口，并补圆管层流抛物线速度分布、湍流丰满剖面和平均/最大速度易错。,主题命中“粘性管路/沿程局部损失/泵水轮机”，v80 基础过程覆盖约 85%。；仍依赖教材图表或读图；v80 有小查表/查表动作和收口模板，但不是完整数值表。,8.1,10.0,81.0,中高,
Q0465,课本教材题-张扬军文本,D:\虚拟C盘\学习\流体力学\张扬军（车辆学院）\教材\流体力学教材_text.txt,流体力学教材_text.txt,9.2,"9.2.2 平行平板之间的定常层流流动 考虑流体在相距为 b 的两块无限大平行平板之间的定常层流流动，如图 9-3 所示，流体 沿 x 轴方向流动，板间距沿 y 轴方向，取 z 轴为 平板展向，以下 u、v、w 分别代表沿坐标 x、y、 z 三个方向的速度分量。流动具有下列基本特征。 (1)平板沿展向 z 足够宽，两侧边界的影响 可忽略，问题可简化成平面流动，即 ∂(⋅) w = 0, =0 其中， (⋅) 代表流场速度、压力等物理量。 图 9-3 平行平板之间的定常层流流动 第 9 章 黏性不可压缩流体的内部流动 ·117· (2)平板足够长，两端的影响可不考虑，流体运动只沿 x 轴方向有分量且速度分布只是 y 坐标的函数，即 u = u ( y), = 0, v = 0 ∂(⋅) (3)流动处于定常状态，即 =0 (4)重力沿 y 轴负方向，即 g x = g z = 0, g y = − g 将上述条件代入方程(7.3.4)～方程(7.3.7)中，可知连续性方程自动满足，沿 x、y 和 z 三 个坐标方向的动量方程分别可简化为 1 ∂p μ ∂ 2 u 0=− + (9.2.21) ρ ∂ x ρ ∂y 2 1 ∂p 0 = −g − (9.2.22) ρ ∂y 1 ∂p 0=− (9.2.23) ρ ∂z 根据方程(9.2.23)，可知流场压强 p 与坐标 z 无关，即 p = p ( x, y ) 。将方程(9.2.22)沿坐 标 y 进行积分可得 p = − ρ gy + F ( x ) (9.2.24) 将式(9.2.24)代入方程(9.2.21)中，可得 1 dF μ ∂ 2 u 0=− + (9.2.25) ρ dx ρ ∂y 2 将式(9.2.25)沿坐标 y 积分，可得 1 dF 2 u= y + Cy + D (9.2.26) μ dx 其中，dF / dx = ∂p / ∂x ；积分常数 C 和 D 由平板壁面的黏附速度边界条件确定，即 y = 0 和 y = b u=0 (9.2.27) 将式(9.2.26)代入边界条件(9.2.27)中，可得 1 ∂p C=− b, D=0 (9.2.28) μ ∂x 至此，可得平行平板间流体运动速度分布的表达式： 1 ∂p 2 μ ∂x y − by , ) v = 0, w=0 (9.2.29) 显然，速度呈抛物线分布，其中速度最大点出现在板中间位置 y = b / 2 ，最大速度为 b 2 ∂p umax = − (9.2.30) 4 μ ∂x 沿 z 方向单位厚度板间流体体积流量为 b 1 ∂p b3 ∂p Q=∫ 0 μ ∂x ( ) y 2 − by dy = − 6 μ ∂x",粘性管路/沿程局部损失/泵水轮机,P5 > 管路损失；Q5 > 粘性流动题库速解；M21 > 题图决策卡；M22 > 误判；M26 > 管路/模型,P5,由 Q 求 V，算 Re，判层/湍；层流用 H-P 或 64/Re，光滑湍流可用 0.3164/Re^(1/4)，粗糙管查 Moody；局部损失用所在管段速度；汇总后代入机械能求目标量。,1. 由 Q 和管径求 V；2. 算 Re 判断层流/湍流；3. 取 lambda 或查 Moody/Colebrook；4. 汇总沿程/局部损失；5. 代入机械能方程求目标量。,局部损失系数、粗糙度和物性仍需题给或查教材；v80 明确了 Moody、光滑管和局部损失速度的收口。 v80 保留管路机械能、沿程/局部损失、泵/水轮机功率、Moody/Colebrook 入口，并补圆管层流抛物线速度分布、湍流丰满剖面和平均/最大速度易错。,主题命中“粘性管路/沿程局部损失/泵水轮机”，v80 基础过程覆盖约 85%。；仍依赖教材图表或读图；v80 有小查表/查表动作和收口模板，但不是完整数值表。,8.1,10.0,81.0,中高,
Q0466,课本教材题-张扬军文本,D:\虚拟C盘\学习\流体力学\张扬军（车辆学院）\教材\流体力学教材_text.txt,流体力学教材_text.txt,9,(9.2.31) ·118· 流 体 力 学 板间平均速度为 Q b 2 ∂p u= =− (9.2.32) b ×1 6 μ ∂x 从上述分析可看出，由于重力方向与流动方向垂直，重力仅影响平板间压强的分布，对 速度分布无影响。,边界层/外绕流阻力,P6 > 平板边界层；P6 > 位移/动量厚度；M24 > 边界层积分题；Q5 > 边界层题库速解；M13 > 微题,P6,先算 Re_x/Re_L 判层流、湍流或转捩；直接题用 delta、Cf、阻力公式；速度剖面题用 M24 的 delta*、theta 和 Karman 模板；外绕流判断摩擦/压差阻力和分离。,1. 算 Re_x 或 Re_L；2. 判断层流/湍流/低 Re；3. 选厚度、Cf 或阻力公式；4. 若为厚度定义题，尝试写积分；5. 说明 v80 缺失的定义或图表。,"复杂非零压梯度动量积分、实验阻力图和扫描图数值仍需教材/图表；v80 已覆盖书10.3/10.5 常见剖面。 v80 已补 delta*, theta, H 的物理意义；复杂动量积分推导仍需手算。 v80 已补局部摩阻系数 cf、单位宽阻力 D'、CD=2theta/L、转捩位置 xcr、平板层/湍/混合阻力判定和湿表面积/迎风面积区分；复杂分离与实验阻力图仍需教材。 v80 保留给定速度剖面到 delta、theta、delta_E、tau_w、CD 的通用积分链，补强 delta、delta*、theta、delta_E 的物理意义，保留层/湍速度剖面标准句、Boussinesq 涡黏、吸气/吹气修正、自由射流动量通量入口、Theta 分离判据和 Karman--Pohlhausen 配边界步骤。",主题命中“边界层/外绕流阻力”，v80 基础过程覆盖约 87%。,8.7,10.0,87.0,中高,
Q0467,课本教材题-张扬军文本,D:\虚拟C盘\学习\流体力学\张扬军（车辆学院）\教材\流体力学教材_text.txt,流体力学教材_text.txt,9.2,"9.2.3 同轴环形空间的层流流动 如图 9-4 所示，在半径为 r2 的足够长空心圆桶内，有一个半径为 r1 的同轴圆桶。内、外 圆桶间充满牛顿黏性不可压缩流体，内圆桶以等角速度 ω 绕轴旋转。本节介绍如何求解该流 动的速度场及内圆桶所受的阻力矩。根据上述条件，流动具有下列特征： (1)内、外同心圆桶很长，圆桶两端的端部影响可忽略不计，任意与圆桶轴线垂直截面上 的流动都相同，即仅需考虑截面上的平面流动； (2)由于边界条件相对于圆桶旋转轴线呈轴对称分布，故可令流场为轴对称分布且仅存在 周向速度分量。 取柱坐标系进行分析，如图 9-4 所示。根据流动特征可以得到 ∂ ( ⋅) ∂ (⋅ ) Vr = Vz = 0, = =0 (9.2.33) ∂z ∂φ 考虑流动定常且忽略重力影响，可得 ∂ ( ⋅) = 0, f r = fφ = f z = 0 (9.2.34) 其中， (⋅) 代表流场速度、压力等物理量。将式(9.2.33)和 式 (9.2.34) 代 入 柱 坐 标 系 下 流 体 运 动 的 基 本 方 程 ( 方 程",流体运动学/连续/流线迹线,P1 > 连续性；Q1 > 迹线/流线/脉线；M18 > 往年题可能问法；M23 > 概念短答库；T6 > 常见问法到答案,P1,先判速度场/描述方法；写连续、旋度、流线/迹线微分式；概念题直接用 M18/M23 的一句话答案；应力题转 Q1 张量模板。,1. 先按题干关键词选模型；2. 在 v80 对应页写首个控制方程/公式；3. 把题给几何、单位和边界条件代入；4. 做代数求解或列出需要查图查表的位置；5. 检查单位、方向、绝压/表压或适用条件。,若要求长篇推导或复杂坐标变换，仍需教材细节；v80 已足够支撑多数简答和基础计算过程。 v67 已补推导题固定结构，v69/v80 补截面、边界条件和概念收口检查。 v80 保留新题定位入口、非定常 Bernoulli 推导条件、速度势单值/路径无关证明、Lagrange/Kelvin 可抄证明句、涡管强度 ΩA 守恒、涡量矩模板、自由射流动量通量和 RTT 入口，并补纳维-斯托克斯原词、圆管断面速度分布原词、渐变流测压管水头；更长证明仍需教材措辞。,主题命中“流体运动学/连续/流线迹线”，v80 基础过程覆盖约 85%。；仍依赖教材图表或读图；v80 有小查表/查表动作和收口模板，但不是完整数值表。,8.1,10.0,81.0,中高,
Q0468,课本教材题-张扬军文本,D:\虚拟C盘\学习\流体力学\张扬军（车辆学院）\教材\流体力学教材_text.txt,流体力学教材_text.txt,7,"(7.3.30)～方程(7.3.33))中，整理可得 dp ρVφ 2 = (9.2.35) dr r 图 9-4 同心圆桶间剪切流动 d 2Vφ 2 1 dVφ Vφ 2 + − 2 =0 (9.2.36) dr r dr r 由于方程(9.2.36)中只包含周向速度未知量 Vφ ，可先对其进行求解。关于 Vφ 的边界条件为 内桶外壁面上 r = r1 ， Vφ = ω r1 (9.2.37) 外桶内壁面上 r = r2 ， Vφ = 0 (9.2.38) 令方程(9.2.36)解的一般形式为 r n ，其中，n 为待定参数，将其代入方程(9.2.36)中，整理 ( n + 1)( n − 1) r n−2 = 0 (9.2.39) 求解式(9.2.39)可以得到 n = ±1 (9.2.40) C2 因此，方程(9.2.36)的解形式为 Vφ = C1r + (9.2.41) 其中，积分常数 C1 和 C2 可由 Vφ 的边界条件(式(9.2.37)和式(9.2.38))给出，即 第 9 章 黏性不可压缩流体的内部流动 ·119· r 2ω r 2 r 2ω C1 = − 21 2 , C2 = 12 2 2 (9.2.42) r2 − r1 r2 − r1 于是可得内、外圆桶间周向速度 Vφ 表达式为 r2 r 2r 2 ω Vφ = − 2 1 2 ω r + 21 2 2 (9.2.43) r2 − r1 r2 − r1 r 将式(9.2.43)代入式(9.2.35)中并积分，可以得到内、外圆桶之间的压强分布为 ⎡ ⎤ ρ⎢ r14ω 2 1 4r14 r22ω 2 r14 r24ω 2 p= r − 2 − ln r ⎥ + D (9.2.44) 2 ⎢ r2 − r2 2 ⎥ ⎢⎣ 2 1 ( r2 2 − r) 1 2 2 r2 2 2 − r1 2 2 ) ⎥⎦ ( ) 其中，积分常数 D 可以根据流场中参考点给定的压强进行确定。 接下来讨论当 r2 → ∞ 时的极限情况，即圆桶在无界空间中的旋转问题。根据式(9.2.43)， 可知此时速度场可写成 Γ 1 Vφ = (9.2.45) 2π r 其中， Γ = 2πr12ω ，为圆桶表面速度的环量，式(9.2.45)所示速度场与理想流体中强度为 Γ 的 平面点涡速度场一致。由此可知，在此特殊情况下，黏性流体动力学问题的解有可能与理想 流体无旋流动的解重合，但是这种情况是极少见的。根据式(9.2.44)，可得到圆桶在无界空间 中旋转所引起的压强分布为 ρΓ 2 1 p=− +D (9.2.46) 8π 2 r 2 若令无穷远处 r → ∞ 时流场的压强为 p ( r → ∞ ) = p∞ ，那么可以得到式(9.2.46)中常数 D = p∞ ，代入式(9.2.46)中可以得到 ρΓ 2 1 p",流体运动学/连续/流线迹线,P1 > 连续性；Q1 > 迹线/流线/脉线；M18 > 往年题可能问法；M23 > 概念短答库；T6 > 常见问法到答案,P1,先判速度场/描述方法；写连续、旋度、流线/迹线微分式；概念题直接用 M18/M23 的一句话答案；应力题转 Q1 张量模板。,1. 先按题干关键词选模型；2. 在 v80 对应页写首个控制方程/公式；3. 把题给几何、单位和边界条件代入；4. 做代数求解或列出需要查图查表的位置；5. 检查单位、方向、绝压/表压或适用条件。,若要求长篇推导或复杂坐标变换，仍需教材细节；v80 已足够支撑多数简答和基础计算过程。 v67 已补推导题固定结构，v69/v80 补截面、边界条件和概念收口检查。 v80 保留新题定位入口、非定常 Bernoulli 推导条件、速度势单值/路径无关证明、Lagrange/Kelvin 可抄证明句、涡管强度 ΩA 守恒、涡量矩模板、自由射流动量通量和 RTT 入口，并补纳维-斯托克斯原词、圆管断面速度分布原词、渐变流测压管水头；更长证明仍需教材措辞。,主题命中“流体运动学/连续/流线迹线”，v80 基础过程覆盖约 85%。；题目要求推导或定义积分；v80 有 M24/M25/M26 骨架，但完整推导仍扣少量严谨性分。；仍依赖教材图表或读图；v80 有小查表/查表动作和收口模板，但不是完整数值表。,7.3,10.0,73.0,中高,
Q0469,课本教材题-张扬军文本,D:\虚拟C盘\学习\流体力学\张扬军（车辆学院）\教材\流体力学教材_text.txt,流体力学教材_text.txt,9.2,"9.2.4 狭缝中的流动——轴承润滑* 在自然界和工程实际中，大量存在这样一类问题，其流动的雷诺数很小，例如，水滴、 油雾、灰尘颗粒在空气中的运动，固体微粒在水中的运动，一种液滴在另一种液体中的运动 以及轴承中润滑油薄膜的流动等。雷诺数 Re 的物理意义是单位质量流体受到的惯性力与黏性 力的量级之比，即 DV Dt V 2 / L VL ρVL ∼ = = = Re (9.2.54) ν∇ 2V ν V L2 ν μ 其中，ν = μ / ρ 是流体的运动黏度。对于低雷诺数流动问题，由于 Re 1 ，Navier-Stokes 方 程中惯性力项 D V /Dt 与黏性力项ν∇ 2V 相比为小量。作为一种近似，可以忽略 Navier-Stokes 方程中的惯性力项，可得 1 μ 2 f − ∇p + ∇ V =0 (9.2.55) ρ ρ 方程(9.2.55)又称为 Stokes 方程，它与连续性方程 ∇ ⋅V = 0 (9.2.56) 共同构成了低雷诺数流动问题的基本方程组。下面以轴承润滑油薄膜的流动为例，对低雷诺 数流动的求解过程进行说明。 图 9-5 为两块无限大平板之间的狭缝流动，若忽 略端部效应，可将其视为二维流动。在笛卡儿直角 坐标系中，忽略重力影响，Stokes 方程(9.2.55)和连 续性方程(9.2.56)可写成 1 ∂p μ ⎛ ∂2 u ∂ 2 u ⎞ 图 9-5 狭缝中的流动 − + ⎜ + ⎟=0 (9.2.57) ρ ∂ x ρ ⎝ ∂x 2 ∂y 2 ⎠ 第 9 章 黏性不可压缩流体的内部流动 ·121· 1 ∂p μ ⎛ ∂2 v ∂ 2 v ⎞ − + ⎜ + ⎟=0 (9.2.58) ρ ∂ y ρ ⎝ ∂x 2 ∂y 2 ⎠ ∂u ∂v + =0 (9.2.59) ∂x ∂y 其中，u、v 为流体速度沿 x 和 y 坐标方向的分量； ρ 和 μ 分别为流体的密度和黏度。假设两 平板间隙的楔角很小，可以认为 u v 且 ∂ / ∂y ∂ / ∂x ，那么有 ∂ 2u ∂2 v ∂2u ∂2 v ∂2u ∂2u ∂2 v ∂2 v , , , (9.2.60) ∂y 2 ∂y 2 ∂x 2 ∂x 2 ∂y 2 ∂x 2 ∂y 2 ∂x 2 将式(9.2.60)代入方程(9.2.57)～方程(9.2.59)中，可以得到 ∂p ∂p",边界层/外绕流阻力,P6 > 平板边界层；P6 > 位移/动量厚度；M24 > 边界层积分题；Q5 > 边界层题库速解；M13 > 微题,P6,先算 Re_x/Re_L 判层流、湍流或转捩；直接题用 delta、Cf、阻力公式；速度剖面题用 M24 的 delta*、theta 和 Karman 模板；外绕流判断摩擦/压差阻力和分离。,1. 算 Re_x 或 Re_L；2. 判断层流/湍流/低 Re；3. 选厚度、Cf 或阻力公式；4. 若为厚度定义题，尝试写积分；5. 说明 v80 缺失的定义或图表。,"复杂非零压梯度动量积分、实验阻力图和扫描图数值仍需教材/图表；v80 已覆盖书10.3/10.5 常见剖面。 v80 已补 delta*, theta, H 的物理意义；复杂动量积分推导仍需手算。 v80 已补局部摩阻系数 cf、单位宽阻力 D'、CD=2theta/L、转捩位置 xcr、平板层/湍/混合阻力判定和湿表面积/迎风面积区分；复杂分离与实验阻力图仍需教材。 v80 保留给定速度剖面到 delta、theta、delta_E、tau_w、CD 的通用积分链，补强 delta、delta*、theta、delta_E 的物理意义，保留层/湍速度剖面标准句、Boussinesq 涡黏、吸气/吹气修正、自由射流动量通量入口、Theta 分离判据和 Karman--Pohlhausen 配边界步骤。",主题命中“边界层/外绕流阻力”，v80 基础过程覆盖约 87%。；题型偏概念简答；v80 已有短答库，但非对应专栏仍扣少量组织分。；仍依赖教材图表或读图；v80 有小查表/查表动作和收口模板，但不是完整数值表。,7.7,10.0,77.0,中高,
Q0470,课本教材题-张扬军文本,D:\虚拟C盘\学习\流体力学\张扬军（车辆学院）\教材\流体力学教材_text.txt,流体力学教材_text.txt,9,"(9.2.61) ∂x ∂y 由于平板间隙尺寸很小，作为近似可以得到 =0 (9.2.62) 即压强沿液膜的厚度方向均匀分布，进一步化简动量方程和连续性方程可以得到 1 ∂p μ ∂ 2 u − + =0 (9.2.63) ρ ∂x ρ ∂y 2 ∂2 v =0 (9.2.64) ∂y 2 ∂u ∂v + =0 (9.2.65) ∂x ∂y 在狭缝上、下表面，相应黏附边界条件为 u y =0 = U , u y=h = 0 (9.2.66) v y =0 = v y = h = 0 (9.2.67) 根据方程(9.2.64)和边界条件(9.2.67)可知沿狭缝厚度 y 方向的速度分量为零，即 v=0 (9.2.68) 将方程(9.2.63)沿 y 方向积分，可得 1 dp 2 u= y + C1 y + C2 (9.2.69) 2 μ dx 其中，积分常数 C1 和 C2 由边界条件(9.2.66)确定，有 U 1 dp C1 = − − h, C1 = U (9.2.70) h 2 μ dx 代入式(9.2.69)中，可得两平板之间的速度分布为 1 dp 2 2 μ dx ( U y − hy + ( h − y )",边界层/外绕流阻力,P6 > 平板边界层；P6 > 位移/动量厚度；M24 > 边界层积分题；Q5 > 边界层题库速解；M13 > 微题,P6,先算 Re_x/Re_L 判层流、湍流或转捩；直接题用 delta、Cf、阻力公式；速度剖面题用 M24 的 delta*、theta 和 Karman 模板；外绕流判断摩擦/压差阻力和分离。,1. 算 Re_x 或 Re_L；2. 判断层流/湍流/低 Re；3. 选厚度、Cf 或阻力公式；4. 若为厚度定义题，尝试写积分；5. 说明 v80 缺失的定义或图表。,"复杂非零压梯度动量积分、实验阻力图和扫描图数值仍需教材/图表；v80 已覆盖书10.3/10.5 常见剖面。 v80 已补 delta*, theta, H 的物理意义；复杂动量积分推导仍需手算。 v80 已补局部摩阻系数 cf、单位宽阻力 D'、CD=2theta/L、转捩位置 xcr、平板层/湍/混合阻力判定和湿表面积/迎风面积区分；复杂分离与实验阻力图仍需教材。 v80 保留给定速度剖面到 delta、theta、delta_E、tau_w、CD 的通用积分链，补强 delta、delta*、theta、delta_E 的物理意义，保留层/湍速度剖面标准句、Boussinesq 涡黏、吸气/吹气修正、自由射流动量通量入口、Theta 分离判据和 Karman--Pohlhausen 配边界步骤。",主题命中“边界层/外绕流阻力”，v80 基础过程覆盖约 87%。；仍依赖教材图表或读图；v80 有小查表/查表动作和收口模板，但不是完整数值表。,8.3,10.0,83.0,中高,
Q0471,课本教材题-张扬军文本,D:\虚拟C盘\学习\流体力学\张扬军（车辆学院）\教材\流体力学教材_text.txt,流体力学教材_text.txt,9,(9.2.81) h L + ( h2 − h1 ) 6 μUL ( h1 − h2 ) ⎡⎣ h1 ( L − x ) − xh2 ⎤⎦ 2 =− 1 x−μ 2L ( h1 + h2 ) ⎡⎣ h1 ( L − x ) + xh2 ⎤⎦ 3 h1 x + ( h2 − h1 ) x 将式(9.2.81)沿滑动板长度进行积分，得到滑动板上受到的总黏性阻力为 L 2μUL ⎛ h1 h1 − h2 ⎞ Fx = ∫ τ yx dx = ⎜ 2ln − 3 ⎟ (9.2.82) 0 h1 − h2 ⎝ h2 h1 + h2 ⎠ 上面分析了两块无限大平板之间的狭缝流动。现实中与之相应的是滑动轴承间隙中润滑油的 运动，因此上述分析过程通常也称为滑动轴承的润滑理论。 第 9 章 黏性不可压缩流体的内部流动 ·123·,边界层/外绕流阻力,P6 > 平板边界层；P6 > 位移/动量厚度；M24 > 边界层积分题；Q5 > 边界层题库速解；M13 > 微题,P6,先算 Re_x/Re_L 判层流、湍流或转捩；直接题用 delta、Cf、阻力公式；速度剖面题用 M24 的 delta*、theta 和 Karman 模板；外绕流判断摩擦/压差阻力和分离。,1. 算 Re_x 或 Re_L；2. 判断层流/湍流/低 Re；3. 选厚度、Cf 或阻力公式；4. 若为厚度定义题，尝试写积分；5. 说明 v80 缺失的定义或图表。,"复杂非零压梯度动量积分、实验阻力图和扫描图数值仍需教材/图表；v80 已覆盖书10.3/10.5 常见剖面。 v80 已补 delta*, theta, H 的物理意义；复杂动量积分推导仍需手算。 v80 已补局部摩阻系数 cf、单位宽阻力 D'、CD=2theta/L、转捩位置 xcr、平板层/湍/混合阻力判定和湿表面积/迎风面积区分；复杂分离与实验阻力图仍需教材。 v80 保留给定速度剖面到 delta、theta、delta_E、tau_w、CD 的通用积分链，补强 delta、delta*、theta、delta_E 的物理意义，保留层/湍速度剖面标准句、Boussinesq 涡黏、吸气/吹气修正、自由射流动量通量入口、Theta 分离判据和 Karman--Pohlhausen 配边界步骤。",主题命中“边界层/外绕流阻力”，v80 基础过程覆盖约 87%。,8.7,10.0,87.0,中高,
Q0472,课本教材题-张扬军文本,D:\虚拟C盘\学习\流体力学\张扬军（车辆学院）\教材\流体力学教材_text.txt,流体力学教材_text.txt,1,"1. 时间平均法 在湍流场中某一点 x 处，测量流动物理量 U 随时间的变化，其时间平均值可定义为 1 t0 +T U ( x ; T , t0 ) = U ( x, t ) dt T ∫ t0",概念简答/定义解释,M18 > 往年题可能问法：一句话答案；M23 > 概念短答库；R6 > 可直接抄的结论句；M9 > 高频小问速答；M12 > 概念题保底,无直接页码,先定位 M18/M23/R6 的可抄定义句；按“定义一句+原因一句+后果一句”写；若有公式页，再补适用条件和易错点。,1. 先按题干关键词选模型；2. 在 v80 对应页写首个控制方程/公式；3. 把题给几何、单位和边界条件代入；4. 做代数求解或列出需要查图查表的位置；5. 检查单位、方向、绝压/表压或适用条件。,v80 已显著补强短答，但长论述、实验现象细节和教材原话仍可能扣少量分。 v67 补长论述结构，v69 补读图/收口检查，v80 补层流/湍流/渐变流可抄定义；教材原话仍可能扣分。 v80 已补 N-S 各项标准意义、控制体外力组成、层/湍速度剖面、Boussinesq 涡黏、水击波速因素、孔板/自由射流概念、渐变流测压管水头、Ma 物理意义与 0.3 判据、深水波定义、RTT 守恒入口、完全/部分相似短答和标准四行答案模板，适合先写过程分。,主题命中“概念简答/定义解释”，v80 基础过程覆盖约 89%。,8.9,10.0,89.0,中高,
Q0473,课本教材题-张扬军文本,D:\虚拟C盘\学习\流体力学\张扬军（车辆学院）\教材\流体力学教材_text.txt,流体力学教材_text.txt,9,"(9.4.1) 其中， T 为进行时间平均运算的时间区间尺度； t0 为该区间的起点。如图 9-7 所示，一般 情况下，空间任意点 x 处的时间平均值通常与 T 和 t0 都有关系。这样的结果对复杂问题的 简化并未带来实际好处。当时间区间 T 取得足够长时，其平均值与参考时刻 t0 的选择无关， 1 t0 +T U ( x) = U ( x, t ) dt T ∫ t0",概念简答/定义解释,M18 > 往年题可能问法：一句话答案；M23 > 概念短答库；R6 > 可直接抄的结论句；M9 > 高频小问速答；M12 > 概念题保底,无直接页码,先定位 M18/M23/R6 的可抄定义句；按“定义一句+原因一句+后果一句”写；若有公式页，再补适用条件和易错点。,1. 先按题干关键词选模型；2. 在 v80 对应页写首个控制方程/公式；3. 把题给几何、单位和边界条件代入；4. 做代数求解或列出需要查图查表的位置；5. 检查单位、方向、绝压/表压或适用条件。,v80 已显著补强短答，但长论述、实验现象细节和教材原话仍可能扣少量分。 v67 补长论述结构，v69 补读图/收口检查，v80 补层流/湍流/渐变流可抄定义；教材原话仍可能扣分。 v80 已补 N-S 各项标准意义、控制体外力组成、层/湍速度剖面、Boussinesq 涡黏、水击波速因素、孔板/自由射流概念、渐变流测压管水头、Ma 物理意义与 0.3 判据、深水波定义、RTT 守恒入口、完全/部分相似短答和标准四行答案模板，适合先写过程分。,主题命中“概念简答/定义解释”，v80 基础过程覆盖约 89%。；仍依赖教材图表或读图；v80 有小查表/查表动作和收口模板，但不是完整数值表。,8.5,10.0,85.0,中高,
Q0474,课本教材题-张扬军文本,D:\虚拟C盘\学习\流体力学\张扬军（车辆学院）\教材\流体力学教材_text.txt,流体力学教材_text.txt,9,(9.4.2) 此时，湍流物理量的时间平均值不随时间变化，这样的湍流可以称为定常流动的湍流，简称 定常湍流。例如，在圆管湍流流动中，若保持流量和驱动压差不变，则管内湍流流动呈现出 定常湍流状态。很显然，时间平均只有用于定常湍流才能使问题真正得到简化。,粘性管路/沿程局部损失/泵水轮机,P5 > 管路损失；Q5 > 粘性流动题库速解；M21 > 题图决策卡；M22 > 误判；M26 > 管路/模型,P5,由 Q 求 V，算 Re，判层/湍；层流用 H-P 或 64/Re，光滑湍流可用 0.3164/Re^(1/4)，粗糙管查 Moody；局部损失用所在管段速度；汇总后代入机械能求目标量。,1. 由 Q 和管径求 V；2. 算 Re 判断层流/湍流；3. 取 lambda 或查 Moody/Colebrook；4. 汇总沿程/局部损失；5. 代入机械能方程求目标量。,局部损失系数、粗糙度和物性仍需题给或查教材；v80 明确了 Moody、光滑管和局部损失速度的收口。 v80 保留管路机械能、沿程/局部损失、泵/水轮机功率、Moody/Colebrook 入口，并补圆管层流抛物线速度分布、湍流丰满剖面和平均/最大速度易错。,主题命中“粘性管路/沿程局部损失/泵水轮机”，v80 基础过程覆盖约 85%。,8.5,10.0,85.0,中高,
Q0475,课本教材题-张扬军文本,D:\虚拟C盘\学习\流体力学\张扬军（车辆学院）\教材\流体力学教材_text.txt,流体力学教材_text.txt,3,"3. 系综平均法 时间平均法适用于定常湍流，而空间平均法适用于均匀湍流。对于非定常、非均匀湍流 流动，只能采用对于随机变量的系综平均法，也就是对重复多次的实验进行算术统计平均。 例如，实验室中采用相同实验条件对于某一湍流流动进行大量实验，每一次实验在相同的位 置和相应的时刻测出同一个物理量 U 的数值，然后将所有数值进行算术平均，就得到了物理 量 U 的系综平均值 U 。具体数学表达式如下： 1 N (i ) U ( x, t ) = ∑U ( x , t ) (9.4.6) N i =1 其中， U (i ) 为第 i 次实验所测得的物理量 U 的值；N 为重复实验的次数，很显然 N 的取值必 须足够大，所得到的系综平均值 U 才可靠。 采用系综平均法进行湍流的统计平均需要基于大量的重复实验数据，这在实际操作中难 于实现。与之相反，时间平均法和空间平均法相对较为容易实现，特别是时间平均法，在实 验测量中最容易实现。但从前面的分析已知，时间平均法和空间平均法分别仅适用于定常湍 流和均匀湍流。接下来，将介绍湍流统计平均的各态遍历假设，并建立上述三种统计平均之 间的关系。",粘性管路/沿程局部损失/泵水轮机,P5 > 管路损失；Q5 > 粘性流动题库速解；M21 > 题图决策卡；M22 > 误判；M26 > 管路/模型,P5,由 Q 求 V，算 Re，判层/湍；层流用 H-P 或 64/Re，光滑湍流可用 0.3164/Re^(1/4)，粗糙管查 Moody；局部损失用所在管段速度；汇总后代入机械能求目标量。,1. 由 Q 和管径求 V；2. 算 Re 判断层流/湍流；3. 取 lambda 或查 Moody/Colebrook；4. 汇总沿程/局部损失；5. 代入机械能方程求目标量。,局部损失系数、粗糙度和物性仍需题给或查教材；v80 明确了 Moody、光滑管和局部损失速度的收口。 v80 保留管路机械能、沿程/局部损失、泵/水轮机功率、Moody/Colebrook 入口，并补圆管层流抛物线速度分布、湍流丰满剖面和平均/最大速度易错。,主题命中“粘性管路/沿程局部损失/泵水轮机”，v80 基础过程覆盖约 85%。；仍依赖教材图表或读图；v80 有小查表/查表动作和收口模板，但不是完整数值表。,8.1,10.0,81.0,中高,
Q0476,课本教材题-张扬军文本,D:\虚拟C盘\学习\流体力学\张扬军（车辆学院）\教材\流体力学教材_text.txt,流体力学教材_text.txt,4,"4. 各态遍历假设 一个随机变量在一个重复多次的实验中出现的所有可能状态能够在一次实验的相当长时 间或相当大空间范围内以相同的概率出现，那么则称为各态遍历的。 例如，在 N 次重复实验中，速度测量值出现在 [u0 , u0 + Δu ] 的次数为 ΔN ；在一次总历时 T 的实验中，相应速度测量值出现在 [u0 , u0 + Δu ] 的时间为 ΔT ；在一次的总体积为∀ 的实验中， 速度测量值出现在 [u0 , u0 + Δu ] 的体积为 Δ∀ 。那么根据各态遍历假设，可以知道，当 N 、 T 和∀ 足够大时，有 ΔN ΔT Δ ∀ = = (9.4.7) N T ∀ 根据式(9.4.7)，可以采用一次足够长时间实验结果的时间平均或足够大空间实验结果的空间 平均来代替大量重复实验的系综平均，从而让时间平均和空间平均具有更普遍的意义。 对于非定常、非均匀的湍流场，若产生流动不均匀性的空间尺度 L0 较湍流各态分布尺度 L ·126· 流 体 力 学 大得多，即 L0 L ，那么在比 L0 小得多的尺度 L 中，空间平均特性的变化可以忽略不计，只 剩湍流本身在空间分布上的不规则变化，这样就可以认为在尺度 L 内湍流的变化是各态遍历 的。湍流的系综平均值可以用尺度为 L 的空间平均值来代替。在比 L 小的尺度上，湍流是统 计均匀的；而在比 L 大的尺度上，该统计平均是随空间位置变化的，即可以是非均匀的湍流 场。类似地，如果流动非定常的时间尺度 T0 比湍流的各态分布尺度 T 大得多，即 T0 T ，那 么可以用时间平均值来代替系综平均值，并且时间平均值本身在时间上是可变的，即可以是 非定常湍流。举个例子，海洋潮汐运动的周期为 12h 或 24h，而最低的湍流脉动频率约 1Hz， 此时若取统计平均的时间区间为 2min，那么就可以对湍流脉动特性的非定常演化过程进行描 述了。在各态遍历假设下，时间平均值、空间平均值和系综平均值等价，即有 U ( x ) = U ( t ) = U ( x, t ) (9.4.8) 因此，可以用物理量的时间平均值或空间平均值来代替系综平均值。从实验角度看，从 一次实验中一个点上测量某物理量的时间序列并求得其时间平均值，比在一次实验中的许多 点上同时测量某物理量求得它的空间平均值或重复多次实验中同一点上某物理量测量值的算 术平均要简单得多，因此在湍流实验研究中，多以时间平均来代替系综平均。基于各态遍历 假设，时间平均、空间平均和系综平均之间相互等价，因此在本书中，若无特殊说明，对任 意物理量 U 的湍流统计平均统一用 U 来表示。",概念简答/定义解释,M18 > 往年题可能问法：一句话答案；M23 > 概念短答库；R6 > 可直接抄的结论句；M9 > 高频小问速答；M12 > 概念题保底,无直接页码,先定位 M18/M23/R6 的可抄定义句；按“定义一句+原因一句+后果一句”写；若有公式页，再补适用条件和易错点。,1. 先按题干关键词选模型；2. 在 v80 对应页写首个控制方程/公式；3. 把题给几何、单位和边界条件代入；4. 做代数求解或列出需要查图查表的位置；5. 检查单位、方向、绝压/表压或适用条件。,v80 已显著补强短答，但长论述、实验现象细节和教材原话仍可能扣少量分。 v67 补长论述结构，v69 补读图/收口检查，v80 补层流/湍流/渐变流可抄定义；教材原话仍可能扣分。 v80 已补 N-S 各项标准意义、控制体外力组成、层/湍速度剖面、Boussinesq 涡黏、水击波速因素、孔板/自由射流概念、渐变流测压管水头、Ma 物理意义与 0.3 判据、深水波定义、RTT 守恒入口、完全/部分相似短答和标准四行答案模板，适合先写过程分。,主题命中“概念简答/定义解释”，v80 基础过程覆盖约 89%。；仍依赖教材图表或读图；v80 有小查表/查表动作和收口模板，但不是完整数值表。,8.5,10.0,85.0,中高,
Q0477,课本教材题-张扬军文本,D:\虚拟C盘\学习\流体力学\张扬军（车辆学院）\教材\流体力学教材_text.txt,流体力学教材_text.txt,1,"1. 平均值和脉动值的运算法则 前面已知，湍流流动的瞬时物理量 U 是随机变量，而它的统计平均值 U 是非随机量。 那么可以将流动的物理量 U 进行如下的分解： U ( x, t ) = U ( x, t ) + U ′ ( x, t ) (9.4.9) 其中， U ′ 为随机变量与其统计平均值之间的差，即脉动值，它是随机变量。平均值是统计的 决定变量。由定义可知，平均值和脉动值有如下性质： (1)平均值的统计平均等于平均值本身； (2)脉动值的统计平均等于零，即 U ′ = 0 ； (3)脉动值的一次式与任何平均值乘积的统计平均为零，但脉动值的 n 次乘积的统计平均 一般不等于零，即 U U ′ = 0 ， U ′V ′ ≠ 0 ； (4)统计平均运算与求和运算、求导运算和积分运算可交换次序，即有 ∂U ∂U ∂U ∂U U +V = U + V , , ∫ U d x = ∫ U dx (9.4.10)",概念简答/定义解释,M18 > 往年题可能问法：一句话答案；M23 > 概念短答库；R6 > 可直接抄的结论句；M9 > 高频小问速答；M12 > 概念题保底,无直接页码,先定位 M18/M23/R6 的可抄定义句；按“定义一句+原因一句+后果一句”写；若有公式页，再补适用条件和易错点。,1. 先按题干关键词选模型；2. 在 v80 对应页写首个控制方程/公式；3. 把题给几何、单位和边界条件代入；4. 做代数求解或列出需要查图查表的位置；5. 检查单位、方向、绝压/表压或适用条件。,v80 已显著补强短答，但长论述、实验现象细节和教材原话仍可能扣少量分。 v67 补长论述结构，v69 补读图/收口检查，v80 补层流/湍流/渐变流可抄定义；教材原话仍可能扣分。 v80 已补 N-S 各项标准意义、控制体外力组成、层/湍速度剖面、Boussinesq 涡黏、水击波速因素、孔板/自由射流概念、渐变流测压管水头、Ma 物理意义与 0.3 判据、深水波定义、RTT 守恒入口、完全/部分相似短答和标准四行答案模板，适合先写过程分。,主题命中“概念简答/定义解释”，v80 基础过程覆盖约 89%。,8.9,10.0,89.0,中高,
Q0478,课本教材题-张扬军文本,D:\虚拟C盘\学习\流体力学\张扬军（车辆学院）\教材\流体力学教材_text.txt,流体力学教材_text.txt,2,2. 湍流脉动值及其性质 湍流脉动值的统计平均等于零，因此湍流随机物理量的平均值不能够反映脉动值统计性 质的差异。为了考察脉动值的统计特性以及不同脉动值之间相互作用的统计关系，需要对脉 动值乘积的平均值进行分析。 通常将同一脉动值的 n 次乘积的统计平均称为 n 阶自关联，不同脉动值 n 次乘积的统计 平均称为 n 阶互关联。下面介绍几个常用的关联。 第 9 章 黏性不可压缩流体的内部流动 ·127· 1)湍动能 脉动速度平方统计平均值的 1/2 称为流体质点单位质量的湍动能，简称湍动能，记为 k： 1 2 ui′ui′ = 1 2 u ′x u ′x + u ′y u ′y + u ′z u ′z (9.4.11) ) 湍动能是速度脉动值的 2 阶自相关。容易证明，流体质点单位质量的动能平均值等于平均运 动动能和湍动能之和，即 1 1 1 1 K= ui ui = ( ui + ui′ )( ui + ui′ ) = ui ui + ui ui′ + ui′ui′ 2 2 2 2,粘性管路/沿程局部损失/泵水轮机,P5 > 管路损失；Q5 > 粘性流动题库速解；M21 > 题图决策卡；M22 > 误判；M26 > 管路/模型,P5,由 Q 求 V，算 Re，判层/湍；层流用 H-P 或 64/Re，光滑湍流可用 0.3164/Re^(1/4)，粗糙管查 Moody；局部损失用所在管段速度；汇总后代入机械能求目标量。,1. 由 Q 和管径求 V；2. 算 Re 判断层流/湍流；3. 取 lambda 或查 Moody/Colebrook；4. 汇总沿程/局部损失；5. 代入机械能方程求目标量。,局部损失系数、粗糙度和物性仍需题给或查教材；v80 明确了 Moody、光滑管和局部损失速度的收口。 v80 保留管路机械能、沿程/局部损失、泵/水轮机功率、Moody/Colebrook 入口，并补圆管层流抛物线速度分布、湍流丰满剖面和平均/最大速度易错。,主题命中“粘性管路/沿程局部损失/泵水轮机”，v80 基础过程覆盖约 85%。；题型偏概念简答；v80 已有短答库，但非对应专栏仍扣少量组织分。；题目要求推导或定义积分；v80 有 M24/M25/M26 骨架，但完整推导仍扣少量严谨性分。,7.1,10.0,71.0,中高,
Q0479,课本教材题-张扬军文本,D:\虚拟C盘\学习\流体力学\张扬军（车辆学院）\教材\流体力学教材_text.txt,流体力学教材_text.txt,2,"2. 动量方程 忽略体积力并假设流体黏度为常数，将式(9.5.1)代入式(7.3.11)～式(7.3.13)中进行 平均，有 ∂ u ∂ u ∂ u ∂ u + u + v + w ∂t ∂x ∂y ∂z 1∂ p ∂ ⎛ ∂ u ⎞ ∂ ⎡ ⎛ ∂ u ∂ v ⎞⎤ ∂ ⎡ ⎛ ∂ u ∂ w ⎞⎤ =− + ⎜ 2ν ⎟ + ⎢ν ⎜ + ⎟ ⎥ + ⎢ν ⎜ + ⎟⎥ (9.5.5) ρ ∂x ∂ x ⎝ ∂x ⎠ ∂y ⎢⎣ ⎝ ∂y ∂x ⎠ ⎥⎦ ∂z ⎢⎣ ⎝ ∂z ∂x ⎠ ⎥⎦ 1 ⎛ ∂ ρ u ′u′ ∂ ρ u′v′ ∂ ρ u′w′ ⎞ − ⎜ + + ⎟ ρ ⎝ ∂x ∂x ∂x ⎠ ∂ v ∂ v ∂ v ∂ v + u + v + w ∂t ∂x ∂y ∂z 1∂ p ∂ ⎡ ⎛ ∂ v ∂ u ⎞⎤ ∂ ⎛ ∂ v ⎞ ∂ ⎡ ⎛ ∂ w ∂ v ⎞⎤ =− + ⎢ν ⎜ + ⎟ ⎥ + ⎜ 2ν ⎟ + ⎢ν ⎜ + ⎟⎥ (9.5.6) ρ ∂y ∂x ⎢⎣ ⎝ ∂x ∂y ⎠ ⎥⎦ ∂y ⎝ ∂y ⎠ ∂z ⎢⎣ ⎝ ∂y ∂z ⎠ ⎥⎦ 1 ⎛ ∂ ρ u′v′ ∂ ρ v′v′ ∂ ρ w′v′ ⎞ − ⎜ + + ⎟ ρ ⎝ ∂x ∂y ∂z ⎠ ∂ w ∂ w ∂ w ∂ w + u + v + w ∂t ∂x ∂y ∂z 1∂ p ∂ ⎛ ∂ w ⎞ ∂ ⎡ ⎛ ∂ u ∂ w ⎞⎤ ∂ ⎡ ⎛ ∂ v ∂ w ⎞⎤ =− + ⎜ 2ν ⎟ + ⎢ν ⎜ + ⎟ ⎥ + ⎢ν ⎜ + ⎟⎥ (9.5.7) ρ ∂z ∂z ⎝ ∂z ⎠ ∂x ⎢⎣ ⎝ ∂z ∂x ⎠ ⎥⎦ ∂y ⎢⎣ ⎝ ∂z ∂y ⎠ ⎥⎦ 1 ⎛ ∂ ρ u′w′ ∂ ρ v′w′ ∂ ρ w′w′ ⎞ − ⎜ + + ⎟ ρ ⎝ ∂x ∂y ∂z ⎠ 其中， ρ 为流体密度；ν 为流体运动黏度。方程(9.5.5)～方程(9.5.7)是湍流平均运动的动量 方程，常称为雷诺方程。与方程(7.3.11)～方程(7.3.13)相比，雷诺方程右端多了最后一项 ρ ui′u ′j ，其中下标 i, j = 1,2,3 ，分别代表坐标的三个方向， ρ ui′u ′j 是由瞬时速度的非线性对 流项引起的。根据量纲齐次性原理可知 ρ ui′u ′j 具有应力的量纲，因此，通常将 ρ ui′u ′j 称为 雷诺应力，其物理含义是由湍流脉动引起的单位面积上的动量输运率。很显然，与黏性应力 项类似，雷诺应力项也是一个未知量，其中黏性应力可以通过流体本构方程与变形率之间建 立联系。类似地，对于雷诺应力，同样必须补充关于它的物理方程，才能使湍流方程封闭。 一百多年来，流体研究者做了大量工作，试图解决湍流方程的封闭问题，但至今也未解决。 虽然雷诺方程比对应的层流流动",粘性管路/沿程局部损失/泵水轮机,P5 > 管路损失；Q5 > 粘性流动题库速解；M21 > 题图决策卡；M22 > 误判；M26 > 管路/模型,P5,由 Q 求 V，算 Re，判层/湍；层流用 H-P 或 64/Re，光滑湍流可用 0.3164/Re^(1/4)，粗糙管查 Moody；局部损失用所在管段速度；汇总后代入机械能求目标量。,1. 由 Q 和管径求 V；2. 算 Re 判断层流/湍流；3. 取 lambda 或查 Moody/Colebrook；4. 汇总沿程/局部损失；5. 代入机械能方程求目标量。,局部损失系数、粗糙度和物性仍需题给或查教材；v80 明确了 Moody、光滑管和局部损失速度的收口。 v80 保留管路机械能、沿程/局部损失、泵/水轮机功率、Moody/Colebrook 入口，并补圆管层流抛物线速度分布、湍流丰满剖面和平均/最大速度易错。,主题命中“粘性管路/沿程局部损失/泵水轮机”，v80 基础过程覆盖约 85%。；题目要求推导或定义积分；v80 有 M24/M25/M26 骨架，但完整推导仍扣少量严谨性分。；仍依赖教材图表或读图；v80 有小查表/查表动作和收口模板，但不是完整数值表。,7.3,10.0,73.0,中高,
Q0480,课本教材题-张扬军文本,D:\虚拟C盘\学习\流体力学\张扬军（车辆学院）\教材\流体力学教材_text.txt,流体力学教材_text.txt,9,(9.5.9) 方程(9.5.9)称为雷诺应力方程。在雷诺应力方程中，令下标 i = j 进行求和缩并，并应用不可 压缩湍流平均运动和脉动运动满足的连续性方程(式(9.5.3)和式(9.5.4))，则可得 ∂ ui′ui′ ∂ ui′ui′ ∂ ⎛ p′u′j ∂ ui′ui′ ⎞ + uj =− ⎜2 + ui′ui′u′j −ν ⎟ ∂t ∂x j ∂x j ⎜ ρ ∂x j ⎟ ⎝ ⎠ (9.5.10) ∂ ui ∂ui′ ∂ui′ − 2 ui′u′j − 2ν ∂x j ∂x j ∂x j 将湍动能定义式(9.4.11)代入方程(9.5.10)中，可以得到 ∂k ∂k ∂ ⎛ p′u ′j 1 ∂k ⎞ ∂ ui ∂ui′ ∂ui′ + uj =− ⎜ + ui′ui′u ′j − ν ⎟ − ui′u ′j −ν (9.5.11) ∂t ∂x j ∂x j ⎜ ρ 2 ∂x j ⎟ ∂x j ∂x j ∂ x j ⎝ ⎠ 方程(9.5.11)描述了湍动能在平均流场中的运输过程，称为湍动能输运方程，其中各项的主要 物理含义如下。 (1)方程左端表示流体微团沿平均运动轨迹运动时，湍动能随时间的变化率，即湍动能的 质点导数。 (2)方程右端第一项表示压力脉动、雷诺应力和脉动黏性应力对湍动能的输运作用，称为 扩散项，通常记为 Dk ，即 ∂ ⎛ p′u ′j 1 ∂k ⎞ Dk = − ⎜ + ui′ui′u ′j − ν ⎟ (9.5.12) ∂x j ⎜ ρ 2 ∂x j ⎟ ⎝ ⎠ (3)方程右端第二项表示湍动能的生成项，通常记为 Pk ，即 ·130· 流 体 力 学 ∂ ui Pk = − ui′u ′j (9.5.13) ∂x j 它是湍动能在平均切变场上所做的功，如果平均速度场是均匀场，也就是说 ∂ ui =0 ∂x j 那么就没有湍动能生成 ( Pk = 0 ) 。 (4)方程右端第三项表示湍动能的耗散项，通常记为 Ek 。在湍动能输运方程(9.5.11)中 Ek < 0 ，即这一项总是负值，它使得湍动能随时间增加逐渐衰减。通常把ν (∂ui′ / ∂x j ) 2 称为 湍动能的耗散项，记为 ε 。 从上面分析可知，当平均速度场是均匀场时，湍流脉动动能生成项 Pk = 0 ，而湍流脉动 动能始终是逐渐衰减的，因此在均匀的平均速度场中，湍流的脉动动能将一直持续衰减。换 句话说，平均流场必须存在剪切应变率，才能向湍流脉动场输送能量。虽然雷诺应力方程(9.5.9) 补充了六个方程，但这组方程本身又引进了新的高阶统计关联量： ui′u ′j uk′ 、 p ′ui′ 、 p′ ∂ui′ / ∂x j + ∂u ′j / ∂xi ) 以及 ∂ui′ / ∂xk ∂u′j / ∂xk 等，因此雷诺方程和雷诺应力方程联立仍然不 能将问题封闭，而且会引,概念简答/定义解释,M18 > 往年题可能问法：一句话答案；M23 > 概念短答库；R6 > 可直接抄的结论句；M9 > 高频小问速答；M12 > 概念题保底,无直接页码,先定位 M18/M23/R6 的可抄定义句；按“定义一句+原因一句+后果一句”写；若有公式页，再补适用条件和易错点。,1. 先按题干关键词选模型；2. 在 v80 对应页写首个控制方程/公式；3. 把题给几何、单位和边界条件代入；4. 做代数求解或列出需要查图查表的位置；5. 检查单位、方向、绝压/表压或适用条件。,v80 已显著补强短答，但长论述、实验现象细节和教材原话仍可能扣少量分。 v67 补长论述结构，v69 补读图/收口检查，v80 补层流/湍流/渐变流可抄定义；教材原话仍可能扣分。 v80 已补 N-S 各项标准意义、控制体外力组成、层/湍速度剖面、Boussinesq 涡黏、水击波速因素、孔板/自由射流概念、渐变流测压管水头、Ma 物理意义与 0.3 判据、深水波定义、RTT 守恒入口、完全/部分相似短答和标准四行答案模板，适合先写过程分。,主题命中“概念简答/定义解释”，v80 基础过程覆盖约 89%。；仍依赖教材图表或读图；v80 有小查表/查表动作和收口模板，但不是完整数值表。,8.5,10.0,85.0,中高,
Q0481,课本教材题-张扬军文本,D:\虚拟C盘\学习\流体力学\张扬军（车辆学院）\教材\流体力学教材_text.txt,流体力学教材_text.txt,9.6,9.6 湍 流 模 式* 湍流的瞬时运动极其复杂，很难对它直接进行求解。在实际应用中，通常主要关心的是 相关物理量的统计平均值。换言之，对湍流的平均运动更加感兴趣。由 9.5 节可知，湍流统 计平均量的输运方程(雷诺方程和雷诺应力方程)中，总是含有更高阶的统计关联量，若能建 立这些高阶统计关联量与低阶统计关联量之间的关系，就可使湍流平均运动方程组封闭。在 实际情况中没有任何物理定律可用于建立这些关系，只能以实验观测为基础，通过量纲分析 等手段，在合理猜测的基础上，提出假设并建立模型，即湍流模式。例如，在雷诺方程中若 能建立雷诺应力 ρ ui′u ′j 和平均速度场 ui 之间的关联关系，那么雷诺方程就封闭了。再如， 在雷诺应力方程中，若能建立高阶未知的统计关联量和雷诺应力之间的关系，那么雷诺方程 和雷诺应力方程就封闭了。下面将对常见的湍流模式进行简要介绍。,量纲分析/相似准则,P1 > 量纲分析模板；M25 > 量纲相似+推导骨架；M4 > 流程H；M6 > 标准解模板：相似；M13 > 模型律；M26 > 管路/模型,P1,列变量和基本量纲；选量纲独立且不含待求量的重复变量；逐个令 pi=X rho^a V^b L^c 求指数；最后用 M26 的 F~rho V^2 L^2、Delta p~rho V^2、Fr/Re 缩尺速度比做换算。,1. 先按题干关键词选模型；2. 在 v80 对应页写首个控制方程/公式；3. 把题给几何、单位和边界条件代入；4. 做代数求解或列出需要查图查表的位置；5. 检查单位、方向、绝压/表压或适用条件。,"若变量很冷门或需完整实验相似设计，仍需教材解释；v80 补了常见模型力、压强和速度比例换算。 v80 已补 Buckingham pi 五步流程和 Re/Fr/Ma/We/Eu 判据表；复杂多变量推导仍需手算。 v80 已补模型换算库 Q,t,f,F,Delta p,M,P 和 Re/Fr 冲突答题句；复杂 pi 群仍需手算。 v80 保留量纲齐次/Rayleigh 指数配平、完全/部分相似及 Re/Fr 冲突说明、关键词到 π 群的定位入口、球阻力 CD=f(Re) 标准推导，并补量纲公式、雷诺相似、自模化和压力系数 Cp/Eu 定义；冷门变量仍需逐项列量纲。",主题命中“量纲分析/相似准则”，v80 基础过程覆盖约 86%。；题目要求推导或定义积分；v80 有 M24/M25/M26 骨架，但完整推导仍扣少量严谨性分。,7.8,10.0,78.0,中高,
Q0482,课本教材题-张扬军文本,D:\虚拟C盘\学习\流体力学\张扬军（车辆学院）\教材\流体力学教材_text.txt,流体力学教材_text.txt,1,1. Boussinesq 涡黏模式 Boussinesq 在 1877 年基于比拟的思想，把流体微团的湍流脉动比拟为分子运动的涨落， 即流体微团的平均运动速度比拟为分子的宏观平均速度，将湍流脉动动量的输运比拟为分子 运动的涨落所致动量输运。由于分子运动涨落所致动量输运的宏观统计平均为黏性应力，与 之相应，湍流脉动动量输运的宏观统计平均则为雷诺应力。根据上述比拟思想，雷诺应力可 表示为 第 9 章 黏性不可压缩流体的内部流动 ·131· 2 − ui′u ′j = 2ν T Sij − kδ ij (9.6.1) 3 其中，ν T 为涡黏度，它与分子运动黏度ν 具有相同的量纲； Sij = ( ∂ u / ∂x + ∂ u / ∂ x ) / 2 i j j i 为平均剪切应变率张量；k 为湍动能。式(9.6.1)中，当 i ≠ j 时，最后一项为零；而当 i = j 时， 对于不可压缩流动，根据连续性方程有 Sii = 0 ，式(9.6.1)即为湍动能定义式。虽然湍流雷诺 应力表达式(9.6.1)与牛顿流体本构方程形式上一致，但与运动黏度ν 不同，涡黏度ν T 不是流 体介质的物性参数，它与湍流的统计平均速度场有关，而且ν T 仍是一个未知变量，为使问题 封闭可解，还需建立ν T 与统计平均速度场之间的关系。 分子运动和湍流流动虽然在形式上相像，但它们之间存在本质差别。湍流脉动场与平均 场之间存在动量、能量的交换，但是分子运动与宏观流动之间却不存在这种交换。分子运动 的动能并不来自宏观运动，流体黏度 μ 或 ν 是分子运动的特性，与宏观运动无关。相反，湍 流的涡黏度ν T 不但与湍流脉动密切相关，还和统计平均流场有关。因此，这种基于比拟思想 的涡黏性理论具有物理本质上的缺陷。,流体运动学/连续/流线迹线,P1 > 连续性；Q1 > 迹线/流线/脉线；M18 > 往年题可能问法；M23 > 概念短答库；T6 > 常见问法到答案,P1,先判速度场/描述方法；写连续、旋度、流线/迹线微分式；概念题直接用 M18/M23 的一句话答案；应力题转 Q1 张量模板。,1. 先按题干关键词选模型；2. 在 v80 对应页写首个控制方程/公式；3. 把题给几何、单位和边界条件代入；4. 做代数求解或列出需要查图查表的位置；5. 检查单位、方向、绝压/表压或适用条件。,若要求长篇推导或复杂坐标变换，仍需教材细节；v80 已足够支撑多数简答和基础计算过程。 v67 已补推导题固定结构，v69/v80 补截面、边界条件和概念收口检查。 v80 保留新题定位入口、非定常 Bernoulli 推导条件、速度势单值/路径无关证明、Lagrange/Kelvin 可抄证明句、涡管强度 ΩA 守恒、涡量矩模板、自由射流动量通量和 RTT 入口，并补纳维-斯托克斯原词、圆管断面速度分布原词、渐变流测压管水头；更长证明仍需教材措辞。,主题命中“流体运动学/连续/流线迹线”，v80 基础过程覆盖约 85%。；题型偏概念简答；v80 已有短答库，但非对应专栏仍扣少量组织分。；题目要求推导或定义积分；v80 有 M24/M25/M26 骨架，但完整推导仍扣少量严谨性分。；仍依赖教材图表或读图；v80 有小查表/查表动作和收口模板，但不是完整数值表。,6.7,10.0,67.0,中高,
Q0483,课本教材题-张扬军文本,D:\虚拟C盘\学习\流体力学\张扬军（车辆学院）\教材\流体力学教材_text.txt,流体力学教材_text.txt,2,2. 混合长度理论 1925 年 Prandtl 在湍流涡黏模式方面开展研究，并提出 混合长度理论。如图 9-9 所示的简单平行流动中，由于湍流 随机运动，流体微团将上下跳动。流体微团的脉动速度沿 x 轴方向的分量取决于当地平均速度梯度和流体微团跳动的距 图 9-9 湍流脉动速度分布 离，即 ∂ u u′ ≈ l (9.6.2) 其中，l 为混合长度，它表示了这样的一个空间尺度，即在该尺度内流体微团沿 y 方向跳动时， 基本不丧失其原有的速度。实验测量表明，流体微团的脉动速度沿 y 轴方向分量的 v ′ 与 u ′ 量 级相当，即 ∂ u v′ ≈ l (9.6.3) 上面对 u ′ 和 v ′ 的大小进行了估计，实际上两者的符号方向是相反的，因此可得 ∂ u ∂ u − u ′v′ = l 2 (9.6.4) ∂y ∂y 对比式(9.6.1)，可得此时涡黏度为 ∂ u νT = l2 (9.6.5) 若 l 不随速度变化，从式(9.6.4)中可以看出，湍流中的雷诺切应力与平均速度梯度的平方 成比例，这与实际实验中的测试结果基本一致。实验数据表明，脉动尺度与平均切变场有关， 不同的平均切变场中，混合长度 l 的分布规律将有所不同。以固体壁面附近的流动为例子，有 l =κy (9.6.6) ·132· 流 体 力 学 其中，y 为距离固体壁面的垂直距离； κ 称为 Karman 常数， κ = 0.4～0.41 。若考虑无壁面的 自由湍流切变层流动，例如，湍流射流，那么有 l =δ (9.6.7) 其中， δ 为自由切变层的特征厚度。,粘性管路/沿程局部损失/泵水轮机,P5 > 管路损失；Q5 > 粘性流动题库速解；M21 > 题图决策卡；M22 > 误判；M26 > 管路/模型,P5,由 Q 求 V，算 Re，判层/湍；层流用 H-P 或 64/Re，光滑湍流可用 0.3164/Re^(1/4)，粗糙管查 Moody；局部损失用所在管段速度；汇总后代入机械能求目标量。,1. 由 Q 和管径求 V；2. 算 Re 判断层流/湍流；3. 取 lambda 或查 Moody/Colebrook；4. 汇总沿程/局部损失；5. 代入机械能方程求目标量。,局部损失系数、粗糙度和物性仍需题给或查教材；v80 明确了 Moody、光滑管和局部损失速度的收口。 v80 保留管路机械能、沿程/局部损失、泵/水轮机功率、Moody/Colebrook 入口，并补圆管层流抛物线速度分布、湍流丰满剖面和平均/最大速度易错。,主题命中“粘性管路/沿程局部损失/泵水轮机”，v80 基础过程覆盖约 85%。；题目要求推导或定义积分；v80 有 M24/M25/M26 骨架，但完整推导仍扣少量严谨性分。；仍依赖教材图表或读图；v80 有小查表/查表动作和收口模板，但不是完整数值表。,7.3,10.0,73.0,中高,
Q0484,课本教材题-张扬军文本,D:\虚拟C盘\学习\流体力学\张扬军（车辆学院）\教材\流体力学教材_text.txt,流体力学教材_text.txt,3,3. 湍动能-耗散率模式 在涡黏模式中，通过确定涡黏度使雷诺方程封闭。在混合长度理论中，将确定涡黏度的 过程转化为对混合长度 l 的求解。混合长度 l 反映了湍流脉动的特征尺度，针对具体流动，可 通过拟合实验结果得到其具体表达式，如式(9.6.6)和式(9.6.7)所示。然而，式(9.6.6)和式(9.6.7) 所得结果不具有一般性，很难应用于比较复杂的湍流流动。 从前面分析知，湍流脉动动能(湍动能)是通过平均剪切应变率，由平均流场向湍流脉动 场输运的，即湍动能的输入来自平均流场，属于大尺度的脉动。与此同时，湍流脉动动能由 于黏性耗散作用，始终是逐渐衰减的，这一耗散过程主要产生在小尺度脉动中。湍流脉动的 特征尺度可通过湍动能 k 和湍动能的耗散率 ε 来估计。根据量纲分析， k 3/ 2 / ε 具有长度的量 纲，可取为湍流脉动的特征长度，即 l ~ k 3/ 2 / ε ，相应湍流脉动的特征速度为 u ′ ~ k 1/ 2 。根据 式(9.6.2)和式(9.6.5)，可以得到涡黏度： ∂ u k2 νT ∼ l 2 ∼ lu ′ ∼ ∂y ε k2 或写成 ν T = Cμ (9.6.8) 式(9.6.8)表示湍流的涡黏度可用当地湍动能和湍动能耗散率来表示，这种涡黏模式称为湍动 能-耗散率模式或 k -ε 模式，其中， Cμ 为待定常数。 为使问题封闭，还需给出关于湍动能 k 和湍动能耗散率 ε 满足的方程。湍动能输运方程由 方程(9.5.11)给出，其中湍动能的扩散项含有高阶统计关联量，需对其进行模化。通常来讲， 扩散项使得湍动能由空间分布较强的区域向较弱的区域传输，这一过程最简单的形式就是假 设扩散项与湍动能空间梯度呈线性关系，进一步假设湍动能扩散与平均动量输运具有类似性 质，且其扩散系数与涡黏度ν T 成正比，可对扩散项模化如下： p′u ′j 1 ν ∂k − − ui′ui′u ′j = T (9.6.9) ρ 2 σ k ∂x j 其中， σ k 为经验常数。将式(9.6.1)代入湍动能输运方程(9.5.11)，其中湍动能的生成项 Pk 可 简化为 ∂ ui Pk = − ui′uk′ = 2ν T Sij (9.6.10) ∂xk ( ) 其中， Sij = ∂ ui / ∂x j + ∂ u j / ∂xi / 2 为平均运动的剪切应变率。将式(9.6.9)和式(9.6.10) 代入湍动能输运方程(9.5.11)中，可得湍动能的模化方程： ∂k ∂k ∂ ⎡⎛ ν T ⎞ ∂k ⎤ 2 + uj = ⎢⎜ +ν ⎟ ⎥ + 2ν T Sij − ε (9.6.11) ∂t ∂x j ∂x j ⎢⎣⎝ σ k ∂ x ⎠ j ⎥⎦ 第 9 章 黏性不可压缩流体的内部流动 ·133· 湍动能耗散率可通过对脉动方程(9.5.8)求导后推出，由于过,粘性管路/沿程局部损失/泵水轮机,P5 > 管路损失；Q5 > 粘性流动题库速解；M21 > 题图决策卡；M22 > 误判；M26 > 管路/模型,P5,由 Q 求 V，算 Re，判层/湍；层流用 H-P 或 64/Re，光滑湍流可用 0.3164/Re^(1/4)，粗糙管查 Moody；局部损失用所在管段速度；汇总后代入机械能求目标量。,1. 由 Q 和管径求 V；2. 算 Re 判断层流/湍流；3. 取 lambda 或查 Moody/Colebrook；4. 汇总沿程/局部损失；5. 代入机械能方程求目标量。,局部损失系数、粗糙度和物性仍需题给或查教材；v80 明确了 Moody、光滑管和局部损失速度的收口。 v80 保留管路机械能、沿程/局部损失、泵/水轮机功率、Moody/Colebrook 入口，并补圆管层流抛物线速度分布、湍流丰满剖面和平均/最大速度易错。,主题命中“粘性管路/沿程局部损失/泵水轮机”，v80 基础过程覆盖约 85%。；题目要求推导或定义积分；v80 有 M24/M25/M26 骨架，但完整推导仍扣少量严谨性分。；仍依赖教材图表或读图；v80 有小查表/查表动作和收口模板，但不是完整数值表。,7.3,10.0,73.0,中高,
Q0485,课本教材题-张扬军文本,D:\虚拟C盘\学习\流体力学\张扬军（车辆学院）\教材\流体力学教材_text.txt,流体力学教材_text.txt,9.6,9.6.2 雷诺应力模式 混合长度理论和 k -ε 模式，都属于涡黏模式范畴。涡黏模式模型简单，计算量相对较小， 在工程上获得了广泛的应用，特别是 k -ε 模式，是目前工程上应用最为广泛的湍流模式之一， 并在此基础上演化出了多种衍生模式。然而，涡黏模式中雷诺应力只和当地平均运动的剪切 应变率有关，并且忽略了流动的历史效应，因此不能准确反映湍流的输运机理。对于复杂湍 流流动情况，模式预测结果精度较低甚至完全错误。为提高湍流预测精度，一个可能的途径 是从雷诺应力方程出发，通过模化封闭雷诺应力方程中的高阶统计关联项来获得封闭的平均 运动方程组。,粘性管路/沿程局部损失/泵水轮机,P5 > 管路损失；Q5 > 粘性流动题库速解；M21 > 题图决策卡；M22 > 误判；M26 > 管路/模型,P5,由 Q 求 V，算 Re，判层/湍；层流用 H-P 或 64/Re，光滑湍流可用 0.3164/Re^(1/4)，粗糙管查 Moody；局部损失用所在管段速度；汇总后代入机械能求目标量。,1. 由 Q 和管径求 V；2. 算 Re 判断层流/湍流；3. 取 lambda 或查 Moody/Colebrook；4. 汇总沿程/局部损失；5. 代入机械能方程求目标量。,局部损失系数、粗糙度和物性仍需题给或查教材；v80 明确了 Moody、光滑管和局部损失速度的收口。 v80 保留管路机械能、沿程/局部损失、泵/水轮机功率、Moody/Colebrook 入口，并补圆管层流抛物线速度分布、湍流丰满剖面和平均/最大速度易错。,主题命中“粘性管路/沿程局部损失/泵水轮机”，v80 基础过程覆盖约 85%。,8.5,10.0,85.0,中高,
Q0486,课本教材题-张扬军文本,D:\虚拟C盘\学习\流体力学\张扬军（车辆学院）\教材\流体力学教材_text.txt,流体力学教材_text.txt,2,2. 代数应力模式 利用雷诺应力模式求解湍流流动的平均场，比涡黏模式要多解六个雷诺应力的偏微分方 程，对计算资源和时间的要求大大增加，这使得雷诺应力模式在工程中的应用受到限制。为 了降低雷诺应力模式的计算量，人们提出了代数应力模式理论。假定雷诺应力的输运过程处 于局部的平衡状态，雷诺应力的时间和空间导数项均可以忽略不计。此时雷诺应力方程中仅 有生成项、再分配项和耗散项相互平衡，雷诺应力方程简化为 ε⎛ 2 ⎞ 2 (1 − C2 ) Pij − CR ⎜ ui′u ′j − kδ ij ⎟ − (ε − C2 Pk ) δ ij = 0 (9.6.21) k⎝ 3 ⎠ 3 方程(9.6.21)给出了雷诺应力满足的一组代数方程组，故称为代数应力模式。相比于雷诺应力 模式，通过代数应力模式求解雷诺应力，可以大大减少计算量。目前，湍流模式是模拟和预 测湍流流动的重要工具。但从上述分析过程可见，湍流模式还存在众多问题，如人为假设过 多、模式适应性不强等。发展简单易用、适应性强的湍流模式，依然是湍流模式理论发展的 目标。,粘性管路/沿程局部损失/泵水轮机,P5 > 管路损失；Q5 > 粘性流动题库速解；M21 > 题图决策卡；M22 > 误判；M26 > 管路/模型,P5,由 Q 求 V，算 Re，判层/湍；层流用 H-P 或 64/Re，光滑湍流可用 0.3164/Re^(1/4)，粗糙管查 Moody；局部损失用所在管段速度；汇总后代入机械能求目标量。,1. 由 Q 和管径求 V；2. 算 Re 判断层流/湍流；3. 取 lambda 或查 Moody/Colebrook；4. 汇总沿程/局部损失；5. 代入机械能方程求目标量。,局部损失系数、粗糙度和物性仍需题给或查教材；v80 明确了 Moody、光滑管和局部损失速度的收口。 v80 保留管路机械能、沿程/局部损失、泵/水轮机功率、Moody/Colebrook 入口，并补圆管层流抛物线速度分布、湍流丰满剖面和平均/最大速度易错。,主题命中“粘性管路/沿程局部损失/泵水轮机”，v80 基础过程覆盖约 85%。；题目要求推导或定义积分；v80 有 M24/M25/M26 骨架，但完整推导仍扣少量严谨性分。,7.7,10.0,77.0,中高,
Q0487,课本教材题-张扬军文本,D:\虚拟C盘\学习\流体力学\张扬军（车辆学院）\教材\流体力学教材_text.txt,流体力学教材_text.txt,9.7,9.7.1 圆管内的速度分布 在工程实际中，管道内流体的流动问题普遍存在。当流动雷诺数较大时，管内流动处于 湍流流动状态。对于光滑圆管内充分发展的湍流流动，其平均流动具有如下特点：①平均速 第 9 章 黏性不可压缩流体的内部流动 ·135· 度场是定常的平行流动；②除压强外，一切平均量均是管道半径坐标的函数。在柱坐标系中， 圆管内湍流流动的雷诺平均方程可以简化为 μ ⎛ d uz 1 d uz ⎞ 2 1∂ p 1 d ρ ∂z r dr ( r ur′ u z′ ) + ⎜ ρ ⎜⎝ dr 2 + ⎟ r dr ⎟⎠,粘性管路/沿程局部损失/泵水轮机,P5 > 管路损失；Q5 > 粘性流动题库速解；M21 > 题图决策卡；M22 > 误判；M26 > 管路/模型,P5,由 Q 求 V，算 Re，判层/湍；层流用 H-P 或 64/Re，光滑湍流可用 0.3164/Re^(1/4)，粗糙管查 Moody；局部损失用所在管段速度；汇总后代入机械能求目标量。,1. 由 Q 和管径求 V；2. 算 Re 判断层流/湍流；3. 取 lambda 或查 Moody/Colebrook；4. 汇总沿程/局部损失；5. 代入机械能方程求目标量。,局部损失系数、粗糙度和物性仍需题给或查教材；v80 明确了 Moody、光滑管和局部损失速度的收口。 v80 保留管路机械能、沿程/局部损失、泵/水轮机功率、Moody/Colebrook 入口，并补圆管层流抛物线速度分布、湍流丰满剖面和平均/最大速度易错。,主题命中“粘性管路/沿程局部损失/泵水轮机”，v80 基础过程覆盖约 85%。；题型偏概念简答；v80 已有短答库，但非对应专栏仍扣少量组织分。,7.9,10.0,79.0,中高,
Q0488,课本教材题-张扬军文本,D:\虚拟C盘\学习\流体力学\张扬军（车辆学院）\教材\流体力学教材_text.txt,流体力学教材_text.txt,9,"(9.7.2) 由于流体存在黏性效应，在管道壁面上速度为零，可有 r = R 时， u z = ur′ u z′ = ur′ ur′ = uφ′ uφ′ = 0 (9.7.3) 将方程(9.7.2)沿管道半径进行积分，并将边界条件式(9.7.3)代入，可得 r ur′ ur′ − uφ′ uφ′ p ( r , z ) + ρ ur′ ur′ + ρ ∫ dr = p w ( z ) (9.7.4) R r 其中， p w 为管道壁面上的压强； R 为管道半径。由于流动存在“除压强外，一切平均量均 是管道半径坐标的函数”的特点，式(9.7.4)左端除第一项 p 外，其余项均与轴向坐标 z 无关， ∂ p d p w = (9.7.5) ∂z dz 将式(9.7.5)代入基本方程(9.7.1)中，有 μ ⎛ d uz 1 d uz ⎞ 2 1d p w 1 d ρ dz r dr ( r z ) ρ ⎜⎜ dr 2 + r dr ⎟⎟ r u ′ u ′ + (9.7.6) ⎝ ⎠ 方程(9.7.6)沿 r 进行积分，并考虑流动的轴对称性，在轴线上 u r′ u z′ = d u z / dz = 0 ，有 rd p w d uz = − ρ ur′ u′z + μ (9.7.7) 2 dz dr 由于在管道壁面上 (r = R ) ，有 ur′ u z′ = 0 ，方程(9.7.7)在壁面上可进一步化简为 d p w 2μ d u z 2τ w 4τ w = = = (9.7.8) dz R dr r =R R D 其中，D = 2 R 为管道直径；τ w = μ d u z / dr 为壁面切应力。将方程(9.7.8)代入方程(9.7.7)中， τ d uz 2 w r = − ρ ur′ u′z + μ (9.7.9) D dr 至此，只需要补充适当的雷诺应力表达式，根据方程(9.7.9)即可求出圆管内湍流流动的速度 分布和压力梯度。 从方程(9.7.9)中可以看出，在紧贴壁面 (r ≈ D / 2) 的流体薄层中，黏性切应力和雷诺应力 之和近似等于壁面剪切应力，通常将其称为近壁等剪切应力层。为了反映壁面附近湍流的流 动属性，进行如下的坐标变换，即将坐标原点设置于管道壁面，令 y = R−r (9.7.10) 此时，相应有 ur′ = −u ′y ，那么方程(9.7.9)可以写成 ·136· 流 体 力 学 d uz ⎛ y⎞ ρ u′y u′z − μ = ⎜ 1 − ⎟τ w (9.7.11) dy ⎝ R ⎠ 定义壁面摩擦速度为 uτ2 = (9.7.12) 由于管道流动中压强梯度 d p w /dz <0 ，壁面剪切应力 τ w <0 ，可知 uτ2 = − w (9.7.13) 将式(9.7.13)代入方程(9.7.9)中，可得 μ d uz ",粘性管路/沿程局部损失/泵水轮机,P5 > 管路损失；Q5 > 粘性流动题库速解；M21 > 题图决策卡；M22 > 误判；M26 > 管路/模型,P5,由 Q 求 V，算 Re，判层/湍；层流用 H-P 或 64/Re，光滑湍流可用 0.3164/Re^(1/4)，粗糙管查 Moody；局部损失用所在管段速度；汇总后代入机械能求目标量。,1. 由 Q 和管径求 V；2. 算 Re 判断层流/湍流；3. 取 lambda 或查 Moody/Colebrook；4. 汇总沿程/局部损失；5. 代入机械能方程求目标量。,局部损失系数、粗糙度和物性仍需题给或查教材；v80 明确了 Moody、光滑管和局部损失速度的收口。 v80 保留管路机械能、沿程/局部损失、泵/水轮机功率、Moody/Colebrook 入口，并补圆管层流抛物线速度分布、湍流丰满剖面和平均/最大速度易错。,主题命中“粘性管路/沿程局部损失/泵水轮机”，v80 基础过程覆盖约 85%。；题型偏概念简答；v80 已有短答库，但非对应专栏仍扣少量组织分。；仍依赖教材图表或读图；v80 有小查表/查表动作和收口模板，但不是完整数值表。,7.5,10.0,75.0,中高,
Q0489,课本教材题-张扬军文本,D:\虚拟C盘\学习\流体力学\张扬军（车辆学院）\教材\流体力学教材_text.txt,流体力学教材_text.txt,9.7,9.7.2 水力粗糙和水力光滑 前面考虑了光滑圆管内的湍流流动，并且给出圆管内湍流平均速度分布和阻力系数。在 实际应用中，管道由于加工或者腐蚀等多种因素，表面往往不是光滑的。由 9.7.1 节已知，在 ·138· 流 体 力 学 近壁区域中紧贴壁面的线性底层中，平均速度呈线性分布且切应力以分子黏性切应力为主。 通常情况下，线性底层的厚度非常小，一般不到 1mm。实验研究发现，线性底层的厚度 δ 与 雷诺数 Re、管道沿程阻力系数 λ 等有关，有半经验公式如下： δ 32.8 = (9.7.24) D Re λ 其中， D 为管道直径。虽然线性底层很薄，但它对管内湍流流动的壁面摩擦阻力与损失有相 当重要的作用。很显然，这种作用与管道壁面粗糙度密切相关。管壁粗糙凸出部分的平均高 度称为管壁的绝对粗糙度，记为 ε ；绝对粗糙度 ε 与管径 D 的比值称为管壁的相对粗糙度， 即 ε / D 。表 9-1 给出了一些常用管道壁面的绝对粗糙度 ε 。当 δ ≤ ε 时，即管壁粗糙凸出部分 的平均高度大于线性底层厚度时，管壁粗糙凸出部分大部暴露在缓冲层或对数层中。流体流 过壁面凸出部分，将产生碰撞、冲击，对雷诺应力具有很大的干扰，此时管壁粗糙度对管内 湍流流动将产生显著的影响。通常将这种情况下的管道称为水力粗糙管。相应的管道内流动 状态称为水力粗糙状态。相反，当 δ > ε ，即管壁粗糙凸出部分的平均高度小于线性底层厚度 时，管壁的粗糙凸出部分基本淹没在线性底层中，它对外部缓冲层和对数层的影响很小，流 体就像在完全光滑的管道中流动。此时，将管道称为水力光滑管，管道内的湍流流动状态称 为水力光滑状态。 表 9-1 常用管道管壁的绝对粗糙度 ε (单位：mm) 管道材料及状况 ε 管道材料及状况 ε 新钢管、不锈钢管 0.0015～0.01 塑料板风管 0.01 新无缝钢管 0.04～0.17 橡皮软管 0.01～0.03 旧无缝钢管 0.20 陶土排水管 0.45～6.0 精制镀锌钢管 0.15 混凝土管 0.30～3.0 普通镀锌钢管 0.30 纯水泥表面 0.25～1.25 钢板风管 0.15 混凝土槽 0.80～9.0 生锈钢管 0.5 石棉水泥管 0.9 生锈铁管 1.0 胶合板、矿渣石膏板风管 1.0 新铸铁管 0.25 砖砌风道 5～10 输水用镀锌铁管 0.25～1.25 矿渣混凝土风道 1.5 从上述分析可知，管壁粗糙度对流动阻力损失的影响只有在流动处于水力粗糙状态时才 有所体现。考虑粗糙度的圆管湍流是一个比较复杂的问题，通常通过水力计算手册可以获得 相应的工程计算公式，也可通过著名的穆迪(Moody)图来计算圆管流动的阻力系数。,粘性管路/沿程局部损失/泵水轮机,P5 > 管路损失；Q5 > 粘性流动题库速解；M21 > 题图决策卡；M22 > 误判；M26 > 管路/模型,P5,由 Q 求 V，算 Re，判层/湍；层流用 H-P 或 64/Re，光滑湍流可用 0.3164/Re^(1/4)，粗糙管查 Moody；局部损失用所在管段速度；汇总后代入机械能求目标量。,1. 由 Q 和管径求 V；2. 算 Re 判断层流/湍流；3. 取 lambda 或查 Moody/Colebrook；4. 汇总沿程/局部损失；5. 代入机械能方程求目标量。,局部损失系数、粗糙度和物性仍需题给或查教材；v80 明确了 Moody、光滑管和局部损失速度的收口。 v80 保留管路机械能、沿程/局部损失、泵/水轮机功率、Moody/Colebrook 入口，并补圆管层流抛物线速度分布、湍流丰满剖面和平均/最大速度易错。,主题命中“粘性管路/沿程局部损失/泵水轮机”，v80 基础过程覆盖约 85%。；仍依赖教材图表或读图；v80 有小查表/查表动作和收口模板，但不是完整数值表。,8.1,10.0,81.0,中高,
Q0490,课本教材题-张扬军文本,D:\虚拟C盘\学习\流体力学\张扬军（车辆学院）\教材\流体力学教材_text.txt,流体力学教材_text.txt,1,1. 沿程阻力系数与穆迪图 对黏性不可压缩流体的内部流动，无论是层流流动还是湍流流动，其流动阻力都可分解 为沿程阻力和局部阻力两部分，在阻力系数 λ 和 ζ 确定后，沿程阻力和局部阻力可分别按式,粘性管路/沿程局部损失/泵水轮机,P5 > 管路损失；Q5 > 粘性流动题库速解；M21 > 题图决策卡；M22 > 误判；M26 > 管路/模型,P5,由 Q 求 V，算 Re，判层/湍；层流用 H-P 或 64/Re，光滑湍流可用 0.3164/Re^(1/4)，粗糙管查 Moody；局部损失用所在管段速度；汇总后代入机械能求目标量。,1. 由 Q 和管径求 V；2. 算 Re 判断层流/湍流；3. 取 lambda 或查 Moody/Colebrook；4. 汇总沿程/局部损失；5. 代入机械能方程求目标量。,局部损失系数、粗糙度和物性仍需题给或查教材；v80 明确了 Moody、光滑管和局部损失速度的收口。 v80 保留管路机械能、沿程/局部损失、泵/水轮机功率、Moody/Colebrook 入口，并补圆管层流抛物线速度分布、湍流丰满剖面和平均/最大速度易错。,主题命中“粘性管路/沿程局部损失/泵水轮机”，v80 基础过程覆盖约 85%。；仍依赖教材图表或读图；v80 有小查表/查表动作和收口模板，但不是完整数值表。,8.1,10.0,81.0,中高,
Q0491,课本教材题-张扬军文本,D:\虚拟C盘\学习\流体力学\张扬军（车辆学院）\教材\流体力学教材_text.txt,流体力学教材_text.txt,9,(9.1.8)和式(9.1.9)进行计算。与管道内层流流动不同，管道内湍流流动的沿程阻力系数难以 第 9 章 黏性不可压缩流体的内部流动 ·139· 通过解析方法获得，只能针对不同流态，通过实验总结出沿程阻力系数，这就是工程上广泛 采用的穆迪图。穆迪通过系统的实验测量，以相对粗糙度 ε / D 作为参变量，将沿程阻力系数 λ 总结成雷诺数 Re 的函数，并绘制出图 9-11 所示的工程计算曲线。该图根据流动的雷诺数， 可以分成如下的五个区域。下面分别讨论各个区域沿程阻力系数 λ 的特性和计算方法。 图 9-11 穆迪图 资料来源：维基百科 1) Re ≤ 2000 此时，流动处于层流状态，不论管道的相对粗糙度 ε / D 为多少，沿程阻力系数都服从 λ = 64 / Re 的分布，且随雷诺数 Re 的增长线性下降。 2) 2000 < Re ≤ 4000 沿程阻力系数突然增加，流动处于层流向湍流过渡的状态。此时，流动可能处于层流或 湍流状态，阻力系数没有确定的变化规律，管道壁面切应力随环境因素的变化很大。 3) 4000 < Re ≤ 22.2 ( D / ε ) 8/7 流动处于湍流光滑管区，壁面凹凸不平部分淹没在线性底层中，壁面相对粗糙度 ε / D 对 管内湍流流动几乎无影响。沿程阻力系数只与雷诺数 Re 有关，与相对粗糙度 ε / D 无关。当 雷诺数处于 4 × 103 < Re < 106 时，布拉休斯(Blasius)给出了沿程阻力系数的总结公式：,粘性管路/沿程局部损失/泵水轮机,P5 > 管路损失；Q5 > 粘性流动题库速解；M21 > 题图决策卡；M22 > 误判；M26 > 管路/模型,P5,由 Q 求 V，算 Re，判层/湍；层流用 H-P 或 64/Re，光滑湍流可用 0.3164/Re^(1/4)，粗糙管查 Moody；局部损失用所在管段速度；汇总后代入机械能求目标量。,1. 由 Q 和管径求 V；2. 算 Re 判断层流/湍流；3. 取 lambda 或查 Moody/Colebrook；4. 汇总沿程/局部损失；5. 代入机械能方程求目标量。,局部损失系数、粗糙度和物性仍需题给或查教材；v80 明确了 Moody、光滑管和局部损失速度的收口。 v80 保留管路机械能、沿程/局部损失、泵/水轮机功率、Moody/Colebrook 入口，并补圆管层流抛物线速度分布、湍流丰满剖面和平均/最大速度易错。,主题命中“粘性管路/沿程局部损失/泵水轮机”，v80 基础过程覆盖约 85%。；仍依赖教材图表或读图；v80 有小查表/查表动作和收口模板，但不是完整数值表。,8.1,10.0,81.0,中高,
Q0492,课本教材题-张扬军文本,D:\虚拟C盘\学习\流体力学\张扬军（车辆学院）\教材\流体力学教材_text.txt,流体力学教材_text.txt,0.31,0.3164 λ= (9.7.25) Re0.25 将式(9.7.25)代入式(9.1.8)中，可得沿程阻力损失 h f 与速度 V −1.75 成正比，故湍流光滑管区又 称为 1.75 次方阻力区。 4) 22.2 ( D / ε ) < Re ≤ 597 ( D / ε ) 8/7 9/8 流动从湍流光滑管区向湍流粗糙管区转变，随着 Re 增加，线性底层逐渐变薄，壁面粗糙 度凸出部分最终暴露在线性底层之外并对流动产生影响。此时，雷诺数 Re 和壁面相对粗糙度 ε / D 对沿程阻力系数均有影响。在图 9-11 所示穆迪图上，这个区域对应左边光滑管曲线到右 ·140· 流 体 力 学 边由粗糙管起始点连成的虚线之间的整个区域。各曲线以 ε / D 作为参变量，反映出沿程阻力 系数 λ 随雷诺数 Re 的变化。在此区域内沿程阻力系数 λ 可按式(9.7.26)计算： ⎡ ⎛ ε 106 ⎞ ⎤ 1/3 λ = 0.0055 ⎢1 + ⎜ 2000 + ⎟ ⎥ (9.7.26) ⎢ ⎝ D Re ⎠ ⎥ ⎣ ⎦ 5) Re > 597 ( D / ε ) 9/8 流动进入湍流粗糙管区，沿程阻力系数 λ 基本与流动雷诺数 Re 无关，只与相对粗糙 度 ε / D 有关，在穆迪图上对应为一束水平直线。因沿程阻力系数 λ 与雷诺数 Re 无关，根 据式(9.1.8)可知流动的沿程阻力损失 h f 与流速 V 2 成正比，故该区又称为平方阻力区。 在穆迪图发表以前，尼古拉茨通过把不同粒径的均匀砂粒粘贴到管道内壁上，再按相似 准则整理实验结果，同样得到了沿程阻力系数 λ 随 Re 以及相对粗糙度 ε / D 的变化曲线，其 基本规律与穆迪图揭示的大致相同。但由于尼古拉茨实验中通过将均匀砂粒粘贴到管壁上模 拟管壁粗糙度，与实际工业管道内壁的粗糙度特性和分布尚有一定差距。目前，在工程应用 中大多采用穆迪图，即先计算管内流动的雷诺数 Re 和相对粗糙度 ε / D ，再通过穆迪图查找 得到相应的沿程阻力系数 λ 。 例题 9-3 计划铺设一个输水管道，流量 Q = 1.06 m3 / s ，在长为 2438m 的管道上给定的 压降为 63.53mH2O。当选用新的铸铁管(无镀覆层，粗糙度 ε = 0.3mm )时，试求应采用的管径。 设水的运动黏度ν = 1.0 × 10−6 m 2 / s 。,粘性管路/沿程局部损失/泵水轮机,P5 > 管路损失；Q5 > 粘性流动题库速解；M21 > 题图决策卡；M22 > 误判；M26 > 管路/模型,P5,由 Q 求 V，算 Re，判层/湍；层流用 H-P 或 64/Re，光滑湍流可用 0.3164/Re^(1/4)，粗糙管查 Moody；局部损失用所在管段速度；汇总后代入机械能求目标量。,1. 由 Q 和管径求 V；2. 算 Re 判断层流/湍流；3. 取 lambda 或查 Moody/Colebrook；4. 汇总沿程/局部损失；5. 代入机械能方程求目标量。,局部损失系数、粗糙度和物性仍需题给或查教材；v80 明确了 Moody、光滑管和局部损失速度的收口。 v80 保留管路机械能、沿程/局部损失、泵/水轮机功率、Moody/Colebrook 入口，并补圆管层流抛物线速度分布、湍流丰满剖面和平均/最大速度易错。,主题命中“粘性管路/沿程局部损失/泵水轮机”，v80 基础过程覆盖约 85%。；仍依赖教材图表或读图；v80 有小查表/查表动作和收口模板，但不是完整数值表。,8.1,10.0,81.0,中高,
Q0493,课本教材题-张扬军文本,D:\虚拟C盘\学习\流体力学\张扬军（车辆学院）\教材\流体力学教材_text.txt,流体力学教材_text.txt,1.35,1.35 × 106 Re = 化简上式得 D 这里有三个未知量： λ 、D 和 Re，可利用穆迪图迭代求解，设 λ = 0.02 ，则 D = ( 3.57 × 0.02 ) 1/5 = 0.590 (m) 6,概念简答/定义解释,M18 > 往年题可能问法：一句话答案；M23 > 概念短答库；R6 > 可直接抄的结论句；M9 > 高频小问速答；M12 > 概念题保底,无直接页码,先定位 M18/M23/R6 的可抄定义句；按“定义一句+原因一句+后果一句”写；若有公式页，再补适用条件和易错点。,1. 先按题干关键词选模型；2. 在 v80 对应页写首个控制方程/公式；3. 把题给几何、单位和边界条件代入；4. 做代数求解或列出需要查图查表的位置；5. 检查单位、方向、绝压/表压或适用条件。,v80 已显著补强短答，但长论述、实验现象细节和教材原话仍可能扣少量分。 v67 补长论述结构，v69 补读图/收口检查，v80 补层流/湍流/渐变流可抄定义；教材原话仍可能扣分。 v80 已补 N-S 各项标准意义、控制体外力组成、层/湍速度剖面、Boussinesq 涡黏、水击波速因素、孔板/自由射流概念、渐变流测压管水头、Ma 物理意义与 0.3 判据、深水波定义、RTT 守恒入口、完全/部分相似短答和标准四行答案模板，适合先写过程分。,主题命中“概念简答/定义解释”，v80 基础过程覆盖约 89%。；仍依赖教材图表或读图；v80 有小查表/查表动作和收口模板，但不是完整数值表。,8.5,10.0,85.0,中高,
Q0494,课本教材题-张扬军文本,D:\虚拟C盘\学习\流体力学\张扬军（车辆学院）\教材\流体力学教材_text.txt,流体力学教材_text.txt,0.59,"0.590 ε 0.3 = = 0.00051 D 590 根据所得 Re 和 ε / D ，由穆迪图查得 λ = 0.0165 ，与假设值相差较大，重复上述计算过程： 第9章 黏性不可压缩流体的内部流动 ·141· = 0.000529 → λ = 0.0165 λ = 0.0165 → D = 0.567m → Re = 2.38 × 106 , 最终从穆迪图查出的 λ 和第二次假设值相符，因此可得应采用的管道直径为 D = 0.567m 在工程上，实际的管径则应选用稍大于上述计算值的标准管径。 解毕。 例题 9-4 水在直径为 500mm 绝对粗糙度 ε = 0.03mm 的普通焊接钢管中流动，如果水头 损失梯度为 0.006，试求体积流量 Q，设水的运动黏度ν = 1.0 × 10−6 m 2 / s 。",粘性管路/沿程局部损失/泵水轮机,P5 > 管路损失；Q5 > 粘性流动题库速解；M21 > 题图决策卡；M22 > 误判；M26 > 管路/模型,P5,由 Q 求 V，算 Re，判层/湍；层流用 H-P 或 64/Re，光滑湍流可用 0.3164/Re^(1/4)，粗糙管查 Moody；局部损失用所在管段速度；汇总后代入机械能求目标量。,1. 由 Q 和管径求 V；2. 算 Re 判断层流/湍流；3. 取 lambda 或查 Moody/Colebrook；4. 汇总沿程/局部损失；5. 代入机械能方程求目标量。,局部损失系数、粗糙度和物性仍需题给或查教材；v80 明确了 Moody、光滑管和局部损失速度的收口。 v80 保留管路机械能、沿程/局部损失、泵/水轮机功率、Moody/Colebrook 入口，并补圆管层流抛物线速度分布、湍流丰满剖面和平均/最大速度易错。,主题命中“粘性管路/沿程局部损失/泵水轮机”，v80 基础过程覆盖约 85%。；仍依赖教材图表或读图；v80 有小查表/查表动作和收口模板，但不是完整数值表。,8.1,10.0,81.0,中高,
Q0495,课本教材题-张扬军文本,D:\虚拟C盘\学习\流体力学\张扬军（车辆学院）\教材\流体力学教材_text.txt,流体力学教材_text.txt,9,(9.1.9)进行计算，此时需要首先确定局部阻力系数 ζ 。由于引起急变流动的管道元件多样， 且急变流动十分复杂，很难从理论上获得局部阻力系数的计算公式，局部阻力系数大多由实 验得出。表 9-2 给出各种常用管道阻力件的局部阻力系数。 表 9-2 常用管道阻力件的局部阻力系数 闸阀 截止阀 蝶阀 开 开 开 度 20 40 60 80 100 度 20 40 60 80 100 度 20 40 60 80 100 /% % % ζ 16 3.2 1.1 0.3 0.1 ζ 24 7.5 4.8 4.1 3.9 ζ 65 16 4 0.8 0.3 截面突然扩大 截面突然缩小 A1 / A2 ζ1 ζ2 A2 / A1 ζ2 1 0 0 0.01 0.05,边界层/外绕流阻力,P6 > 平板边界层；P6 > 位移/动量厚度；M24 > 边界层积分题；Q5 > 边界层题库速解；M13 > 微题,P6,先算 Re_x/Re_L 判层流、湍流或转捩；直接题用 delta、Cf、阻力公式；速度剖面题用 M24 的 delta*、theta 和 Karman 模板；外绕流判断摩擦/压差阻力和分离。,1. 算 Re_x 或 Re_L；2. 判断层流/湍流/低 Re；3. 选厚度、Cf 或阻力公式；4. 若为厚度定义题，尝试写积分；5. 说明 v80 缺失的定义或图表。,"复杂非零压梯度动量积分、实验阻力图和扫描图数值仍需教材/图表；v80 已覆盖书10.3/10.5 常见剖面。 v80 已补 delta*, theta, H 的物理意义；复杂动量积分推导仍需手算。 v80 已补局部摩阻系数 cf、单位宽阻力 D'、CD=2theta/L、转捩位置 xcr、平板层/湍/混合阻力判定和湿表面积/迎风面积区分；复杂分离与实验阻力图仍需教材。 v80 保留给定速度剖面到 delta、theta、delta_E、tau_w、CD 的通用积分链，补强 delta、delta*、theta、delta_E 的物理意义，保留层/湍速度剖面标准句、Boussinesq 涡黏、吸气/吹气修正、自由射流动量通量入口、Theta 分离判据和 Karman--Pohlhausen 配边界步骤。",主题命中“边界层/外绕流阻力”，v80 基础过程覆盖约 87%。；仍依赖教材图表或读图；v80 有小查表/查表动作和收口模板，但不是完整数值表。,8.3,10.0,83.0,中高,
Q0496,课本教材题-张扬军文本,D:\虚拟C盘\学习\流体力学\张扬军（车辆学院）\教材\流体力学教材_text.txt,流体力学教材_text.txt,9.7,"9.7.4 管内流动的能量损失 前面讨论已知，黏性流体流经圆形截面管道时所产生的流动损失为沿程阻力损失 h f 和局 部阻力损失 h j 之和，即有 l V2 V2 hw = h f + h j = λ + ∑ζ (9.7.27) D 2g 2g 其中，沿程阻力系数是雷诺数 Re 和相对粗糙度 ε / D 的函数；g 为重力加速度。通常情况下局 部阻力系数 ζ 也是定值。故流动损失 hw 可以视为流动雷诺数 Re 、相对粗糙度 ε / D 、流速 V 和 管道长度 l 的函数： hw = f ( Re, ε D , l ,V ) (9.7.28) 对于圆形截面管道，雷诺数可进一步表示为 Re = 4Q / (πν D) ，因此式(9.7.28)可写成如下 形式： hw = f ( Q, D, ε D , l ,ν ) (9.7.29) 方程(9.7.29)中一共有 hw 、 Q 、 D 、 l 、ν 和 ε 六个变量。通常情况下管道的绝对粗糙度 ε 、 长度 l 和流体的运动黏度ν 为已知量，而流动损失 hw 、流量 Q 以及管道直径 D 为未知量。具 体可以分为如下三种情况。 (1)已知流量 Q 以及管道直径 D ，求流动损失 hw 。 根据已知量，可得流动的雷诺数 Re = 4Q / (πν D ) 以及相对粗糙度 ε / D 。根据穆迪图，可 以得到沿程阻力系数 λ ，再由式(9.7.27)可以得到流动损失。 (2)已知管道直径 D 以及流动损失 hw ，求流量 Q 。 试取一个流量 Q′ ，求得流动的雷诺数 Re ，由相对粗糙度 ε / D ，根据穆迪图可以得到沿 程阻力系数。根据式(9.7.27)，可以求得管内流动速度 V ，进而得到相应流量 Q′′ = πD 2V / 4 。 若 Q′ − Q′′ < Δ (其中 Δ 为给定小量)，则计算结束。此时， Q′′ 即所求流量。否则，以 Q′′ 作为 试算流量替代 Q′ 并重复上述步骤，直至得到两次迭代得到的流量之差满足上述不等式。 (3)已知流量 Q 以及流动损失 hw ，求管道直径 D 。 与情况(2)类似，首先试取一个管道直径 D′ ，进而求解流动雷诺数 Re 和相对粗糙度 ε / D 。 根据穆迪图，可以得到沿程阻力系数，代入式(9.7.27)中检验是否满足，若式(9.7.27)左右两 端相等，则计算结束。否则调整管道直径 D′ ，重新进行试算，直至得到满足式(9.7.27)的结果。 上述三种情况中，情况(3)在设计过程中常常碰到，即在已知管道输送流量以及输送泵的 能力的情况下，设计输送管道的直径。 例题 9-6 已知密度 ρ = 680kg/m3 ，运动黏度 ν = 5.25 × 10−7 m 2 /s 的汽油在 50℃ 下流经一 根内径 D = 100mm 、绝对粗糙度 ε = 0.17mm",粘性管路/沿程局部损失/泵水轮机,P5 > 管路损失；Q5 > 粘性流动题库速解；M21 > 题图决策卡；M22 > 误判；M26 > 管路/模型,P5,由 Q 求 V，算 Re，判层/湍；层流用 H-P 或 64/Re，光滑湍流可用 0.3164/Re^(1/4)，粗糙管查 Moody；局部损失用所在管段速度；汇总后代入机械能求目标量。,1. 由 Q 和管径求 V；2. 算 Re 判断层流/湍流；3. 取 lambda 或查 Moody/Colebrook；4. 汇总沿程/局部损失；5. 代入机械能方程求目标量。,局部损失系数、粗糙度和物性仍需题给或查教材；v80 明确了 Moody、光滑管和局部损失速度的收口。 v80 保留管路机械能、沿程/局部损失、泵/水轮机功率、Moody/Colebrook 入口，并补圆管层流抛物线速度分布、湍流丰满剖面和平均/最大速度易错。,主题命中“粘性管路/沿程局部损失/泵水轮机”，v80 基础过程覆盖约 85%。；题目要求推导或定义积分；v80 有 M24/M25/M26 骨架，但完整推导仍扣少量严谨性分。；仍依赖教材图表或读图；v80 有小查表/查表动作和收口模板，但不是完整数值表。,7.3,10.0,73.0,中高,
Q0497,课本教材题-张扬军文本,D:\虚拟C盘\学习\流体力学\张扬军（车辆学院）\教材\流体力学教材_text.txt,流体力学教材_text.txt,3.14,3.14 ⎢ 2 × 9.8 × 10 ⎥ = × 0.152 × ⎢ ⎥ 4 0.023 ⎢ × (30 + 15 + 60）+0.5+2 × 0.9+16+1 ⎥ ⎣ 0.15 ⎦ 1/2 ⎛ 2 × 9.8 × 10 ⎞ = 0.0176 × ⎜ ⎟ ⎝ 16.1+18.3+1 ⎠ = 0.041(m3 / s) (2)已知管道内流量 Q ，则由式(9.7.30)～式(9.7.32)求得 2 ⎛ 4Q ⎞ 1 ⎡ f H1 = ⎜ 2 ⎟ ⎢ (l1 + H 2 + l2 ) + ζ 进口 + 2ζ 弯 + ζ 阀 + 1⎤⎥ ⎝ πd ⎠ 2 g ⎣ d ⎦ 2 ⎛ 4 × 0.060 ⎞ 1 =⎜ 2 ⎟ × × (16.1 + 18.3 + 1) = 20.8(m) ⎝ 3.14 × 0.15 ⎠ 2 × 9.8 解毕。 需要说明一点，在例题 9-7 中如果沿程阻力系数不为常数，则求解过程就会复杂得多， 需要通过迭代进行求解。,边界层/外绕流阻力,P6 > 平板边界层；P6 > 位移/动量厚度；M24 > 边界层积分题；Q5 > 边界层题库速解；M13 > 微题,P6,先算 Re_x/Re_L 判层流、湍流或转捩；直接题用 delta、Cf、阻力公式；速度剖面题用 M24 的 delta*、theta 和 Karman 模板；外绕流判断摩擦/压差阻力和分离。,1. 算 Re_x 或 Re_L；2. 判断层流/湍流/低 Re；3. 选厚度、Cf 或阻力公式；4. 若为厚度定义题，尝试写积分；5. 说明 v80 缺失的定义或图表。,"复杂非零压梯度动量积分、实验阻力图和扫描图数值仍需教材/图表；v80 已覆盖书10.3/10.5 常见剖面。 v80 已补 delta*, theta, H 的物理意义；复杂动量积分推导仍需手算。 v80 已补局部摩阻系数 cf、单位宽阻力 D'、CD=2theta/L、转捩位置 xcr、平板层/湍/混合阻力判定和湿表面积/迎风面积区分；复杂分离与实验阻力图仍需教材。 v80 保留给定速度剖面到 delta、theta、delta_E、tau_w、CD 的通用积分链，补强 delta、delta*、theta、delta_E 的物理意义，保留层/湍速度剖面标准句、Boussinesq 涡黏、吸气/吹气修正、自由射流动量通量入口、Theta 分离判据和 Karman--Pohlhausen 配边界步骤。",主题命中“边界层/外绕流阻力”，v80 基础过程覆盖约 87%。；题型偏概念简答；v80 已有短答库，但非对应专栏仍扣少量组织分。；题目要求推导或定义积分；v80 有 M24/M25/M26 骨架，但完整推导仍扣少量严谨性分。；仍依赖教材图表或读图；v80 有小查表/查表动作和收口模板，但不是完整数值表。,6.9,10.0,69.0,中高,
Q0498,课本教材题-张扬军文本,D:\虚拟C盘\学习\流体力学\张扬军（车辆学院）\教材\流体力学教材_text.txt,流体力学教材_text.txt,9.7,9.7.4 节介绍了圆形管道内流动能量的损失，现在通过定义湿周 χ 、水力半径 Rh 、当量直 径 De 等物理量，对非圆形管道内的流动进行讨论和分析。 l V2 讨论非圆形管内流动的能量损失，即沿程阻力损失时，仍可沿用达西公式 h f = λ 。 d 2g l V2 此时，将 h f = λ 中的管径 d 用当量直径 De =4 S / C 代替即可，其中 S 表示面积，C 表示 d 2g 浸湿周长。黏性流体在非圆形管道中流动的沿程阻力损失为 l V2 hf = λ (9.7.33) De 2 g 式(9.7.33)中的沿程阻力系数 λ 仍可从穆迪图查得。不同之处在于，此时的相对粗糙度是以当 量直径为基准的相对粗糙度 ε / De ， Re 也要用当量直径 De 计算： ρVDe VDe Re = = (9.7.34) μ ν 需要指出，黏性流体沿非圆形管道流动时，流动产生的切应力沿固体壁面的分布没有圆形管 道均匀，故按当量直径求得的沿程阻力损失有一定误差。截面形状越接近圆形，其误差越小； 反之，则误差越大。 第 9 章 黏性不可压缩流体的内部流动 ·147·,粘性管路/沿程局部损失/泵水轮机,P5 > 管路损失；Q5 > 粘性流动题库速解；M21 > 题图决策卡；M22 > 误判；M26 > 管路/模型,P5,由 Q 求 V，算 Re，判层/湍；层流用 H-P 或 64/Re，光滑湍流可用 0.3164/Re^(1/4)，粗糙管查 Moody；局部损失用所在管段速度；汇总后代入机械能求目标量。,1. 由 Q 和管径求 V；2. 算 Re 判断层流/湍流；3. 取 lambda 或查 Moody/Colebrook；4. 汇总沿程/局部损失；5. 代入机械能方程求目标量。,局部损失系数、粗糙度和物性仍需题给或查教材；v80 明确了 Moody、光滑管和局部损失速度的收口。 v80 保留管路机械能、沿程/局部损失、泵/水轮机功率、Moody/Colebrook 入口，并补圆管层流抛物线速度分布、湍流丰满剖面和平均/最大速度易错。,主题命中“粘性管路/沿程局部损失/泵水轮机”，v80 基础过程覆盖约 85%。；题型偏概念简答；v80 已有短答库，但非对应专栏仍扣少量组织分。；仍依赖教材图表或读图；v80 有小查表/查表动作和收口模板，但不是完整数值表。,7.5,10.0,75.0,中高,
Q0499,课本教材题-张扬军文本,D:\虚拟C盘\学习\流体力学\张扬军（车辆学院）\教材\流体力学教材_text.txt,流体力学教材_text.txt,9.7,9.7.6 孔板流量计 如图 9-13 所示，孔板流量计是工业中 常用于测量给水和蒸汽流量的节流装置。 孔板通常由不锈钢制成，中间圆孔与管道 同心。孔板流量计的测量原理与文丘里管 基本一致，即流体通过孔板时流通截面变 小，流速增大，从而静压下降。与此同时， 图 9-13 孔板流量计 孔板作为一种局部阻力元件，流体流过时 将产生机械能损失，使总能降低。测出孔板前后的静压降 Δp ，根据黏性流体总流的伯努利方 程和连续性方程，即可求得通过孔板的流体流量。在孔板上、下游选择 1、2 两点，可建立黏 性流体总流的伯努利方程： V12 p V2 p V2 + 1 = 2 + 2 +ξ 2 (9.7.35) 2g ρ g 2g ρ g 2g 1 1 = A2V2 ，对管径为 d 的圆管和孔径为 d 0 的孔板，有 根据不可压缩流体的连续性方程 AV 2 ⎛d ⎞ V1 = ⎜ 0 ⎟ V2 (9.7.36) ⎝d ⎠ 1 2 代入式(9.7.35)中可以得到 V2 = ( p1 − p2 ) (9.7.37) 4 ρ ⎛d ⎞ 1+ ζ − ⎜ 0 ⎟ ⎝ d ⎠ 实际应用中，孔板的测压点位于紧靠孔板的两侧，称为角接取压。这两处实际的流通截 面积不一定同管径为 d 的圆管截面积 A1 和孔径为 d 0 的孔板流通截面积 A2 相同(图 9-13)。考 虑到孔板入口边缘不尖锐度的影响，由式(9.7.37)求得的流速 V2 应乘以修正系数 η ，即 η 2 V2 = ( p1 − p2 ) (9.7.38) 4 ρ ⎛d ⎞ 1+ ζ − ⎜ 0 ⎟ ⎝ d ⎠ a= (9.7.39) 4 ⎛d ⎞ 1+ ζ − ⎜ 0 ⎟ ⎝ d ⎠ 其中， a 为孔板的流量系数，它是几何尺寸比 d 0 d 和流动雷诺数 Re 的函数，可通过实验确 定。表 9-3 中列出了在极限雷诺数 Re1 下，孔板流量系数 a 与几何尺寸比 d 0 d 的关系，其中 m = ( d0 d ) 。这里极限雷诺数 Re1 指的是当 Re ≥ Re1 时， a 趋于常数，不再随 Re 变化。当管 2 内流动的实际雷诺数 Re < Re1 时，由表 9-3 查得的流量系数 a 应乘以黏度校正系数 Ku 进行修 正。 Ku 可通过图 9-14 查得，其中横坐标 m 的意义与表 9-3 中相同。 通过上述分析得到 2 V2 = Ku a ( p1 − p2 ) (9.7.40) ·148· 流 体 力 学 π 2 2 体积流量为 Q = V2 A2 = d0 Ku a (p − p ) (9.7.41) 4 ρ 1 2 π 2 质量流量为 G = ρQ = d 0 Ku a 2 ρ ( p1 − p2 ) (9.7.42) 4 表 9-3 标准孔板的流量系数 a m d = 50 mm d = 100 mm d,粘性管路/沿程局部损失/泵水轮机,P5 > 管路损失；Q5 > 粘性流动题库速解；M21 > 题图决策卡；M22 > 误判；M26 > 管路/模型,P5,由 Q 求 V，算 Re，判层/湍；层流用 H-P 或 64/Re，光滑湍流可用 0.3164/Re^(1/4)，粗糙管查 Moody；局部损失用所在管段速度；汇总后代入机械能求目标量。,1. 由 Q 和管径求 V；2. 算 Re 判断层流/湍流；3. 取 lambda 或查 Moody/Colebrook；4. 汇总沿程/局部损失；5. 代入机械能方程求目标量。,局部损失系数、粗糙度和物性仍需题给或查教材；v80 明确了 Moody、光滑管和局部损失速度的收口。 v80 保留管路机械能、沿程/局部损失、泵/水轮机功率、Moody/Colebrook 入口，并补圆管层流抛物线速度分布、湍流丰满剖面和平均/最大速度易错。,主题命中“粘性管路/沿程局部损失/泵水轮机”，v80 基础过程覆盖约 85%。；题型偏概念简答；v80 已有短答库，但非对应专栏仍扣少量组织分。；题目要求推导或定义积分；v80 有 M24/M25/M26 骨架，但完整推导仍扣少量严谨性分。；仍依赖教材图表或读图；v80 有小查表/查表动作和收口模板，但不是完整数值表。,6.7,10.0,67.0,中高,
Q0500,课本教材题-张扬军文本,D:\虚拟C盘\学习\流体力学\张扬军（车辆学院）\教材\流体力学教材_text.txt,流体力学教材_text.txt,9.8,9.8.1 串联管路 由数段不同内径的管道依次连接而成的管系称为串联管路。通过串联管路各管段的流量 是相同的，而串联管路的机械能损失等于各管段机械能损失之和，即 第 9 章 黏性不可压缩流体的内部流动 ·149· Q = Q1 = Q2 = = Qn π 2 π π 2 d1 V1 = d 22V2 = = d n Vn (9.8.1) 4 4 4 hw = hw1 + hw2 + + hwn ⎛ l ⎞V 2 ⎛ l ⎞V 2 ⎛ l ⎞V 2 (9.8.2) = ⎜ ∑ ζ 1 + λ1 1 ⎟ 1 + ⎜ ∑ ζ 2 + λ2 2 ⎟ 2 + + ⎜ ∑ ζ n + λn n ⎟ n ⎝ d1 ⎠ 2 g ⎝ d2 ⎠ 2 g ⎝ dn ⎠ 2 g 串联管路系统通常会遇到两类问题。第一类是已知流过串联管路的流量 Q ，求所需总水 头 H ；第二类是已知总水头 H ，求通过的流量 Q 。 以图 9-15 所示的两根不同直径的管道连接在一起的串联管路为例，对图 A、B 两个截面 列总流的伯努利方程： V2 l V2 V2 l V2 V2 0 = − H + ζ 1 1 + λ1 1 1 + ζ 2 2 + λ2 2 2 + ζ 3 2 (9.8.3) 2g d1 2 g 2g d2 2g 2g 其中， ζ 1 、 ζ 2 、ζ 3 分别为入口、管 1 与管 2 接口和出口位置的局部阻力系数。将不可压缩流 体连续性方程 V1d12 = V2 d 22 代入式(9.8.3)中，消去 V1 可得 V22 ⎛ ⎛ d 2 ⎞ l ⎞ V2 4 4 l ⎛d ⎞ H= ⎜ ζ 1 ⎜ ⎟ + ζ 2 +ζ 3 +λ1 1 ⎜ 2 ⎟ + λ2 2 ⎟ = 2 ( c1 + c2 λ1 + c3λ2 ) (9.8.4) 2 g ⎜ ⎝ d1 ⎠ d1 ⎝ d1 ⎠ d2 ⎟ 2 g ⎝ ⎠ 图 9-15 串联管路示意图 对于第一类问题，已知串联管路的流量 Q，可得到流动速度 Vi 以及流动雷诺数 Rei，从而 可以进一步确定沿程阻力系数 λi 并通过式(9.8.4)求得所需总水头 H。对第二类问题，虽然已 知总水头 H，但因无法预先求取 Vi 以及 Rei，所以不能确定沿程阻力系数 λi。这与单一管路求 Q 的情形类似，需要通过试算和迭代的方法，求得串联管路的流量 Q。,粘性管路/沿程局部损失/泵水轮机,P5 > 管路损失；Q5 > 粘性流动题库速解；M21 > 题图决策卡；M22 > 误判；M26 > 管路/模型,P5,由 Q 求 V，算 Re，判层/湍；层流用 H-P 或 64/Re，光滑湍流可用 0.3164/Re^(1/4)，粗糙管查 Moody；局部损失用所在管段速度；汇总后代入机械能求目标量。,1. 由 Q 和管径求 V；2. 算 Re 判断层流/湍流；3. 取 lambda 或查 Moody/Colebrook；4. 汇总沿程/局部损失；5. 代入机械能方程求目标量。,局部损失系数、粗糙度和物性仍需题给或查教材；v80 明确了 Moody、光滑管和局部损失速度的收口。 v80 保留管路机械能、沿程/局部损失、泵/水轮机功率、Moody/Colebrook 入口，并补圆管层流抛物线速度分布、湍流丰满剖面和平均/最大速度易错。,主题命中“粘性管路/沿程局部损失/泵水轮机”，v80 基础过程覆盖约 85%。；题目要求推导或定义积分；v80 有 M24/M25/M26 骨架，但完整推导仍扣少量严谨性分。；仍依赖教材图表或读图；v80 有小查表/查表动作和收口模板，但不是完整数值表。,7.3,10.0,73.0,中高,
Q0501,课本教材题-张扬军文本,D:\虚拟C盘\学习\流体力学\张扬军（车辆学院）\教材\流体力学教材_text.txt,流体力学教材_text.txt,9,(9.8.6) ⎛ l2 ⎞ V22 ⎛ ln ⎞ Vn2 = ⎜ ∑ ζ 2 + λ2 ⎟ = = ⎜ ∑ ζ n + λn ⎟ ⎝ d2 ⎠ 2 g ⎝ dn ⎠ 2 g ·150· 流 体 力 学 由式(9.8.6)可知各并联分管路的机械能损失相同，这是通过调整和分配各分管道内的流 量来实现的。与串联管路类似，并联管路一般也会遇到两类问题。第一类问题是已知并联管 路允许的压力损失，求总流量 Q ；第二类问题是已知总流量 Q ，求并联各分管路的流量及机 械能损失。对于第一类问题，虽然已知并联管路允许的压力损失，但无法预先确定 Re 并从穆 迪图查得沿程阻力系数 λi，因此其求解方法与串联管路中第二类问题类似，需要通过试算和 迭代的方法，求通过并联管路的流量 Q。对于第二类问题，虽然已知总流量 Q ，但由于各并 联分管路中的流量未知，而且需要调整各分管路的流量使各分管路的机械能损失相同，因此 这类计算比第一类问题更为复杂。 例题 9-8 设水塔中的水经过如图 9-16 所示并联管路流出，已知 l1 = 300 m ，d1 = 150 mm ， l2 = 400 m ， d 2 = 100 m ， Q = 45 L/ s 。若管路中的沿程阻力系数为 λ = 0.025 ，忽略局部水力 损失，求支管中的流量 Q1 和 Q2 以及并联管路中的水力损失。,粘性管路/沿程局部损失/泵水轮机,P5 > 管路损失；Q5 > 粘性流动题库速解；M21 > 题图决策卡；M22 > 误判；M26 > 管路/模型,P5,由 Q 求 V，算 Re，判层/湍；层流用 H-P 或 64/Re，光滑湍流可用 0.3164/Re^(1/4)，粗糙管查 Moody；局部损失用所在管段速度；汇总后代入机械能求目标量。,1. 由 Q 和管径求 V；2. 算 Re 判断层流/湍流；3. 取 lambda 或查 Moody/Colebrook；4. 汇总沿程/局部损失；5. 代入机械能方程求目标量。,局部损失系数、粗糙度和物性仍需题给或查教材；v80 明确了 Moody、光滑管和局部损失速度的收口。 v80 保留管路机械能、沿程/局部损失、泵/水轮机功率、Moody/Colebrook 入口，并补圆管层流抛物线速度分布、湍流丰满剖面和平均/最大速度易错。,主题命中“粘性管路/沿程局部损失/泵水轮机”，v80 基础过程覆盖约 85%。；仍依赖教材图表或读图；v80 有小查表/查表动作和收口模板，但不是完整数值表。,8.1,10.0,81.0,中高,
Q0502,课本教材题-张扬军文本,D:\虚拟C盘\学习\流体力学\张扬军（车辆学院）\教材\流体力学教材_text.txt,流体力学教材_text.txt,78.4,78.4 = V12 + 0.5V22 98 = V12 + 0.4V32 联立方程，可得 图 9-17 分支管道计算 V1 = 8.78 m/ s，V2 = 1.57 m/ s 于是可以得到流出 A 以及分别流入 B 和 C 中的水流量为 π 2 π Q1 = d1 V1 = × 12 × 8.78 = 6.90(m3 / s) 4 4 π π Q2 = d 22V2 = × 12 × 1.57 = 1.23(m3 / s) 4 4 Q3 = Q1 − Q2 = 6.90 − 1.23 = 5.67(m3 / s) 假设液体从 B、C 流出得到的解不满足题意，故液体只能从 A 流出。 解毕。 这里需要特别指出一点，如果沿程阻力系数没有给出，则需采用类似于单管水力计算中 第二类型问题那样的计算和迭代过程对问题进行求解。 科技前沿(9)——电机冷却技术 习 题 9-1 用直径 d = 100mm 的管道输水，质量流量为 10kg/s 。若水的温度为 5℃，试确定管 内水的流态。如果用这个管道输送同样质量流量的石油，已知石油密度 ρ = 850kg / m3 ，运动 黏度为 1.14 × 10 −4 m 2 /s ，试确定石油的流态。 9-2 用直径为 20cm 、长 3000m 的旧无缝钢管输送密度为 900kg/m3 的原油，质量流量为 90t/h 。设原油的运动黏度ν 在冬天为 1.092 × 10−4 m 2 /s ，夏天为 0.355 × 10−4 m 2 /s 。求：冬天和 夏天的沿程阻力损失 h f 。 9-3 长 400m 的旧无缝钢管输送相对密度 0.9 、运动黏度为 10−5 m 2 /s 的油。在压强降 Δp = 800kPa 时可以达到的流量为 Q = 0.0319m3 /s ，试问管径 d 应该选多大。 9-4 20℃水以 0.1m / s 的平均速度流过内径 d = 0.01m 的圆管，试求 1m 长的管子壁上所 受到的流体摩擦力大小。 9-5 设水以平均流速 V = 60cm/s 流经内径为 d = 20cm 的光滑圆管，试求：(1)圆管中心 的流速；(2)管壁剪切应力(水温为 20℃)。 9-6 以长 l = 800m 、内径 d = 50mm 的水平光滑管道输油，若输油流量为 135L / min ，用 ·152· 流 体 力 学 以输油的油泵扬程应该多大？(油的密度 ρ = 930kg / m3 ，黏度 μ = 0.056Pa ⋅ s 。) 9-7 一个水箱通过内径为 75mm 、长为 100m 的不锈钢水平管道向大气中排水。已知入 口处局部损失系数 ζ = 0.5 。若要管出口的体积流量为 0.03m3 /s ，水箱中应该维持多大的水面 高度 h ？(水温为 20℃。) 9-8 一条输水管长 l = 1000m 、管径 d ,粘性管路/沿程局部损失/泵水轮机,P5 > 管路损失；Q5 > 粘性流动题库速解；M21 > 题图决策卡；M22 > 误判；M26 > 管路/模型,P5,由 Q 求 V，算 Re，判层/湍；层流用 H-P 或 64/Re，光滑湍流可用 0.3164/Re^(1/4)，粗糙管查 Moody；局部损失用所在管段速度；汇总后代入机械能求目标量。,1. 由 Q 和管径求 V；2. 算 Re 判断层流/湍流；3. 取 lambda 或查 Moody/Colebrook；4. 汇总沿程/局部损失；5. 代入机械能方程求目标量。,局部损失系数、粗糙度和物性仍需题给或查教材；v80 明确了 Moody、光滑管和局部损失速度的收口。 v80 保留管路机械能、沿程/局部损失、泵/水轮机功率、Moody/Colebrook 入口，并补圆管层流抛物线速度分布、湍流丰满剖面和平均/最大速度易错。,主题命中“粘性管路/沿程局部损失/泵水轮机”，v80 基础过程覆盖约 85%。；题目要求推导或定义积分；v80 有 M24/M25/M26 骨架，但完整推导仍扣少量严谨性分。；仍依赖教材图表或读图；v80 有小查表/查表动作和收口模板，但不是完整数值表。,7.3,10.0,73.0,中高,
Q0503,课本教材题-张扬军文本,D:\虚拟C盘\学习\流体力学\张扬军（车辆学院）\教材\流体力学教材_text.txt,流体力学教材_text.txt,10.1,10.1.1 边界层的基本特征 根据流体大雷诺数 Re 绕流问题的实验观测结果，普朗特提出了著名的边界层理论。他指 出，流体在大雷诺数的绕流情况下，在流场远离固体壁面的绝大部分区域中，可采用无黏流 动进行近似，但在固体壁面附近很薄的一层区域内黏性不能忽略。在该区域内，根据黏性流 体的壁面黏附边界条件，沿固体壁面切向的速度分量将由外部绕流的来流速度迅速下降为零。 通常将固体壁面附近这一薄层称为边界层。边界层的基本特征如下。 (1)边界层为流场空间中的一薄层，是涡量的集中区域。从量级上看，边界层厚度 δ 与流 场的流向特征尺度 L 相比为高阶小量，即满足 δ L 。 (2)边界层沿流向逐渐增厚。 (3)边界层内沿壁面切向的速度分量沿壁面法向具有很大的梯度。以固体壁面绕流边界层为 例，边界层外缘的切向速度大小与来流速度相当。在边界层内的沿壁面法向的很短距离内，该 切向速度迅速降低到零(固体壁面的黏附条件)。因此，边界层内的壁面切向速度的壁面法向梯 度远大于沿流向的梯度，即有 ∂ut / ∂s ∂ut / ∂n ，这里下标 t 和 n 分别代表壁面的切向和法向。 (4)边界层内，即使流体黏度很小，但速度梯度很大，根据牛顿内摩擦定律，黏性切应力不 可忽略。分析可知，在边界层内流动的黏性切应力和惯性力具有相同的量级，即 (V ·∇ )V ≈ υ∇ 2V 。 显然，这一点与边界层外部的流动有本质的差异。在外部势流区域，黏性切应力项可以忽略。 (5)边界层内流体的流动也可以分为层流和湍流两种流态。 (6)边界层内压强只沿流动方向发生变化，沿边界层的法向压强保持不变。 大雷诺数 Re 的流动，除了绕流问题存在固体壁面边界层，射流和自由剪切层流动等其他 一些情况也会出现类似的边界层，其中流场的涡量集中在很薄的一层区域里，外部为势流区。 这类边界层不依附于固体壁面，称为自由边界层，它们同样具有上述的基本特征。,粘性管路/沿程局部损失/泵水轮机,P5 > 管路损失；Q5 > 粘性流动题库速解；M21 > 题图决策卡；M22 > 误判；M26 > 管路/模型,P5,由 Q 求 V，算 Re，判层/湍；层流用 H-P 或 64/Re，光滑湍流可用 0.3164/Re^(1/4)，粗糙管查 Moody；局部损失用所在管段速度；汇总后代入机械能求目标量。,1. 由 Q 和管径求 V；2. 算 Re 判断层流/湍流；3. 取 lambda 或查 Moody/Colebrook；4. 汇总沿程/局部损失；5. 代入机械能方程求目标量。,局部损失系数、粗糙度和物性仍需题给或查教材；v80 明确了 Moody、光滑管和局部损失速度的收口。 v80 保留管路机械能、沿程/局部损失、泵/水轮机功率、Moody/Colebrook 入口，并补圆管层流抛物线速度分布、湍流丰满剖面和平均/最大速度易错。,主题命中“粘性管路/沿程局部损失/泵水轮机”，v80 基础过程覆盖约 85%。；题型偏概念简答；v80 已有短答库，但非对应专栏仍扣少量组织分。；仍依赖教材图表或读图；v80 有小查表/查表动作和收口模板，但不是完整数值表。,7.5,10.0,75.0,中高,
Q0504,课本教材题-张扬军文本,D:\虚拟C盘\学习\流体力学\张扬军（车辆学院）\教材\流体力学教材_text.txt,流体力学教材_text.txt,1,"1. 边界层方程 由边界层概念可知，对于大雷诺数 Re 的流动问题，边界层外的流动可近似采用无黏流动 ·154· 流 体 力 学 的欧拉方程进行描述，而边界层内的流动仍需通过求解有黏流动的 Navier-Stokes 方程获得。 根据 10.1.1 节所给出的边界层基本特征，边界层内流动的 Navier-Stokes 方程可通过相应的简 化得到边界层方程。以下通过二维平板绕流问题为例来讨论边界层方程的建立过程。 考虑大雷诺数 Re 1 的二维平直固体壁面的绕流问题。令 x 轴和 y 轴分别与壁面平行和 垂直，坐标原点位于固体壁面前缘。连续性方程和动量方程沿 x 轴和 y 轴的投影形式如下(忽 略体积力)： ∂u ∂v + =0 (10.1.1) ∂ x ∂y ∂u ∂u ∂u 1 ∂p ⎛ ∂2 u ∂2 u ⎞ +u +v =− +ν ⎜ 2 + 2 ⎟ (10.1.2) ∂t ∂x ∂y ρ ∂x ⎝ ∂x ∂y ⎠ ∂v ∂v ∂v 1 ∂p ⎛ ∂2 v ∂2 v ⎞ +u +v =− +ν ⎜ 2 + 2 ⎟ (10.1.3) ∂t ∂x ∂y ρ ∂y ⎝ ∂x ∂y ⎠ 其中，ν = μ / ρ 为流体的运动黏度； ρ 为流体的密度。在边界层内，流场特征尺度在 x 和 y 两 个方向上是不同的，这里分别取为固体壁面长度 L 和边界层厚度 δ 。x 方向速度分量的量级为 u ~ U ，由于连续性方程中各项的量级应该相等，可得 ∂v ∂u U ∼ ∼ (10.1.4) ∂y ∂x L 那么则有 v∼ U (10.1.5) 因此，方程(10.1.2)中各项的量级分别如下： ∂u U ∂u U ∂ 2u U ∂2 u U ∼ , ∼ , ∼ , ∼ (10.1.6) ∂x L ∂y δ ∂x 2 L2 ∂y 2 δ 2 ∂2 u ∂2 u 根据式(10.1.6)，可知 (10.1.7) ∂x 2 ∂y 2 同理，可得方程(10.1.3)中各项的量级分别如下： ∂v δ ∂v U ∂2 v δ ∂2 v U ∼ U, ∼ , ∼ U, ∼ (10.1.8) ∂x L2 ∂y L ∂x 2 L3 ∂y 2 δ L 从式(10.1.8)中可知 ∂2 v ∂2 v",边界层/外绕流阻力,P6 > 平板边界层；P6 > 位移/动量厚度；M24 > 边界层积分题；Q5 > 边界层题库速解；M13 > 微题,P6,先算 Re_x/Re_L 判层流、湍流或转捩；直接题用 delta、Cf、阻力公式；速度剖面题用 M24 的 delta*、theta 和 Karman 模板；外绕流判断摩擦/压差阻力和分离。,1. 算 Re_x 或 Re_L；2. 判断层流/湍流/低 Re；3. 选厚度、Cf 或阻力公式；4. 若为厚度定义题，尝试写积分；5. 说明 v80 缺失的定义或图表。,"复杂非零压梯度动量积分、实验阻力图和扫描图数值仍需教材/图表；v80 已覆盖书10.3/10.5 常见剖面。 v80 已补 delta*, theta, H 的物理意义；复杂动量积分推导仍需手算。 v80 已补局部摩阻系数 cf、单位宽阻力 D'、CD=2theta/L、转捩位置 xcr、平板层/湍/混合阻力判定和湿表面积/迎风面积区分；复杂分离与实验阻力图仍需教材。 v80 保留给定速度剖面到 delta、theta、delta_E、tau_w、CD 的通用积分链，补强 delta、delta*、theta、delta_E 的物理意义，保留层/湍速度剖面标准句、Boussinesq 涡黏、吸气/吹气修正、自由射流动量通量入口、Theta 分离判据和 Karman--Pohlhausen 配边界步骤。",主题命中“边界层/外绕流阻力”，v80 基础过程覆盖约 87%。,8.7,10.0,87.0,中高,
Q0505,课本教材题-张扬军文本,D:\虚拟C盘\学习\流体力学\张扬军（车辆学院）\教材\流体力学教材_text.txt,流体力学教材_text.txt,10,"(10.1.9) ∂x 2 ∂y 2 方程(10.1.2)和方程(10.1.3) 流场局部速度发生变化的时间量级为 L/U，因此， 通常情况下， 左端各项的量级分别为 ∂u U 2 ∂u U 2 ∂u U 2 ∼ , u ∼ , v ∼ (10.1.10) ∂t L ∂y L ∂y L ∂v U2 ∂v U2 ∂v U2 ∼δ 2 , u ∼δ 2 , v ∼δ 2 (10.1.11) ∂t L ∂x L ∂y L 第 10 章 黏性不可压缩流体的外部流动 ·155· 由于压力项总是与惯性力项量级相当，可得 ∂p U2 ∼ρ (10.1.12) ∂x L 由前面已知，在边界层内部黏性力项与惯性力项的量级相当，可得 U2 U ρ ∼μ 2 (10.1.13) L δ δ μ 或写成 ∼ = Re−1/2 (10.1.14) L ρUL 由于边界层的厚度 δ 与流场的流向特征尺度 L 相比是一个高阶的小量，为了使得 δ L 条 件成立，根据式(10.1.14)，必须有 Re 1 ，即边界层理论仅在大雷诺数流动时才成立。 进一步，引入如下无量纲量： x y U u v p − p0 x= , y= Re , t = t , u = , v = Re , p= (10.1.15) L L L U U ρU 2 根据以上的量级分析，可知式(10.1.15)中各无量纲量的量级均在 O (1) 附近，将其代入方 程(10.1.2)和方程(10.1.3)中，可得 ∂u ∂v + =0 (10.1.16) ∂x ∂y ∂u ∂u ∂u ∂p 1 ∂ 2 u ∂ 2 u +u +v =− + + (10.1.17) ∂t ∂x ∂y ∂x Re ∂x 2 ∂y 2 1 ⎛ ∂v ∂v ∂v ⎞ ∂p 1 ⎛ 1 ∂2 v ∂ 2 v ⎞ ⎜ +u +v ⎟=− + ⎜ + ⎟ (10.1.18) Re ⎝ ∂t ∂x ∂y ⎠ ∂y Re ⎝ Re ∂x 2 ∂y 2 ⎠ 由于在边界层流动中雷诺数 Re 1 ，忽略方程(10.1.16)～方程(10.1.18)中 O (1 / Re ) 以上的高 阶小量，可得 ∂u ∂v + =0 (10.1.19) ∂x ∂y ∂u ∂u ∂u ∂p ∂ 2 u +u +v =− + 2 (10.1.20) ∂t ∂x ∂y ∂x ∂ y =0 (10.1.21) 方程(10.1.19)～方程(10.1.21)称为无量纲的平面边界层近似方程。从方程(10.1.21)可知，在 边界内部压强只沿流动方向发生变化，沿边界层的法向(厚度方向)压强保持不变。换句话说， 边界层内部的压强等于边界层外部边界上的压强。从前面可知，边界层外部流动可近似为无 黏流动，满足欧拉方程： ∂ue ∂u 1 ∂pe + ue e = − (10.1.22) ∂t ∂x ",粘性管路/沿程局部损失/泵水轮机,P5 > 管路损失；Q5 > 粘性流动题库速解；M21 > 题图决策卡；M22 > 误判；M26 > 管路/模型,P5,由 Q 求 V，算 Re，判层/湍；层流用 H-P 或 64/Re，光滑湍流可用 0.3164/Re^(1/4)，粗糙管查 Moody；局部损失用所在管段速度；汇总后代入机械能求目标量。,1. 由 Q 和管径求 V；2. 算 Re 判断层流/湍流；3. 取 lambda 或查 Moody/Colebrook；4. 汇总沿程/局部损失；5. 代入机械能方程求目标量。,局部损失系数、粗糙度和物性仍需题给或查教材；v80 明确了 Moody、光滑管和局部损失速度的收口。 v80 保留管路机械能、沿程/局部损失、泵/水轮机功率、Moody/Colebrook 入口，并补圆管层流抛物线速度分布、湍流丰满剖面和平均/最大速度易错。,主题命中“粘性管路/沿程局部损失/泵水轮机”，v80 基础过程覆盖约 85%。；题目要求推导或定义积分；v80 有 M24/M25/M26 骨架，但完整推导仍扣少量严谨性分。,7.7,10.0,77.0,中高,
Q0506,课本教材题-张扬军文本,D:\虚拟C盘\学习\流体力学\张扬军（车辆学院）\教材\流体力学教材_text.txt,流体力学教材_text.txt,2,2. 边界层厚度 在前面的分析中，流动虽然被分成了靠近固体壁面的边界层区域和边界层之外的无黏流 区域，但两者是逐渐过渡的，不存在真实分界面。因此，边界层的外缘边界实际上并不非常 清晰。为了实际应用的方便，通常采用如下方法来定义边界层的外缘：若取 ue 为外部无黏流 动区域的切向速度，则将边界层内切向速度 u = 0.99ue 的位置定义为边界层与外部无黏流动的 边界。将该位置与固体壁面间的距离 δ 定义为边界层厚度并称为名义厚度，如图 10-1 所示。 由于名义厚度在实验测量或理论计算中常常会有较大的计算误差，为了准确起见，在边 界层理论中使用更为广泛的是采用其他方法定义的边界层厚度，例如，位移厚度、动量损失 厚度和能量损失厚度。 1)位移厚度 位移厚度是通过分析边界层内流体的体积流量而 导出的一种尺度，其基本定义式为 δ⎛ u⎞,Bernoulli/机械能/动量控制体,P1 > 控制体动量模板；P1 > 伯努利/机械能；Q2 > 弯管受力/喷嘴反力；M21 > 题图决策卡；M26 > 高频计算/查表/控制体收口,P1,先选截面，写连续和 Bernoulli/机械能；再按控制体受力图列压力力、壁面力和动量通量；多出口用 M26 通式；求出壁面对流体的力后按题问管/螺栓取反。,1. 先按题干关键词选模型；2. 在 v80 对应页写首个控制方程/公式；3. 把题给几何、单位和边界条件代入；4. 做代数求解或列出需要查图查表的位置；5. 检查单位、方向、绝压/表压或适用条件。,复杂三维受力和图中方向仍要自己画清楚；v80 已补多出口通式和喷嘴/弯管收口流程。 v69 把截面号、面积、高程、表压/绝压、CV取反和局损速度集中到读图/收口八查。 v80 保留雷诺输运、压力力方向/表压、孔板/文丘里流量计公式链，并补控制体外力组成与自由射流动量通量提示；复杂控制体仍需画受力图。,主题命中“Bernoulli/机械能/动量控制体”，v80 基础过程覆盖约 84%。；题型偏概念简答；v80 已有短答库，但非对应专栏仍扣少量组织分。；仍依赖教材图表或读图；v80 有小查表/查表动作和收口模板，但不是完整数值表。,7.4,10.0,74.0,中高,
Q0507,课本教材题-张扬军文本,D:\虚拟C盘\学习\流体力学\张扬军（车辆学院）\教材\流体力学教材_text.txt,流体力学教材_text.txt,10,(10.1.27) δ1 = ∫ ⎜1 − ⎟ dy ⎝ 0 ue ⎠ 图 10-1 边界层名义厚度 如图 10-2 所示平板边界层流动，BC 代表固体壁面， GE 是根据名义厚度定义的边界层外缘。由于壁面黏性摩擦的影响，与无黏流动相比，单位 时间内通过边界层的流体的实际体积流量减少了 ∫ (ue − u )dy 。同理，若以无黏流动计算同样 0 的固体壁面边界的外流，这时所得到的体积流量与实际值相比增加了 ∫ (ue − u )dy 。为了使基 0 于无黏流动计算得到的流量与黏性流动的一致，需要把实际固体壁面位置向外推一个距离 δ1 ， 在图 10-2 中用线段 AB 代表，相应的数学表达式为 δ1ue = ∫ (ue − u )dy (10.1.28) 0 稍加改写，就可以得到 δ1 表达式，如式(10.1.27)所示。通 常情况下，在定常流中，边界层只要没有分离，流向速度 u 总是小于 ue 且两者方向基本保持一致。因此，由式,边界层/外绕流阻力,P6 > 平板边界层；P6 > 位移/动量厚度；M24 > 边界层积分题；Q5 > 边界层题库速解；M13 > 微题,P6,先算 Re_x/Re_L 判层流、湍流或转捩；直接题用 delta、Cf、阻力公式；速度剖面题用 M24 的 delta*、theta 和 Karman 模板；外绕流判断摩擦/压差阻力和分离。,1. 算 Re_x 或 Re_L；2. 判断层流/湍流/低 Re；3. 选厚度、Cf 或阻力公式；4. 若为厚度定义题，尝试写积分；5. 说明 v80 缺失的定义或图表。,"复杂非零压梯度动量积分、实验阻力图和扫描图数值仍需教材/图表；v80 已覆盖书10.3/10.5 常见剖面。 v80 已补 delta*, theta, H 的物理意义；复杂动量积分推导仍需手算。 v80 已补局部摩阻系数 cf、单位宽阻力 D'、CD=2theta/L、转捩位置 xcr、平板层/湍/混合阻力判定和湿表面积/迎风面积区分；复杂分离与实验阻力图仍需教材。 v80 保留给定速度剖面到 delta、theta、delta_E、tau_w、CD 的通用积分链，补强 delta、delta*、theta、delta_E 的物理意义，保留层/湍速度剖面标准句、Boussinesq 涡黏、吸气/吹气修正、自由射流动量通量入口、Theta 分离判据和 Karman--Pohlhausen 配边界步骤。",主题命中“边界层/外绕流阻力”，v80 基础过程覆盖约 87%。；题型偏概念简答；v80 已有短答库，但非对应专栏仍扣少量组织分。；仍依赖教材图表或读图；v80 有小查表/查表动作和收口模板，但不是完整数值表。,7.7,10.0,77.0,中高,
Q0508,课本教材题-张扬军文本,D:\虚拟C盘\学习\流体力学\张扬军（车辆学院）\教材\流体力学教材_text.txt,流体力学教材_text.txt,10,(10.1.28)可得如下结论：定常流的边界层位移厚度总小于 边界层的名义厚度，即 δ1 < δ 。 图 10-2 边界层位移厚度 2)动量损失厚度 边界层动量损失厚度基于边界层内流体动量的损失而引入。如图 10-2 所示，单位时间内 第 10 章 黏性不可压缩流体的外部流动 ·157· 通过 BG 截面的流体实际动量通量为 ∫ ρ u 2dy 。若考虑无黏流动情况，在相同流量情况下， 0 流体的流动通道缩小为 AG 。此时流过截面 AG 的动量通量为 ρ ue2 (δ − δ1 ) 。两者之差，即实际 黏性流动与无黏流动相比，由于流体黏性使得流入边界层的动量通量损失量为 ρ ue2 (δ − δ1 ) − ∫ ρ u 2dy (10.1.29) 0 由于 ρ ue (δ − δ1 ) = ∫ ρ udy ，所以式(10.1.29)可进一步写成 0 δ δ δ δ ρ ue2 (δ − δ1 ) − ∫ ρ u 2dy = ue ∫ ρ udy − ∫ ρ u 2dy = ∫ ρ u (ue − u )dy (10.1.30) 0 0 0 0 这部分损失的动量相当于无黏流体以速度 ue 流过θ 厚度的动量通量 ρ ue2θ ，由式(10.1.30)有 δ u ⎛ u⎞ θ =∫ ⎜1 − ⎟dy (10.1.31) 0 u u e⎝ e ⎠ 其中， θ 称为边界层的动量损失厚度。从上述分析可知，在边界层问题中，为了保证基于无 黏流动理论得到的动量通量与黏性流的实际动量通量一致，需要将实际固体壁面位置沿壁面 外法线方向外推的距离为位移厚度和动量损失厚度之和。 3)能量损失厚度 与动量损失厚度的定义类似，根据边界层存在而引起的无黏流动的能量损失，可定义边 界层的能量损失厚度。在图 10-2 中，流过 BG 截面的实际黏性流体的能量(动能)通量为 ∫ 0 ρuu / 2dy 。若考虑无黏流情况，在流量相同条件下，流体的通道缩小为 AG ，此时流过截 2 面 AG 的能量(动能)通量为 (δ − δ1 ) ρ ueue2 / 2 = ∫ ρ uue2 / 2dy ，这比实际黏性流动边界层内的能 0 量(动能)通量多出 1 δ 1 δ 1 δ 2 0 ρ uue2dy − ∫ ρ u 3dy = ∫ ρ u (ue2 − u 2 )dy 2 0 2 0,边界层/外绕流阻力,P6 > 平板边界层；P6 > 位移/动量厚度；M24 > 边界层积分题；Q5 > 边界层题库速解；M13 > 微题,P6,先算 Re_x/Re_L 判层流、湍流或转捩；直接题用 delta、Cf、阻力公式；速度剖面题用 M24 的 delta*、theta 和 Karman 模板；外绕流判断摩擦/压差阻力和分离。,1. 算 Re_x 或 Re_L；2. 判断层流/湍流/低 Re；3. 选厚度、Cf 或阻力公式；4. 若为厚度定义题，尝试写积分；5. 说明 v80 缺失的定义或图表。,"复杂非零压梯度动量积分、实验阻力图和扫描图数值仍需教材/图表；v80 已覆盖书10.3/10.5 常见剖面。 v80 已补 delta*, theta, H 的物理意义；复杂动量积分推导仍需手算。 v80 已补局部摩阻系数 cf、单位宽阻力 D'、CD=2theta/L、转捩位置 xcr、平板层/湍/混合阻力判定和湿表面积/迎风面积区分；复杂分离与实验阻力图仍需教材。 v80 保留给定速度剖面到 delta、theta、delta_E、tau_w、CD 的通用积分链，补强 delta、delta*、theta、delta_E 的物理意义，保留层/湍速度剖面标准句、Boussinesq 涡黏、吸气/吹气修正、自由射流动量通量入口、Theta 分离判据和 Karman--Pohlhausen 配边界步骤。",主题命中“边界层/外绕流阻力”，v80 基础过程覆盖约 87%。；题型偏概念简答；v80 已有短答库，但非对应专栏仍扣少量组织分。；题目要求推导或定义积分；v80 有 M24/M25/M26 骨架，但完整推导仍扣少量严谨性分。；仍依赖教材图表或读图；v80 有小查表/查表动作和收口模板，但不是完整数值表。,6.9,10.0,69.0,中高,
Q0509,课本教材题-张扬军文本,D:\虚拟C盘\学习\流体力学\张扬军（车辆学院）\教材\流体力学教材_text.txt,流体力学教材_text.txt,10,(10.1.32)，可以定义边界层的能量损失厚度 δ 2 为 δ u ⎛ u2 ⎞ δ2 = ∫ ⎜1 − 2 ⎟dy (10.1.33) 0 u ue ⎠ 从上述分析可知，在边界层内，为了保证基于无黏流动理论得到的能量通量与黏性流的实际 能量通量一致，需要将实际固体壁面位置沿壁面外法线方向外推的距离为位移厚度和能量损 失厚度之和。 从理论上说，黏性的影响可由壁面一直延伸至无穷远处。因此，在位移厚度、动量损失 厚度和能量损失厚度的表达式(式(10.1.27)、式(10.1.31)和式(10.1.33))中，积分上限可由 δ 换 成 ∞ 。由边界层名义厚度的定义可知，两者结果不存在明显差别。在实际的应用过程中，根 据具体问题的需要可灵活选择积分上限。 ·158· 流 体 力 学 1 例题 10-1 假设边界内流动速度分布为 u = ue ( y δ ) 7 ，求位移厚度和动量损失厚度。 1,边界层/外绕流阻力,P6 > 平板边界层；P6 > 位移/动量厚度；M24 > 边界层积分题；Q5 > 边界层题库速解；M13 > 微题,P6,先算 Re_x/Re_L 判层流、湍流或转捩；直接题用 delta、Cf、阻力公式；速度剖面题用 M24 的 delta*、theta 和 Karman 模板；外绕流判断摩擦/压差阻力和分离。,1. 算 Re_x 或 Re_L；2. 判断层流/湍流/低 Re；3. 选厚度、Cf 或阻力公式；4. 若为厚度定义题，尝试写积分；5. 说明 v80 缺失的定义或图表。,"复杂非零压梯度动量积分、实验阻力图和扫描图数值仍需教材/图表；v80 已覆盖书10.3/10.5 常见剖面。 v80 已补 delta*, theta, H 的物理意义；复杂动量积分推导仍需手算。 v80 已补局部摩阻系数 cf、单位宽阻力 D'、CD=2theta/L、转捩位置 xcr、平板层/湍/混合阻力判定和湿表面积/迎风面积区分；复杂分离与实验阻力图仍需教材。 v80 保留给定速度剖面到 delta、theta、delta_E、tau_w、CD 的通用积分链，补强 delta、delta*、theta、delta_E 的物理意义，保留层/湍速度剖面标准句、Boussinesq 涡黏、吸气/吹气修正、自由射流动量通量入口、Theta 分离判据和 Karman--Pohlhausen 配边界步骤。",主题命中“边界层/外绕流阻力”，v80 基础过程覆盖约 87%。；题型偏概念简答；v80 已有短答库，但非对应专栏仍扣少量组织分。；题目要求推导或定义积分；v80 有 M24/M25/M26 骨架，但完整推导仍扣少量严谨性分。；仍依赖教材图表或读图；v80 有小查表/查表动作和收口模板，但不是完整数值表。,6.9,10.0,69.0,中高,
Q0510,课本教材题-张扬军文本,D:\虚拟C盘\学习\流体力学\张扬军（车辆学院）\教材\流体力学教材_text.txt,流体力学教材_text.txt,10.2,10.2.1 边界层动量积分原理 虽然与 Navier-Stokes 方程相比，边界层方程(10.1.23)和方程(10.1.24)已经大为简化，但 是它依然是非线性方程，解析求解比较困难。工程实践往往对物体表面的黏性力、边界层厚 度和摩擦阻力更为关注，而对边界层内部流动的细节并不十分在意。这样便促使人们寻找各 种求解边界层流动的近似方法，希望通过相对简单的办法，得到满足工程精度要求的结果。 冯 · 卡门(Karman)在 1921 年，根据边界层的动量定理，首先提出了一种近似求解方法——卡 门动量积分方法。该方法的基本思想是：首先利用边界条件，给出边界层内速度剖面的含未 知参数的近似表达式，然后通过卡门动量积分关系求出问题的解。,边界层/外绕流阻力,P6 > 平板边界层；P6 > 位移/动量厚度；M24 > 边界层积分题；Q5 > 边界层题库速解；M13 > 微题,P6,先算 Re_x/Re_L 判层流、湍流或转捩；直接题用 delta、Cf、阻力公式；速度剖面题用 M24 的 delta*、theta 和 Karman 模板；外绕流判断摩擦/压差阻力和分离。,1. 算 Re_x 或 Re_L；2. 判断层流/湍流/低 Re；3. 选厚度、Cf 或阻力公式；4. 若为厚度定义题，尝试写积分；5. 说明 v80 缺失的定义或图表。,"复杂非零压梯度动量积分、实验阻力图和扫描图数值仍需教材/图表；v80 已覆盖书10.3/10.5 常见剖面。 v80 已补 delta*, theta, H 的物理意义；复杂动量积分推导仍需手算。 v80 已补局部摩阻系数 cf、单位宽阻力 D'、CD=2theta/L、转捩位置 xcr、平板层/湍/混合阻力判定和湿表面积/迎风面积区分；复杂分离与实验阻力图仍需教材。 v80 保留给定速度剖面到 delta、theta、delta_E、tau_w、CD 的通用积分链，补强 delta、delta*、theta、delta_E 的物理意义，保留层/湍速度剖面标准句、Boussinesq 涡黏、吸气/吹气修正、自由射流动量通量入口、Theta 分离判据和 Karman--Pohlhausen 配边界步骤。",主题命中“边界层/外绕流阻力”，v80 基础过程覆盖约 87%。；题目要求推导或定义积分；v80 有 M24/M25/M26 骨架，但完整推导仍扣少量严谨性分。；仍依赖教材图表或读图；v80 有小查表/查表动作和收口模板，但不是完整数值表。,7.5,10.0,75.0,中高,
Q0511,课本教材题-张扬军文本,D:\虚拟C盘\学习\流体力学\张扬军（车辆学院）\教材\流体力学教材_text.txt,流体力学教材_text.txt,1,1. 卡门动量积分关系 为简化问题，这里考虑定常、不可压缩平面边界层流动，相应的边界层方程为 ∂u ∂v + =0 (10.2.1) ∂ x ∂y ∂u ∂u ∂u ∂ 2u u +v = ue e + ν 2 (10.2.2) ∂x ∂y ∂x ∂y 以 ue 乘以方程(10.2.1)，以 u 乘以方程(10.2.1)并与方程(10.2.2)相加，然后两式相减，可得 ∂ ∂ du ∂2 u ⎡⎣u ( ue − u ) ⎤⎦ + ⎡⎣ v ( ue − u )⎤⎦ = − ( ue − u ) e − ν 2 (10.2.3) ∂x ∂y dx ∂y 将方程(10.2.3)沿边界层厚度方向进行积分，可得 δ ∂ δ du δ ∂u ∫ 0 ∂x ⎡⎣u (ue − u )⎤⎦ dy + ⎡⎣v (ue − u )⎤⎦ 0 = − dxe ∫ 0 (ue − u ) dy −ν ∂y (10.2.4) 0 根据边界层流动的边界条件(10.1.25)，式(10.2.4)可进一步化简为 第 10 章 黏性不可压缩流体的外部流动 ·159· δ ∂ du δ ∂u ∫ 0 ∂x ⎡⎣u (ue − u )⎤⎦ dy + dxe ∫ 0 (ue − u ) dy = ν ∂y (10.2.5) y =0 很明显，式(10.2.5)右端为壁面的黏性剪切应力，即 τ w = μ∂u / ∂y y =0 ，于是式(10.2.5)可写成 δ ∂ du δ τ ∫ 0 ∂x ⎡⎣u (ue − u )⎤⎦ dy + dxe ∫ 0 (ue − u ) dy = ρw (10.2.6) 根据边界层位移厚度表达式(10.1.28)和动量损失厚度表达式(10.1.31)，式(10.2.6)可进一 步表示为 du τ ( ) d 2 ue θ + δ1ue e = w dx ρ,边界层/外绕流阻力,P6 > 平板边界层；P6 > 位移/动量厚度；M24 > 边界层积分题；Q5 > 边界层题库速解；M13 > 微题,P6,先算 Re_x/Re_L 判层流、湍流或转捩；直接题用 delta、Cf、阻力公式；速度剖面题用 M24 的 delta*、theta 和 Karman 模板；外绕流判断摩擦/压差阻力和分离。,1. 算 Re_x 或 Re_L；2. 判断层流/湍流/低 Re；3. 选厚度、Cf 或阻力公式；4. 若为厚度定义题，尝试写积分；5. 说明 v80 缺失的定义或图表。,"复杂非零压梯度动量积分、实验阻力图和扫描图数值仍需教材/图表；v80 已覆盖书10.3/10.5 常见剖面。 v80 已补 delta*, theta, H 的物理意义；复杂动量积分推导仍需手算。 v80 已补局部摩阻系数 cf、单位宽阻力 D'、CD=2theta/L、转捩位置 xcr、平板层/湍/混合阻力判定和湿表面积/迎风面积区分；复杂分离与实验阻力图仍需教材。 v80 保留给定速度剖面到 delta、theta、delta_E、tau_w、CD 的通用积分链，补强 delta、delta*、theta、delta_E 的物理意义，保留层/湍速度剖面标准句、Boussinesq 涡黏、吸气/吹气修正、自由射流动量通量入口、Theta 分离判据和 Karman--Pohlhausen 配边界步骤。",主题命中“边界层/外绕流阻力”，v80 基础过程覆盖约 87%。；题目要求推导或定义积分；v80 有 M24/M25/M26 骨架，但完整推导仍扣少量严谨性分。；仍依赖教材图表或读图；v80 有小查表/查表动作和收口模板，但不是完整数值表。,7.5,10.0,75.0,中高,
Q0512,课本教材题-张扬军文本,D:\虚拟C盘\学习\流体力学\张扬军（车辆学院）\教材\流体力学教材_text.txt,流体力学教材_text.txt,10,"(10.2.7) dθ θ ⎛ δ ⎞ du τ 或者整理如下形式： + ⎜ 2 + 1 ⎟ e = w2 (10.2.8) d x ue ⎝ θ ⎠ dx ρ u e 引进形状因子 H 和壁面摩擦系数 C f ： δ1 2τ H= , C f = w2 (10.2.9) θ ρ ue dθ θ du Cf 方程(10.2.8)可表示为 + (2 + H ) e = (10.2.10) dx ue dx 2 方程(10.2.10)称为卡门动量积分关系式，其中未知参数有 θ 、 H 以及 C f 。通常情况下，若 速度分布已知，根据动量损失厚度表达式(10.1.31)、形状因子 H 和壁面摩擦系数 C f 定义 式(10.2.9)，就可以对方程(10.2.10)进行求解。换句话说，如果能够给出一个满足边界条件的 边界层内近似速度分布 u / ue = f ( y / δ ) ，那么通过卡门动量积分关系式(10.2.10)就可得到未 知参数 δ 满足的常微分方程，求解该方程即可得问题的近似解。 很明显，根据上述方法所得近似解的精度，在很大程度上依赖于所假定的速度分布 u / ue = f ( y / δ ) 与实际速度分布之间的差异。常采用如下多项式近似速度分布： f (η ) = ∑ anη n ，其中 η = (10.2.11) n =0 δ 上述速度展开式中的系数 an 可以通过边界条件进行确定。在固体壁面上，流体满足黏附边界 条件，将其代入边界层方程可得 ∂ 2u u ∂u y = 0 时， u = 0 ， =− e e (10.2.12) ∂y 2 ν ∂x 在边界层外缘处，速度分布需要满足光滑过渡条件，即 ∂u ∂ 2 u ∂n u y = δ 时， u = ue ， = = = = =0 (10.2.13) ∂y ∂ y 2 ∂y n 通常情况下，多项式(10.2.11)中所取的项数越多，速度分布的近似程度就越好，所得到 的结果就越接近精确解。 ·160· 流 体 力 学",边界层/外绕流阻力,P6 > 平板边界层；P6 > 位移/动量厚度；M24 > 边界层积分题；Q5 > 边界层题库速解；M13 > 微题,P6,先算 Re_x/Re_L 判层流、湍流或转捩；直接题用 delta、Cf、阻力公式；速度剖面题用 M24 的 delta*、theta 和 Karman 模板；外绕流判断摩擦/压差阻力和分离。,1. 算 Re_x 或 Re_L；2. 判断层流/湍流/低 Re；3. 选厚度、Cf 或阻力公式；4. 若为厚度定义题，尝试写积分；5. 说明 v80 缺失的定义或图表。,"复杂非零压梯度动量积分、实验阻力图和扫描图数值仍需教材/图表；v80 已覆盖书10.3/10.5 常见剖面。 v80 已补 delta*, theta, H 的物理意义；复杂动量积分推导仍需手算。 v80 已补局部摩阻系数 cf、单位宽阻力 D'、CD=2theta/L、转捩位置 xcr、平板层/湍/混合阻力判定和湿表面积/迎风面积区分；复杂分离与实验阻力图仍需教材。 v80 保留给定速度剖面到 delta、theta、delta_E、tau_w、CD 的通用积分链，补强 delta、delta*、theta、delta_E 的物理意义，保留层/湍速度剖面标准句、Boussinesq 涡黏、吸气/吹气修正、自由射流动量通量入口、Theta 分离判据和 Karman--Pohlhausen 配边界步骤。",主题命中“边界层/外绕流阻力”，v80 基础过程覆盖约 87%。；题型偏概念简答；v80 已有短答库，但非对应专栏仍扣少量组织分。；题目要求推导或定义积分；v80 有 M24/M25/M26 骨架，但完整推导仍扣少量严谨性分。；仍依赖教材图表或读图；v80 有小查表/查表动作和收口模板，但不是完整数值表。,6.9,10.0,69.0,中高,
Q0513,课本教材题-张扬军文本,D:\虚拟C盘\学习\流体力学\张扬军（车辆学院）\教材\流体力学教材_text.txt,流体力学教材_text.txt,2,"2. 零压力梯度平板边界层近似解 如图 10-3 所示，在零压力梯度平板边界 层问题中，外流速度 ue 是常数，卡门动量积 分关系式(10.2.10)可简化成如下形式： dθ C f = (10.2.14) 图 10-3 零压力梯度平板边界层流动 dx 2 根据动量损失厚度表达式(10.1.31)可得 1 θ = δ ∫ f (1 − f )dη (10.2.15) 0 2 μ f ′ ( 0 ) 2ν 相应的壁面摩擦系数为 Cf = = f ′ ( 0) (10.2.16) ρ ue δ δ ue 根据式(10.2.11)，可选取速度分布函数 f 的表达形式如下： u y f (η ) = = a0 + a1η + a2η 2 + a3η 3 ，其中 η = (10.2.17) ue δ 其中包含 a0、a1、a2、a3 四个未知常数。根据壁面边界条件式(10.2.12)，可得 a0 = 0 , a2 = 0 (10.2.18) 又根据边界层外缘速度分布光滑过渡条件式(10.2.13)，可得 a1 + 3a3 = 0 , a1 + a3 = 1 (10.2.19) 最终得到速度分布为 u 3 1 f (η ) = = η − η3 (10.2.20) ue 2 2 将式(10.2.20)所示速度分布代入式(10.2.15)和式(10.2.16)中，可分别得到动量损失厚度 和壁面摩擦系数，将其代入卡门动量积分关系式(10.2.14)中，经过化简可得 39 dδ 3 ν δ = (10.2.21) 280 dx 2 ue 积分式(10.2.21)有 δ = 4.64095 +D (10.2.22) 其中， D 为积分常数。当 x = 0 时，在平板前缘点，可知边界层厚度为 δ = 0 。因此，可确定 式(10.2.22)中积分常数为 D = 0 。最终可得边界层厚度为 δ = 4.64 (10.2.23) 相应的壁面剪切应力为 ν ρ ue2 τ w = 0.323ρ ue2 = 0.323 (10.2.24) xue Rex 显然，式(10.2.24)给出的结果与 Blasius 精确解形式上基本一致，仅系数有少许差异。 第 10 章 黏性不可压缩流体的外部流动 ·161· 长度为 L 、单位宽度平板上的总摩擦阻力为 1 L − D = ∫ τ w dx = 0.646 ρ ue2 LReL 2 (10.2.25) 0 相应的总摩擦系数为 1 D − CD =",边界层/外绕流阻力,P6 > 平板边界层；P6 > 位移/动量厚度；M24 > 边界层积分题；Q5 > 边界层题库速解；M13 > 微题,P6,先算 Re_x/Re_L 判层流、湍流或转捩；直接题用 delta、Cf、阻力公式；速度剖面题用 M24 的 delta*、theta 和 Karman 模板；外绕流判断摩擦/压差阻力和分离。,1. 算 Re_x 或 Re_L；2. 判断层流/湍流/低 Re；3. 选厚度、Cf 或阻力公式；4. 若为厚度定义题，尝试写积分；5. 说明 v80 缺失的定义或图表。,"复杂非零压梯度动量积分、实验阻力图和扫描图数值仍需教材/图表；v80 已覆盖书10.3/10.5 常见剖面。 v80 已补 delta*, theta, H 的物理意义；复杂动量积分推导仍需手算。 v80 已补局部摩阻系数 cf、单位宽阻力 D'、CD=2theta/L、转捩位置 xcr、平板层/湍/混合阻力判定和湿表面积/迎风面积区分；复杂分离与实验阻力图仍需教材。 v80 保留给定速度剖面到 delta、theta、delta_E、tau_w、CD 的通用积分链，补强 delta、delta*、theta、delta_E 的物理意义，保留层/湍速度剖面标准句、Boussinesq 涡黏、吸气/吹气修正、自由射流动量通量入口、Theta 分离判据和 Karman--Pohlhausen 配边界步骤。",主题命中“边界层/外绕流阻力”，v80 基础过程覆盖约 87%。；题型偏概念简答；v80 已有短答库，但非对应专栏仍扣少量组织分。；题目要求推导或定义积分；v80 有 M24/M25/M26 骨架，但完整推导仍扣少量严谨性分。；仍依赖教材图表或读图；v80 有小查表/查表动作和收口模板，但不是完整数值表。,6.9,10.0,69.0,中高,
Q0514,课本教材题-张扬军文本,D:\虚拟C盘\学习\流体力学\张扬军（车辆学院）\教材\流体力学教材_text.txt,流体力学教材_text.txt,10,(10.2.26) = 1.293ReL 2 1 2 ρ ue A 2 如果采用其他近似速度分布，通过上述方法可求出不同的边界层名义厚度、位移厚度、 动量损失厚度以及壁面剪切应力，如表 10-1 所示。 表 10-1 各种近似速度分布所得结果比较 u δ Rex δ1 Rex θ Rex τ w Rex ue x x x ρ ue2 2 ⎛ y⎞ ⎛ y⎞ 2⎜ ⎟ − ⎜ ⎟ 5.48 1.826 0.730 0.365 ⎝δ ⎠ ⎝δ ⎠ 3 3⎛ y⎞ 1⎛ y⎞ ⎜ ⎟− ⎜ ⎟ 4.64 1.740 0.646 0.323 2⎝δ ⎠ 2⎝δ ⎠ 2 4 ⎛ y⎞ ⎛ y⎞ ⎛ y⎞ 2⎜ ⎟ − 2⎜ ⎟ + ⎜ ⎟ 5.84 1.751 0.685 0.328 ⎝δ ⎠ ⎝δ ⎠ ⎝δ ⎠ 例题 10-2 三角形平板置于水流中，假设水流方向与三角形的对称轴方向一致，水流速 度为 V∞ ，密度为 ρ ，水的动力黏度为 μ ，三角形平板几何尺寸如图 10-4 所示。设边界层内 流态为层流，试求平板所承受阻力。,边界层/外绕流阻力,P6 > 平板边界层；P6 > 位移/动量厚度；M24 > 边界层积分题；Q5 > 边界层题库速解；M13 > 微题,P6,先算 Re_x/Re_L 判层流、湍流或转捩；直接题用 delta、Cf、阻力公式；速度剖面题用 M24 的 delta*、theta 和 Karman 模板；外绕流判断摩擦/压差阻力和分离。,1. 算 Re_x 或 Re_L；2. 判断层流/湍流/低 Re；3. 选厚度、Cf 或阻力公式；4. 若为厚度定义题，尝试写积分；5. 说明 v80 缺失的定义或图表。,"复杂非零压梯度动量积分、实验阻力图和扫描图数值仍需教材/图表；v80 已覆盖书10.3/10.5 常见剖面。 v80 已补 delta*, theta, H 的物理意义；复杂动量积分推导仍需手算。 v80 已补局部摩阻系数 cf、单位宽阻力 D'、CD=2theta/L、转捩位置 xcr、平板层/湍/混合阻力判定和湿表面积/迎风面积区分；复杂分离与实验阻力图仍需教材。 v80 保留给定速度剖面到 delta、theta、delta_E、tau_w、CD 的通用积分链，补强 delta、delta*、theta、delta_E 的物理意义，保留层/湍速度剖面标准句、Boussinesq 涡黏、吸气/吹气修正、自由射流动量通量入口、Theta 分离判据和 Karman--Pohlhausen 配边界步骤。",主题命中“边界层/外绕流阻力”，v80 基础过程覆盖约 87%。；题目要求推导或定义积分；v80 有 M24/M25/M26 骨架，但完整推导仍扣少量严谨性分。；仍依赖教材图表或读图；v80 有小查表/查表动作和收口模板，但不是完整数值表。,7.5,10.0,75.0,中高,
Q0515,课本教材题-张扬军文本,D:\虚拟C盘\学习\流体力学\张扬军（车辆学院）\教材\流体力学教材_text.txt,流体力学教材_text.txt,10.2,"10.2.2 平板边界层的 Blasius 近似解* 尽管与 Navier-Stokes 方程相比，10.2.1 节得到的边界层近似方程已经做了很大的简化， 但一般情况下仍然很难求出解析解。在大多数情况下，只能求得其近似解或者数值解。均匀 定常来流沿半无限长平板的流动问题就是一个典型的例子。Blasius 在 1908 年得到了该问题的 精确解，并发现了阻力与来流速度的 3/2 次幂成正比的规律。接下来，将对其求解过程进行 介绍。 假定平板为半无限长，平板外无黏流动以定常均匀的速度 ue = U ∞ 流过平板。为求解方便， 取笛卡儿直角坐标系的原点位于平板前缘， x 轴沿平板切线且正方向与来流方向一致， y 轴 垂直于平板并指向流体域内。边界层方程(10.1.23)和方程(10.1.24)可简化为 ∂u ∂v + =0 (10.2.27) ∂ x ∂y ∂u ∂u ∂2 u u +v =ν 2 (10.2.28) ∂x ∂y ∂y 相应的边界条件为 y = 0 ， u = v = 0 ； y → ∞ ， u = ue = U ∞ (10.2.29) 可注意到在无量纲的平面边界层近似方程(10.1.19)～方程(10.1.21)中，并不包含雷诺数 Re 。因此，其解与流动雷诺数无关。换言之，当流动的雷诺数发生改变时，边界层内的流动 将具有一定的相似性，即流向距离和速度分量保持不变，法向距离和速度分量按 1 / Re 倍数 进行改变。这一事实也可从无量纲量(式(10.1.15))中看出。基于上述分析，引入如下变换式： y u U∞ x η= Rex , = f ′ (η ) , Rex = (10.2.30) x U∞ ν 其中， f ′ = df / dη ，积分式(10.2.30)中第二式，可得流函数表达式： ψ = ν xU ∞ f (η ) (10.2.31) 与之相应，垂直于平板的法向速度分量为 ∂ψ U∞ v=− = ⎡η f ′ (η ) − f (η ) ⎤⎦ (10.2.32) ∂x 2 Rex ⎣ 将式(10.2.30)和式(10.2.32)代入边界层近似方程(10.2.28)以及边界条件(10.2.29)中，可得 2 f ′′′ + f ′′ f = 0 (10.2.33) 相应的边界条件可转化为 η = 0 ， f (η ) = f ′ (η ) = 0 ； η → ∞ ， f ′ (η ) = 1 (10.2.34) 这是一个关于函数 f (η ) 的三阶非线性常微分方程，它由 Blasius 首先推导得出，通常称 为 Blasius 方程。从以上分析过程可以看出，均匀定常来流的半无限长平板边界层问题最后归 结为求解 Blasius 方程的边值问题。Blasius 利用级数展开的方式得到了方程的数值解，通常称 第 10 章 黏性不可压缩",边界层/外绕流阻力,P6 > 平板边界层；P6 > 位移/动量厚度；M24 > 边界层积分题；Q5 > 边界层题库速解；M13 > 微题,P6,先算 Re_x/Re_L 判层流、湍流或转捩；直接题用 delta、Cf、阻力公式；速度剖面题用 M24 的 delta*、theta 和 Karman 模板；外绕流判断摩擦/压差阻力和分离。,1. 算 Re_x 或 Re_L；2. 判断层流/湍流/低 Re；3. 选厚度、Cf 或阻力公式；4. 若为厚度定义题，尝试写积分；5. 说明 v80 缺失的定义或图表。,"复杂非零压梯度动量积分、实验阻力图和扫描图数值仍需教材/图表；v80 已覆盖书10.3/10.5 常见剖面。 v80 已补 delta*, theta, H 的物理意义；复杂动量积分推导仍需手算。 v80 已补局部摩阻系数 cf、单位宽阻力 D'、CD=2theta/L、转捩位置 xcr、平板层/湍/混合阻力判定和湿表面积/迎风面积区分；复杂分离与实验阻力图仍需教材。 v80 保留给定速度剖面到 delta、theta、delta_E、tau_w、CD 的通用积分链，补强 delta、delta*、theta、delta_E 的物理意义，保留层/湍速度剖面标准句、Boussinesq 涡黏、吸气/吹气修正、自由射流动量通量入口、Theta 分离判据和 Karman--Pohlhausen 配边界步骤。",主题命中“边界层/外绕流阻力”，v80 基础过程覆盖约 87%。；题目要求推导或定义积分；v80 有 M24/M25/M26 骨架，但完整推导仍扣少量严谨性分。；仍依赖教材图表或读图；v80 有小查表/查表动作和收口模板，但不是完整数值表。,7.5,10.0,75.0,中高,
Q0516,课本教材题-张扬军文本,D:\虚拟C盘\学习\流体力学\张扬军（车辆学院）\教材\流体力学教材_text.txt,流体力学教材_text.txt,10.3,"10.3.1 湍流边界层流动特点和边界层厚度 取平均流动方向沿 x 轴方向， y 轴沿平板法线方向。第 9 章已经介绍了圆管近壁湍流流 动的特点。与之不同的是，湍流边界层沿流向( x 轴方向)是持续发展的，因此湍流统计平均 量不仅依赖于 y 坐标，还与 x 坐标有关。与层流边界层类似，在湍流边界层中，湍流统计平 第 10 章 黏性不可压缩流体的外部流动 ·165· 均量主要沿 y 轴方向发生变化，通过采用统计平均速度定义湍流边界层的各种厚度。具体 如下。 (1)名义厚度 δ ( x ) ：当 y = δ ( x ) 时，u = 0.99ue 。 δ⎛ u ⎞ (2)位移厚度 δ1 ( x ) ： δ1 = ∫ ⎜1 − ⎟dy (10.3.1) 0 ⎝ ue ⎠ δ u ⎛ u ⎞ (3)动量损失厚度 θ ( x ) ： θ =∫ ⎜ 1− ⎟dy (10.3.2) 0 u ue ⎠ e ⎝ 其中， ue 为平板湍流边界层的来流速度，通常可将其取为特征速度。在湍流边界层流动中， 特征长度的选择可有多种取法，与之相应的雷诺数有 ue x ueδ ueδ1 ueθ Rex = , Reδ = , Reδ1 = , Reθ = (10.3.3) ν ν ν ν 其中， x 为离平板前缘的距离。",粘性管路/沿程局部损失/泵水轮机,P5 > 管路损失；Q5 > 粘性流动题库速解；M21 > 题图决策卡；M22 > 误判；M26 > 管路/模型,P5,由 Q 求 V，算 Re，判层/湍；层流用 H-P 或 64/Re，光滑湍流可用 0.3164/Re^(1/4)，粗糙管查 Moody；局部损失用所在管段速度；汇总后代入机械能求目标量。,1. 由 Q 和管径求 V；2. 算 Re 判断层流/湍流；3. 取 lambda 或查 Moody/Colebrook；4. 汇总沿程/局部损失；5. 代入机械能方程求目标量。,局部损失系数、粗糙度和物性仍需题给或查教材；v80 明确了 Moody、光滑管和局部损失速度的收口。 v80 保留管路机械能、沿程/局部损失、泵/水轮机功率、Moody/Colebrook 入口，并补圆管层流抛物线速度分布、湍流丰满剖面和平均/最大速度易错。,主题命中“粘性管路/沿程局部损失/泵水轮机”，v80 基础过程覆盖约 85%。；题型偏概念简答；v80 已有短答库，但非对应专栏仍扣少量组织分。；题目要求推导或定义积分；v80 有 M24/M25/M26 骨架，但完整推导仍扣少量严谨性分。,7.1,10.0,71.0,中高,
Q0517,课本教材题-张扬军文本,D:\虚拟C盘\学习\流体力学\张扬军（车辆学院）\教材\流体力学教材_text.txt,流体力学教材_text.txt,10.3,10.3.2 平板湍流边界层平均运动基本方程 经实验证实，在湍流状态下边界层的基本假设依然成立。下面将从雷诺平均运动基本方 程出发，引入 Boussinesq 涡黏模式，导出平板湍流边界层的运动方程。为简化问题，这里仅 考虑定常情况，由雷诺方程(式(9.5.3)、式(9.5.5)、式(9.5.6))可得 ∂ u ∂ v + =0 (10.3.4) ∂x ∂y ∂2 u ⎞ ∂ u ′ 2 ∂ u ∂ u 1∂ p ⎛ ∂2 u ∂ u ′v′ u + v =− +ν ⎜ + ⎟− − (10.3.5) ∂x ∂y ρ ∂x ⎜ ∂x 2 ∂y 2 ⎟⎠ ∂x ∂y ⎛ ∂2 v ∂2 v ⎞ ∂ u ′v′ ∂ v′ 2 ∂ v ∂ v 1∂ p u + v =− +ν ⎜ + ⎟− − (10.3.6) ∂x ∂y ρ ∂y ⎜ ∂x 2 ∂ y 2 ⎟ ∂ x ∂y ⎝ ⎠ 根据边界层流动的特点以及流动近似，忽略方程(10.3.5)和方程(10.3.6)中由流体黏性以 及雷诺应力引起的流向输运项，可得 ∂ u ∂ u 1∂ p ∂ u ∂ u ′v′ 2 u + v =− +ν − (10.3.7) ∂x ∂y ρ ∂x ∂y 2 ∂y 1 ∂ p ∂ v′ 2 + =0 (10.3.8) ρ ∂y ∂y 将方程(10.3.8)沿 y 轴方向进行积分，由于 y → ∞ 时， v′2 = 0 ， p = pe 可得 p + ρ v′2 = pe ( x ) (10.3.9) 与此同时，在平板壁面上 v′2 = 0 ，有 pw ( x ) = pe ( x ) 。由式(10.3.9)可得 ∂ p ∂ v′ 2 dpe +ρ = (10.3.10) ∂x ∂x dx 将式(10.3.10)代入方程(10.3.7)中可得 ·166· 流 体 力 学 1 ∂pe ∂ v′ 2 ∂ u ∂ u ∂2 u ∂ u′v′ u + v =− + +ν − (10.3.11) ∂x ∂y ρ ∂x ∂x ∂y 2 进一步忽略雷诺应力沿流动方向的变化，方程(10.3.11)可进一步化简为 ∂ u ∂ u 1 dpe ∂2 u ∂ u′v′ u + v =− +ν − (10.3.12) ∂x ∂y ρ dx ∂y 2 ∂y 与层流边界流动类似，边界层外部的无黏流动满足欧拉方程： due 1 dpe ue =− (10.3.13) dx ρ dx 代入方程(10.3.12)中，即可得湍流边界层的平均运动方程为 ∂ u ∂ u du ∂2 u ∂ u′v′ u + v = ue e + ν − (10.3.14) ∂x ∂y dx ∂y 2 ∂y 至此，方程(10.3.4)和方程(10.3.14)可称为平板湍流边界层的基本方程。与平板层流边界 层基本方程相比，其增加了雷诺应力沿平,粘性管路/沿程局部损失/泵水轮机,P5 > 管路损失；Q5 > 粘性流动题库速解；M21 > 题图决策卡；M22 > 误判；M26 > 管路/模型,P5,由 Q 求 V，算 Re，判层/湍；层流用 H-P 或 64/Re，光滑湍流可用 0.3164/Re^(1/4)，粗糙管查 Moody；局部损失用所在管段速度；汇总后代入机械能求目标量。,1. 由 Q 和管径求 V；2. 算 Re 判断层流/湍流；3. 取 lambda 或查 Moody/Colebrook；4. 汇总沿程/局部损失；5. 代入机械能方程求目标量。,局部损失系数、粗糙度和物性仍需题给或查教材；v80 明确了 Moody、光滑管和局部损失速度的收口。 v80 保留管路机械能、沿程/局部损失、泵/水轮机功率、Moody/Colebrook 入口，并补圆管层流抛物线速度分布、湍流丰满剖面和平均/最大速度易错。,主题命中“粘性管路/沿程局部损失/泵水轮机”，v80 基础过程覆盖约 85%。；题型偏概念简答；v80 已有短答库，但非对应专栏仍扣少量组织分。,7.9,10.0,79.0,中高,
Q0518,课本教材题-张扬军文本,D:\虚拟C盘\学习\流体力学\张扬军（车辆学院）\教材\流体力学教材_text.txt,流体力学教材_text.txt,10,"(10.3.14)中，可得 ∂ u ∂ u du ∂ ⎡ ∂ u ⎤ u + v = ue e + ⎢(ν + ν T ) ⎥ (10.3.16) ∂x ∂y dx ∂y ⎣ ∂y ⎦ 至此，平板湍流边界层基本方程封闭，通常需采用数值的方法对其进行求解。然而，与 层流边界层类似，从雷诺平均的湍流边界层方程出发，也可推导出湍流边界层平均运动满足 的卡门动量积分关系式： dθ θ du τ u2 + ( 2 + H ) e = w2 = τ2 (10.3.17) dx ue dx ρ ue ue 其中，θ 为湍流边界层平均流动的动量损失厚度； H = δ1 / θ 为湍流边界层的形状因子；τ w 为 壁面的剪切应力。 由第 9 章圆管湍流流动可知，在湍流的近壁区域，除十分贴近壁面的线性底层之外，壁 面附近湍流平均运动的速度均满足对数型分布。大量研究表明，近壁湍流的上述速度分布规 律对圆管湍流和湍流边界层均成立，具有一定的普适性。因此，可令固体壁面附近湍流平均 运动速度分布满足 u + = A ln y + + B (10.3.18) + u ρ uτ y uτ y 其中， u = , y+ = = uτ μ ν 在平板湍流边界层流动中，式(10.3.18)中常数可取 A = 0.4 和 B = 5.0 。将式(10.3.18)给出 的速度分布代入动量损失厚度表达式(10.3.2)中可得 第 10 章 黏性不可压缩流体的外部流动 ·167· u ⎛ u ⎞ ⎛ u 2 2 ⎛ uτ ⎞ ⎟ θ =∫ ⎜ 1 − ⎟d y = δ ⎜ A τ − 2 A ⎜ ⎟ (10.3.19) 0 u e ⎝ ue ⎠ ⎜ ue ⎝ ue ⎠ ⎟⎠ 由式(10.3.18)，可知当 y = δ 时有 ue uδ = A ln τ + B (10.3.20) uτ ν 这里考虑一种简单的情况，令 ue = const ，那么方程(10.3.17)可化简为 dθ uτ2 = (10.3.21) dx ue2 联立方程(10.3.19)～方程(10.3.21)可求解 δ 、θ 和 uτ 。需要注意方程(10.3.20)是隐式方程， 只能通过数值的方法进行求解。在工程实际运用中，通过大量实验和数值分析，人们将方程",边界层/外绕流阻力,P6 > 平板边界层；P6 > 位移/动量厚度；M24 > 边界层积分题；Q5 > 边界层题库速解；M13 > 微题,P6,先算 Re_x/Re_L 判层流、湍流或转捩；直接题用 delta、Cf、阻力公式；速度剖面题用 M24 的 delta*、theta 和 Karman 模板；外绕流判断摩擦/压差阻力和分离。,1. 算 Re_x 或 Re_L；2. 判断层流/湍流/低 Re；3. 选厚度、Cf 或阻力公式；4. 若为厚度定义题，尝试写积分；5. 说明 v80 缺失的定义或图表。,"复杂非零压梯度动量积分、实验阻力图和扫描图数值仍需教材/图表；v80 已覆盖书10.3/10.5 常见剖面。 v80 已补 delta*, theta, H 的物理意义；复杂动量积分推导仍需手算。 v80 已补局部摩阻系数 cf、单位宽阻力 D'、CD=2theta/L、转捩位置 xcr、平板层/湍/混合阻力判定和湿表面积/迎风面积区分；复杂分离与实验阻力图仍需教材。 v80 保留给定速度剖面到 delta、theta、delta_E、tau_w、CD 的通用积分链，补强 delta、delta*、theta、delta_E 的物理意义，保留层/湍速度剖面标准句、Boussinesq 涡黏、吸气/吹气修正、自由射流动量通量入口、Theta 分离判据和 Karman--Pohlhausen 配边界步骤。",主题命中“边界层/外绕流阻力”，v80 基础过程覆盖约 87%。；题目要求推导或定义积分；v80 有 M24/M25/M26 骨架，但完整推导仍扣少量严谨性分。；仍依赖教材图表或读图；v80 有小查表/查表动作和收口模板，但不是完整数值表。,7.5,10.0,75.0,中高,
Q0519,课本教材题-张扬军文本,D:\虚拟C盘\学习\流体力学\张扬军（车辆学院）\教材\流体力学教材_text.txt,流体力学教材_text.txt,10,(10.3.20)写成显式的近似表达式，从而简化问题的求解过程。 求解零压力梯度平板湍流边界层问题的过程与平板层流边界层近似求解类似，可首先假 设边界层内的时均速度分布，然后通过卡门动量积分关系式求解湍流边界层问题。普朗特建 议，当 Rex < 107 时，边界层内的时均速度分布可采用 1 7 次方规律，即 1 u ⎛ y ⎞7 =⎜ ⎟ (10.3.22) ue ⎝ δ ⎠ 在湍流边界层的大部分范围内，该关系式描述的速度分布令人满意。但是，因为 ∂ u ∂y y =0 → ∞ ， 故式(10.3.22)不能直接用于边界层的内边界。事实上，紧挨着壁面存在很薄的黏性底层，通 常认为黏性底层内的速度分布为线性分布。黏性底层的厚度及线性速度分布的斜率仍属未知， 无法利用 τ w = μ ∂u / ∂y y =0 来确定壁面剪切应力。通常可采用施利希廷(Schlichting)根据实验提 出的如下半经验公式： 1 ⎛ ν ⎞4 τ w = 0.0225ρ ue2 ⎜ ⎟ (10.3.23) ⎝ ueδ ⎠ 代入卡门动量积分关系式(10.2.8)可得 1 ⎡ 1⎤ 1 d δ ⎛ y ⎞7 ⎢ ⎛ y ⎞7 ⎥ ⎛ ν ⎞4 dx ∫ 0 ⎝ δ ⎠ ⎢ ⎝ δ ⎠ ⎥ ⎜ ⎟ 1 − ⎜ ⎟ dy = 0.0225 ⎜ ⎟ (10.3.24) ⎢⎣ ⎥⎦ ⎝ ueδ ⎠ 1 4 ⎛ ν ⎞5 化简并积分后可得 δ = 0.37 ⎜ ⎟ x 5 + C (10.3.25) ⎝ ue ⎠ 由于湍流边界层是层流边界层转捩后形成的，转捩发生位置和边界层初始厚度均是未 知量，因此确定积分常数很困难。假如层流边界层所占部分很小，可认为平板前缘边界层 厚度为 0，此时可得 C = 0 ，则 1 δ = 0.37 ( Rex ) 5 x,边界层/外绕流阻力,P6 > 平板边界层；P6 > 位移/动量厚度；M24 > 边界层积分题；Q5 > 边界层题库速解；M13 > 微题,P6,先算 Re_x/Re_L 判层流、湍流或转捩；直接题用 delta、Cf、阻力公式；速度剖面题用 M24 的 delta*、theta 和 Karman 模板；外绕流判断摩擦/压差阻力和分离。,1. 算 Re_x 或 Re_L；2. 判断层流/湍流/低 Re；3. 选厚度、Cf 或阻力公式；4. 若为厚度定义题，尝试写积分；5. 说明 v80 缺失的定义或图表。,"复杂非零压梯度动量积分、实验阻力图和扫描图数值仍需教材/图表；v80 已覆盖书10.3/10.5 常见剖面。 v80 已补 delta*, theta, H 的物理意义；复杂动量积分推导仍需手算。 v80 已补局部摩阻系数 cf、单位宽阻力 D'、CD=2theta/L、转捩位置 xcr、平板层/湍/混合阻力判定和湿表面积/迎风面积区分；复杂分离与实验阻力图仍需教材。 v80 保留给定速度剖面到 delta、theta、delta_E、tau_w、CD 的通用积分链，补强 delta、delta*、theta、delta_E 的物理意义，保留层/湍速度剖面标准句、Boussinesq 涡黏、吸气/吹气修正、自由射流动量通量入口、Theta 分离判据和 Karman--Pohlhausen 配边界步骤。",主题命中“边界层/外绕流阻力”，v80 基础过程覆盖约 87%。；题目要求推导或定义积分；v80 有 M24/M25/M26 骨架，但完整推导仍扣少量严谨性分。；仍依赖教材图表或读图；v80 有小查表/查表动作和收口模板，但不是完整数值表。,7.5,10.0,75.0,中高,
Q0520,课本教材题-张扬军文本,D:\虚拟C盘\学习\流体力学\张扬军（车辆学院）\教材\流体力学教材_text.txt,流体力学教材_text.txt,10.4,10.4 平板混合边界层近似计算 由前面可知，通过判别 Rex 可将边界层内的流动分为层流和湍流两种流态。对于平板 绕流边界层流动，层流转变为湍流的临界雷诺数在 3 × 105 ～ 106 。一般情况下，平板绕流边 界层内既非全层流又非全湍流，而是前部为层流、后部为湍流的混合边界层，如图 10-7(a) 所示。混合边界层的流动非常复杂，为了简便起见，假设转捩区域长度可忽略，如图 10-7(b) 所示。转捩发生位置所对应的 x 坐标称为临界长度 xcr ，所对应的雷诺数称为临界雷诺数 Recr 。 图 10-7 平板绕流混合边界层 基于上述假设，长为 L 的平板混合边界层绕流的总阻力可表示为 DM = DT 0≤ x≤ L − DT 0≤ x≤ xcr + DL 0≤ x≤ xcr (10.4.1) 由前面的推导结果，若流动的雷诺数 ReL ≤ 107 ，单位宽度平板总的阻力为 1 ⎛ 0.074 0.074 1.293 ⎞ DM = ρ ue2 ⎜ 1 5 L − 1 5 xcr + 1 2 xcr ⎟ (10.4.2) 2 ⎝ ReL Recr Recr ⎠ 若流动的雷诺数 107 < ReL < 109 ，单位宽度平板总的阻力为 第 10 章 黏性不可压缩流体的外部流动 ·169· 1 2 ⎡ 0.455 0.074 1.293 ⎤ DM = ρ ue ⎢ L − xcr + xcr ⎥ (10.4.3) ⎢⎣ ( lg ReL ),边界层/外绕流阻力,P6 > 平板边界层；P6 > 位移/动量厚度；M24 > 边界层积分题；Q5 > 边界层题库速解；M13 > 微题,P6,先算 Re_x/Re_L 判层流、湍流或转捩；直接题用 delta、Cf、阻力公式；速度剖面题用 M24 的 delta*、theta 和 Karman 模板；外绕流判断摩擦/压差阻力和分离。,1. 算 Re_x 或 Re_L；2. 判断层流/湍流/低 Re；3. 选厚度、Cf 或阻力公式；4. 若为厚度定义题，尝试写积分；5. 说明 v80 缺失的定义或图表。,"复杂非零压梯度动量积分、实验阻力图和扫描图数值仍需教材/图表；v80 已覆盖书10.3/10.5 常见剖面。 v80 已补 delta*, theta, H 的物理意义；复杂动量积分推导仍需手算。 v80 已补局部摩阻系数 cf、单位宽阻力 D'、CD=2theta/L、转捩位置 xcr、平板层/湍/混合阻力判定和湿表面积/迎风面积区分；复杂分离与实验阻力图仍需教材。 v80 保留给定速度剖面到 delta、theta、delta_E、tau_w、CD 的通用积分链，补强 delta、delta*、theta、delta_E 的物理意义，保留层/湍速度剖面标准句、Boussinesq 涡黏、吸气/吹气修正、自由射流动量通量入口、Theta 分离判据和 Karman--Pohlhausen 配边界步骤。",主题命中“边界层/外绕流阻力”，v80 基础过程覆盖约 87%。；题目要求推导或定义积分；v80 有 M24/M25/M26 骨架，但完整推导仍扣少量严谨性分。；仍依赖教材图表或读图；v80 有小查表/查表动作和收口模板，但不是完整数值表。,7.5,10.0,75.0,中高,
Q0521,课本教材题-张扬军文本,D:\虚拟C盘\学习\流体力学\张扬军（车辆学院）\教材\流体力学教材_text.txt,流体力学教材_text.txt,2.58,2.58 2 Re1cr5 Re1cr2 ⎥⎦ 例题 10-3 在静止的水中以 6m/s 的速度拖动一块长、宽均为 1m 的平板。其中水的动 力黏度 μ = 10−3 Pa⋅ s ，临界雷诺数 Recr = 5 × 105 ，试确定整个平板所受的阻力。,边界层/外绕流阻力,P6 > 平板边界层；P6 > 位移/动量厚度；M24 > 边界层积分题；Q5 > 边界层题库速解；M13 > 微题,P6,先算 Re_x/Re_L 判层流、湍流或转捩；直接题用 delta、Cf、阻力公式；速度剖面题用 M24 的 delta*、theta 和 Karman 模板；外绕流判断摩擦/压差阻力和分离。,1. 算 Re_x 或 Re_L；2. 判断层流/湍流/低 Re；3. 选厚度、Cf 或阻力公式；4. 若为厚度定义题，尝试写积分；5. 说明 v80 缺失的定义或图表。,"复杂非零压梯度动量积分、实验阻力图和扫描图数值仍需教材/图表；v80 已覆盖书10.3/10.5 常见剖面。 v80 已补 delta*, theta, H 的物理意义；复杂动量积分推导仍需手算。 v80 已补局部摩阻系数 cf、单位宽阻力 D'、CD=2theta/L、转捩位置 xcr、平板层/湍/混合阻力判定和湿表面积/迎风面积区分；复杂分离与实验阻力图仍需教材。 v80 保留给定速度剖面到 delta、theta、delta_E、tau_w、CD 的通用积分链，补强 delta、delta*、theta、delta_E 的物理意义，保留层/湍速度剖面标准句、Boussinesq 涡黏、吸气/吹气修正、自由射流动量通量入口、Theta 分离判据和 Karman--Pohlhausen 配边界步骤。",主题命中“边界层/外绕流阻力”，v80 基础过程覆盖约 87%。,8.7,10.0,87.0,中高,
Q0522,课本教材题-张扬军文本,D:\虚拟C盘\学习\流体力学\张扬军（车辆学院）\教材\流体力学教材_text.txt,流体力学教材_text.txt,10.5,"10.5 曲面边界层近似解* 前面以平板边界层为例介绍了普朗特边界层理论的基本思想和一些解法。当流动绕过曲 面边界时，在边界附近形成曲面边界层，通常外流压力沿流向存在梯度，边界层内的速度分 布一般来说是不满足相似性的，此时可将其写成 u / ue = u ( x,η ) ，卡门-波尔豪森采用四次多项 式表示边界层内的速度分布： = a0 ( x ) + a1 ( x )η + a2 ( x )η 2 + a3 ( x )η 3 + a4 ( x )η 4 (10.5.1) 其中， η = y δ ( x ) ，参数 a0、a1、a2、a3、a4 可以通过如下边界条件确定： ∂2u 1 dpe du η = 0 时， u = 0, ν = = −ue e (10.5.2) ∂y 2 ρ dx dx ∂u ∂ 2 u η = 1 时， u = ue , = =0 (10.5.3) ∂ y ∂y 2 即可得到 a0 = 0 (10.5.4) u du 2a2 = − e e (10.5.5) ν dx a0 + a1 + a2 + a3 + a4 = 1 (10.5.6) ·170· 流 体 力 学 a1 + 2a2 + 3a3 + 4a4 = 0 (10.5.7) 2a2 + 6a3 + 12a4 = 0 (10.5.8) δ due 2 引入无量纲参数 Θ= (10.5.9) ν dx 将式(10.5.4)～式(10.5.9)代入式(10.5.1)中，可得边界层内流体运动速度分布为 u Θ = 2η − 2η 3 + η 4 + η (1 − η ) 3",边界层/外绕流阻力,P6 > 平板边界层；P6 > 位移/动量厚度；M24 > 边界层积分题；Q5 > 边界层题库速解；M13 > 微题,P6,先算 Re_x/Re_L 判层流、湍流或转捩；直接题用 delta、Cf、阻力公式；速度剖面题用 M24 的 delta*、theta 和 Karman 模板；外绕流判断摩擦/压差阻力和分离。,1. 算 Re_x 或 Re_L；2. 判断层流/湍流/低 Re；3. 选厚度、Cf 或阻力公式；4. 若为厚度定义题，尝试写积分；5. 说明 v80 缺失的定义或图表。,"复杂非零压梯度动量积分、实验阻力图和扫描图数值仍需教材/图表；v80 已覆盖书10.3/10.5 常见剖面。 v80 已补 delta*, theta, H 的物理意义；复杂动量积分推导仍需手算。 v80 已补局部摩阻系数 cf、单位宽阻力 D'、CD=2theta/L、转捩位置 xcr、平板层/湍/混合阻力判定和湿表面积/迎风面积区分；复杂分离与实验阻力图仍需教材。 v80 保留给定速度剖面到 delta、theta、delta_E、tau_w、CD 的通用积分链，补强 delta、delta*、theta、delta_E 的物理意义，保留层/湍速度剖面标准句、Boussinesq 涡黏、吸气/吹气修正、自由射流动量通量入口、Theta 分离判据和 Karman--Pohlhausen 配边界步骤。",主题命中“边界层/外绕流阻力”，v80 基础过程覆盖约 87%。；题目要求推导或定义积分；v80 有 M24/M25/M26 骨架，但完整推导仍扣少量严谨性分。；仍依赖教材图表或读图；v80 有小查表/查表动作和收口模板，但不是完整数值表。,7.5,10.0,75.0,中高,
Q0523,课本教材题-张扬军文本,D:\虚拟C盘\学习\流体力学\张扬军（车辆学院）\教材\流体力学教材_text.txt,流体力学教材_text.txt,10,(10.5.10) ue 6 从式(10.5.10)中可看出，曲面边界层内的无量纲速度分布由无量纲参数 Θ 唯一确定。将 式(10.5.10)代入动量积分关系式(10.2.7)中，并且令 ξ = δ 2 / ν ，可得 dξ d 2u F (Θ ) − ξ 2 2e G (Θ ) = (10.5.11) dx dx ue 其中，函数 G (Θ ) 和 F (Θ ) 仅与无量纲参数 Θ 有关。由式(10.5.11)可进一步求出边界层厚度 δ ( x ) 随流向的变化，反代入式(10.5.10)中，即可得到边界层内的速度分布。从式(10.5.9)可 看出， Θ 是 x 的函数，它代表沿流向空间位置上外流压力梯度与黏性力的量级之比，反映了 外流的压力分布对边界层内流动的影响。 Θ 的取值通常与物面的形状密切相关。对于平板绕 流边界层流动，外部流场无压力梯度，因此 Θ = 0 。当外部流场中存在顺压梯度时(沿流动方 向压强降低)，流体在顺压梯度作用下加速运动并且 Θ > 0 ；相反，当外部流体中存在逆压梯 度时(沿流动方向压强升高)，流体做减速运动并且 Θ < 0 。在采用卡门-波尔豪森边界层速度 分布分析实际问题的过程中，一般情况下，参数 Θ 具有物理意义的取值是 −12 ≤ Θ ≤ 12 (10.5.12) 当 Θ > 12 时，边界层内出现 u / ue > 1 的情况，对定常边界层流动是不可能出现的。而当 Θ < −12 时，将发生边界层分离现象。当边界层流动发生分离时，边界层迅速增厚，此时边界层方程 不再成立。换言之，当边界层流动发生分离时，不能再使用上述方法进行求解。因此，判断 边界层流动是否发生分离以及发生分离的位置显得尤为重要。,边界层/外绕流阻力,P6 > 平板边界层；P6 > 位移/动量厚度；M24 > 边界层积分题；Q5 > 边界层题库速解；M13 > 微题,P6,先算 Re_x/Re_L 判层流、湍流或转捩；直接题用 delta、Cf、阻力公式；速度剖面题用 M24 的 delta*、theta 和 Karman 模板；外绕流判断摩擦/压差阻力和分离。,1. 算 Re_x 或 Re_L；2. 判断层流/湍流/低 Re；3. 选厚度、Cf 或阻力公式；4. 若为厚度定义题，尝试写积分；5. 说明 v80 缺失的定义或图表。,"复杂非零压梯度动量积分、实验阻力图和扫描图数值仍需教材/图表；v80 已覆盖书10.3/10.5 常见剖面。 v80 已补 delta*, theta, H 的物理意义；复杂动量积分推导仍需手算。 v80 已补局部摩阻系数 cf、单位宽阻力 D'、CD=2theta/L、转捩位置 xcr、平板层/湍/混合阻力判定和湿表面积/迎风面积区分；复杂分离与实验阻力图仍需教材。 v80 保留给定速度剖面到 delta、theta、delta_E、tau_w、CD 的通用积分链，补强 delta、delta*、theta、delta_E 的物理意义，保留层/湍速度剖面标准句、Boussinesq 涡黏、吸气/吹气修正、自由射流动量通量入口、Theta 分离判据和 Karman--Pohlhausen 配边界步骤。",主题命中“边界层/外绕流阻力”，v80 基础过程覆盖约 87%。；题型偏概念简答；v80 已有短答库，但非对应专栏仍扣少量组织分。；题目要求推导或定义积分；v80 有 M24/M25/M26 骨架，但完整推导仍扣少量严谨性分。；仍依赖教材图表或读图；v80 有小查表/查表动作和收口模板，但不是完整数值表。,6.9,10.0,69.0,中高,
Q0524,课本教材题-张扬军文本,D:\虚拟C盘\学习\流体力学\张扬军（车辆学院）\教材\流体力学教材_text.txt,流体力学教材_text.txt,10.6,"10.6 吸气平板边界层* 本节将应用卡门动量积分关系，分析如图 10-8 所示具有均匀吸气的平板边界层流动问题。 令无穷远均匀来流速度为 ue ，在平板壁面上有均匀吸气，吸气速度为 vw ue ，方向垂直于平 板壁面。此时，平板壁面上的速度边界条件为 y = 0 时， u = 0, v = −vw (10.6.1) 沿边界层厚度方向积分动量方程(10.2.4)，可化简为 δ ∂ du δ ∂u ∫ 0 ∂x ⎡⎣u (ue − u )⎤⎦ dy + vw ue = − dxe ∫ 0 (ue − u ) dy −ν ∂y (10.6.2) 0 与方程(10.2.5)不同，方程(10.6.2)左端第二项反映了壁面的吸气效应。根据边界层位 移厚度表达式(10.1.27)和动量损失厚度表达式(10.1.31)，式(10.6.2)可进一步表示为 第 10 章 黏性不可压缩流体的外部流动 ·171· dθ C f v w = − (10.6.3) dx 2 ue 其中，壁面摩擦系数 C f 由式(10.2.9)给出。与方程",边界层/外绕流阻力,P6 > 平板边界层；P6 > 位移/动量厚度；M24 > 边界层积分题；Q5 > 边界层题库速解；M13 > 微题,P6,先算 Re_x/Re_L 判层流、湍流或转捩；直接题用 delta、Cf、阻力公式；速度剖面题用 M24 的 delta*、theta 和 Karman 模板；外绕流判断摩擦/压差阻力和分离。,1. 算 Re_x 或 Re_L；2. 判断层流/湍流/低 Re；3. 选厚度、Cf 或阻力公式；4. 若为厚度定义题，尝试写积分；5. 说明 v80 缺失的定义或图表。,"复杂非零压梯度动量积分、实验阻力图和扫描图数值仍需教材/图表；v80 已覆盖书10.3/10.5 常见剖面。 v80 已补 delta*, theta, H 的物理意义；复杂动量积分推导仍需手算。 v80 已补局部摩阻系数 cf、单位宽阻力 D'、CD=2theta/L、转捩位置 xcr、平板层/湍/混合阻力判定和湿表面积/迎风面积区分；复杂分离与实验阻力图仍需教材。 v80 保留给定速度剖面到 delta、theta、delta_E、tau_w、CD 的通用积分链，补强 delta、delta*、theta、delta_E 的物理意义，保留层/湍速度剖面标准句、Boussinesq 涡黏、吸气/吹气修正、自由射流动量通量入口、Theta 分离判据和 Karman--Pohlhausen 配边界步骤。",主题命中“边界层/外绕流阻力”，v80 基础过程覆盖约 87%。；题目要求推导或定义积分；v80 有 M24/M25/M26 骨架，但完整推导仍扣少量严谨性分。；仍依赖教材图表或读图；v80 有小查表/查表动作和收口模板，但不是完整数值表。,7.5,10.0,75.0,中高,
Q0525,课本教材题-张扬军文本,D:\虚拟C盘\学习\流体力学\张扬军（车辆学院）\教材\流体力学教材_text.txt,流体力学教材_text.txt,10,(10.2.14)相比，方程(10.6.3)的右端第二项为常数项。 根据 10.2 分析，边界层内的速度分布由式(10.2.20) 确定，将其代入式(10.2.15)和式(10.2.16)中，可分 别得到动量损失厚度和壁面摩擦系数，之后代入卡 图 10-8 吸气平板边界层流动 门动量积分关系式(10.6.3)中并化简可得 39 dδ vw 3 ν + = (10.6.4) 280 dx ue 2 δ ue ⎡ δ 3ν ln ( 3ν − 2δ vw ) ⎤ 280 积分式(10.6.4)，可得 −⎢ + ⎥= x+C (10.6.5) ⎣ vw 2vw2 ⎦ 39ue 在平板前缘 x = 0 时，由于边界层厚度为 δ = 0 ，可得积分常数为 ⎡ 3ν ln ( 3ν ) ⎤ C = −⎢ 2 ⎥ (10.6.6) ⎣ 2vw ⎦ 将式(10.6.6)代入方程(10.6.5)中整理可得 3ν ⎛ 2 δ vw ⎞ 280 vw δ+ ln ⎜1 − ⎟=− x (10.6.7) 2vw ⎝ 3 ν ⎠ 39 ue 若考虑 δ vw / ν 1 的情况，那么式(10.6.7)左端展开并取前三项可得 2 3ν ⎛ 2 δ vw ⎞ 1 vw 2 4 ⎛ vw ⎞ 3 δ+ ln ⎜1 − ⎟ = δ −δ − δ − ⎜ ⎟ δ (10.6.8) 2vw ⎝ 3 ν ⎠ 3ν 27 ⎝ ν ⎠ 代入方程(10.6.7)中可得边界层厚度 δ 表达式为 −1 280 ν x ⎛ 4 vwδ ⎞ 280 ν x ⎛ 4 vwδ ⎞ δ2 = ⎜1 + ⎟ ≈ ⎜1 − ⎟ (10.6.9) 13 ue ⎝ 9 ν ⎠ 13 ue ⎝ 9 ν ⎠ 若式(10.6.9)右端 δ 用无吸气时边界层厚度解(式(10.2.23))近似代替，那么式(10.6.9)可化简为 280 ν x ⎛ x ⎞ δ2 ≈ ⎜⎜1 − 2.063vw ⎟ (10.6.10) 13 ue ⎝ ν ue ⎟⎠ 从式(10.6.10)中可以看出，与无吸气平板边界层相比，壁面吸气会导致边界层变薄。,边界层/外绕流阻力,P6 > 平板边界层；P6 > 位移/动量厚度；M24 > 边界层积分题；Q5 > 边界层题库速解；M13 > 微题,P6,先算 Re_x/Re_L 判层流、湍流或转捩；直接题用 delta、Cf、阻力公式；速度剖面题用 M24 的 delta*、theta 和 Karman 模板；外绕流判断摩擦/压差阻力和分离。,1. 算 Re_x 或 Re_L；2. 判断层流/湍流/低 Re；3. 选厚度、Cf 或阻力公式；4. 若为厚度定义题，尝试写积分；5. 说明 v80 缺失的定义或图表。,"复杂非零压梯度动量积分、实验阻力图和扫描图数值仍需教材/图表；v80 已覆盖书10.3/10.5 常见剖面。 v80 已补 delta*, theta, H 的物理意义；复杂动量积分推导仍需手算。 v80 已补局部摩阻系数 cf、单位宽阻力 D'、CD=2theta/L、转捩位置 xcr、平板层/湍/混合阻力判定和湿表面积/迎风面积区分；复杂分离与实验阻力图仍需教材。 v80 保留给定速度剖面到 delta、theta、delta_E、tau_w、CD 的通用积分链，补强 delta、delta*、theta、delta_E 的物理意义，保留层/湍速度剖面标准句、Boussinesq 涡黏、吸气/吹气修正、自由射流动量通量入口、Theta 分离判据和 Karman--Pohlhausen 配边界步骤。",主题命中“边界层/外绕流阻力”，v80 基础过程覆盖约 87%。；题目要求推导或定义积分；v80 有 M24/M25/M26 骨架，但完整推导仍扣少量严谨性分。；仍依赖教材图表或读图；v80 有小查表/查表动作和收口模板，但不是完整数值表。,7.5,10.0,75.0,中高,
Q0526,课本教材题-张扬军文本,D:\虚拟C盘\学习\流体力学\张扬军（车辆学院）\教材\流体力学教材_text.txt,流体力学教材_text.txt,10.7,10.7 边界层相似性解* 在平板边界层问题的求解过程中，从式(10.2.30)可发现，当 η 为常数时(即在抛物线 x = cy 2 上)，速度 u 为常数。换句话说，在沿流向的不同 x 位置上，流向速度剖面仅与自变量 η 有关，与流向坐标 x 无关，此时称速度剖面是相似的，对应的解称为相似性解。从前面关 于平板边界层流动的分析中可看出，解存在相似性时，偏微分边界层方程可以转化为常微分 方程。那么，是否其他流动也存在相似性解呢？以及当满足什么条件时，流动才存在相似性 解？本节将对上述问题进行讨论，即边界层具有相似性解时，外流速度分布需要满足的条件。 ·172· 流 体 力 学,边界层/外绕流阻力,P6 > 平板边界层；P6 > 位移/动量厚度；M24 > 边界层积分题；Q5 > 边界层题库速解；M13 > 微题,P6,先算 Re_x/Re_L 判层流、湍流或转捩；直接题用 delta、Cf、阻力公式；速度剖面题用 M24 的 delta*、theta 和 Karman 模板；外绕流判断摩擦/压差阻力和分离。,1. 算 Re_x 或 Re_L；2. 判断层流/湍流/低 Re；3. 选厚度、Cf 或阻力公式；4. 若为厚度定义题，尝试写积分；5. 说明 v80 缺失的定义或图表。,"复杂非零压梯度动量积分、实验阻力图和扫描图数值仍需教材/图表；v80 已覆盖书10.3/10.5 常见剖面。 v80 已补 delta*, theta, H 的物理意义；复杂动量积分推导仍需手算。 v80 已补局部摩阻系数 cf、单位宽阻力 D'、CD=2theta/L、转捩位置 xcr、平板层/湍/混合阻力判定和湿表面积/迎风面积区分；复杂分离与实验阻力图仍需教材。 v80 保留给定速度剖面到 delta、theta、delta_E、tau_w、CD 的通用积分链，补强 delta、delta*、theta、delta_E 的物理意义，保留层/湍速度剖面标准句、Boussinesq 涡黏、吸气/吹气修正、自由射流动量通量入口、Theta 分离判据和 Karman--Pohlhausen 配边界步骤。",主题命中“边界层/外绕流阻力”，v80 基础过程覆盖约 87%。,8.7,10.0,87.0,中高,
Q0527,课本教材题-张扬军文本,D:\虚拟C盘\学习\流体力学\张扬军（车辆学院）\教材\流体力学教材_text.txt,流体力学教材_text.txt,10.7,"10.7.1 费克勒-史凯方程 考虑沿流向存在压力梯度的二维不可压缩边界层流动问题，令边界层内流向速度 u ( x, y ) 的分布满足相似性，则有 u ( x, y ) = f ′ (η ) (10.7.1) ue ( x ) 其中， η= (10.7.2) g ( x) 需要指出，此时外流速度 ue ( x) 以及函数 g ( x ) 均为未知函数。将方程(10.7.1)和方程",边界层/外绕流阻力,P6 > 平板边界层；P6 > 位移/动量厚度；M24 > 边界层积分题；Q5 > 边界层题库速解；M13 > 微题,P6,先算 Re_x/Re_L 判层流、湍流或转捩；直接题用 delta、Cf、阻力公式；速度剖面题用 M24 的 delta*、theta 和 Karman 模板；外绕流判断摩擦/压差阻力和分离。,1. 算 Re_x 或 Re_L；2. 判断层流/湍流/低 Re；3. 选厚度、Cf 或阻力公式；4. 若为厚度定义题，尝试写积分；5. 说明 v80 缺失的定义或图表。,"复杂非零压梯度动量积分、实验阻力图和扫描图数值仍需教材/图表；v80 已覆盖书10.3/10.5 常见剖面。 v80 已补 delta*, theta, H 的物理意义；复杂动量积分推导仍需手算。 v80 已补局部摩阻系数 cf、单位宽阻力 D'、CD=2theta/L、转捩位置 xcr、平板层/湍/混合阻力判定和湿表面积/迎风面积区分；复杂分离与实验阻力图仍需教材。 v80 保留给定速度剖面到 delta、theta、delta_E、tau_w、CD 的通用积分链，补强 delta、delta*、theta、delta_E 的物理意义，保留层/湍速度剖面标准句、Boussinesq 涡黏、吸气/吹气修正、自由射流动量通量入口、Theta 分离判据和 Karman--Pohlhausen 配边界步骤。",主题命中“边界层/外绕流阻力”，v80 基础过程覆盖约 87%。,8.7,10.0,87.0,中高,
Q0528,课本教材题-张扬军文本,D:\虚拟C盘\学习\流体力学\张扬军（车辆学院）\教材\流体力学教材_text.txt,流体力学教材_text.txt,10,"(10.7.5) ) 若要使方程(10.7.5)成为关于 η 的常微分方程，需要方程中的各个系数均是与 x 坐标无关 的常数，即 g d ( gue ) g 2 due = α, =β (10.7.6) ν dx ν dx 由于 α 和 β 为常数，那么由式(10.7.6)可得 2α − β = 1 d ν dx (g u ) 2 e (10.7.7) 沿流动方向积分式(10.7.7)，可得 g2 ( 2α − β ) ( x − x0 ) = ue (10.7.8) 若令其中积分常数 x0 = 0 ，即在坐标原点处 g ( 0 ) = 0 ，有 ( 2α − β )ν x (10.7.9) 将式(10.7.9)代入式(10.7.6)中，可得 第 10 章 黏性不可压缩流体的外部流动 ·173· ue ( x ) = Cx 2α − β = Cx m (10.7.10) 其中， C 为积分常数； m = β / ( 2α − β ) 。不失一般性，若令 α = 1 ，那么方程(10.7.5)可化简为 2m f ′′′ + ff ′′ + 1+ m 1 − f ′2 = 0 ((10.7.11) ) 方程(10.7.11)为边界层相似性解的控制方程，通常称为费克勒-史凯(Falkner-Skan)方程，该方 程的边界条件为 f ( 0 ) = f ′ ( 0 ) = 0, f ′ (∞ ) = 1 (10.7.12) 从方程(10.7.11)的推导过程可以看出，若外流速度 ue ( x ) 分布满足式(10.7.10)，那么边界 层流动存在相似性解。通常情况下， ue = Cx m 代表了物理上的绕平面角的流动，表 10-2 给出 了几种典型的相似性解。当 0 ≤ m ≤ 1 时，对应于绕平面楔角外的理想流。当 1 ≤ m ≤ ∞ 时，对 应于平面楔角内的对称流，此时流场存在于一个凹角区域中，边界层的概念已经不适用。当 −1 / 2 < m < 0 时，对应于理想流体绕凸角的流动，若考虑到流动分离现象的出现， m 的实际 适用范围是 −0.0904 < m < 0 。 表 10-2 几种典型的相似性解 流动类型 外流速度分布 常微分方程 f ′′′ + ff ′′ + (1 − f ′2 ) = 0 ue = Cx 驻点附近流动 f ( 0) = f ′ ( 0) = 0 m =1 f ′ (∞) = 1 ue = Cx m ⎧0 < m < 1 ⎪ 1 ⎨ π f ′′′ + ( m + 1) ff ′′ + m(1 − f ′2 ) = 0 绕楔角流动 ⎪⎩0 < θ < 2 2 f (0) = f ′(0) = 0 ⎧m < 0 f ′(∞ ) = 1 ⎨ π ⎪⎩θ > 2 f ′′′ + f ′2 − 1 = 0 ue = − f ′ ( 0) = ",边界层/外绕流阻力,P6 > 平板边界层；P6 > 位移/动量厚度；M24 > 边界层积分题；Q5 > 边界层题库速解；M13 > 微题,P6,先算 Re_x/Re_L 判层流、湍流或转捩；直接题用 delta、Cf、阻力公式；速度剖面题用 M24 的 delta*、theta 和 Karman 模板；外绕流判断摩擦/压差阻力和分离。,1. 算 Re_x 或 Re_L；2. 判断层流/湍流/低 Re；3. 选厚度、Cf 或阻力公式；4. 若为厚度定义题，尝试写积分；5. 说明 v80 缺失的定义或图表。,"复杂非零压梯度动量积分、实验阻力图和扫描图数值仍需教材/图表；v80 已覆盖书10.3/10.5 常见剖面。 v80 已补 delta*, theta, H 的物理意义；复杂动量积分推导仍需手算。 v80 已补局部摩阻系数 cf、单位宽阻力 D'、CD=2theta/L、转捩位置 xcr、平板层/湍/混合阻力判定和湿表面积/迎风面积区分；复杂分离与实验阻力图仍需教材。 v80 保留给定速度剖面到 delta、theta、delta_E、tau_w、CD 的通用积分链，补强 delta、delta*、theta、delta_E 的物理意义，保留层/湍速度剖面标准句、Boussinesq 涡黏、吸气/吹气修正、自由射流动量通量入口、Theta 分离判据和 Karman--Pohlhausen 配边界步骤。",主题命中“边界层/外绕流阻力”，v80 基础过程覆盖约 87%。；题目要求推导或定义积分；v80 有 M24/M25/M26 骨架，但完整推导仍扣少量严谨性分。；仍依赖教材图表或读图；v80 有小查表/查表动作和收口模板，但不是完整数值表。,7.5,10.0,75.0,中高,
Q0529,课本教材题-张扬军文本,D:\虚拟C盘\学习\流体力学\张扬军（车辆学院）\教材\流体力学教材_text.txt,流体力学教材_text.txt,10.7,"10.7.2 平面自由射流 作为相似性解的另一个例子，本节将讨论平面自由射流问题。流体通过喷嘴或狭缝向无 限大空间内的静止流场进行喷射的流动称为自由射流。为了简化问题，本节只考虑通过平板 上无限长狭缝的自由射流问题，如图 10-9 所示，其流场可视为平面流动。由于射流与周围流 体之间的流向速度存在较大差异，即流向速度沿横向(垂直于流向)的梯度较大，射流流体与 ·174· 流 体 力 学 周围流体之间在黏性作用下存在剧烈的动量交换，周围流体会被不断地卷吸到射流中，使得 射流的宽度沿流向不断地向外扩展从而逐渐变宽。 建立图 10-9 所示平面笛卡儿直角坐标系。根据射流的特点，可知此时有 v u 、 ∂u / ∂x ∂u / ∂y ，自由射流内部的压强与周围流体的压强相等，即 ∂p / ∂x = 0 。若考虑定常 流动，与平板边界层流动分析类似，根据量级分析，可得平面自由射流的基本控制方程如下： ∂u ∂v + =0 (10.7.13) ∂ x ∂y ∂u ∂u ∂2 u u +v =ν 2 (10.7.14) ∂x ∂y ∂y 在 y = 0 处，根据问题的对称性，有对称边界条件： u = um , v = 0, =0 (10.7.15) 在 y → ∞ 处，由于射流的卷吸作用，存在沿横向( y 方向)的速 图 10-9 平面自由射流 度分量，即 u = 0, v = −ve (10.7.16) 其中， um 为平面自由射流对称面上的最大速度； ve 为卷吸作用引起的卷吸速度，两者均为未 知量。取射流宽度 b ( x ) 为特征长度，与平板边界层厚度量级估计公式(10.2.23)类似，可得射 流宽度特征尺度为 b ( x) ∼ (10.7.17) 根据式(10.7.17)，可对横向坐标进行无量纲化为 y u η= ∼y m (10.7.18) b ( x) νx 考虑到平面射流的解具有相似性，令无量纲化的流向速度满足如下形式： = f ′ (η ) (10.7.19) 根据 10.7.1 节分析可知，仅当速度 um 满足 um ∝ x m 时，边界层流动存在相似性解。根据式",Bernoulli/机械能/动量控制体,P1 > 控制体动量模板；P1 > 伯努利/机械能；Q2 > 弯管受力/喷嘴反力；M21 > 题图决策卡；M26 > 高频计算/查表/控制体收口,P1,先选截面，写连续和 Bernoulli/机械能；再按控制体受力图列压力力、壁面力和动量通量；多出口用 M26 通式；求出壁面对流体的力后按题问管/螺栓取反。,1. 先按题干关键词选模型；2. 在 v80 对应页写首个控制方程/公式；3. 把题给几何、单位和边界条件代入；4. 做代数求解或列出需要查图查表的位置；5. 检查单位、方向、绝压/表压或适用条件。,复杂三维受力和图中方向仍要自己画清楚；v80 已补多出口通式和喷嘴/弯管收口流程。 v69 把截面号、面积、高程、表压/绝压、CV取反和局损速度集中到读图/收口八查。 v80 保留雷诺输运、压力力方向/表压、孔板/文丘里流量计公式链，并补控制体外力组成与自由射流动量通量提示；复杂控制体仍需画受力图。,主题命中“Bernoulli/机械能/动量控制体”，v80 基础过程覆盖约 84%。；题型偏概念简答；v80 已有短答库，但非对应专栏仍扣少量组织分。；题目要求推导或定义积分；v80 有 M24/M25/M26 骨架，但完整推导仍扣少量严谨性分。；仍依赖教材图表或读图；v80 有小查表/查表动作和收口模板，但不是完整数值表。,6.6,10.0,66.0,中高,
Q0530,课本教材题-张扬军文本,D:\虚拟C盘\学习\流体力学\张扬军（车辆学院）\教材\流体力学教材_text.txt,流体力学教材_text.txt,10,"(10.7.17)，可得射流宽度满足 b ∝ x ( ) 。 − m −1 / 2 对连续性方程(10.7.13)沿 y 方向进行积分，并根据速度 v 的边界条件，可得 d ∞ dx ∫ 0 ve = udy (10.7.20) 同样，对动量方程(10.7.14)沿 y 方向进行积分，可得 ∞ ∂u ∞ ∂u ∞ ∂2 u ∫ 0 u ∂ x d y + ∫ 0 v ∂ y dy = ∫ 0 ν ∂ y 2 d y (10.7.21) 根据边界条件，可知式( 10.7.21 )右端项为零。运用分部积分公式，并根据流动对称性， 式(10.7.21)最终可化简为 d ∞ 2 dx ∫ −∞ u dy = 0 (10.7.22) 第 10 章 黏性不可压缩流体的外部流动 ·175· 进一步可以得到 J =∫ ρ u 2dy = const (10.7.23) 其中， ρ 为流体密度，对于不可压缩流动， ρ 取常数。式(10.7.23)表明在射流问题中，通过 任意 x 位置截面上沿 x 方向的动量通量是不变的，即动量守恒，这是射流的一个重要特征，其 中 J 称为射流强度。将式(10.7.19)代入式(10.7.23)中，可得 ∞ ∞ νx ∞ ( 3m+1)/2 J =∫ ρ u 2 dy = ∫ u ∫ −∞ ρ um2 f ′2dy ∼ ρ um2 f ′ dη ∝ x 2 = const (10.7.24) −∞ −∞ 从式(10.7.24)中，可知 m = −1 / 3 。根据式(10.7.18)，射流宽度 b ( x ) 可表示为 b ( x) ∼ ∼ x 2/3 (10.7.25) 根据上述分析，可令 y B η = A 2/3 , um = (10.7.26) x x1/3 那么则有 f′ u = um f ′ (η ) = (10.7.27) x1/3 将式(10.7.27)代入连续性方程可得沿 y 方向的速度分量： B 1 B 1 B 1 v= 2/3 f ′+2 2/3 η f ′′ = ( 2η f ′ − f ) (10.7.28) 3A x 3A x 3 A x 2/3 将式(10.7.26)～式(10.7.28)代入方程(10.7.14)中，可得 A2 3ν f ′′′ + ff ′′ + f ′2 = 0 (10.7.29) 相应的边界条件为 η = 0 ， f ( 0 ) = f ′′ ( 0 ) = 0, f ′ ( 0) = 1 (10.7.30) η → ∞ ， f ′ (∞) = 0 (10.7.31) 对式(10.7.29)积分，积分常数由边界条件(式(10.7.30)和式(10.7.31))确定，最终可得解为 ⎛η ⎞ f (η ) = α tanh ⎜ ⎟ (10.7.32) ⎝α ⎠ ⎛η ⎞ f ′ (η ) = s",Bernoulli/机械能/动量控制体,P1 > 控制体动量模板；P1 > 伯努利/机械能；Q2 > 弯管受力/喷嘴反力；M21 > 题图决策卡；M26 > 高频计算/查表/控制体收口,P1,先选截面，写连续和 Bernoulli/机械能；再按控制体受力图列压力力、壁面力和动量通量；多出口用 M26 通式；求出壁面对流体的力后按题问管/螺栓取反。,1. 先按题干关键词选模型；2. 在 v80 对应页写首个控制方程/公式；3. 把题给几何、单位和边界条件代入；4. 做代数求解或列出需要查图查表的位置；5. 检查单位、方向、绝压/表压或适用条件。,复杂三维受力和图中方向仍要自己画清楚；v80 已补多出口通式和喷嘴/弯管收口流程。 v69 把截面号、面积、高程、表压/绝压、CV取反和局损速度集中到读图/收口八查。 v80 保留雷诺输运、压力力方向/表压、孔板/文丘里流量计公式链，并补控制体外力组成与自由射流动量通量提示；复杂控制体仍需画受力图。,主题命中“Bernoulli/机械能/动量控制体”，v80 基础过程覆盖约 84%。；仍依赖教材图表或读图；v80 有小查表/查表动作和收口模板，但不是完整数值表。,8.0,10.0,80.0,中高,
Q0531,课本教材题-张扬军文本,D:\虚拟C盘\学习\流体力学\张扬军（车辆学院）\教材\流体力学教材_text.txt,流体力学教材_text.txt,10.8,"10.8.1 边界层流动分离 边界层流动分离是指绕流问题中，边界层从某个位置开始脱离物面，并且在物面附近产 生回流的现象。下面将分析边界层内沿流向不同位置上的速度剖面变化趋势，进而找到确定 边界层发生流动分离的条件和判据。 图 10-11 给出了曲面边界层流动的发展过程。在边界层外部流动中，压强沿流向的分布 如图 10-11(b)所示。点 1～2 是顺压梯度，即 dp / dx < 0 ；点 2～5 是逆压梯度，即 dp / dx > 0 。 根据固体壁面的黏附边界条件，边界层内固体壁面上的流动速度为零，壁面附近边界层动量 方程可化简为 ∂2 u 1 dp = (10.8.1) ∂ y y = 0 μ dx 2 其中， ∂2 u / ∂y 2 为边界层内速度分布在壁面上的二阶导数，它是速度沿边界层厚度方向分 y =0 布曲线在壁面处的曲率。 根据边界层外部流动处于顺压梯度、零压梯度和逆压梯度情况，根据方程(10.8.1)可得 (1)顺压梯度 dp / dx < 0 ， ∂2 u <0 (10.8.2) ∂y 2 y = 0 第 10 章 黏性不可压缩流体的外部流动 ·177· 边界层内流向速度分量沿边界层厚度方向的分布曲线是凸向下游的，如图 10-11 截面 1 位置 速度剖面所示。 图 10-11 边界层内流动速度剖面 (2)零压梯度 dp / dx = 0 ， ∂2 u =0 (10.8.3) ∂y 2 y = 0 边界层内流向速度分量沿边界层厚度方向的分布曲线在壁面处存在拐点，如图 10-11 截面 2 位置速度剖面所示。 (3)逆压梯度 dp / dx > 0 ， ∂2 u >0 (10.8.4) ∂y 2 y = 0 边界层内流向速度分量沿边界层厚度方向的分布曲线将出现内凹的情况，如图 10-11 截面 3 位置速度剖面所示。 在边界层中，壁面附近的流体除受到压强梯度作用外，还受壁面黏性力的影响。后者与 流动方向相反，通常视为阻力。在顺压梯度情况下，沿流动方向压强逐渐减小，压强差有助 于克服壁面黏性力，对边界层内的流体有增速作用；逆压梯度情况下，沿流动方向压强逐渐 增大，压强差和壁面黏性力对边界层内流体的流动均起到减速作用。当逆压梯度足够大时， 甚至可使壁面附近的流体发生回流。通常情况下，把壁面附近流体流动方向开始发生逆转的 位置称为分离点。据此，分离点的数学定义为 =0 (10.8.5) ∂y y = 0 其中， y = 0 为壁面位置，式(10.8.5)又称为边界层流动分离判据。在壁面上有切应力 τw = (10.8.6) ∂y y = 0 可知在分离点上游 τ w > 0 ，在分离点下游 τ w < 0 。因此，在分离点上应同时有 ·178· 流 体 力 学 ∂u ∂τ w τw = = 0, <0 (10.8.7) ∂y y = 0 ∂x ",边界层/外绕流阻力,P6 > 平板边界层；P6 > 位移/动量厚度；M24 > 边界层积分题；Q5 > 边界层题库速解；M13 > 微题,P6,先算 Re_x/Re_L 判层流、湍流或转捩；直接题用 delta、Cf、阻力公式；速度剖面题用 M24 的 delta*、theta 和 Karman 模板；外绕流判断摩擦/压差阻力和分离。,1. 算 Re_x 或 Re_L；2. 判断层流/湍流/低 Re；3. 选厚度、Cf 或阻力公式；4. 若为厚度定义题，尝试写积分；5. 说明 v80 缺失的定义或图表。,"复杂非零压梯度动量积分、实验阻力图和扫描图数值仍需教材/图表；v80 已覆盖书10.3/10.5 常见剖面。 v80 已补 delta*, theta, H 的物理意义；复杂动量积分推导仍需手算。 v80 已补局部摩阻系数 cf、单位宽阻力 D'、CD=2theta/L、转捩位置 xcr、平板层/湍/混合阻力判定和湿表面积/迎风面积区分；复杂分离与实验阻力图仍需教材。 v80 保留给定速度剖面到 delta、theta、delta_E、tau_w、CD 的通用积分链，补强 delta、delta*、theta、delta_E 的物理意义，保留层/湍速度剖面标准句、Boussinesq 涡黏、吸气/吹气修正、自由射流动量通量入口、Theta 分离判据和 Karman--Pohlhausen 配边界步骤。",主题命中“边界层/外绕流阻力”，v80 基础过程覆盖约 87%。；题型偏概念简答；v80 已有短答库，但非对应专栏仍扣少量组织分。；仍依赖教材图表或读图；v80 有小查表/查表动作和收口模板，但不是完整数值表。,7.7,10.0,77.0,中高,
Q0532,课本教材题-张扬军文本,D:\虚拟C盘\学习\流体力学\张扬军（车辆学院）\教材\流体力学教材_text.txt,流体力学教材_text.txt,10.8,10.8.2 圆柱绕流和卡门涡街 本节讨论均匀来流绕圆柱的流场特征。令均匀来流速度为 U 、圆柱直径为 d 、流体的运 动黏度为ν ，可得流动的雷诺数为 Re = (10.8.8) 通常情况下，当流动的雷诺数 Re ≤ 6 时，圆柱周围流场如图 10-12(a)所示，流动形态与 第 11 章中理想流体圆柱绕流的流动形态基本相同；当流动的雷诺数 6 < Re ≤ 40 时，圆柱侧面 出现流动分离，并在圆柱背面形成一对稳定的旋涡，如图 10-12(b)所示，这对旋涡称为双子 涡(twin vortex)。随着流动雷诺数变大，双子涡逐渐伸长并且会在下游流场中出现波动；当雷 诺数 Re > 40 时，双子涡无法维持，而是交替地从圆柱上分离形成周期振荡流动，如图 10-12(c) 所示。从圆柱上分离出来的旋涡，在圆柱下游形成具有一定间隔的交错排列的两列旋涡，这 种涡列分布称为卡门涡(Karman vortex)或者卡门涡街(Karman vortex street)。当雷诺数 Re > 300 以后，从圆柱上分离出的旋涡将变得不规则，无法再看到像图 10-12(c)所示的那样 规则的卡门涡街。根据圆柱上脱落的卡门涡街的频率(也就是旋涡分离的频率) f 以及圆柱直 径 d 和来流速度 U ，可定义无量纲参数斯特劳哈尔数(Strouhal number)： Sr = (10.8.9) Sr 的取值与流动雷诺数有关。 图 10-12 不同雷诺数下圆柱绕流流态 第 10 章 黏性不可压缩流体的外部流动 ·179· 冯 · 卡门经过研究指出，若取两涡列在垂直于流动方向上的间距为 h ，前后两个涡的中心 在流动方向的间隔为 l ，那么对于稳定的卡门涡街， h 和 l 之间存在如下的几何关系： = 0.281 (10.8.10) 冯 · 卡门进一步证明了，若涡街以小于主流的速度 us 向下游运动，单位长度圆柱体受到的阻 ⎡ u ⎛u ⎞ ⎤ 2 FD = ρU 2 h ⎢ 2.83 s − 1.12 ⎜ s ⎟ ⎥ (10.8.11) ⎢⎣ U ⎝ U ⎠ ⎥⎦ 在圆柱体后形成的卡门涡街中，两列旋转方向相反的旋涡周期性地交替脱落，其脱落频率 n 与 流体的来流速度 U 成正比，而与圆柱体的直径 d 成反比，即 n = Sr (10.8.12) 实验研究发现，当流动的雷诺数在 5 × 102 ～2 × 105 时，斯特劳哈尔数 Sr 基本保持 0.2 不变。 根据这一性质可制成涡街流量计。在管道中沿流体流动垂直的方向插入一段圆柱体检测棒， 在检测棒下游产生卡门涡街，若测得的涡街脱落频率 n (通常可采用超声波束法进行测量)， 则可由式(10.8.12)求得流速 U，进而确定流量。若脱落频率正好与圆柱体横向振动的自然频 率相近或相等，则会产生共振。输电线在一定风速下会发出“嗡嗡”响声，,边界层/外绕流阻力,P6 > 平板边界层；P6 > 位移/动量厚度；M24 > 边界层积分题；Q5 > 边界层题库速解；M13 > 微题,P6,先算 Re_x/Re_L 判层流、湍流或转捩；直接题用 delta、Cf、阻力公式；速度剖面题用 M24 的 delta*、theta 和 Karman 模板；外绕流判断摩擦/压差阻力和分离。,1. 算 Re_x 或 Re_L；2. 判断层流/湍流/低 Re；3. 选厚度、Cf 或阻力公式；4. 若为厚度定义题，尝试写积分；5. 说明 v80 缺失的定义或图表。,"复杂非零压梯度动量积分、实验阻力图和扫描图数值仍需教材/图表；v80 已覆盖书10.3/10.5 常见剖面。 v80 已补 delta*, theta, H 的物理意义；复杂动量积分推导仍需手算。 v80 已补局部摩阻系数 cf、单位宽阻力 D'、CD=2theta/L、转捩位置 xcr、平板层/湍/混合阻力判定和湿表面积/迎风面积区分；复杂分离与实验阻力图仍需教材。 v80 保留给定速度剖面到 delta、theta、delta_E、tau_w、CD 的通用积分链，补强 delta、delta*、theta、delta_E 的物理意义，保留层/湍速度剖面标准句、Boussinesq 涡黏、吸气/吹气修正、自由射流动量通量入口、Theta 分离判据和 Karman--Pohlhausen 配边界步骤。",主题命中“边界层/外绕流阻力”，v80 基础过程覆盖约 87%。；题型偏概念简答；v80 已有短答库，但非对应专栏仍扣少量组织分。；题目要求推导或定义积分；v80 有 M24/M25/M26 骨架，但完整推导仍扣少量严谨性分。；仍依赖教材图表或读图；v80 有小查表/查表动作和收口模板，但不是完整数值表。,6.9,10.0,69.0,中高,
Q0533,课本教材题-张扬军文本,D:\虚拟C盘\学习\流体力学\张扬军（车辆学院）\教材\流体力学教材_text.txt,流体力学教材_text.txt,10.9,10.9 黏性流体绕小圆球的蠕流流动* 作为黏性不可压缩流体外部流动的另一个典型例子，本节介绍黏性流体绕圆球极慢流动， 即蠕流问题。如图 10-13 所示，流体以均匀速度 V∞ = const 绕一个半径为 a 的圆球流动，接下 来分析圆球受到的阻力。,边界层/外绕流阻力,P6 > 平板边界层；P6 > 位移/动量厚度；M24 > 边界层积分题；Q5 > 边界层题库速解；M13 > 微题,P6,先算 Re_x/Re_L 判层流、湍流或转捩；直接题用 delta、Cf、阻力公式；速度剖面题用 M24 的 delta*、theta 和 Karman 模板；外绕流判断摩擦/压差阻力和分离。,1. 算 Re_x 或 Re_L；2. 判断层流/湍流/低 Re；3. 选厚度、Cf 或阻力公式；4. 若为厚度定义题，尝试写积分；5. 说明 v80 缺失的定义或图表。,"复杂非零压梯度动量积分、实验阻力图和扫描图数值仍需教材/图表；v80 已覆盖书10.3/10.5 常见剖面。 v80 已补 delta*, theta, H 的物理意义；复杂动量积分推导仍需手算。 v80 已补局部摩阻系数 cf、单位宽阻力 D'、CD=2theta/L、转捩位置 xcr、平板层/湍/混合阻力判定和湿表面积/迎风面积区分；复杂分离与实验阻力图仍需教材。 v80 保留给定速度剖面到 delta、theta、delta_E、tau_w、CD 的通用积分链，补强 delta、delta*、theta、delta_E 的物理意义，保留层/湍速度剖面标准句、Boussinesq 涡黏、吸气/吹气修正、自由射流动量通量入口、Theta 分离判据和 Karman--Pohlhausen 配边界步骤。",主题命中“边界层/外绕流阻力”，v80 基础过程覆盖约 87%。；仍依赖教材图表或读图；v80 有小查表/查表动作和收口模板，但不是完整数值表。,8.3,10.0,83.0,中高,
Q0534,课本教材题-张扬军文本,D:\虚拟C盘\学习\流体力学\张扬军（车辆学院）\教材\流体力学教材_text.txt,流体力学教材_text.txt,7,"(7.3.42)和方程(7.3.44)简化写成如下形式。 连续性方程： ·180· 流 体 力 学 1 ∂ 1 ∂ ( R 2VR ) + (Vθ sin θ ) = 0 (10.9.2) R ∂R 2 R sin θ ∂θ 动量方程： 1 ∂p μ ⎡ 2V 2 ∂(Vθ sin θ ) ⎤ − + ⎢ ΔVR − 2R − 2 ⎥=0 (10.9.3) ρ ∂R ρ ⎣ R R sin θ ∂θ ⎦ 1 1 ∂p μ ⎛ 2 ∂V V ⎞ − + ⎜ ΔVθ + 2 R − 2 θ 2 ⎟ = 0 (10.9.4) ρ R ∂θ ρ ⎝ R ∂θ R sin θ ⎠ ∂2 2 ∂ cotθ ∂ 1 ∂2 其中， Δ=+ + + ∂R 2 R ∂R R 2 ∂θ R 2 ∂θ 2 方程(10.9.2)～方程(10.9.4)称为Stokes方程，相应的无穷远处均匀来流条件可写成 VR R →∞ = V∞ cosθ (10.9.5) Vθ R →∞ = −V∞ sin θ (10.9.6) p R →∞ = p∞ (10.9.7) 在球面上，根据速度黏附边界条件有 VR R=a = 0, Vθ R=a = 0 (10.9.8) 根据上述定解边界条件以及方程的性质，可用分离变量法来求解。假定速度、压力是具 有下列形式的函数： VR ( R,θ ) = F ( R ) cos θ (10.9.9) Vθ ( R,θ ) = −G ( R ) cos θ (10.9.10) p − p∞ = μ H ( R ) cos θ (10.9.11) 其中， F ( R ) 、 G ( R ) 和 H ( R ) 均为 R 的函数。将速度和压强的表达式(10.9.9)～式(10.9.11) 代入Stokes方程(10.9.2)～方程(10.9.4)中，可得 dF F −G +2 =0 (10.9.12) dR R dH d 2 F 2 dF F −G = 2 + −4 (10.9.13) dR dR R dR R2 H d 2 G 2 dG F −G = 2 + −2 (10.9.14) R dR R dR R2 相应的无穷远边界条件可写成 F ( ∞ ) = V∞ (10.9.15) G ( ∞ ) = −V∞ (10.9.16) H (∞) = 0 (10.9.17) 球面上的边界条件可写成 F (a) = 0 (10.9.18) G (a) = 0 (10.9.19) 至此，圆球低雷诺数绕流问题的基本方程可转化为方程(10.9.12)～方程(10.9.14)，相应 定解条件由式(10.9.15)～式(10.9.19)给出。进一步，由式(10.9.12)，可得 第 10 章 黏性不可压缩流体的外部流动 ·181· R dF G= +F (10.9.20) 2 dR 两端",边界层/外绕流阻力,P6 > 平板边界层；P6 > 位移/动量厚度；M24 > 边界层积分题；Q5 > 边界层题库速解；M13 > 微题,P6,先算 Re_x/Re_L 判层流、湍流或转捩；直接题用 delta、Cf、阻力公式；速度剖面题用 M24 的 delta*、theta 和 Karman 模板；外绕流判断摩擦/压差阻力和分离。,1. 算 Re_x 或 Re_L；2. 判断层流/湍流/低 Re；3. 选厚度、Cf 或阻力公式；4. 若为厚度定义题，尝试写积分；5. 说明 v80 缺失的定义或图表。,"复杂非零压梯度动量积分、实验阻力图和扫描图数值仍需教材/图表；v80 已覆盖书10.3/10.5 常见剖面。 v80 已补 delta*, theta, H 的物理意义；复杂动量积分推导仍需手算。 v80 已补局部摩阻系数 cf、单位宽阻力 D'、CD=2theta/L、转捩位置 xcr、平板层/湍/混合阻力判定和湿表面积/迎风面积区分；复杂分离与实验阻力图仍需教材。 v80 保留给定速度剖面到 delta、theta、delta_E、tau_w、CD 的通用积分链，补强 delta、delta*、theta、delta_E 的物理意义，保留层/湍速度剖面标准句、Boussinesq 涡黏、吸气/吹气修正、自由射流动量通量入口、Theta 分离判据和 Karman--Pohlhausen 配边界步骤。",主题命中“边界层/外绕流阻力”，v80 基础过程覆盖约 87%。；仍依赖教材图表或读图；v80 有小查表/查表动作和收口模板，但不是完整数值表。,8.3,10.0,83.0,中高,
Q0535,课本教材题-张扬军文本,D:\虚拟C盘\学习\流体力学\张扬军（车辆学院）\教材\流体力学教材_text.txt,流体力学教材_text.txt,10,(10.9.29) ⎝ 4R 4R ⎠ 3 V a p = p∞ − μ ∞2 cos θ (10.9.30) 2 R 根据牛顿流体黏性应力公式，可求出圆球壁面上受到的黏性应力为 ·182· 流 体 力 学 ∂VR τ RR = 2 μ =0 (10.9.31) ∂R R = a ⎛ 1 ∂VR ∂Vθ Vθ ⎞ 3 μV∞ τ Rθ = μ ⎜ + − ⎟ =− sin θ (10.9.32) ⎝ R ∂θ ∂R R ⎠ R=a 2 a 实际上，球面受到的作用力包含压强和黏性切应力。根据流动轴对称特性，可知圆球所 受阻力与无穷远来流方向一致，将压强和黏性切应力沿无穷远来流方向进行投影，并沿球面 对该投影分量进行积分可得 F = e z ∫ ⎡⎣( − p + τ RR ) cosθ − τ Rθ sin θ ⎤⎦ 2πa 2 sin θ dθ = 6πμV∞ ae z (10.9.33) 0 对于圆球绕流问题，可定义圆球阻力系数 C D 为 CD = 1 ρV∞2 πa 2 2 将圆球所受阻力式(10.9.33)代入上式可得圆球阻力系数为 24 CD = (10.9.34) 式(10.9.34)通常称为圆球低雷诺数绕流问题的Stokes公式，其中雷诺数 Re 由式(10.9.1)给出。 图10-14给出了Stokes公式与实验结果的对比，在 Re < 1 的条件下，两者符合得较好。因此对 于 Re < 1 的低雷诺数圆球绕流问题可采用Stokes近似来计算圆球受到的阻力。 图 10-14 圆球绕流理论与实验结果对比,边界层/外绕流阻力,P6 > 平板边界层；P6 > 位移/动量厚度；M24 > 边界层积分题；Q5 > 边界层题库速解；M13 > 微题,P6,先算 Re_x/Re_L 判层流、湍流或转捩；直接题用 delta、Cf、阻力公式；速度剖面题用 M24 的 delta*、theta 和 Karman 模板；外绕流判断摩擦/压差阻力和分离。,1. 算 Re_x 或 Re_L；2. 判断层流/湍流/低 Re；3. 选厚度、Cf 或阻力公式；4. 若为厚度定义题，尝试写积分；5. 说明 v80 缺失的定义或图表。,"复杂非零压梯度动量积分、实验阻力图和扫描图数值仍需教材/图表；v80 已覆盖书10.3/10.5 常见剖面。 v80 已补 delta*, theta, H 的物理意义；复杂动量积分推导仍需手算。 v80 已补局部摩阻系数 cf、单位宽阻力 D'、CD=2theta/L、转捩位置 xcr、平板层/湍/混合阻力判定和湿表面积/迎风面积区分；复杂分离与实验阻力图仍需教材。 v80 保留给定速度剖面到 delta、theta、delta_E、tau_w、CD 的通用积分链，补强 delta、delta*、theta、delta_E 的物理意义，保留层/湍速度剖面标准句、Boussinesq 涡黏、吸气/吹气修正、自由射流动量通量入口、Theta 分离判据和 Karman--Pohlhausen 配边界步骤。",主题命中“边界层/外绕流阻力”，v80 基础过程覆盖约 87%。；题型偏概念简答；v80 已有短答库，但非对应专栏仍扣少量组织分。；题目要求推导或定义积分；v80 有 M24/M25/M26 骨架，但完整推导仍扣少量严谨性分。；仍依赖教材图表或读图；v80 有小查表/查表动作和收口模板，但不是完整数值表。,6.9,10.0,69.0,中高,
Q0536,课本教材题-张扬军文本,D:\虚拟C盘\学习\流体力学\张扬军（车辆学院）\教材\流体力学教材_text.txt,流体力学教材_text.txt,2,"2. Stokes 近似的修正——Oseen 修正 从前面的分析知道，在流动雷诺数较低的情况下，通过Stokes近似方程求得的圆球绕流阻 力式(10.9.34)与实验结果符合较好。Stokes近似的基础是假设整个流场中惯性力效应远小于黏 性力效应。因此，可忽略 Navier-Stokes 方程中的惯性力项，使方程简化并求解。之后对 式(10.9.28)～式(10.9.30)给出的解进行分析，验证其是否在整个流场内都满足Stokes近似条件。 为简单起见，本节仅考察位于沿 z 轴远离圆球表面 (θ = 0, R a ) 的流场中惯性力和黏性力的 量级比。根据式(10.9.28)～式(10.9.30)可得流场中惯性力和黏性力的量级之比为 惯性力 ρV∞ R ⎛ a 2 ⎞⎛ 3 a 1 a3 ⎞ ~ ⎜1 − ⎟⎜1 − + ⎟ (10.9.35) 黏性力 2 μ ⎝ R 2 ⎠⎝ 2 R 2 R3 ⎠ 第 10 章 黏性不可压缩流体的外部流动 ·183· 从式(10.9.35)中可明显看出，比值与 R 成正比。在圆球近壁面附近，当 R 为小量时，比值为 小量；但当 R 取值较大时，在远离圆球壁面处，该比值不再是小量，惯性力不能忽略。这 明显与 Stokes近似的基础相互矛盾。因此， Stokes近似的流场解只适用于物体壁面附近的 区域。 为了提高Stokes近似的准确度，Oseen在1910年对Stokes近似提出了修正的意见，并得到 了相应的Oseen近似解。他根据无穷远和壁面边界条件，将速度场表示为如下形式： V = V∞ e z + v (10.9.36) 其中， v 为附加速度小量。将式(10.9.36)代入Navier-Stokes方程中，并忽略 v 的高阶小量， ∇ ⋅V = 0 (10.9.37) ∂V 1 μ V∞ = − ∇p + ∇ 2 v (10.9.38) ∂z ρ ρ 方程(10.9.37)和方程(10.9.38)即称为圆球绕流的Oseen修正方程，相应的边界条件为 V R→∞ = V∞ e z , V R→0 = 0 (10.9.39) p R →∞ = p∞ (10.9.40) 与Stokes近似方程(10.9.2)和方程(10.9.4)相比，Oseen修正方程的优点在于它保留了惯性力中 的主要部分。因此，它的解在整个流场中将更加符合实际流动。 求解Oseen近似方程，较求解Stokes方程更为复杂。对于圆球绕流来说，由于求解过程过 于烦琐，在此不作详细讨论，只给出最终的阻力公式： ⎛ 3aV∞ ⎞ F = 6πμV∞ a ⎜1 + ⎟ ez (10.9.41) ⎝ 8μ ⎠ 相应的圆球阻力系数为 24 ⎛ 3 ⎞ CD = ⎜1 + Re ⎟ (10.9.42) Re ⎝ 16 ⎠ 在图10-14中给出了低雷诺数圆球阻力系数的S",边界层/外绕流阻力,P6 > 平板边界层；P6 > 位移/动量厚度；M24 > 边界层积分题；Q5 > 边界层题库速解；M13 > 微题,P6,先算 Re_x/Re_L 判层流、湍流或转捩；直接题用 delta、Cf、阻力公式；速度剖面题用 M24 的 delta*、theta 和 Karman 模板；外绕流判断摩擦/压差阻力和分离。,1. 算 Re_x 或 Re_L；2. 判断层流/湍流/低 Re；3. 选厚度、Cf 或阻力公式；4. 若为厚度定义题，尝试写积分；5. 说明 v80 缺失的定义或图表。,"复杂非零压梯度动量积分、实验阻力图和扫描图数值仍需教材/图表；v80 已覆盖书10.3/10.5 常见剖面。 v80 已补 delta*, theta, H 的物理意义；复杂动量积分推导仍需手算。 v80 已补局部摩阻系数 cf、单位宽阻力 D'、CD=2theta/L、转捩位置 xcr、平板层/湍/混合阻力判定和湿表面积/迎风面积区分；复杂分离与实验阻力图仍需教材。 v80 保留给定速度剖面到 delta、theta、delta_E、tau_w、CD 的通用积分链，补强 delta、delta*、theta、delta_E 的物理意义，保留层/湍速度剖面标准句、Boussinesq 涡黏、吸气/吹气修正、自由射流动量通量入口、Theta 分离判据和 Karman--Pohlhausen 配边界步骤。",主题命中“边界层/外绕流阻力”，v80 基础过程覆盖约 87%。；题目要求推导或定义积分；v80 有 M24/M25/M26 骨架，但完整推导仍扣少量严谨性分。；仍依赖教材图表或读图；v80 有小查表/查表动作和收口模板，但不是完整数值表。,7.5,10.0,75.0,中高,
Q0537,课本教材题-张扬军文本,D:\虚拟C盘\学习\流体力学\张扬军（车辆学院）\教材\流体力学教材_text.txt,流体力学教材_text.txt,2,2. 形状阻力 如果流体从物体表面脱落，那么在物体背面流场中会形成一个低压区域。因此，对整个 物体表面上的压力进行积分，将会产生与流动方向一致的阻力。由于这个阻力取决于物体的 形状，所以通常称为形状阻力。另外，形状阻力还依赖于物体正面和背面的压力差，因此也 称为压差阻力。一般来说，除了流动雷诺数极小的情况，钝体绕流问题中，流动分离现象难 以避免。在沿流向尺度不大的钝体绕流问题中，形状阻力通常起主导作用。,边界层/外绕流阻力,P6 > 平板边界层；P6 > 位移/动量厚度；M24 > 边界层积分题；Q5 > 边界层题库速解；M13 > 微题,P6,先算 Re_x/Re_L 判层流、湍流或转捩；直接题用 delta、Cf、阻力公式；速度剖面题用 M24 的 delta*、theta 和 Karman 模板；外绕流判断摩擦/压差阻力和分离。,1. 算 Re_x 或 Re_L；2. 判断层流/湍流/低 Re；3. 选厚度、Cf 或阻力公式；4. 若为厚度定义题，尝试写积分；5. 说明 v80 缺失的定义或图表。,"复杂非零压梯度动量积分、实验阻力图和扫描图数值仍需教材/图表；v80 已覆盖书10.3/10.5 常见剖面。 v80 已补 delta*, theta, H 的物理意义；复杂动量积分推导仍需手算。 v80 已补局部摩阻系数 cf、单位宽阻力 D'、CD=2theta/L、转捩位置 xcr、平板层/湍/混合阻力判定和湿表面积/迎风面积区分；复杂分离与实验阻力图仍需教材。 v80 保留给定速度剖面到 delta、theta、delta_E、tau_w、CD 的通用积分链，补强 delta、delta*、theta、delta_E 的物理意义，保留层/湍速度剖面标准句、Boussinesq 涡黏、吸气/吹气修正、自由射流动量通量入口、Theta 分离判据和 Karman--Pohlhausen 配边界步骤。",主题命中“边界层/外绕流阻力”，v80 基础过程覆盖约 87%。；仍依赖教材图表或读图；v80 有小查表/查表动作和收口模板，但不是完整数值表。,8.3,10.0,83.0,中高,
Q0538,课本教材题-张扬军文本,D:\虚拟C盘\学习\流体力学\张扬军（车辆学院）\教材\流体力学教材_text.txt,流体力学教材_text.txt,3,3. 诱导阻力 在三维物体的绕流问题中，在物体两端常常会存在强烈的横向旋涡(如机翼、汽车等)。 通常情况下，横向旋涡会引起诱导速度，导致物体周围压力分布发生变化并作为阻力作用在 物体上。像这样伴随着旋涡产生而产生的阻力称为诱导阻力。,边界层/外绕流阻力,P6 > 平板边界层；P6 > 位移/动量厚度；M24 > 边界层积分题；Q5 > 边界层题库速解；M13 > 微题,P6,先算 Re_x/Re_L 判层流、湍流或转捩；直接题用 delta、Cf、阻力公式；速度剖面题用 M24 的 delta*、theta 和 Karman 模板；外绕流判断摩擦/压差阻力和分离。,1. 算 Re_x 或 Re_L；2. 判断层流/湍流/低 Re；3. 选厚度、Cf 或阻力公式；4. 若为厚度定义题，尝试写积分；5. 说明 v80 缺失的定义或图表。,"复杂非零压梯度动量积分、实验阻力图和扫描图数值仍需教材/图表；v80 已覆盖书10.3/10.5 常见剖面。 v80 已补 delta*, theta, H 的物理意义；复杂动量积分推导仍需手算。 v80 已补局部摩阻系数 cf、单位宽阻力 D'、CD=2theta/L、转捩位置 xcr、平板层/湍/混合阻力判定和湿表面积/迎风面积区分；复杂分离与实验阻力图仍需教材。 v80 保留给定速度剖面到 delta、theta、delta_E、tau_w、CD 的通用积分链，补强 delta、delta*、theta、delta_E 的物理意义，保留层/湍速度剖面标准句、Boussinesq 涡黏、吸气/吹气修正、自由射流动量通量入口、Theta 分离判据和 Karman--Pohlhausen 配边界步骤。",主题命中“边界层/外绕流阻力”，v80 基础过程覆盖约 87%。,8.7,10.0,87.0,中高,
Q0539,课本教材题-张扬军文本,D:\虚拟C盘\学习\流体力学\张扬军（车辆学院）\教材\流体力学教材_text.txt,流体力学教材_text.txt,10.10,10.10.2 减小黏性流体绕流物体阻力的措施 针对上述不同的阻力类型，可以采用如下的方法降低流体绕流的阻力。由于层流边界层 作用在物体表面上的切应力要比湍流边界层小得多，为了减小摩擦阻力，应使绕流物体表面 的层流边界层尽可能长，即让层流边界层转变为湍流边界层的转捩点尽可能往后推移；若要 降低形状阻力，则需尽量减小分离区，通常可采用减小逆压梯度的方法，即采用具有圆头尖 尾细长外形的流线型物面，从而可使壁面流动分离点位置尽量往后推移，通常情况下流线型 物体的阻力系数与非流线型物体相比小一个数量级；另外，形状确定的非流线型物体，如前 述圆球或圆柱体，则可采用人为增加表面粗糙度的方法，促使层流边界层较早地转变为湍流 边界层，以使分离点后移而减小形状阻力。虽然增加粗糙度会增大摩擦阻力，但分离点后移 却大大降低了形状阻力，这种方法对形状阻力占主的非流线型物体非常有效。 一般情况下，汽车在以时速 100km 行驶时，在受到的总阻力中摩擦阻力占 6%、形状阻力 占 48%、诱导阻力占 6%、波动阻力约为 0%、干涉阻力约占 12%，剩余的阻力分别来自轮胎 转动的摩擦阻力和轴承的摩擦阻力。因此，最有效的减少汽车阻力的途径是改善车体的外形 第 10 章 黏性不可压缩流体的外部流动 ·185· 来降低形状阻力。在实际工程上，为了尽量不让流体产生分离，汽车常常被设计成流线型， 并将棱角做得相对圆滑。 科技前沿(10)——船舶减阻技术 习 题 已知边界层内流体速度分布为 u ue = ( y δ ) ( 0 ≤ y ≤ δ ) ，其中 δ 是边界层的厚度， 1/6 10-1 试求边界层的位移厚度、动量损失厚度和能量损失厚度。 10-2 设 来流速 度为 ue 的平板 层流边界层 内无量纲速 度可表示为 四次多项式 ，即 u ue = aη 4 + bη 3 + cη 2 + dη + e ，其中 η = y δ ， a 、 b 、 c 、 d 、 e 是待定常数，试用卡门动量 积分方程求边界层流动的近似解。 10-3 设平板层流边界层的速度分布 u ue = 1 − exp(− kη ) ，其中 η = y δ ， ue 为外流速度， k 为待定常系数。试求系数 k 及边界层的位移厚度 δ1 和动量损失厚度 θ 。(提示：系数 k 可由 边界条件 y = δ 时， u = 0.99ue 确定。) 10-4 一块长 1.2 m 、宽 0.6 m 的平板，顺流放置于速度为 0.8m/ s 的恒定水流中，设平板 上边界层内的速度分布为 u ue = η (2 − η ) ，其中 η = y δ ， δ 为边界层厚度， y 为与平板的垂 直距离。试求：(1)边界层厚度的最大值；(2)作用在平板上的单面阻力。(设水温为 20℃ 。) 10-5 若平板层流边界层内速度分布规律为正弦曲线 u =,边界层/外绕流阻力,P6 > 平板边界层；P6 > 位移/动量厚度；M24 > 边界层积分题；Q5 > 边界层题库速解；M13 > 微题,P6,先算 Re_x/Re_L 判层流、湍流或转捩；直接题用 delta、Cf、阻力公式；速度剖面题用 M24 的 delta*、theta 和 Karman 模板；外绕流判断摩擦/压差阻力和分离。,1. 算 Re_x 或 Re_L；2. 判断层流/湍流/低 Re；3. 选厚度、Cf 或阻力公式；4. 若为厚度定义题，尝试写积分；5. 说明 v80 缺失的定义或图表。,"复杂非零压梯度动量积分、实验阻力图和扫描图数值仍需教材/图表；v80 已覆盖书10.3/10.5 常见剖面。 v80 已补 delta*, theta, H 的物理意义；复杂动量积分推导仍需手算。 v80 已补局部摩阻系数 cf、单位宽阻力 D'、CD=2theta/L、转捩位置 xcr、平板层/湍/混合阻力判定和湿表面积/迎风面积区分；复杂分离与实验阻力图仍需教材。 v80 保留给定速度剖面到 delta、theta、delta_E、tau_w、CD 的通用积分链，补强 delta、delta*、theta、delta_E 的物理意义，保留层/湍速度剖面标准句、Boussinesq 涡黏、吸气/吹气修正、自由射流动量通量入口、Theta 分离判据和 Karman--Pohlhausen 配边界步骤。",主题命中“边界层/外绕流阻力”，v80 基础过程覆盖约 87%。；题目要求推导或定义积分；v80 有 M24/M25/M26 骨架，但完整推导仍扣少量严谨性分。；仍依赖教材图表或读图；v80 有小查表/查表动作和收口模板，但不是完整数值表。,7.5,10.0,75.0,中高,
Q0540,课本教材题-张扬军文本,D:\虚拟C盘\学习\流体力学\张扬军（车辆学院）\教材\流体力学教材_text.txt,流体力学教材_text.txt,0.5,0.5 m 处 边 界 层 的 厚 度 ( 设 空 气 的 运 动 黏 度 ν = 1.5 × 10−5 m 2 / s ， 流 动 发 生 转 捩 的 雷 诺 数 Recr = 5 × 105 ；层流边界层厚度按照式(10.2.35)计算)。 10-8 设光滑平板湍流边界层内速度剖面为 1 6 指数律：u ue = ( y δ ) ，若壁面切应力满 1/6 1 ⎛ μ ⎞4 足 τ w = 0.0233ρ ue2 ⎜ ⎟ ，试求：(1)边界层厚度 δ x ；(2)壁面摩擦系数 C f 表达式。 ⎝ ρ ueδ ⎠ 10-9 已知薄平板宽 b = 0.6 m ，长 l = 10m ，平板在石油中以速度 U = 5m/ s 等速滑动，石 油的动力黏度 μ = 0.0128 Pa⋅ s ，密度 ρ = 850 kg/ m3 。不考虑板厚的影响，并设临界雷诺数 Recr = 3.2 × 105 ，试确定：(1)层流边界层的长度 xcr ；(2)平板单面上所作用的摩擦阻力 D 。 10-10 矩形平板的长、短边长度分别为 4.5 m 及 1.5m 。它在静止空气中以 3m/ s 的速度 沿自身平面内运动。已知空气的密度 ρ = 1.205kg/ m3 ，运动黏度 ν = 1.5 × 10−5 m 2 / s 。试求： (1)平板沿短边方向运动时的摩擦阻力；(2)沿长边方向运动时的摩擦阻力，以及两种情况下 摩擦阻力之比(令转捩的临界雷诺数为 Recr = 5 × 105 )。 ·186· 流 体 力 学 10-11 有两辆迎风面积均为 A = 2 m 2 的汽车。其中一辆为 20 世纪 20 年代的老式车，绕 流阻力系数为 CD1 = 0.8 ；另一辆为当今有良好外形的新式车，绕流阻力系数 CD 2 = 0.28 。若 两辆车在气温为 20℃ 、无风的条件下，均以 90 km/ h 的车速行驶，试求为克服空气阻力各需 多大的功率？ 10-12 为了确定液体的运动黏度ν 和密度 ρ ，观察两个不同的小圆球在该液体中的下落 速度。一个小球是铅质的，直径 d1 = 3mm ，材料密度 ρ1 = 2.6 × 103 kg/ m3 ；另一个小球是赛 璐珞的，直径 d 2 = 4.5 mm ，材料密度 ρ2 = 1.4 × 103 kg/ m3 。对两个小球所测得的终端速度分 别为 V1 = 0.5cm/ s ， V2 = 0.2 cm/ s ，试计算液体的运动黏度ν 和密度 ρ (绕流雷诺数 Re < 1 时， 24 13 阻 力 系 数 为 CD = ； 绕 流 雷 诺 数 1 < Re < 103 时 ， 阻 力 系 数 CD = ；绕流雷诺数 Re Re 103 < Re < 2 × 105 时，阻力系数 CD = 0.45 )。 第 11 章 不可压缩理想流体流动 通常,边界层/外绕流阻力,P6 > 平板边界层；P6 > 位移/动量厚度；M24 > 边界层积分题；Q5 > 边界层题库速解；M13 > 微题,P6,先算 Re_x/Re_L 判层流、湍流或转捩；直接题用 delta、Cf、阻力公式；速度剖面题用 M24 的 delta*、theta 和 Karman 模板；外绕流判断摩擦/压差阻力和分离。,1. 算 Re_x 或 Re_L；2. 判断层流/湍流/低 Re；3. 选厚度、Cf 或阻力公式；4. 若为厚度定义题，尝试写积分；5. 说明 v80 缺失的定义或图表。,"复杂非零压梯度动量积分、实验阻力图和扫描图数值仍需教材/图表；v80 已覆盖书10.3/10.5 常见剖面。 v80 已补 delta*, theta, H 的物理意义；复杂动量积分推导仍需手算。 v80 已补局部摩阻系数 cf、单位宽阻力 D'、CD=2theta/L、转捩位置 xcr、平板层/湍/混合阻力判定和湿表面积/迎风面积区分；复杂分离与实验阻力图仍需教材。 v80 保留给定速度剖面到 delta、theta、delta_E、tau_w、CD 的通用积分链，补强 delta、delta*、theta、delta_E 的物理意义，保留层/湍速度剖面标准句、Boussinesq 涡黏、吸气/吹气修正、自由射流动量通量入口、Theta 分离判据和 Karman--Pohlhausen 配边界步骤。",主题命中“边界层/外绕流阻力”，v80 基础过程覆盖约 87%。；仍依赖教材图表或读图；v80 有小查表/查表动作和收口模板，但不是完整数值表。,8.3,10.0,83.0,中高,
Q0541,课本教材题-张扬军文本,D:\虚拟C盘\学习\流体力学\张扬军（车辆学院）\教材\流体力学教材_text.txt,流体力学教材_text.txt,11.1,"11.1.1 有势流动和速度势 在第 3 章中已介绍了流体微团的运动，按流体微团本身是否旋转可将流动分为有旋流动 和无旋流动，其中无旋流动也称为有势流动或位势流。有势流动理论在流体机械设计，特别 是在边界层理论的计算和分析中具有重要意义。对于有势流动而言，存在速度势函数 φ ，速 度场和势函数之间满足 V = ∇φ (11.1.1) 式(11.1.1)的含义是：速度势的梯度就是流场的速度。需要指出的是，当流体做无旋流动 时，不论其是否可压缩，总有速度势存在。将式(11.1.1)在笛卡儿直角坐标系中展开，可以 ∂φ ∂φ ∂φ u= , v= , w= (11.1.2) ∂x ∂y ∂z 将速度与速度势关系式(11.1.1)或式(11.1.2)代入不可压缩流动的连续性方程中，可得 ∂2φ ∂2φ ∂2φ ∇ 2φ = + + =0 (11.1.3) ∂ x 2 ∂ y 2 ∂z 2 式(11.1.3)在数学上称为拉普拉斯(Laplace)方程。从上述分析可知，对于不可压缩无旋流动， 速度有势且满足拉普拉斯方程。求解不可压缩无旋流动问题，可转变为拉普拉斯方程的边值 ·188· 流 体 力 学 问题。将求解拉普拉斯方程所得速度势代入式(11.1.2)中，就可求得速度场。 例题 11-1 已知平面不可压缩定常有势流动的速度势函数为 φ = x 2 − y 2 ，求在点(2.0,1.5) 处速度的大小。",流体运动学/连续/流线迹线,P1 > 连续性；Q1 > 迹线/流线/脉线；M18 > 往年题可能问法；M23 > 概念短答库；T6 > 常见问法到答案,P1,先判速度场/描述方法；写连续、旋度、流线/迹线微分式；概念题直接用 M18/M23 的一句话答案；应力题转 Q1 张量模板。,1. 先按题干关键词选模型；2. 在 v80 对应页写首个控制方程/公式；3. 把题给几何、单位和边界条件代入；4. 做代数求解或列出需要查图查表的位置；5. 检查单位、方向、绝压/表压或适用条件。,若要求长篇推导或复杂坐标变换，仍需教材细节；v80 已足够支撑多数简答和基础计算过程。 v67 已补推导题固定结构，v69/v80 补截面、边界条件和概念收口检查。 v80 保留新题定位入口、非定常 Bernoulli 推导条件、速度势单值/路径无关证明、Lagrange/Kelvin 可抄证明句、涡管强度 ΩA 守恒、涡量矩模板、自由射流动量通量和 RTT 入口，并补纳维-斯托克斯原词、圆管断面速度分布原词、渐变流测压管水头；更长证明仍需教材措辞。,主题命中“流体运动学/连续/流线迹线”，v80 基础过程覆盖约 85%。；题型偏概念简答；v80 已有短答库，但非对应专栏仍扣少量组织分。,7.9,10.0,79.0,中高,
Q0542,课本教材题-张扬军文本,D:\虚拟C盘\学习\流体力学\张扬军（车辆学院）\教材\流体力学教材_text.txt,流体力学教材_text.txt,11.1,"11.1.2 流函数 对于平面不可压缩流动问题，还有另一个描绘流场的函数，即流函数。以笛卡儿直角坐 标系为例，根据连续性方程得 ∂u ∂v =− (11.1.4) ∂x ∂y 对于平面流动而言，可知流线方程为 dx dy = (11.1.5) u v 也可以写成 udy − vdx = 0 (11.1.6) 由微积分原理可知，式(11.1.4)是方程(11.1.6)成为某一函数ψ ( x, y ) 全微分的充分必要条 ∂ψ ∂ψ 件，因此有 dψ = dx + dy = udy − vdx (11.1.7) ∂x ∂y ∂ψ ∂ψ 其中， u= , v=− (11.1.8) ∂y ∂x 根据式(11.1.6)和式(11.1.7)，可知在流线上有 dψ = 0 或ψ = const ，而在不同流线上函数 ψ 可有不同取值。从上面分析可知，引入流函数的过程中未涉及流体有无黏性或流动是否有 势。因此，只要是不可压缩流体的平面流动，就必然存在 流函数。而三维流动中，除轴对称流动外，一般不引入流 函数。 下面进一步对流函数的物理含义进行讨论。图 11-1 中 实线为经过 A 和 B 两点的流线。取与流线相互正交的虚线 AB 并假定垂直于平面 Oxy 的流体厚度为 1，显然两条流线 之间流体的流量与通过虚线 AB 的流量相同。在虚线 AB 上 取一个微元弧段 dl ，那么 udy 代表经过 dl 从Ⅰ区进入Ⅱ区 的流量，而 vdx 代表了经过 dl 从Ⅱ区进入Ⅰ区的流量，则 经过 dl 从Ⅰ区进入Ⅱ区的净流量为 图 11-1 流函数物理意义示意图 dq = udy − vdx (11.1.9) 对虚线 AB 积分，可得到两条流线之间的总流量为 第 11 章 不可压缩理想流体流动 ·189· B B B Q = ∫ dq = ∫ udy − vdx = ∫ dψ = ψ B − ψ A (11.1.10) A A A 至此，可知流函数的物理意义是：二维平面流动中两条流线之间通过的流体体积流量， 等于两条流线上流函数值之差。此外，根据式(11.1.10)，可知两流线之间通过的流体体积流 量沿整个流线保持不变。 对于二维平面流动，涡量仅有垂直于流动平面的分量，即 ∂v ∂u ωz = − (11.1.11) ∂ x ∂y 对于势流流动，由于流动无旋，则有 ∂v ∂u − =0 (11.1.12) ∂x ∂y 从前面分析可知，在二维平面不可压缩势流动中，必然同时存在速度势和流函数。将速 度与流函数关系式(11.1.8)代入式(11.1.12)，可以得到流函数满足拉普拉斯方程，即 ∂2ψ ∂2ψ 2 + 2 = ∇ 2ψ = 0 (11.1.13) ∂x ∂y 因此，二维平面不可压缩势流的流函数也满足拉普拉斯方程。根据速度与速度势以及流函数 之间的关系，可得速度势函数 φ 与流函",流体运动学/连续/流线迹线,P1 > 连续性；Q1 > 迹线/流线/脉线；M18 > 往年题可能问法；M23 > 概念短答库；T6 > 常见问法到答案,P1,先判速度场/描述方法；写连续、旋度、流线/迹线微分式；概念题直接用 M18/M23 的一句话答案；应力题转 Q1 张量模板。,1. 先按题干关键词选模型；2. 在 v80 对应页写首个控制方程/公式；3. 把题给几何、单位和边界条件代入；4. 做代数求解或列出需要查图查表的位置；5. 检查单位、方向、绝压/表压或适用条件。,若要求长篇推导或复杂坐标变换，仍需教材细节；v80 已足够支撑多数简答和基础计算过程。 v67 已补推导题固定结构，v69/v80 补截面、边界条件和概念收口检查。 v80 保留新题定位入口、非定常 Bernoulli 推导条件、速度势单值/路径无关证明、Lagrange/Kelvin 可抄证明句、涡管强度 ΩA 守恒、涡量矩模板、自由射流动量通量和 RTT 入口，并补纳维-斯托克斯原词、圆管断面速度分布原词、渐变流测压管水头；更长证明仍需教材措辞。,主题命中“流体运动学/连续/流线迹线”，v80 基础过程覆盖约 85%。；题型偏概念简答；v80 已有短答库，但非对应专栏仍扣少量组织分。；仍依赖教材图表或读图；v80 有小查表/查表动作和收口模板，但不是完整数值表。,7.5,10.0,75.0,中高,
Q0543,课本教材题-张扬军文本,D:\虚拟C盘\学习\流体力学\张扬军（车辆学院）\教材\流体力学教材_text.txt,流体力学教材_text.txt,11.2,11.2.1 开尔文定理 开尔文定理是理想势流理论中的重要定理，其具体表述如下：理想正压流体在势力场作 用下，沿任何由流体质点所组成的封闭曲线的速度环量不随时间变化。下面给出证明。 证明：首先，根据环量定义，可知沿封闭曲线的速度环量为 ·190· 流 体 力 学 Γ = v∫ V ⋅ dl = v∫ udx + vdy + wdz (11.2.1) l l 然后，对速度环量求全微分得到速度环量随时间的变化率，即 DΓ D DV Du Dv Dw Dt Dt l∫ v ∫ udx + vdy + wdz = v Dt ∫ ⋅ dl = v dx + dy + dz (11.2.2) l l 由于理想流体流动满足欧拉方程： DV 1 = f − ∇p (11.2.3) Dt ρ 将式(11.2.3)代入式(11.2.2)中可得 DΓ ⎛ 1 ⎞ Dt ∫ =v ⎜ f − ∇p ⎟ ⋅ dl ρ ⎠,势流/圆柱/镜像/升力,P2 > 基本流表；P2 > 圆柱绕流；Q3 > 势流题库速解；T2/T3 > 原题压缩收录；R6 > 结论句,P2,先搭基元叠加或圆柱绕流模型；求速度场和 Cp；再用 Bernoulli 求压力，沿边界积分力；环量题写 Kutta-Joukowski 升力。,1. 写 phi/psi 或基元叠加；2. 求速度分量；3. 用 Bernoulli 得压力或 Cp；4. 沿边界积分压力分量；5. 说明理想势流假设和单位展长。,半圆柱/开孔/镜像图的几何积分限仍要读图；真实阻力不能用理想势流满分解释。 v80 保留薄板小攻角环量估计和 Kutta 升力收口；复杂构形仍需正确选镜像/基元。,主题命中“势流/圆柱/镜像/升力”，v80 基础过程覆盖约 82%。；题型偏概念简答；v80 已有短答库，但非对应专栏仍扣少量组织分。；题目要求推导或定义积分；v80 有 M24/M25/M26 骨架，但完整推导仍扣少量严谨性分。；仍依赖教材图表或读图；v80 有小查表/查表动作和收口模板，但不是完整数值表。,6.4,10.0,64.0,中高,
Q0544,课本教材题-张扬军文本,D:\虚拟C盘\学习\流体力学\张扬军（车辆学院）\教材\流体力学教材_text.txt,流体力学教材_text.txt,11.2,11.2.2 拉格朗日定理 根据开尔文定理，可以推导得到拉格朗日定理。具体描述是：理想正压流体在势力场作 用下，若某一时刻连续流场无旋，则流场始终无旋。证明过程如下。 证明：令 t0 时刻流场无旋，流场中任意位置均有 ∇ × V = 0 。流场中通过任意曲面上的涡 通量也为零，相应数学表达形式为 J = ∫∫ ( ∇ × V ) ⋅ ndA = 0 (11.2.7) 根据斯托克斯公式，任意封闭曲线上的速度环量等于通过该周线上曲面的涡通量，即初 始时刻任意封闭曲线上速度环量也等于零： Γ = v∫ V ⋅ dl = ∫∫ ( ∇ × V ) ⋅ ndA = 0 (11.2.8) l A 取任意初始封闭曲线为流体线，根据开尔文定理，当跟随它运动到 t 时刻，在这些封闭曲 线上的速度环量始终等于初始环量，即等于零。换句话说，对于任意时刻的任意封闭曲线有 Γ = v∫ V ⋅ dl = 0 (11.2.9) l(t ) 再由斯托克斯公式，可证明任意时刻通过张在任意封闭曲线 l ( t ) 上曲面的涡通量等于零， 第 11 章 不可压缩理想流体流动 ·191· J = ∫∫ ( ∇ × V ) ⋅ ndA = 0 (11.2.10) A( t ) 由于式(11.2.10)中 A ( t ) 为流场中的任意曲面，在任意时刻流场中处处满足 ∇ × V = 0 ，即流场 始终无旋。 拉格朗日定理说明，理想正压流体在势力场作用下运动时，流场中的涡量是不生不灭的。 若在某一时刻流场无旋则永远无旋，反之若流场在某一时刻有旋，则永远有旋，其涡量不可 能产生也不可能消失。本质上这是因为理想流体中不存在切应力，不能传递旋转运动。既不 能使无旋转的流体微团产生旋转，也不能使旋转的流体微团停止旋转。当开尔文定理的条件 得不到满足时，流体在运动过程中会产生涡量，并可能会形成旋涡。例如，大范围的大气应 视为非正压性流体，科里奥利力是非有势的质量力，这就是大范围大气会形成环流和旋风的 根本原因。,流体运动学/连续/流线迹线,P1 > 连续性；Q1 > 迹线/流线/脉线；M18 > 往年题可能问法；M23 > 概念短答库；T6 > 常见问法到答案,P1,先判速度场/描述方法；写连续、旋度、流线/迹线微分式；概念题直接用 M18/M23 的一句话答案；应力题转 Q1 张量模板。,1. 先按题干关键词选模型；2. 在 v80 对应页写首个控制方程/公式；3. 把题给几何、单位和边界条件代入；4. 做代数求解或列出需要查图查表的位置；5. 检查单位、方向、绝压/表压或适用条件。,若要求长篇推导或复杂坐标变换，仍需教材细节；v80 已足够支撑多数简答和基础计算过程。 v67 已补推导题固定结构，v69/v80 补截面、边界条件和概念收口检查。 v80 保留新题定位入口、非定常 Bernoulli 推导条件、速度势单值/路径无关证明、Lagrange/Kelvin 可抄证明句、涡管强度 ΩA 守恒、涡量矩模板、自由射流动量通量和 RTT 入口，并补纳维-斯托克斯原词、圆管断面速度分布原词、渐变流测压管水头；更长证明仍需教材措辞。,主题命中“流体运动学/连续/流线迹线”，v80 基础过程覆盖约 85%。；题型偏概念简答；v80 已有短答库，但非对应专栏仍扣少量组织分。；题目要求推导或定义积分；v80 有 M24/M25/M26 骨架，但完整推导仍扣少量严谨性分。；仍依赖教材图表或读图；v80 有小查表/查表动作和收口模板，但不是完整数值表。,6.7,10.0,67.0,中高,
Q0545,课本教材题-张扬军文本,D:\虚拟C盘\学习\流体力学\张扬军（车辆学院）\教材\流体力学教材_text.txt,流体力学教材_text.txt,11.2,11.2.3 亥姆霍兹定理 亥姆霍兹定理是研究理想流体有旋流动的基本定理，说明了旋涡的基本性质。下面分别 给出亥姆霍兹第一和第二定理，并简要叙述其证明过程。 (1)亥姆霍兹第一定理：理想正压流体在势力场作用下，涡线在运动过程中一直保持为相 同流体质点组成的涡线。一般情况下涡线可以视为两个涡面的交线。只要证明涡面具有保持 性，就证明了涡线的保持性。涡面的保持性就是说组成涡面的流体质点永远组成涡面，或者 说涡面就是流体面。具体证明过程如下：设某一时刻流体中有一个涡面，在此涡面上任取一 条封闭曲线，那么根据斯托克斯定理可以证明，绕此封闭曲线的速度环量为零。根据开尔文 定理，在其余任意时刻，该封闭曲线的速度环量始终为零，根据斯托克斯定理，可知张在封 闭曲线上曲面的涡通量也始终为零，即理想正压流体在势力场中运动时，涡面始终是涡面， 即涡面具有保持性。 (2)亥姆霍兹第二定理：理想正压流体在势力场作用下，涡管在运动过程中一直保持为相 同流体质点组成的涡管，并且涡管的强度不随时间变化。具体证明如下：首先证明涡管的保 持性。在涡管表面任取一条由许多流体质点组成的封闭曲线，因曲线所包围的面积无涡线通 过，由斯托克斯定理知，沿周线的速度环量为零。根据开尔文定理，速度环量不能自生自灭， 沿周线的速度环量始终为零。因此，涡管运动过程中，涡线不会通过涡管表面，涡管表面的 流体质点始终在涡管上，涡管形状尽管会发生变化，但不会被破坏。其次证明涡管的强度不 随时间变化。由斯托克斯定理，沿围绕涡管截面封闭曲线的速度环量等于涡管的旋涡强度， 再根据卡尔文定理，该速度环量不随时间变化，所以涡管的旋涡强度也不随时间变化。,流体运动学/连续/流线迹线,P1 > 连续性；Q1 > 迹线/流线/脉线；M18 > 往年题可能问法；M23 > 概念短答库；T6 > 常见问法到答案,P1,先判速度场/描述方法；写连续、旋度、流线/迹线微分式；概念题直接用 M18/M23 的一句话答案；应力题转 Q1 张量模板。,1. 先按题干关键词选模型；2. 在 v80 对应页写首个控制方程/公式；3. 把题给几何、单位和边界条件代入；4. 做代数求解或列出需要查图查表的位置；5. 检查单位、方向、绝压/表压或适用条件。,若要求长篇推导或复杂坐标变换，仍需教材细节；v80 已足够支撑多数简答和基础计算过程。 v67 已补推导题固定结构，v69/v80 补截面、边界条件和概念收口检查。 v80 保留新题定位入口、非定常 Bernoulli 推导条件、速度势单值/路径无关证明、Lagrange/Kelvin 可抄证明句、涡管强度 ΩA 守恒、涡量矩模板、自由射流动量通量和 RTT 入口，并补纳维-斯托克斯原词、圆管断面速度分布原词、渐变流测压管水头；更长证明仍需教材措辞。,主题命中“流体运动学/连续/流线迹线”，v80 基础过程覆盖约 85%。；题型偏概念简答；v80 已有短答库，但非对应专栏仍扣少量组织分。；题目要求推导或定义积分；v80 有 M24/M25/M26 骨架，但完整推导仍扣少量严谨性分。；仍依赖教材图表或读图；v80 有小查表/查表动作和收口模板，但不是完整数值表。,6.7,10.0,67.0,中高,
Q0546,课本教材题-张扬军文本,D:\虚拟C盘\学习\流体力学\张扬军（车辆学院）\教材\流体力学教材_text.txt,流体力学教材_text.txt,11.3,"11.3.2 点源和点汇 流体从平面上的一点沿径向直线均匀地向各个方向流出，这种流动称为点源流动，出发 点称为点源。相反地，若流体沿径向直线均匀地从各方流入一点，这种流动称为点汇流动， 汇集点称为点汇或负点源。点源流动和点汇流动如图 11-4 所示。其中流体的速度只有径向速 度 ur ，圆周速度 uθ 为零。取点源(或点汇)作为极坐标原点。在极坐标系下，速度势与速度分 量之间的关系可以写为 ur = , uθ = 0 (11.3.10) 第 11 章 不可压缩理想流体流动 ·193· 图 11-4 点源和点汇 即 dφ = u r dr (11.3.11) 由于流动不可压缩，根据流动的连续性条件，流体通过任一单位长圆柱面的体积流量 Q 都 相等。对于半径为 r 、轴向为单位长度的圆柱面，通过该圆柱面的体积流量为 Q = 2πrur × 1 (11.3.12) 因此，可得径向速度分量表达式为 ur = (11.3.13) 2πr 其中，Q 为点源或点汇的强度。对于点源 Q > 0 ，ur > 0 ；对于点汇 Q < 0 ，ur < 0 。将式(11.3.13) 代入速度势函数的微分表达式(11.3.11)中，可以得到 dφ = dr (11.3.14) 2πr 积分可得速度势函数表达式为 Q Q ln r + C1 = ln x 2 + y 2 + C1 (11.3.15) 2π 2π 其中， C1 为积分常数。从式(11.3.13)和式(11.3.15)中可知，当 r = 0 时，速度和速度势函数均 变为无穷大，在流场中点源和点汇是奇点，速度和速度势函数的表达式在点源和点汇以外的 区域才适用。下面来求解点源或点汇流动的流函数，根据流函数与速度分量之间的关系有 ∂φ ∂φ Q y Q x Q xdy − ydx dψ = −vdx + udy = − dx + dy = − dx + dy = (11.3.16) ∂y ∂x 2 2π x + y 2 2 2π x + y 2 2π x 2 + y 2 积分式(11.3.16)，可得 Q xdy − ydx Q d ( y / x) Q ⎛ y⎞ ψ =∫ = ∫ = arctan ⎜ ⎟ + C2 (11.3.17) 2 2π x + y 2 2π 1 + ( y / x ) 2π 2 ⎝ x⎠ 其中， C 2 为积分常数。由于 y / x = tan θ ，若令积分常数 C2 = 0 ，则可得流函数表达形式为 ψ= θ (11.3.18) 2π 其中，θ 为极坐标的幅角。由于流函数等值线即流线，对于点源或点汇流动，流线(ψ = const 即 θ =const )是一组径向直线，而势函数等值线( φ = const 即 r = const )是一组同心圆，显然二 者相互正交。 若平面 Oxy 是无限大的水平",势流/圆柱/镜像/升力,P2 > 基本流表；P2 > 圆柱绕流；Q3 > 势流题库速解；T2/T3 > 原题压缩收录；R6 > 结论句,P2,先搭基元叠加或圆柱绕流模型；求速度场和 Cp；再用 Bernoulli 求压力，沿边界积分力；环量题写 Kutta-Joukowski 升力。,1. 写 phi/psi 或基元叠加；2. 求速度分量；3. 用 Bernoulli 得压力或 Cp；4. 沿边界积分压力分量；5. 说明理想势流假设和单位展长。,半圆柱/开孔/镜像图的几何积分限仍要读图；真实阻力不能用理想势流满分解释。 v80 保留薄板小攻角环量估计和 Kutta 升力收口；复杂构形仍需正确选镜像/基元。,主题命中“势流/圆柱/镜像/升力”，v80 基础过程覆盖约 82%。；题目要求推导或定义积分；v80 有 M24/M25/M26 骨架，但完整推导仍扣少量严谨性分。；仍依赖教材图表或读图；v80 有小查表/查表动作和收口模板，但不是完整数值表。,7.0,10.0,70.0,中高,
Q0547,课本教材题-张扬军文本,D:\虚拟C盘\学习\流体力学\张扬军（车辆学院）\教材\流体力学教材_text.txt,流体力学教材_text.txt,11,"(11.3.20) 8π 2 r 2 点源或点汇流动的压强分布随着半径的减少而降低，并且存在临界半径 r0 ，当 r = r0 时 p = 0 。 根据式(11.3.20)可得临界半径表达式： Q ρ r0 = (11.3.21) 2π 2 p∞ 例题 11-2 有位于 (1, 0) 和 (−1, 0) 两点具有相同强度为 4π 的点源，试求流场中 (0,0) 、(0,1) 、 (0, −1) 和 (1,1) 处的速度。 4π y",势流/圆柱/镜像/升力,P2 > 基本流表；P2 > 圆柱绕流；Q3 > 势流题库速解；T2/T3 > 原题压缩收录；R6 > 结论句,P2,先搭基元叠加或圆柱绕流模型；求速度场和 Cp；再用 Bernoulli 求压力，沿边界积分力；环量题写 Kutta-Joukowski 升力。,1. 写 phi/psi 或基元叠加；2. 求速度分量；3. 用 Bernoulli 得压力或 Cp；4. 沿边界积分压力分量；5. 说明理想势流假设和单位展长。,半圆柱/开孔/镜像图的几何积分限仍要读图；真实阻力不能用理想势流满分解释。 v80 保留薄板小攻角环量估计和 Kutta 升力收口；复杂构形仍需正确选镜像/基元。,主题命中“势流/圆柱/镜像/升力”，v80 基础过程覆盖约 82%。；题目要求推导或定义积分；v80 有 M24/M25/M26 骨架，但完整推导仍扣少量严谨性分。；仍依赖教材图表或读图；v80 有小查表/查表动作和收口模板，但不是完整数值表。,7.0,10.0,70.0,中高,
Q0548,课本教材题-张扬军文本,D:\虚拟C盘\学习\流体力学\张扬军（车辆学院）\教材\流体力学教材_text.txt,流体力学教材_text.txt,11.3,"11.3.3 涡流和点涡 假设有一个无限长的直线涡束像刚体一样 以等角速度绕中心轴旋转，其周围流体在涡束 诱导作用下，绕涡束做同向的环形流动。在与 涡束轴线垂直的每个平面内，流动情况是一致 的，这种以涡束诱导出的平面流动，称为 xOy 平 面内的涡束和涡流。如图 11-5 所示，坐标原点 为涡束的轴心， r0 为涡束的半径，外围区为涡 流。涡流场中空间一点上流体的运动速度与该 点到轴心的距离密切相关，并且当距离增加时 速度将减小。令涡束的旋涡强度为常数，由斯 图 11-5 涡束诱导出的涡流 托克斯定理可知，包围该涡束的速度环量也为 常数。利用环量的定义，可求出涡流在不同半径圆周线上的速度，即 Γ = 2πruθ (11.3.22) 于是可得涡流周向运动速度 (11.3.23) uθ = 2πr 在涡流区域，流体运动速度与半径成反比。在涡束内部，流动速度与半径成正比，即 uθ = rω ，其中， ω 为涡束旋转的角速度。根据涡流区速度分布式(11.3.23)，可知涡流区域流 动无旋，称为势流旋转区。涡束内部流动有旋，称为涡核区。 将涡流速度与半径关系式(11.3.23)代入伯努利方程，忽略体积力，可得势流旋转区的压 强分布为 1 ρ Γ2 p = p∞ − ρ uθ2 = p∞ − 2 2 (11.3.24) 2 8π r 其中， p∞ 为距离涡核区无穷远处 (r → ∞ ) 的压强。势流旋转区的压强随半径增加而增加。令 在涡核表面压强 p = p0 ，那么根据式(11.3.24)可以得到涡核半径表达式为 Γ ρ r0 = (11.3.25) 2π 2 ( p∞ − p0 ) 接下来求解涡核内部的压强分布。涡核内部为有旋流动，根据欧拉运动微分方程即可求 解流体的压强。平面二维定常欧拉运动微分方程为 ∂u ∂u 1 ∂p ∂v ∂v 1 ∂p u +v =− , u +v =− (11.3.26) ∂x ∂y ρ ∂x ∂x ∂y ρ ∂y ·196· 流 体 力 学 在涡核内部速度分量为 u = −ω y 、 v = ω x ，代入式(11.3.26)中可得 1 ∂p 1 ∂p ω2x = , ω2 y = (11.3.27) ρ ∂x ρ ∂y 式(11.3.27)分别乘以 dx 和 dy ，并相加可得 1 ⎛ ∂p ∂p ⎞ ω 2 ( xdx + ydy ) = ⎜ dx + dy ⎟ (11.3.28) ρ ⎝ ∂x ∂y ⎠ ω2 进一步化简，可得 2 ( ) ρ1 dp d x2 + y 2 = (11.3.29) 积分式(11.3.29)，可得 1 2 ( ) 1 1 ρω 2 x 2 + y 2 + C = ρω 2 r 2 + C = ρ uθ2 + C 2 2",流体运动学/连续/流线迹线,P1 > 连续性；Q1 > 迹线/流线/脉线；M18 > 往年题可能问法；M23 > 概念短答库；T6 > 常见问法到答案,P1,先判速度场/描述方法；写连续、旋度、流线/迹线微分式；概念题直接用 M18/M23 的一句话答案；应力题转 Q1 张量模板。,1. 先按题干关键词选模型；2. 在 v80 对应页写首个控制方程/公式；3. 把题给几何、单位和边界条件代入；4. 做代数求解或列出需要查图查表的位置；5. 检查单位、方向、绝压/表压或适用条件。,若要求长篇推导或复杂坐标变换，仍需教材细节；v80 已足够支撑多数简答和基础计算过程。 v67 已补推导题固定结构，v69/v80 补截面、边界条件和概念收口检查。 v80 保留新题定位入口、非定常 Bernoulli 推导条件、速度势单值/路径无关证明、Lagrange/Kelvin 可抄证明句、涡管强度 ΩA 守恒、涡量矩模板、自由射流动量通量和 RTT 入口，并补纳维-斯托克斯原词、圆管断面速度分布原词、渐变流测压管水头；更长证明仍需教材措辞。,主题命中“流体运动学/连续/流线迹线”，v80 基础过程覆盖约 85%。；题型偏概念简答；v80 已有短答库，但非对应专栏仍扣少量组织分。；题目要求推导或定义积分；v80 有 M24/M25/M26 骨架，但完整推导仍扣少量严谨性分。；仍依赖教材图表或读图；v80 有小查表/查表动作和收口模板，但不是完整数值表。,6.7,10.0,67.0,中高,
Q0549,课本教材题-张扬军文本,D:\虚拟C盘\学习\流体力学\张扬军（车辆学院）\教材\流体力学教材_text.txt,流体力学教材_text.txt,11,"(11.3.35) 2 从上述结果可以看出，涡核内、外压强变化的幅度相等，都等于涡核边缘速度所转换成 的动压强。涡核内、外的压强分布如图 11-6 所示，由于涡核区内部压强低于势流旋转区，将 会有流体从势流旋转区被抽吸到涡核区。 图 11-6 涡流中的压强分布 第 11 章 不可压缩理想流体流动 ·197· 当涡束的半径趋于无穷小时，涡束成为一条涡线，涡线诱导的平面内的涡流称为点涡流。 点涡流中心点处的角速度为无穷大，是一个奇点。接下来求解平面点涡流的速度势函数和流 函数。根据速度势函数和速度分量之间的关系，可得 ∂φ 1 ∂φ Γ ur = = 0, uθ = = (11.3.36) ∂r r ∂θ 2πr 速度势函数的全微分可写成 ∂φ ∂φ Γ dφ = dr + dθ = dθ (11.3.37) ∂r ∂θ 2π 积分式(11.3.37)，可得速度势函数为 ⎛ y⎞ Γ Γ arctan ⎜ ⎟ φ=",势流/圆柱/镜像/升力,P2 > 基本流表；P2 > 圆柱绕流；Q3 > 势流题库速解；T2/T3 > 原题压缩收录；R6 > 结论句,P2,先搭基元叠加或圆柱绕流模型；求速度场和 Cp；再用 Bernoulli 求压力，沿边界积分力；环量题写 Kutta-Joukowski 升力。,1. 写 phi/psi 或基元叠加；2. 求速度分量；3. 用 Bernoulli 得压力或 Cp；4. 沿边界积分压力分量；5. 说明理想势流假设和单位展长。,半圆柱/开孔/镜像图的几何积分限仍要读图；真实阻力不能用理想势流满分解释。 v80 保留薄板小攻角环量估计和 Kutta 升力收口；复杂构形仍需正确选镜像/基元。,主题命中“势流/圆柱/镜像/升力”，v80 基础过程覆盖约 82%。；题目要求推导或定义积分；v80 有 M24/M25/M26 骨架，但完整推导仍扣少量严谨性分。；仍依赖教材图表或读图；v80 有小查表/查表动作和收口模板，但不是完整数值表。,7.0,10.0,70.0,中高,
Q0550,课本教材题-张扬军文本,D:\虚拟C盘\学习\流体力学\张扬军（车辆学院）\教材\流体力学教材_text.txt,流体力学教材_text.txt,11,"(11.3.38) θ= 2π 2π ⎝x⎠ 由速度势函数可进一步求得流函数，根据速度势函数和流函数之间的关系，可得 ∂ψ ∂φ Γ x ∂ψ ∂φ Γ y =− =− , = =− (11.3.39) ∂x ∂y 2π x + y 2 2 ∂y ∂x 2 2π x + y 2 可得流函数的全微分形式： dψ = dx + dy = − Γ d x +y ( 2 2 ) = − Γ dr 2",势流/圆柱/镜像/升力,P2 > 基本流表；P2 > 圆柱绕流；Q3 > 势流题库速解；T2/T3 > 原题压缩收录；R6 > 结论句,P2,先搭基元叠加或圆柱绕流模型；求速度场和 Cp；再用 Bernoulli 求压力，沿边界积分力；环量题写 Kutta-Joukowski 升力。,1. 写 phi/psi 或基元叠加；2. 求速度分量；3. 用 Bernoulli 得压力或 Cp；4. 沿边界积分压力分量；5. 说明理想势流假设和单位展长。,半圆柱/开孔/镜像图的几何积分限仍要读图；真实阻力不能用理想势流满分解释。 v80 保留薄板小攻角环量估计和 Kutta 升力收口；复杂构形仍需正确选镜像/基元。,主题命中“势流/圆柱/镜像/升力”，v80 基础过程覆盖约 82%。；题目要求推导或定义积分；v80 有 M24/M25/M26 骨架，但完整推导仍扣少量严谨性分。,7.4,10.0,74.0,中高,
Q0551,课本教材题-张扬军文本,D:\虚拟C盘\学习\流体力学\张扬军（车辆学院）\教材\流体力学教材_text.txt,流体力学教材_text.txt,11.3,"11.3 节讨论了几种简单的平面不可压无旋流动，实际上经常会遇到较为复杂的平面不可 压无旋流动，而复杂的平面不可压无旋流动通常可认为由几种简单的平面不可压无旋流动叠 加而成，即几个平面不可压无旋流动叠加后仍是平面不可压无旋流动。 这里以两个速度场的叠加为例， u 、 v 表示叠加后的速度分量，而 u1 、 v1 、 u2 、 v2 表示 被叠加流动的速度分量，它们之间的关系如下： u = u1 + u2 , v = v1 + v2 (11.4.1) 被叠加的速度场为平面不可压无旋流场，与之相应的速度势函数和流函数分别为 φ1 、ψ 1 和 φ2 、 ψ 2 。根据速度势函数、流函数与速度分量之间的关系以及式(11.4.1)，可得 ∂φ1 ∂φ 2 ∂ ∂φ ∂φ ∂ ( ) φ1 + φ2 , v = 1 + 2 = ∂y ∂y ∂ y φ1 + φ 2 ( ) (11.4.2) 叠加以后流场的速度势函数为 φ = ∫ dφ = ∫ dx + dy = ∫ udx + vdy = ∫ ∂ φ1 + φ 2 dx + ∂ φ1 + φ 2(dy ) ( ) ∂x ∂y ∂x ∂y (11.4.3) ( ) = ∫ d φ1 + φ 2 = φ1 + φ 2 同理得叠加后流场的流函数为 ψ = ψ1 +ψ 2 (11.4.4) ·198· 流 体 力 学 几个平面不可压无旋流叠加后得到新的平面不可压无旋流，其速度势和流函数分别为被 叠加势流速度势和流函数的代数和。",势流/圆柱/镜像/升力,P2 > 基本流表；P2 > 圆柱绕流；Q3 > 势流题库速解；T2/T3 > 原题压缩收录；R6 > 结论句,P2,先搭基元叠加或圆柱绕流模型；求速度场和 Cp；再用 Bernoulli 求压力，沿边界积分力；环量题写 Kutta-Joukowski 升力。,1. 写 phi/psi 或基元叠加；2. 求速度分量；3. 用 Bernoulli 得压力或 Cp；4. 沿边界积分压力分量；5. 说明理想势流假设和单位展长。,半圆柱/开孔/镜像图的几何积分限仍要读图；真实阻力不能用理想势流满分解释。 v80 保留薄板小攻角环量估计和 Kutta 升力收口；复杂构形仍需正确选镜像/基元。,主题命中“势流/圆柱/镜像/升力”，v80 基础过程覆盖约 82%。；仍依赖教材图表或读图；v80 有小查表/查表动作和收口模板，但不是完整数值表。,7.8,10.0,78.0,中高,
Q0552,课本教材题-张扬军文本,D:\虚拟C盘\学习\流体力学\张扬军（车辆学院）\教材\流体力学教材_text.txt,流体力学教材_text.txt,11,(11.4.6) 假设点源和点汇的强度相同，即 QA = QB = Q ，代入式(11.4.5)中得 Q rA Q y + ( x + a ) 2 2 φ= ln = ln (11.4.7) 2π rB 4π y 2 + ( x − a )2 同理得叠加后的流函数为 Q Q ψ= (θ A − θ B ) = − θ p (11.4.8) 2π 2π 其中， θ p 为空间任意点 p 与点源中心 A 和点 汇中心 B 连线的夹角。根据流线方程ψ = const ， 可知流线是经过点源和点汇的一族圆。 当点源和点汇无限接近即 a → 0 时，可得 图 11-7 点源与点汇流动的叠加 到一种新的平面不可压势流解，即偶极子流动。 令 a → 0 时，点源(点汇)的强度 Q → ∞ ，并且保持 M = 2aQ 为一个有限常数，通常称 M 为偶 极矩。根据式(11.4.5)，可得偶极子流场速度势函数为 Q rA Q ⎛ rA − rB ⎞ φ= ln = ln ⎜1 + ⎟ (11.4.9) 2π rB 2π ⎝ rB ⎠ 如图 11-8 所示， rA − rB ≈ 2 acosθ A ，当 a → 0 时， rA → rB → r 、 θ A → θ 。根据对数函数 的性质， ε → 0 时， ln(1 + ε ) ≈ ε ，故式(11.4.9)可以化简为 ⎡ Q ⎛ r − r ⎞⎤ ⎡ Q ⎛ 2a cosθ A ⎞ ⎤ ⎛ Q 2a cosθ ⎞ φ = lim ⎢ ln ⎜1 + A B ⎟ ⎥ = lim ⎢ ln ⎜1 + ⎟ ⎥ = lim ⎜ ⎟ rA →rB 2π rB ⎠ ⎦ a→0 ⎣ 2π ⎝ r ⎠ ⎦ a→0 ⎝ 2π r ⎠ ⎣ ⎝ (11.4.10) M cosθ M r cosθ M x = = = 2π r 2π r 2 2π x 2 + y 2 同理，可得到点源和点汇叠加后的流函数为 Q ⎡ ⎛ y ⎞⎤ (θ A − θ B ) = ⎢arctan ⎜⎛ Q y ⎞ ψ= ⎟ − arctan ⎜ ⎟⎥ 2π 2π ⎣ ⎝x+a⎠ ⎝ x − a ⎠⎦ y y (11.4.11) Q x + a x − a = Q arctan −2ay = arctan 2π y y 2π 2 x + y 2 − a2 1+ x+a x−a 第 11 章 不可压缩理想流体流动 ·199· 在 a → 0 极限情况下，式(11.4.11)可以化简为 Q −2ay M y ψ = lim arctan 2 2 2 =− (11.4.12) a →0 2π x + y −a 2 2π x + y 2 由于流函数等值线即流线，可得偶极子流场的流线方程为 M y − =C (11.4.13) 2π x 2 + y 2 2 2 ⎛ M ⎞ ⎛ M ⎞ ,势流/圆柱/镜像/升力,P2 > 基本流表；P2 > 圆柱绕流；Q3 > 势流题库速解；T2/T3 > 原题压缩收录；R6 > 结论句,P2,先搭基元叠加或圆柱绕流模型；求速度场和 Cp；再用 Bernoulli 求压力，沿边界积分力；环量题写 Kutta-Joukowski 升力。,1. 写 phi/psi 或基元叠加；2. 求速度分量；3. 用 Bernoulli 得压力或 Cp；4. 沿边界积分压力分量；5. 说明理想势流假设和单位展长。,半圆柱/开孔/镜像图的几何积分限仍要读图；真实阻力不能用理想势流满分解释。 v80 保留薄板小攻角环量估计和 Kutta 升力收口；复杂构形仍需正确选镜像/基元。,主题命中“势流/圆柱/镜像/升力”，v80 基础过程覆盖约 82%。；题目要求推导或定义积分；v80 有 M24/M25/M26 骨架，但完整推导仍扣少量严谨性分。；仍依赖教材图表或读图；v80 有小查表/查表动作和收口模板，但不是完整数值表。,7.0,10.0,70.0,中高,
Q0553,课本教材题-张扬军文本,D:\虚拟C盘\学习\流体力学\张扬军（车辆学院）\教材\流体力学教材_text.txt,流体力学教材_text.txt,11.5,11.5.1 平行流绕圆柱体无环量的流动 流体的绕流现象在自然界和工程领域广泛存在，如河水绕桥柱的流动、空气绕机翼的流 动等。这里讨论最简单的绕流问题，即平行流绕圆柱的无环量绕流问题。对于圆柱体表面存 在环量的绕流问题，将在 11.5.2 节中讨论。 平行流绕圆柱体无环量的流动可视为平行流与偶极子流的叠加，叠加后的流函数为 M y ⎛ M 1 ⎞ ψ = V∞ y − 2 2 = V∞ y ⎜1 − 2 2 ⎟,势流/圆柱/镜像/升力,P2 > 基本流表；P2 > 圆柱绕流；Q3 > 势流题库速解；T2/T3 > 原题压缩收录；R6 > 结论句,P2,先搭基元叠加或圆柱绕流模型；求速度场和 Cp；再用 Bernoulli 求压力，沿边界积分力；环量题写 Kutta-Joukowski 升力。,1. 写 phi/psi 或基元叠加；2. 求速度分量；3. 用 Bernoulli 得压力或 Cp；4. 沿边界积分压力分量；5. 说明理想势流假设和单位展长。,半圆柱/开孔/镜像图的几何积分限仍要读图；真实阻力不能用理想势流满分解释。 v80 保留薄板小攻角环量估计和 Kutta 升力收口；复杂构形仍需正确选镜像/基元。,主题命中“势流/圆柱/镜像/升力”，v80 基础过程覆盖约 82%。；仍依赖教材图表或读图；v80 有小查表/查表动作和收口模板，但不是完整数值表。,7.8,10.0,78.0,中高,
Q0554,课本教材题-张扬军文本,D:\虚拟C盘\学习\流体力学\张扬军（车辆学院）\教材\流体力学教材_text.txt,流体力学教材_text.txt,11,"(11.5.1) 2π x + y ⎝ 2πV∞ x + y ⎠ 其中，令平行流来流方向沿 x 轴正方向，速度大小为 V∞ ；偶极子强度为 M，如图 11-12 所示。 由于流函数等值线即流线，可得流线方程为 M y V∞ y − =C (11.5.2) 2 2π x + y 2 其中，C 可取不同的常数，代表不同的流线。当 C = 0 时，得零流线方程，即 第 11 章 不可压缩理想流体流动 ·201· ⎛ M 1 ⎞ V∞ y ⎜1 − 2 2 ⎟ =0 (11.5.3) ⎝ 2πV∞ x + y ⎠ 求解方程(11.5.3)得 y=0 或 x2 + y 2 = (11.5.4) 2πV∞ 由方程(11.5.4)可知，零流线由以坐标原 点为圆心、半径 ra = M / (2πV∞ ) 的圆和 x 轴 构成，如图 11-12 所示。零流线到 A 点处分 成两支，沿上、下两个圆周汇合于 B 点，满 足物面不可穿透条件。因此，用平行流和偶 极流叠加来描述平行流绕圆柱体无环量流动 是合理的。偶极矩 M 、圆柱半径 a 与无穷远 来流速度 V∞ 之间的关系为 图 11-12 平行流绕圆柱无环量流动 M = 2πV∞ a 2 (11.5.5) 将式(11.5.5)代入式(11.5.1)得平行流绕圆柱体无环量流动的流函数为 ⎛ a2 ⎞ ⎛ a2 ⎞ ψ = V∞ y ⎜1 − ⎟ = V∞ ⎜ 1 − 2 ⎟ r sin θ (11.5.6) ⎝ x2 + y 2 ⎠ ⎝ r ⎠ 同理，平行流绕圆柱体无环量流动的速度势函数为 M x ⎛ a2 ⎞ ⎛ a2 ⎞ φ = V∞ x + 2 2 = V∞ x ⎜1 + 2 2 ⎟ = V∞ ⎜1 + 2 ⎟ r cosθ (11.5.7) 2π x + y ⎝ x +y ⎠ ⎝ r ⎠ 上述流函数和速度势函数表达式的适用范围是 r ≥ a ，即仅在圆柱面以及圆柱外成立，在 圆柱内无实际意义。根据速度势函数或流函数表达式，得流场中任意一点的速度分量为 ⎡ ⎤ ∂φ ∂ ψ x2 − y 2 ⎥ u= = = V∞ ⎢1 − a 2 (11.5.8) ⎢ 2⎥ ∂x ∂y ⎢⎣ ( x2 + y 2 ⎥ ⎦ ) ∂φ ∂ψ xy v= =− = −2V∞ a 2 (11.5.9) ∂y ∂x ( ) 2 x2 + y 2 其中，当 x → ∞ 且 y → ∞ 时，在距离圆柱无穷远的地方，可以得到 u = V∞ , v=0 (11.5.10) 此时，速度为无穷远的平行来流速度。同理可得到极坐标中上述速度的表达形式为 ∂φ ⎛ a2 ⎞ ur = = V∞ ⎜1 − 2 ⎟ cos θ (11.5.11) ∂r ⎝ r ⎠ ∂φ ⎛ a2 ⎞ uθ = = −V∞ ⎜1 + 2 ⎟ sin θ (11.5.12) r ∂θ ⎝ ",势流/圆柱/镜像/升力,P2 > 基本流表；P2 > 圆柱绕流；Q3 > 势流题库速解；T2/T3 > 原题压缩收录；R6 > 结论句,P2,先搭基元叠加或圆柱绕流模型；求速度场和 Cp；再用 Bernoulli 求压力，沿边界积分力；环量题写 Kutta-Joukowski 升力。,1. 写 phi/psi 或基元叠加；2. 求速度分量；3. 用 Bernoulli 得压力或 Cp；4. 沿边界积分压力分量；5. 说明理想势流假设和单位展长。,半圆柱/开孔/镜像图的几何积分限仍要读图；真实阻力不能用理想势流满分解释。 v80 保留薄板小攻角环量估计和 Kutta 升力收口；复杂构形仍需正确选镜像/基元。,主题命中“势流/圆柱/镜像/升力”，v80 基础过程覆盖约 82%。；题型偏概念简答；v80 已有短答库，但非对应专栏仍扣少量组织分。；题目要求推导或定义积分；v80 有 M24/M25/M26 骨架，但完整推导仍扣少量严谨性分。；仍依赖教材图表或读图；v80 有小查表/查表动作和收口模板，但不是完整数值表。,6.4,10.0,64.0,中高,
Q0555,课本教材题-张扬军文本,D:\虚拟C盘\学习\流体力学\张扬军（车辆学院）\教材\流体力学教材_text.txt,流体力学教材_text.txt,11,"(11.5.15) ) 其中， p∞ 为无穷远处的压强； ρ 为流体的密度。引入无量纲压强系数 C p ，其定义式为 p − p∞ Cp = 2 (11.5.16) ρV∞2 它表示流体作用在物体表面任一点压强的相对大小。将式(11.5.15)代入式(11.5.16)中，可得 C p = 1 − 4sin 2 θ (11.5.17) 压强系数 C p 在圆柱体表面的分布如图 11-13 所示，在圆柱体的表面上压强分布是关于坐标原 点对称的，圆柱体所受流体的作用力在任意方向平衡，合力为零。下面给出证明。 图 11-13 平行流绕圆柱无环量流动圆柱表面压强系数分布 证明：如图 11-14 所示，在单位长度的圆柱面上，作用在微小弧段 ds = adθ 上的作用力为 dF = −er padθ ，其中 er 为圆柱体表面外法向。 dF 在 x 轴和 y 轴的分量为 dFx = − pa cos θ dθ , dFx = − pa sin θ dθ (11.5.18) 将圆柱体表面压强分布表达式(11.5.15)代入式(11.5.18)中，在圆柱表面沿周向进行积分，可 以得到圆柱表面所受流体作用力在 x 轴和 y 轴方向的分量为 ( ) 2π ⎡ 1 ⎤ Fx = FD = − ∫ ⎢ p∞ + ρV∞2 1 − 4sin 2 θ ⎥a cosθ dθ = 0 (11.5.19) 0 ⎣ 2 ⎦ ( ) 2π ⎡ 1 ⎤ Fy = FL = − ∫ ⎢⎣ p∞ + 2 ρV∞ 1 − 4sin θ ⎥⎦a sin θ dθ = 0 2 2",量纲分析/相似准则,P1 > 量纲分析模板；M25 > 量纲相似+推导骨架；M4 > 流程H；M6 > 标准解模板：相似；M13 > 模型律；M26 > 管路/模型,P1,列变量和基本量纲；选量纲独立且不含待求量的重复变量；逐个令 pi=X rho^a V^b L^c 求指数；最后用 M26 的 F~rho V^2 L^2、Delta p~rho V^2、Fr/Re 缩尺速度比做换算。,1. 先按题干关键词选模型；2. 在 v80 对应页写首个控制方程/公式；3. 把题给几何、单位和边界条件代入；4. 做代数求解或列出需要查图查表的位置；5. 检查单位、方向、绝压/表压或适用条件。,"若变量很冷门或需完整实验相似设计，仍需教材解释；v80 补了常见模型力、压强和速度比例换算。 v80 已补 Buckingham pi 五步流程和 Re/Fr/Ma/We/Eu 判据表；复杂多变量推导仍需手算。 v80 已补模型换算库 Q,t,f,F,Delta p,M,P 和 Re/Fr 冲突答题句；复杂 pi 群仍需手算。 v80 保留量纲齐次/Rayleigh 指数配平、完全/部分相似及 Re/Fr 冲突说明、关键词到 π 群的定位入口、球阻力 CD=f(Re) 标准推导，并补量纲公式、雷诺相似、自模化和压力系数 Cp/Eu 定义；冷门变量仍需逐项列量纲。",主题命中“量纲分析/相似准则”，v80 基础过程覆盖约 86%。；题型偏概念简答；v80 已有短答库，但非对应专栏仍扣少量组织分。；题目要求推导或定义积分；v80 有 M24/M25/M26 骨架，但完整推导仍扣少量严谨性分。；仍依赖教材图表或读图；v80 有小查表/查表动作和收口模板，但不是完整数值表。,6.8,10.0,68.0,中高,
Q0556,课本教材题-张扬军文本,D:\虚拟C盘\学习\流体力学\张扬军（车辆学院）\教材\流体力学教材_text.txt,流体力学教材_text.txt,11,(11.5.20) 0 第 11 章 不可压缩理想流体流动 ·203· 图 11-14 平行流绕圆柱无环量流动单位长圆柱表面受力示意图 即流体作用于圆柱体的合力为零。式(11.5.19)中所得合力与来流方向平行，通常称为阻力， 记为 FD 。与之相应，式(11.5.20)中所得合力与来流方向垂直，通常称为升力，记为 FL 。 从上面的分析可知，对于理想不可压平行流绕圆柱体无环量流动，流体作用在圆柱体上 的阻力和升力均为零。实际上，圆柱体不受阻力这一结论并不能通过实验来验证，也就是说 在实际的流体绕流运动中，物体总会受到阻力，这就是有名的达朗贝尔佯谬。由于实际流体 始终存在黏性，即使流体黏性很小，也会产生不可忽略的阻力。如图 11-13 所示，超临界雷 诺数范围的压强分布曲线比亚临界雷诺数范围的曲线更加接近理论曲线，说明后者阻力较大。,势流/圆柱/镜像/升力,P2 > 基本流表；P2 > 圆柱绕流；Q3 > 势流题库速解；T2/T3 > 原题压缩收录；R6 > 结论句,P2,先搭基元叠加或圆柱绕流模型；求速度场和 Cp；再用 Bernoulli 求压力，沿边界积分力；环量题写 Kutta-Joukowski 升力。,1. 写 phi/psi 或基元叠加；2. 求速度分量；3. 用 Bernoulli 得压力或 Cp；4. 沿边界积分压力分量；5. 说明理想势流假设和单位展长。,半圆柱/开孔/镜像图的几何积分限仍要读图；真实阻力不能用理想势流满分解释。 v80 保留薄板小攻角环量估计和 Kutta 升力收口；复杂构形仍需正确选镜像/基元。,主题命中“势流/圆柱/镜像/升力”，v80 基础过程覆盖约 82%。；题型偏概念简答；v80 已有短答库，但非对应专栏仍扣少量组织分。；仍依赖教材图表或读图；v80 有小查表/查表动作和收口模板，但不是完整数值表。,7.2,10.0,72.0,中高,
Q0557,课本教材题-张扬军文本,D:\虚拟C盘\学习\流体力学\张扬军（车辆学院）\教材\流体力学教材_text.txt,流体力学教材_text.txt,11.5,11.5.2 平行流绕圆柱体有环量的流动 本节讨论平行流绕圆柱体有环量的流动，即圆柱体表面速度环量不为零的情况。根据,势流/圆柱/镜像/升力,P2 > 基本流表；P2 > 圆柱绕流；Q3 > 势流题库速解；T2/T3 > 原题压缩收录；R6 > 结论句,P2,先搭基元叠加或圆柱绕流模型；求速度场和 Cp；再用 Bernoulli 求压力，沿边界积分力；环量题写 Kutta-Joukowski 升力。,1. 写 phi/psi 或基元叠加；2. 求速度分量；3. 用 Bernoulli 得压力或 Cp；4. 沿边界积分压力分量；5. 说明理想势流假设和单位展长。,半圆柱/开孔/镜像图的几何积分限仍要读图；真实阻力不能用理想势流满分解释。 v80 保留薄板小攻角环量估计和 Kutta 升力收口；复杂构形仍需正确选镜像/基元。,主题命中“势流/圆柱/镜像/升力”，v80 基础过程覆盖约 82%。；仍依赖教材图表或读图；v80 有小查表/查表动作和收口模板，但不是完整数值表。,7.8,10.0,78.0,中,
Q0558,课本教材题-张扬军文本,D:\虚拟C盘\学习\流体力学\张扬军（车辆学院）\教材\流体力学教材_text.txt,流体力学教材_text.txt,11.5,11.5.1 节分析，若圆柱体表面不存在环量，那么流动可以通过平面平行流与偶极子流动叠加得 到。再由 11.3.3 节可知，点涡流动可使流场中存在速度环量，所以平行流绕圆柱体有环量的 流动可通过平行流动、偶极流动、点涡流动三种基本势流叠加而成。假定速度环量沿顺时针 方向，即 Γ < 0 ，叠加后流场的速度势函数为 ⎛ a2 ⎞ Γ φ = V∞ ⎜1 + 2 ⎟ r cosθ + θ (11.5.21) ⎝ r ⎠ 2π ⎛ a2 ⎞ Γ 相应的流函数为 ψ = V∞ ⎜1 − ⎟ r sin θ − ln r (11.5.22) ⎝ r2 ⎠ 2π 下面讨论这种叠加的合理性。当 r = a 时，由式(11.5.22)得 ψ = −Γ ln a / (2π) = const 。在 无穷远处，即 r → ∞ 时，根据速度势函数得速度分量为 u = V∞ ， v = 0 ，即在距离圆柱无穷远 处流体为平行流。流函数的等值线即流线，故 r = a 的圆周是一条流线。又根据速度势函数式,势流/圆柱/镜像/升力,P2 > 基本流表；P2 > 圆柱绕流；Q3 > 势流题库速解；T2/T3 > 原题压缩收录；R6 > 结论句,P2,先搭基元叠加或圆柱绕流模型；求速度场和 Cp；再用 Bernoulli 求压力，沿边界积分力；环量题写 Kutta-Joukowski 升力。,1. 写 phi/psi 或基元叠加；2. 求速度分量；3. 用 Bernoulli 得压力或 Cp；4. 沿边界积分压力分量；5. 说明理想势流假设和单位展长。,半圆柱/开孔/镜像图的几何积分限仍要读图；真实阻力不能用理想势流满分解释。 v80 保留薄板小攻角环量估计和 Kutta 升力收口；复杂构形仍需正确选镜像/基元。,主题命中“势流/圆柱/镜像/升力”，v80 基础过程覆盖约 82%。；题目要求推导或定义积分；v80 有 M24/M25/M26 骨架，但完整推导仍扣少量严谨性分。；仍依赖教材图表或读图；v80 有小查表/查表动作和收口模板，但不是完整数值表。,7.0,10.0,70.0,中高,
Q0559,课本教材题-张扬军文本,D:\虚拟C盘\学习\流体力学\张扬军（车辆学院）\教材\流体力学教材_text.txt,流体力学教材_text.txt,11,(11.5.21)得 r = a 时，在圆柱表面上径向速度 ur = 0 ，满足物面不可穿透条件。圆柱表面的周 向速度分量为 ∂φ Γ uθ = = −2V∞ sin θ + (11.5.23) r ∂θ 2πa 与式(11.5.12)相比，由于点涡( Γ < 0 )的存在，圆柱表面叠加了环流，圆柱表面上部环流方向 与平行流方向相同，而在下部两者相反。因此，在圆柱表面上部形成速度增加的区域，在下 部形成速度降低的区域。根据式(11.5.23)，可得圆柱表面周向速度为零的驻点位置： ⎛ Γ ⎞ θ = arcsin ⎜ ⎟ (11.5.24) ⎝ 4πaV∞ ⎠ ·204· 流 体 力 学 根据三角函数的性质，可对式(11.5.24)分三种情况讨论。 (1)当 Γ < 4πaV∞ 时，方程(11.5.24)有两个解。此时，圆柱体表面上有两个驻点，前面已 假设 Γ < 0 ，相对于无环量绕流情况，两个驻点向圆柱下部移动且左、右对称，位于第三、四 象限内，如图 11-15(a)所示。随 Γ 的增加， Γ / (4πaV∞ ) 增加并接近于 1，两个驻点继续向 圆柱下部移动并逐渐靠近。 图 11-15 平行流绕圆柱有环量流动 (2)当 Γ = 4πaV∞ 时，由方程(11.5.24)知有唯一解， sin θ = −1 、 θ = −π / 2 。此时，圆柱 面上的两个驻点相互重合为一个点且位于圆柱最下端，如图 11-15(b)所示。 (3)当 Γ > 4πaV∞ 时，由方程(11.5.24)可知 sin θ > 1 ，方程无解。这表明圆柱体表面不存 在驻点，实际上驻点已移动到圆柱体表面下方。通过速度势函数求导可得流场中任一点速度 分量表达式，若令速度分量为零，即可得流场中驻点位置。通常情况下，可以得到两个位于 y 轴上的驻点，一个在圆柱体内部而另一个在圆柱体外部。显然前者并不存在，故只有一个圆 柱体外的驻点，如图 11-15(c)所示。 圆柱体表面压强的分布规律可由伯努利方程求得，令 p∞ 为流场无穷远处的压强，忽略质 量力，有 1 2 1 ρV∞2 − ρ ur2 + uθ2 2 p = p∞ +(11.5.25) ( ) 其中， ur 和 uθ 可由速度势函数求导得到并代入式(11.5.25)，最终可得圆柱表面压强分布为 1 ⎡ Γ ⎞ ⎤ 2 p = p∞ + ρ ⎢V∞2 − ⎜ 2V∞ sin θ + ⎟ ⎥ (11.5.26) 2 ⎢⎣ ⎝ 2πa ⎠ ⎦⎥,势流/圆柱/镜像/升力,P2 > 基本流表；P2 > 圆柱绕流；Q3 > 势流题库速解；T2/T3 > 原题压缩收录；R6 > 结论句,P2,先搭基元叠加或圆柱绕流模型；求速度场和 Cp；再用 Bernoulli 求压力，沿边界积分力；环量题写 Kutta-Joukowski 升力。,1. 写 phi/psi 或基元叠加；2. 求速度分量；3. 用 Bernoulli 得压力或 Cp；4. 沿边界积分压力分量；5. 说明理想势流假设和单位展长。,半圆柱/开孔/镜像图的几何积分限仍要读图；真实阻力不能用理想势流满分解释。 v80 保留薄板小攻角环量估计和 Kutta 升力收口；复杂构形仍需正确选镜像/基元。,主题命中“势流/圆柱/镜像/升力”，v80 基础过程覆盖约 82%。；题目要求推导或定义积分；v80 有 M24/M25/M26 骨架，但完整推导仍扣少量严谨性分。；仍依赖教材图表或读图；v80 有小查表/查表动作和收口模板，但不是完整数值表。,7.0,10.0,70.0,中高,
Q0560,课本教材题-张扬军文本,D:\虚拟C盘\学习\流体力学\张扬军（车辆学院）\教材\流体力学教材_text.txt,流体力学教材_text.txt,11.5,11.5.3 库塔-茹柯夫斯基升力公式 考虑单位长度圆柱体所受的阻力和升力。将压力沿圆柱体表面周向进行积分，可得圆柱 体表面所受流体作用力在 x 轴方向的分量为 2π ⎧ 1 ⎡ 2 ⎛ Γ ⎞ ⎤ ⎫⎪ 2 Fx = FD = − ∫ ⎨ p∞ + ρ ⎢V∞ − ⎜ 2V∞ sin θ − ⎟ ⎥ ⎬a cosθ dθ = 0 (11.5.27) 0 ⎪⎩ 2 ⎢⎣ ⎝ 2πa ⎠ ⎥⎦ ⎪ 式(11.5.27)说明，理想流体均匀来流绕圆柱体流动时，即使圆柱体表面存在环量，流体作用 在圆柱体表面上的力沿来流方向的分量也等于零。相应的圆柱表面所受流体作用力在 y 轴方 向的分量为 2π ⎧ 1 ⎡ 2 ⎛ Γ ⎞ ⎤ ⎫⎪ 2 Fy = FL = − ∫ ⎨ ∞p + ρ ⎢V∞ − 2 ⎜ ∞V sin θ − ⎟ ⎥ ⎬a sin θ dθ = − ρV∞ Γ (11.5.28) 0 ⎪⎩ 2 ⎢⎣ ⎝ 2πa ⎠ ⎥⎦ ⎪ 第 11 章 不可压缩理想流体流动 ·205· 前面假设 Γ < 0 ，由式(11.5.28)可以得到 Fy = FL > 0 。与平行流绕圆柱体无环量的流 动情况相比，由于表面存在环量，圆柱受到 沿 y 轴正向的升力；如果 Γ > 0 ，即圆柱表面 环量沿逆时针方向，那么圆柱受到的升力将 沿 y 轴负方向，如图 11-16 所示。 图 11-16 绕圆柱体有环量流动的升力 在实际流动中，由于流体具有黏性，圆 柱表面的环量可由圆柱旋转引起。以空气中旋转圆柱的低速绕流问题为例，当圆柱旋转时， 由于气体黏性效应，圆柱表面气体运动速度与圆柱旋转速度相同，可在圆柱表面产生大小为 Γ = 2πa 2ω 的环量。由于气体黏度较小，在圆柱表面附近区域之外，依然可将其视为理想流 体。由于流动速度较低，无流动分离发生，则根据上述分析可知，圆柱的旋转将使得圆柱在 绕流过程中，受到一个垂直于来流方向的横向作用力，该作用力的大小与来流速度和圆柱旋 转速度成正比。对于旋转的乒乓球、网球和高尔夫球向前运动时，也具有同样的效应，这种 效应称为马格努斯(Magnus)效应。马格努斯曾设想利用旋转圆柱产生的环量，在风速下产生 横向力，以取代风帆。但是在实际情况下，马格努斯 得到的横向力远小于理想绕流的 ρV∞ Γ 。这主要是由于 圆柱体外的真实流体绕流不能保持理想的无旋流动状 态，往往有流动分离现象产生。 例题 11-3 如图 11-17 所示，垂直安装在一个平板 车上的圆柱体长 2m，直径 10cm，顺时针旋转，转速 为 225r/min。平板车沿直轨道等速行驶，速度为 4m/s， 侧风垂直于轨道(垂直指向纸面)，速度为 3m/s。求圆 柱所受风的作用力(不计黏性阻力，空气密度 图 11-17 例题 11-3 示意图 ρ = 1.25kg/m3 )。,边界层/外绕流阻力,P6 > 平板边界层；P6 > 位移/动量厚度；M24 > 边界层积分题；Q5 > 边界层题库速解；M13 > 微题,P6,先算 Re_x/Re_L 判层流、湍流或转捩；直接题用 delta、Cf、阻力公式；速度剖面题用 M24 的 delta*、theta 和 Karman 模板；外绕流判断摩擦/压差阻力和分离。,1. 算 Re_x 或 Re_L；2. 判断层流/湍流/低 Re；3. 选厚度、Cf 或阻力公式；4. 若为厚度定义题，尝试写积分；5. 说明 v80 缺失的定义或图表。,"复杂非零压梯度动量积分、实验阻力图和扫描图数值仍需教材/图表；v80 已覆盖书10.3/10.5 常见剖面。 v80 已补 delta*, theta, H 的物理意义；复杂动量积分推导仍需手算。 v80 已补局部摩阻系数 cf、单位宽阻力 D'、CD=2theta/L、转捩位置 xcr、平板层/湍/混合阻力判定和湿表面积/迎风面积区分；复杂分离与实验阻力图仍需教材。 v80 保留给定速度剖面到 delta、theta、delta_E、tau_w、CD 的通用积分链，补强 delta、delta*、theta、delta_E 的物理意义，保留层/湍速度剖面标准句、Boussinesq 涡黏、吸气/吹气修正、自由射流动量通量入口、Theta 分离判据和 Karman--Pohlhausen 配边界步骤。",主题命中“边界层/外绕流阻力”，v80 基础过程覆盖约 87%。；题型偏概念简答；v80 已有短答库，但非对应专栏仍扣少量组织分。；题目要求推导或定义积分；v80 有 M24/M25/M26 骨架，但完整推导仍扣少量严谨性分。；仍依赖教材图表或读图；v80 有小查表/查表动作和收口模板，但不是完整数值表。,6.9,10.0,69.0,中高,
Q0561,课本教材题-张扬军文本,D:\虚拟C盘\学习\流体力学\张扬军（车辆学院）\教材\流体力学教材_text.txt,流体力学教材_text.txt,1.20,1.205kg/ m3 的空气以 80 km/ h 的速度沿与圆柱体轴相垂直的方向绕圆柱体流动。假设环流与 圆柱体之间没有滑动，试求速度环量、升力和驻点的位置。 11-12 将速度为 v∞ 、平行于 x 轴的均匀等速流(流向轴正方向)和在原点 O 、强度为 Q 的 点源叠加形成绕平面物体的流动，试求该流动的速度势和流函数，并证明平面物体的外形方 程为 r = Q (π − θ ) / (2πv∞ sin θ ) ，它的宽度等于 Q / v∞ 。 第 12 章 可压缩流体一维流动 ·207· 第 12 章 可压缩流体一维流动 流体压缩性是流体的固有属性之一，原则上讲任何流体都是可压缩的。但是，对于大多 数的液体流动问题以及低速、压强变化小的气体流动问题，流体的压缩性基本可以忽略，从 而可以简化问题的求解过程。然而，对于一些可压缩性较为显著的流动，例如，速度为 150m/s 的飞行器在静止大气中飞行时，其前端点的气体密度可增加 10%。当速度更高时，密度的变 化将更为显著，此时必须考虑流体可压缩性对流动带来的影响。与不可压缩流体流动相比， 可压缩流体流动具有一些特殊的性质。本章将重点讨论可压缩流体流动的主要特性，大部分 内容体现了 20 世纪前半叶空气动力学领域的成就。,势流/圆柱/镜像/升力,P2 > 基本流表；P2 > 圆柱绕流；Q3 > 势流题库速解；T2/T3 > 原题压缩收录；R6 > 结论句,P2,先搭基元叠加或圆柱绕流模型；求速度场和 Cp；再用 Bernoulli 求压力，沿边界积分力；环量题写 Kutta-Joukowski 升力。,1. 写 phi/psi 或基元叠加；2. 求速度分量；3. 用 Bernoulli 得压力或 Cp；4. 沿边界积分压力分量；5. 说明理想势流假设和单位展长。,半圆柱/开孔/镜像图的几何积分限仍要读图；真实阻力不能用理想势流满分解释。 v80 保留薄板小攻角环量估计和 Kutta 升力收口；复杂构形仍需正确选镜像/基元。,主题命中“势流/圆柱/镜像/升力”，v80 基础过程覆盖约 82%。；题目要求推导或定义积分；v80 有 M24/M25/M26 骨架，但完整推导仍扣少量严谨性分。,7.4,10.0,74.0,中高,
Q0562,课本教材题-张扬军文本,D:\虚拟C盘\学习\流体力学\张扬军（车辆学院）\教材\流体力学教材_text.txt,流体力学教材_text.txt,12.1,12.1.1 声速 声速是判断流体可压缩性对流动影响的一个参数。下面来考虑一种获得声速的方法。观 察在水平长直管道中初始条件为静止的流体，如图 12-1 所示。管中有一个活塞，使活塞以微 小速度 dV 向右移动，则活塞面附近的一层流体被压缩，压强升高 dp 。这层流体受压后又作 用于右侧的下一层流体，这样依此向右传播下去，从而在直管中形成一道微弱的压缩波 mn ， 该压缩波以速度 a 向右推进。为了确定压缩波的传播速度 a ，应采用质量守恒定律和动量守恒 定律对流体受活塞微弱压缩后的流动进行分析。 图 12-1 微弱扰动波在直管中的传播 如果将观察位置固定在压缩波上，则看到流体从右向左流过压缩波 mn 。波面右侧的流体 密度为 ρ 、压强为 p ，流体流动速度为 a 。流经波面后，密度变为 ρ + dρ 、压强变为 p + dp ， ·208· 流 体 力 学 流体流动速度变为 a − dV 。取包围压缩波 mn 的控制体，其左、右侧为控制面并且令控制体体 积为零。在该控制体上应用质量守恒定律，流入和流出控制面的流量相等，可得 ρ Aa = ( ρ + dρ ) A ( a − dV ) adρ dV = (12.1.1) ρ + dρ 进一步，根据动量守恒定律，可知控制体内的流体沿流动方向的动量净流出率等于该流体所 受到的合外力在此方向的投影，即有 ρ Aa [ (a − dV ) − a ] = ⎡⎣ p − ( p + dp ) ⎤⎦ A 1 化简可以得到 dV = dp (12.1.2) 合并式(12.1.1)和式(12.1.2)，有 dp a2 dρ 1 + dρ / ρ 对于微弱扰动，令 dρ / ρ → 0 ，可得声速表达式： 即微弱扰动波面的传播速度称为声速。因为声波是一种微弱扰动波，上面的结果适用于任意 的连续介质，包括气体、液体和固体。一般来说，流体的可压缩性越大，声速越小。例如，0℃ 时，可压缩性小的水中的声速为 1450m/s，而可压缩性大的空气中的声速为 332m/s。 对于理想气体而言，微弱扰动波的传播可近似认为是绝热可逆过程，即等熵过程。由等 熵过程的关系式 p / ρ k = const 和理想气体状态方程 p = ρ RT ，可得气体中声速表达式： dp p a= = k = kRT (12.1.3) dρ ρ 可见对于理想气体而言，温度越高则声速越大。,Bernoulli/机械能/动量控制体,P1 > 控制体动量模板；P1 > 伯努利/机械能；Q2 > 弯管受力/喷嘴反力；M21 > 题图决策卡；M26 > 高频计算/查表/控制体收口,P1,先选截面，写连续和 Bernoulli/机械能；再按控制体受力图列压力力、壁面力和动量通量；多出口用 M26 通式；求出壁面对流体的力后按题问管/螺栓取反。,1. 先按题干关键词选模型；2. 在 v80 对应页写首个控制方程/公式；3. 把题给几何、单位和边界条件代入；4. 做代数求解或列出需要查图查表的位置；5. 检查单位、方向、绝压/表压或适用条件。,复杂三维受力和图中方向仍要自己画清楚；v80 已补多出口通式和喷嘴/弯管收口流程。 v69 把截面号、面积、高程、表压/绝压、CV取反和局损速度集中到读图/收口八查。 v80 保留雷诺输运、压力力方向/表压、孔板/文丘里流量计公式链，并补控制体外力组成与自由射流动量通量提示；复杂控制体仍需画受力图。,主题命中“Bernoulli/机械能/动量控制体”，v80 基础过程覆盖约 84%。；仍依赖教材图表或读图；v80 有小查表/查表动作和收口模板，但不是完整数值表。,8.0,10.0,80.0,中高,
Q0563,课本教材题-张扬军文本,D:\虚拟C盘\学习\流体力学\张扬军（车辆学院）\教材\流体力学教材_text.txt,流体力学教材_text.txt,12,(12.1.4) 来判断气体压缩性对流动影响的标准。Ma 称为马赫数，是气体动力学的一个基本参数。根据 马赫数，可以将可压缩气体的流动划分为如下几个区域：亚声速流动 ( Ma < 1) 、跨声速流动 ( Ma ≈ 1) 、超声速流动 (1 < Ma < 3) 和高超声速流动 ( Ma > 3) 。,可压缩流/喷管/激波/膨胀波,P3 > 等熵流+Laval；P4 > 激波+膨胀波；Q4 > 第7章题库速解；R2 > 查表衔接；M14 > 查表动作；M26 > 可压查表,P3；P4,先判等熵、阻塞、内激波、斜激波或膨胀波；按 P3/P4 分段写公式；用 M26 明确输入量：等熵/面积用 M，正激波用 M1，斜激波用 M1、theta，PM 用 nu(M)；最后检查 pe/pb 和总压是否跨激波重置。,1. 判定等熵段、阻塞、激波或膨胀波；2. 写 T0/T、p0/p、A/A* 或激波关系；3. 选择亚声/超声支；4. 标出需要查表的 M、β、ν；5. 回代压力、温度、流量并检查 pe/pb。,斜激波图、PM 函数和面积-马赫数完整表仍可能需要教材；v80 把查表输入和后续接公式写得更明确。 v68 已补 M=1/2/3 的等熵、面积、PM 角和正激波锚点；完整斜激波/PM/面积查表仍需教材。 v80 保留喷管/激波/PM 查表动作和 0.528 易错判断，并补 Fanno 等截面绝热摩擦管入口；同时保留 Ma 物理意义、等熵任意两点、最大速度、弱/强斜激波、脱体激波、PM 最大偏转、背压/出口内压易错和波阻概念；复杂波系仍需按图逐段判支路。,主题命中“可压缩流/喷管/激波/膨胀波”，v80 基础过程覆盖约 81%。；仍依赖教材图表或读图；v80 有小查表/查表动作和收口模板，但不是完整数值表。,7.7,10.0,77.0,中高,
Q0564,课本教材题-张扬军文本,D:\虚拟C盘\学习\流体力学\张扬军（车辆学院）\教材\流体力学教材_text.txt,流体力学教材_text.txt,12.1,12.1.3 微弱扰动波的传播 下面研究微弱扰动源在静止气体空间中的传播问题。可分四种情况进行讨论。 第 12 章 可压缩流体一维流动 ·209·,概念简答/定义解释,M18 > 往年题可能问法：一句话答案；M23 > 概念短答库；R6 > 可直接抄的结论句；M9 > 高频小问速答；M12 > 概念题保底,无直接页码,先定位 M18/M23/R6 的可抄定义句；按“定义一句+原因一句+后果一句”写；若有公式页，再补适用条件和易错点。,1. 先按题干关键词选模型；2. 在 v80 对应页写首个控制方程/公式；3. 把题给几何、单位和边界条件代入；4. 做代数求解或列出需要查图查表的位置；5. 检查单位、方向、绝压/表压或适用条件。,v80 已显著补强短答，但长论述、实验现象细节和教材原话仍可能扣少量分。 v67 补长论述结构，v69 补读图/收口检查，v80 补层流/湍流/渐变流可抄定义；教材原话仍可能扣分。 v80 已补 N-S 各项标准意义、控制体外力组成、层/湍速度剖面、Boussinesq 涡黏、水击波速因素、孔板/自由射流概念、渐变流测压管水头、Ma 物理意义与 0.3 判据、深水波定义、RTT 守恒入口、完全/部分相似短答和标准四行答案模板，适合先写过程分。,主题命中“概念简答/定义解释”，v80 基础过程覆盖约 89%。,8.9,10.0,89.0,中,
Q0565,课本教材题-张扬军文本,D:\虚拟C盘\学习\流体力学\张扬军（车辆学院）\教材\流体力学教材_text.txt,流体力学教材_text.txt,4,4. 扰动源以超声速向左运动 (V > a ) 此时，运动的扰动源总是赶到扰动波阵面的前方，如图 12-5 所示。扰动波阵面所覆盖的 区域在空间中形成一个圆锥面，圆锥面以外的区域未受到扰动，为寂静区域。这一圆锥面通 常称为马赫锥，扰动源位于锥顶。锥面与运动方向之间的夹角称为马赫角。马赫角最大值为 90°，相当于 V = a 时的情况。马赫角随扰动源运动马赫数的增大而减小，具体关系为 a 1 = sin θ = (12.1.5) V Ma 下面举一个生活中的例子，当超声速飞机低空飞行时，前方地面上的人总是先看到飞机 并且等飞机飞过头顶之后才能听到其发动机发出的噪声。 换一个角度，当扰动源静止不动，气体做反向流动时，可以研究微弱扰动波在运动气流 中的传播问题。当气体做亚声速流动时，由于声速大于气流速度，扰动波既可以顺流传播， 又可以逆流传播。当气流做声速或超声速流动时，扰动波只能在马赫锥内部顺流传播，上游 流场不受扰动波的影响，此时气流经过扰动波面以后，压强、温度、密度和速度等参数都会 发生微小的变化。 ·210· 流 体 力 学 图 12-4 临界状态流中的小扰动传播特征 图 12-5 超声速流中的小扰动传播特征,可压缩流/喷管/激波/膨胀波,P3 > 等熵流+Laval；P4 > 激波+膨胀波；Q4 > 第7章题库速解；R2 > 查表衔接；M14 > 查表动作；M26 > 可压查表,P3；P4,先判等熵、阻塞、内激波、斜激波或膨胀波；按 P3/P4 分段写公式；用 M26 明确输入量：等熵/面积用 M，正激波用 M1，斜激波用 M1、theta，PM 用 nu(M)；最后检查 pe/pb 和总压是否跨激波重置。,1. 判定等熵段、阻塞、激波或膨胀波；2. 写 T0/T、p0/p、A/A* 或激波关系；3. 选择亚声/超声支；4. 标出需要查表的 M、β、ν；5. 回代压力、温度、流量并检查 pe/pb。,斜激波图、PM 函数和面积-马赫数完整表仍可能需要教材；v80 把查表输入和后续接公式写得更明确。 v68 已补 M=1/2/3 的等熵、面积、PM 角和正激波锚点；完整斜激波/PM/面积查表仍需教材。 v80 保留喷管/激波/PM 查表动作和 0.528 易错判断，并补 Fanno 等截面绝热摩擦管入口；同时保留 Ma 物理意义、等熵任意两点、最大速度、弱/强斜激波、脱体激波、PM 最大偏转、背压/出口内压易错和波阻概念；复杂波系仍需按图逐段判支路。,主题命中“可压缩流/喷管/激波/膨胀波”，v80 基础过程覆盖约 81%。；仍依赖教材图表或读图；v80 有小查表/查表动作和收口模板，但不是完整数值表。,7.7,10.0,77.0,中高,
Q0566,课本教材题-张扬军文本,D:\虚拟C盘\学习\流体力学\张扬军（车辆学院）\教材\流体力学教材_text.txt,流体力学教材_text.txt,12.2,12.2.1 基本方程 对于理想可压缩气体的一维定常流动，其基本控制方程可以写成如下的形式。 (1)连续性方程： ρVA = const 其中，A 为通道截面积。对上式取对数后微分，有 dρ dV dA + + =0 (12.2.1) ρ V A dV 1 dp (2)运动方程： V =− dx ρ dx 1 或可以写成 VdV + dp = 0 (12.2.2) V2 (3)能量方程： h+ = const 2 或可以写成 d h + Vd V = 0 (12.2.3) 对于理想气体，其状态方程可以写成 = RT 接下来对运动方程(12.2.2)取积分，有 1 ⎛V 2 ⎞ ∫ρ dp + d ⎜ ⎟ = const ⎝ 2 ⎠ 代入等熵过程关系式 p / ρ k = const ，就可得气体一维定常等熵流动的能量方程，即可压缩流 体的伯努利方程： 第 12 章 可压缩流体一维流动 ·211· k p V2 + = const (12.2.4) k −1 ρ 2 k p cp p cp p 其中， = = = c pT = h k − 1 ρ c p − cv ρ R ρ 上述能量方程适用于绝热过程，不论该过程是否可逆。因为在绝热过程中即使有摩擦，也只 能使机械能转变为热能，而总能不变。可压缩流体的伯努利方程(12.2.4)可改写为 1 p p V2 + + = const (12.2.5) k −1 ρ ρ 2 1 p cv p cv p 其中， = = = cvT = eu k − 1 ρ c p − cv ρ R ρ 因此，式(12.2.5)中第一项为单位质量气体具有的内能，通常记为 eu 。至此，气体一维定常等 熵流动能量方程的物理意义是：在气体一维定常等熵流动中，在气流通道任一截面上，单位 质量气体的压强势能、动能、内能之和保持为常数。引入声速的定义式 kp / ρ = a 2 ，则能量方 程还可写成 a2 V 2 + = const (12.2.6) k −1 2,Bernoulli/机械能/动量控制体,P1 > 控制体动量模板；P1 > 伯努利/机械能；Q2 > 弯管受力/喷嘴反力；M21 > 题图决策卡；M26 > 高频计算/查表/控制体收口,P1,先选截面，写连续和 Bernoulli/机械能；再按控制体受力图列压力力、壁面力和动量通量；多出口用 M26 通式；求出壁面对流体的力后按题问管/螺栓取反。,1. 先按题干关键词选模型；2. 在 v80 对应页写首个控制方程/公式；3. 把题给几何、单位和边界条件代入；4. 做代数求解或列出需要查图查表的位置；5. 检查单位、方向、绝压/表压或适用条件。,复杂三维受力和图中方向仍要自己画清楚；v80 已补多出口通式和喷嘴/弯管收口流程。 v69 把截面号、面积、高程、表压/绝压、CV取反和局损速度集中到读图/收口八查。 v80 保留雷诺输运、压力力方向/表压、孔板/文丘里流量计公式链，并补控制体外力组成与自由射流动量通量提示；复杂控制体仍需画受力图。,主题命中“Bernoulli/机械能/动量控制体”，v80 基础过程覆盖约 84%。；题型偏概念简答；v80 已有短答库，但非对应专栏仍扣少量组织分。；仍依赖教材图表或读图；v80 有小查表/查表动作和收口模板，但不是完整数值表。,7.4,10.0,74.0,中高,
Q0567,课本教材题-张扬军文本,D:\虚拟C盘\学习\流体力学\张扬军（车辆学院）\教材\流体力学教材_text.txt,流体力学教材_text.txt,12.2,12.2.2 三种特定状态 为了便于深入分析气体一维等熵流动，这里定义几种具有特定物理意义的流动状态。,概念简答/定义解释,M18 > 往年题可能问法：一句话答案；M23 > 概念短答库；R6 > 可直接抄的结论句；M9 > 高频小问速答；M12 > 概念题保底,无直接页码,先定位 M18/M23/R6 的可抄定义句；按“定义一句+原因一句+后果一句”写；若有公式页，再补适用条件和易错点。,1. 先按题干关键词选模型；2. 在 v80 对应页写首个控制方程/公式；3. 把题给几何、单位和边界条件代入；4. 做代数求解或列出需要查图查表的位置；5. 检查单位、方向、绝压/表压或适用条件。,v80 已显著补强短答，但长论述、实验现象细节和教材原话仍可能扣少量分。 v67 补长论述结构，v69 补读图/收口检查，v80 补层流/湍流/渐变流可抄定义；教材原话仍可能扣分。 v80 已补 N-S 各项标准意义、控制体外力组成、层/湍速度剖面、Boussinesq 涡黏、水击波速因素、孔板/自由射流概念、渐变流测压管水头、Ma 物理意义与 0.3 判据、深水波定义、RTT 守恒入口、完全/部分相似短答和标准四行答案模板，适合先写过程分。,主题命中“概念简答/定义解释”，v80 基础过程覆盖约 89%。,8.9,10.0,89.0,中,
Q0568,课本教材题-张扬军文本,D:\虚拟C盘\学习\流体力学\张扬军（车辆学院）\教材\流体力学教材_text.txt,流体力学教材_text.txt,3,3. 临界状态 假设气体以绝热、可逆的方式将气流速度变化到与当地声速一致的状态，此时的气体流 动状态称为临界状态，该状态下的声速称为临界声速。临界状态的参数用带上标*的符号表示。 根据临界状态的定义，有 a 2 V 2 k + 1 a∗2 + = = const (12.2.9) k −1 2 k −1 2 换句话说，也可以用临界声速的形式表示气体的总能量。,概念简答/定义解释,M18 > 往年题可能问法：一句话答案；M23 > 概念短答库；R6 > 可直接抄的结论句；M9 > 高频小问速答；M12 > 概念题保底,无直接页码,先定位 M18/M23/R6 的可抄定义句；按“定义一句+原因一句+后果一句”写；若有公式页，再补适用条件和易错点。,1. 先按题干关键词选模型；2. 在 v80 对应页写首个控制方程/公式；3. 把题给几何、单位和边界条件代入；4. 做代数求解或列出需要查图查表的位置；5. 检查单位、方向、绝压/表压或适用条件。,v80 已显著补强短答，但长论述、实验现象细节和教材原话仍可能扣少量分。 v67 补长论述结构，v69 补读图/收口检查，v80 补层流/湍流/渐变流可抄定义；教材原话仍可能扣分。 v80 已补 N-S 各项标准意义、控制体外力组成、层/湍速度剖面、Boussinesq 涡黏、水击波速因素、孔板/自由射流概念、渐变流测压管水头、Ma 物理意义与 0.3 判据、深水波定义、RTT 守恒入口、完全/部分相似短答和标准四行答案模板，适合先写过程分。,主题命中“概念简答/定义解释”，v80 基础过程覆盖约 89%。；仍依赖教材图表或读图；v80 有小查表/查表动作和收口模板，但不是完整数值表。,8.5,10.0,85.0,中高,
Q0569,课本教材题-张扬军文本,D:\虚拟C盘\学习\流体力学\张扬军（车辆学院）\教材\流体力学教材_text.txt,流体力学教材_text.txt,12.2,12.2.3 各种状态参数间的关系 由前面可知，滞止状态、最大速度状态和临界状态三者均可用于描述同一气体，所以上 述三种状态参数之间必然存在确定的关系。由三种状态的能量方程可得 k p0 k a2 V2 k + 1 a∗2 h0 = = RT0 = c pT0 = 0 = max = k − 1 ρ0 k − 1 k −1 2 k −1 2 因此，也可用滞止状态参数来表示最大速度和临界声速： 2k p0 2 Vmax = 2h0 = 2c pT0 = = a0 (12.2.10) k − 1 ρ0 k −1 2k p0 2k 2 k −1 a∗ = = RT0 = a0 = Vmax (12.2.11) k + 1 ρ0 k +1 k +1 k +1 从式(12.2.10)和式(12.2.11)，可知最大速度和临界声速都取决于滞止参数与绝热指数 k ，与 实际的流动过程无关。常见气体的物理性质见表 12-1。 表 12-1 常见气体的物理性质 密度 动力黏度 气体常数 R 比热容 / ( J/ ( kg ⋅ K ) ) 绝热指数 气体名称 / ( kg/ m ) 3 / (10 kg/ ( m⋅ s ) ) −6 / ( J/ ( kg⋅ K ) ) k = c p / cv cp cv 空气 1.205 18.00 287 1003 716 1.40 氧 1.330 20.00 260 909 649 1.40 氮 1.160 17.60 297 1040 743 1.40 氢 0.0839 9.00 1120 14450 10330 1.40 一氧化碳 1.160 18.20 297 1040 743 1.40 二氧化碳 1.840 14.80 188 858 670 1.28 甲烷 0.668 13.40 520 2250 1730 1.30 水蒸气 0.747 10.10 462 1862 1400 1.33 下面给出各参数与相应滞止参数的比值。将能量方程改写为 第 12 章 可压缩流体一维流动 ·213· V2 c pT + = c pT0 2 T V2 化简可得 =1− T0 2c pT0 T V2 V2 k −1 V 2 k − 1 ∗2 即有 =1− =1− 2 =1− ∗2 =1− M (12.2.12) T0 2c pT0 Vmax k +1 a k +1 其中， M ∗ = V / a ∗ 是与气流马赫数 Ma 类似的无量纲数，称为速度系数。将临界状态能量方 程两边同除以 V 2 ，整理后可得 M ∗ 与 Ma 的关系： k +1 Ma 2 M∗ M∗ = 或 Ma = (12.2.13) 2 k −1 2 k +1 k − 1 ∗2 1+ Ma 1− M 2 k +1 由式(12.2.13)可见，当 M ∗ > 1 时 Ma > 1 ,可压缩流/喷管/激波/膨胀波,P3 > 等熵流+Laval；P4 > 激波+膨胀波；Q4 > 第7章题库速解；R2 > 查表衔接；M14 > 查表动作；M26 > 可压查表,P3；P4,先判等熵、阻塞、内激波、斜激波或膨胀波；按 P3/P4 分段写公式；用 M26 明确输入量：等熵/面积用 M，正激波用 M1，斜激波用 M1、theta，PM 用 nu(M)；最后检查 pe/pb 和总压是否跨激波重置。,1. 判定等熵段、阻塞、激波或膨胀波；2. 写 T0/T、p0/p、A/A* 或激波关系；3. 选择亚声/超声支；4. 标出需要查表的 M、β、ν；5. 回代压力、温度、流量并检查 pe/pb。,斜激波图、PM 函数和面积-马赫数完整表仍可能需要教材；v80 把查表输入和后续接公式写得更明确。 v68 已补 M=1/2/3 的等熵、面积、PM 角和正激波锚点；完整斜激波/PM/面积查表仍需教材。 v80 保留喷管/激波/PM 查表动作和 0.528 易错判断，并补 Fanno 等截面绝热摩擦管入口；同时保留 Ma 物理意义、等熵任意两点、最大速度、弱/强斜激波、脱体激波、PM 最大偏转、背压/出口内压易错和波阻概念；复杂波系仍需按图逐段判支路。,主题命中“可压缩流/喷管/激波/膨胀波”，v80 基础过程覆盖约 81%。；题目要求推导或定义积分；v80 有 M24/M25/M26 骨架，但完整推导仍扣少量严谨性分。；仍依赖教材图表或读图；v80 有小查表/查表动作和收口模板，但不是完整数值表。,6.9,10.0,69.0,中高,
Q0570,课本教材题-张扬军文本,D:\虚拟C盘\学习\流体力学\张扬军（车辆学院）\教材\流体力学教材_text.txt,流体力学教材_text.txt,12.3,12.3.1 气流参数与截面的关系 首先，讨论气体在管道中流动时，管道截面积变化对气流速度的影响规律。从气体一维 定常等熵流动的运动方程出发，并利用声速的定义，有 dp dp dρ dρ VdV = − =− = −a 2 ρ dρ ρ ρ dρ V V 2 dV dV 化简后可得 =− dV = − = − Ma 2 ρ a 2 2 a V V 将上式代入连续性方程，可得截面积变化率与速度变化率之间的关系： = Ma 2 − 1 ) (12.3.1) 对运动方程两边同除以 V 2 ，有 dV dp dp 1 dp 1 dp =− =− =− =− V ρV 2 ρ Ma 2 a 2 Ma 2 ρ kp / ρ kMa 2 p 将上式代入式(12.3.1)中，可得截面积变化率与压强变化率之间的关系： dA 1 − Ma 2 dp = (12.3.2) A kMa 2 p 根据 Ma ，可以分如下三种情况。,可压缩流/喷管/激波/膨胀波,P3 > 等熵流+Laval；P4 > 激波+膨胀波；Q4 > 第7章题库速解；R2 > 查表衔接；M14 > 查表动作；M26 > 可压查表,P3；P4,先判等熵、阻塞、内激波、斜激波或膨胀波；按 P3/P4 分段写公式；用 M26 明确输入量：等熵/面积用 M，正激波用 M1，斜激波用 M1、theta，PM 用 nu(M)；最后检查 pe/pb 和总压是否跨激波重置。,1. 判定等熵段、阻塞、激波或膨胀波；2. 写 T0/T、p0/p、A/A* 或激波关系；3. 选择亚声/超声支；4. 标出需要查表的 M、β、ν；5. 回代压力、温度、流量并检查 pe/pb。,斜激波图、PM 函数和面积-马赫数完整表仍可能需要教材；v80 把查表输入和后续接公式写得更明确。 v68 已补 M=1/2/3 的等熵、面积、PM 角和正激波锚点；完整斜激波/PM/面积查表仍需教材。 v80 保留喷管/激波/PM 查表动作和 0.528 易错判断，并补 Fanno 等截面绝热摩擦管入口；同时保留 Ma 物理意义、等熵任意两点、最大速度、弱/强斜激波、脱体激波、PM 最大偏转、背压/出口内压易错和波阻概念；复杂波系仍需按图逐段判支路。,主题命中“可压缩流/喷管/激波/膨胀波”，v80 基础过程覆盖约 81%。；题型偏概念简答；v80 已有短答库，但非对应专栏仍扣少量组织分。；仍依赖教材图表或读图；v80 有小查表/查表动作和收口模板，但不是完整数值表。,7.1,10.0,71.0,中高,
Q0571,课本教材题-张扬军文本,D:\虚拟C盘\学习\流体力学\张扬军（车辆学院）\教材\流体力学教材_text.txt,流体力学教材_text.txt,1,1. 渐缩喷管 假设气体从具有很大容积的容器中通过渐缩喷管流出，不计流动损失。若容器中气体的 ·216· 流 体 力 学 运动速度可忽略不计，相应参数可视为滞止参数。下面求喷管出口的流速和流量，其中喷管 出口参数用下标 2 表示。由能量方程，可以有 V22 k p2 k p0 + = 2 k − 1 ρ 2 k − 1 ρ0 2k p0 ⎛ p2 ρ0 ⎞ 可求得喷管出口速度表达式 V2 = ⎜1 − ⎟ k − 1 ρ0 ⎝ p0 ρ 2 ⎠ 因为流动过程等熵，根据等熵关系可得出口气流与滞止参数之间的关系式如下： 1 ρ0 ⎛ p0 ⎞ k =⎜ ⎟ ρ 2 ⎝ p2 ⎠ 代入喷管出口速度表达式中，可得喷管出口速度 ⎡ k −1 2k p0 ⎢ ⎛ p2 ⎞ k ⎥ V2 = 1− ⎜ ⎟ (12.3.6) k − 1 ρ0 ⎢ ⎝ p0 ⎠ ⎥ ⎢⎣ ⎥⎦ 进一步可以得到通过喷管的质量流量为 ⎡ 2 k +1 2k p0 ⎢⎛ p2 ⎞ k ⎛ p2 ⎞ k ⎥ G = ρ 2 A2V2 = ρ0 A2 ⎜ ⎟ −⎜ ⎟ ⎥ (12.3.7) k − 1 ρ0 ⎢⎝ p0 ⎠ ⎝ p0 ⎠ ⎥ ⎢⎣ ⎦ 图 12-6 给出了喷管出口质量流量 G 与出口压强 p2 的关系曲线。当 p2 从 p0 减小到 0 时， 流量先增加到最大值 Gmax 再减小到 0。最大流量也称为临界流量，达到最大流量时的出口压 强 p2 可由 dG / dp2 = 0 得到，具体表达式为 ⎛ 2 ⎞ k −1 ∗ p2 = p0 ⎜ ⎟ =p (12.3.8) ⎝ k +1⎠ 当出口截面上压强为临界压强时，出口速度为 声速： 2k p0 图 12-6 渐缩喷管流量与出口压力关系 V2 = a∗ = (12.3.9) k + 1 ρ0 相应的出口流量达最大值，为 ⎡ 2 k +1 ⎤ k +1 2k p0 ⎢⎛ 2 ⎞ k −1 ⎛ 2 ⎞ k −1 ⎥ ⎛ 2 ⎞ 2( k −1) Gmax = ρ0 A2 ⎜ ⎟ −⎜ ⎟ = A2 ⎜ ⎟ kp0 ρ0 (12.3.10) k − 1 ρ0 ⎢⎝ k +1 ⎠ ⎝ k +1 ⎠ ⎥ ⎝ k +1⎠ ⎢⎣ ⎥⎦ 重新分析出口压强 p2 从 p0 逐渐降低过程中渐缩喷管内的流动变化情况。起初气流流速逐 渐增大，流量逐渐增加。当 p2 = p∗ 时，喷管出口位置气流达到声速，流量达最大值。继续降 低 p2 ，从 12.3.1 节可知，亚声速气流在渐缩喷管中不可能达到超声速，气流在喷管内部只能 膨胀到 p∗ 。从 p∗ 到 p2 的膨胀过程只能在喷管出口外进行。因此，当 p2 < p∗ 时，喷管出口的 第 12 章 可压缩流体一维流动 ·217· 流量保持不变，等于临界流量 Gmax 。换句话说，出口压强一旦达到临界压强，出口截面就达,可压缩流/喷管/激波/膨胀波,P3 > 等熵流+Laval；P4 > 激波+膨胀波；Q4 > 第7章题库速解；R2 > 查表衔接；M14 > 查表动作；M26 > 可压查表,P3；P4,先判等熵、阻塞、内激波、斜激波或膨胀波；按 P3/P4 分段写公式；用 M26 明确输入量：等熵/面积用 M，正激波用 M1，斜激波用 M1、theta，PM 用 nu(M)；最后检查 pe/pb 和总压是否跨激波重置。,1. 判定等熵段、阻塞、激波或膨胀波；2. 写 T0/T、p0/p、A/A* 或激波关系；3. 选择亚声/超声支；4. 标出需要查表的 M、β、ν；5. 回代压力、温度、流量并检查 pe/pb。,斜激波图、PM 函数和面积-马赫数完整表仍可能需要教材；v80 把查表输入和后续接公式写得更明确。 v68 已补 M=1/2/3 的等熵、面积、PM 角和正激波锚点；完整斜激波/PM/面积查表仍需教材。 v80 保留喷管/激波/PM 查表动作和 0.528 易错判断，并补 Fanno 等截面绝热摩擦管入口；同时保留 Ma 物理意义、等熵任意两点、最大速度、弱/强斜激波、脱体激波、PM 最大偏转、背压/出口内压易错和波阻概念；复杂波系仍需按图逐段判支路。,主题命中“可压缩流/喷管/激波/膨胀波”，v80 基础过程覆盖约 81%。；仍依赖教材图表或读图；v80 有小查表/查表动作和收口模板，但不是完整数值表。,7.7,10.0,77.0,中高,
Q0572,课本教材题-张扬军文本,D:\虚拟C盘\学习\流体力学\张扬军（车辆学院）\教材\流体力学教材_text.txt,流体力学教材_text.txt,2,2. 缩放喷管 为利用出口压强低于临界压强的这部分可用能并得到超声速气流，可在渐缩喷管后接上 一段渐扩喷管，组成缩放喷管，使气流在流出渐缩喷管后能够继续膨胀加速。最终可在渐扩 段喷管出口得到超声速。出口截面上的流速计算与渐缩喷管使用的公式相同，缩放喷管的流 量仍然由最小截面(喉部)位置的流动参数决定，具体公式与渐缩喷管相同。 例题 12-2 空气在渐缩喷管内做等熵流动，已知某截面流体压强、温度和马赫数分别为 p1 = 400kPa ， T1 = 280K ， Ma1 = 0.52 ，截面积 A1 = 10cm 2 ，出口背压为 pb = 200 kPa 。求喷 管出口截面上的气流速度与马赫数和喷管的质量流量。,可压缩流/喷管/激波/膨胀波,P3 > 等熵流+Laval；P4 > 激波+膨胀波；Q4 > 第7章题库速解；R2 > 查表衔接；M14 > 查表动作；M26 > 可压查表,P3；P4,先判等熵、阻塞、内激波、斜激波或膨胀波；按 P3/P4 分段写公式；用 M26 明确输入量：等熵/面积用 M，正激波用 M1，斜激波用 M1、theta，PM 用 nu(M)；最后检查 pe/pb 和总压是否跨激波重置。,1. 判定等熵段、阻塞、激波或膨胀波；2. 写 T0/T、p0/p、A/A* 或激波关系；3. 选择亚声/超声支；4. 标出需要查表的 M、β、ν；5. 回代压力、温度、流量并检查 pe/pb。,斜激波图、PM 函数和面积-马赫数完整表仍可能需要教材；v80 把查表输入和后续接公式写得更明确。 v68 已补 M=1/2/3 的等熵、面积、PM 角和正激波锚点；完整斜激波/PM/面积查表仍需教材。 v80 保留喷管/激波/PM 查表动作和 0.528 易错判断，并补 Fanno 等截面绝热摩擦管入口；同时保留 Ma 物理意义、等熵任意两点、最大速度、弱/强斜激波、脱体激波、PM 最大偏转、背压/出口内压易错和波阻概念；复杂波系仍需按图逐段判支路。,主题命中“可压缩流/喷管/激波/膨胀波”，v80 基础过程覆盖约 81%。；仍依赖教材图表或读图；v80 有小查表/查表动作和收口模板，但不是完整数值表。,7.7,10.0,77.0,中高,
Q0573,课本教材题-张扬军文本,D:\虚拟C盘\学习\流体力学\张扬军（车辆学院）\教材\流体力学教材_text.txt,流体力学教材_text.txt,12.3,12.3 节讨论了理想气体的一维等熵流动。在实际气体流动过程，黏性效应引起摩擦损失， 从而使气流发生不可逆熵增。此外，气流也可经过 管壁与外界发生热交换，变为非绝热流动，进而导 致系统熵增。本节仅讨论由黏性摩擦引起不可逆熵 增的气体绝热管流。,粘性管路/沿程局部损失/泵水轮机,P5 > 管路损失；Q5 > 粘性流动题库速解；M21 > 题图决策卡；M22 > 误判；M26 > 管路/模型,P5,由 Q 求 V，算 Re，判层/湍；层流用 H-P 或 64/Re，光滑湍流可用 0.3164/Re^(1/4)，粗糙管查 Moody；局部损失用所在管段速度；汇总后代入机械能求目标量。,1. 由 Q 和管径求 V；2. 算 Re 判断层流/湍流；3. 取 lambda 或查 Moody/Colebrook；4. 汇总沿程/局部损失；5. 代入机械能方程求目标量。,局部损失系数、粗糙度和物性仍需题给或查教材；v80 明确了 Moody、光滑管和局部损失速度的收口。 v80 保留管路机械能、沿程/局部损失、泵/水轮机功率、Moody/Colebrook 入口，并补圆管层流抛物线速度分布、湍流丰满剖面和平均/最大速度易错。,主题命中“粘性管路/沿程局部损失/泵水轮机”，v80 基础过程覆盖约 85%。,8.5,10.0,85.0,中高,
Q0574,课本教材题-张扬军文本,D:\虚拟C盘\学习\流体力学\张扬军（车辆学院）\教材\流体力学教材_text.txt,流体力学教材_text.txt,12.4,12.4.1 气体一维定常运动微分方程 在等截面直管道中取一个长度为 dx 的微小 图 12-7 气体一维定常运动微分方程 管段，对管段中定常流动的气流作受力分析，如 推导用图 图 12-7 所示。 第 12 章 可压缩流体一维流动 ·219· 由动量守恒定律可得 πd 2 πd 2 πd 2 p − ( p + dp ) − τ 0 πddx = ρV (V + dV − V ) 4 4 4 dp 4τ dx 化简可以得到 VdV + + 0 =0 ρ ρ d 其中， d 为管道直径。气流对于管壁的切应力可表示为 ρV 2 τ0 = 8 其中， λ 为沿程阻力系数。这样就得到有摩擦的绝热气体一维定常运动微分方程： dp V 2 dx VdV + +λ =0 (12.4.1) ρ 2 d 式(12.4.1)中第三项的物理含义代表单位质量气体在微小管段 dx 上所做的摩擦功。,边界层/外绕流阻力,P6 > 平板边界层；P6 > 位移/动量厚度；M24 > 边界层积分题；Q5 > 边界层题库速解；M13 > 微题,P6,先算 Re_x/Re_L 判层流、湍流或转捩；直接题用 delta、Cf、阻力公式；速度剖面题用 M24 的 delta*、theta 和 Karman 模板；外绕流判断摩擦/压差阻力和分离。,1. 算 Re_x 或 Re_L；2. 判断层流/湍流/低 Re；3. 选厚度、Cf 或阻力公式；4. 若为厚度定义题，尝试写积分；5. 说明 v80 缺失的定义或图表。,"复杂非零压梯度动量积分、实验阻力图和扫描图数值仍需教材/图表；v80 已覆盖书10.3/10.5 常见剖面。 v80 已补 delta*, theta, H 的物理意义；复杂动量积分推导仍需手算。 v80 已补局部摩阻系数 cf、单位宽阻力 D'、CD=2theta/L、转捩位置 xcr、平板层/湍/混合阻力判定和湿表面积/迎风面积区分；复杂分离与实验阻力图仍需教材。 v80 保留给定速度剖面到 delta、theta、delta_E、tau_w、CD 的通用积分链，补强 delta、delta*、theta、delta_E 的物理意义，保留层/湍速度剖面标准句、Boussinesq 涡黏、吸气/吹气修正、自由射流动量通量入口、Theta 分离判据和 Karman--Pohlhausen 配边界步骤。",主题命中“边界层/外绕流阻力”，v80 基础过程覆盖约 87%。；题目要求推导或定义积分；v80 有 M24/M25/M26 骨架，但完整推导仍扣少量严谨性分。；仍依赖教材图表或读图；v80 有小查表/查表动作和收口模板，但不是完整数值表。,7.5,10.0,75.0,中高,
Q0575,课本教材题-张扬军文本,D:\虚拟C盘\学习\流体力学\张扬军（车辆学院）\教材\流体力学教材_text.txt,流体力学教材_text.txt,12.4,12.4.2 摩擦的影响 k p 在 12.2 节中给出的能量方程(12.2.3)适用于绝热流动。由于 h = c pT ，c p = R ， = RT ， k −1 ρ 代入能量方程有 dp p dρ k −1 = − VdV ρ ρ ρ k 将 dρ / ρ 用连续性方程代入，有 dp⎛ V 2 p ⎞ dV p dA =⎜ − ⎟ − − VdV ρ ⎝ k ρ⎠ V ρ A 将上式代入具有摩擦的绝热气体一维定常运动微分方程(12.4.1)中，有 ⎛ V 2 p ⎞ dV p dA V 2 dx ⎜ − ⎟ − + λ =0 ⎝ k ρ⎠ V ρ A 2 d a2 2 ，所以可得 (V − a ) dVV − a dAA + λ kV2 ddx = 0 2 2 2,Bernoulli/机械能/动量控制体,P1 > 控制体动量模板；P1 > 伯努利/机械能；Q2 > 弯管受力/喷嘴反力；M21 > 题图决策卡；M26 > 高频计算/查表/控制体收口,P1,先选截面，写连续和 Bernoulli/机械能；再按控制体受力图列压力力、壁面力和动量通量；多出口用 M26 通式；求出壁面对流体的力后按题问管/螺栓取反。,1. 先按题干关键词选模型；2. 在 v80 对应页写首个控制方程/公式；3. 把题给几何、单位和边界条件代入；4. 做代数求解或列出需要查图查表的位置；5. 检查单位、方向、绝压/表压或适用条件。,复杂三维受力和图中方向仍要自己画清楚；v80 已补多出口通式和喷嘴/弯管收口流程。 v69 把截面号、面积、高程、表压/绝压、CV取反和局损速度集中到读图/收口八查。 v80 保留雷诺输运、压力力方向/表压、孔板/文丘里流量计公式链，并补控制体外力组成与自由射流动量通量提示；复杂控制体仍需画受力图。,主题命中“Bernoulli/机械能/动量控制体”，v80 基础过程覆盖约 84%。,8.4,10.0,84.0,中高,
Q0576,课本教材题-张扬军文本,D:\虚拟C盘\学习\流体力学\张扬军（车辆学院）\教材\流体力学教材_text.txt,流体力学教材_text.txt,12,(12.4.3) 根据式(12.4.3)可以知道，摩擦的作用相当于使管道截面缩小。在渐缩管中，摩擦使亚声 速气流加速得更快，使超声速气流减速得更快。在渐扩管中，摩擦使亚声速气流减速变慢， 使超声速气流加速变慢。在等截面管道中，摩擦效应使得气流相当于在渐缩管中流动，从而 使亚声速气流加速，使超声速气流减速。但不可能使气流从亚声速连续加速到超声速，也不 可能使气流从超声速连续地减速到亚声速，所以极限速度只能是声速。由于摩擦的影响，此 时缩放喷管中气流的临界截面将不再位于喷管最小截面处。由于在临界截面上 Ma = 1 ，根据 式(12.4.3)可以得到 dA k dx A 2 d ·220· 流 体 力 学 于是有 dA > 0 ，即不论来流是亚声速或是超声速，气流总是在最小截面后的扩张段中才能达 到临界速度。下面进一步分析等截面管道中有摩擦的绝热流动，式(12.4.3)可以进一步写成 dV dh c p dT 1 dT =− =− =− (12.4.4) V 2 2 Ma a 2 Ma kRT Ma ( k − 1) T 2 将 V 2 = Ma 2 a 2 = Ma 2 kRT 两边进行微分，可以得到 dV dMa dT =2 + 2 (12.4.5) V Ma T 合并式(12.4.4)和式(12.4.5)，可以得到 dV dMa / Ma = (12.4.6) V Ma 2 ( k − 1) / 2 + 1 对于等截面管道，由于 dA = 0 ，根据式(12.4.3)有 2 ( Ma − 1) dVV = −λ kMa 2 dx 2 d 将式(12.4.6)代入上式并消去 V 有 2 1 − Ma 2 dMa ) = 2dMa k +1 dMa d kMa 3 ⎡ Ma 2 ( k − 1) / 2 + 1⎤ kMa 3 k Ma ⎡ Ma 2 ( k − 1) / 2 + 1⎤ ⎣ ⎦ ⎣ ⎦ 上式沿管道长度进行积分。积分上、下限分别为： x = 0 ， Ma = Mai ； x = l ， Ma = Ma ，有 1 ⎞ k + 1 ⎡⎛ Mai ⎞ ( k − 1) Ma + 2 ⎤ 2 2 l 1⎛ 1 λ = ⎜ − ⎟ + ln ⎢ ⎜ ⎟ ⎥ (12.4.7) d k ⎝ Mai2 Ma 2 ⎠ 2k ⎢⎣⎝ Ma ⎠ ( k − 1) Mai + 2 ⎥⎦ 2 其中， Mai 为管道入口气流马赫数。当 Ma = 1 时，可以得到管道长度达最大值： l 1⎛ 1 ⎞ k + 1 ⎡ ( k + 1) Mai2 ⎤ λ max = ⎜ − 1 ⎟+ ln ⎢ ⎥ (12.4.8) k ⎝ Mai2 ⎢⎣ ( k − 1) Mai +2 ⎥⎦ 2 d ⎠ 2k 显然，最大管长 lmax 与 Mai 有关。当管长 l < lmax 时，气流在出口处达,可压缩流/喷管/激波/膨胀波,P3 > 等熵流+Laval；P4 > 激波+膨胀波；Q4 > 第7章题库速解；R2 > 查表衔接；M14 > 查表动作；M26 > 可压查表,P3；P4,先判等熵、阻塞、内激波、斜激波或膨胀波；按 P3/P4 分段写公式；用 M26 明确输入量：等熵/面积用 M，正激波用 M1，斜激波用 M1、theta，PM 用 nu(M)；最后检查 pe/pb 和总压是否跨激波重置。,1. 判定等熵段、阻塞、激波或膨胀波；2. 写 T0/T、p0/p、A/A* 或激波关系；3. 选择亚声/超声支；4. 标出需要查表的 M、β、ν；5. 回代压力、温度、流量并检查 pe/pb。,斜激波图、PM 函数和面积-马赫数完整表仍可能需要教材；v80 把查表输入和后续接公式写得更明确。 v68 已补 M=1/2/3 的等熵、面积、PM 角和正激波锚点；完整斜激波/PM/面积查表仍需教材。 v80 保留喷管/激波/PM 查表动作和 0.528 易错判断，并补 Fanno 等截面绝热摩擦管入口；同时保留 Ma 物理意义、等熵任意两点、最大速度、弱/强斜激波、脱体激波、PM 最大偏转、背压/出口内压易错和波阻概念；复杂波系仍需按图逐段判支路。,主题命中“可压缩流/喷管/激波/膨胀波”，v80 基础过程覆盖约 81%。；仍依赖教材图表或读图；v80 有小查表/查表动作和收口模板，但不是完整数值表。,7.7,10.0,77.0,中高,
Q0577,课本教材题-张扬军文本,D:\虚拟C盘\学习\流体力学\张扬军（车辆学院）\教材\流体力学教材_text.txt,流体力学教材_text.txt,12,(12.4.13) pi k +1 例题 12-4 空气流入直径 d = 0.03m 的圆管。已知进口压强 pi = 2 × 105 Pa ，温度 Ti = 280 K ， 马赫数 Mai = 0.2 。求气流达到临界状态时管道的最大长度 lmax 以及出口气流参数 p* 、 T * 。,可压缩流/喷管/激波/膨胀波,P3 > 等熵流+Laval；P4 > 激波+膨胀波；Q4 > 第7章题库速解；R2 > 查表衔接；M14 > 查表动作；M26 > 可压查表,P3；P4,先判等熵、阻塞、内激波、斜激波或膨胀波；按 P3/P4 分段写公式；用 M26 明确输入量：等熵/面积用 M，正激波用 M1，斜激波用 M1、theta，PM 用 nu(M)；最后检查 pe/pb 和总压是否跨激波重置。,1. 判定等熵段、阻塞、激波或膨胀波；2. 写 T0/T、p0/p、A/A* 或激波关系；3. 选择亚声/超声支；4. 标出需要查表的 M、β、ν；5. 回代压力、温度、流量并检查 pe/pb。,斜激波图、PM 函数和面积-马赫数完整表仍可能需要教材；v80 把查表输入和后续接公式写得更明确。 v68 已补 M=1/2/3 的等熵、面积、PM 角和正激波锚点；完整斜激波/PM/面积查表仍需教材。 v80 保留喷管/激波/PM 查表动作和 0.528 易错判断，并补 Fanno 等截面绝热摩擦管入口；同时保留 Ma 物理意义、等熵任意两点、最大速度、弱/强斜激波、脱体激波、PM 最大偏转、背压/出口内压易错和波阻概念；复杂波系仍需按图逐段判支路。,主题命中“可压缩流/喷管/激波/膨胀波”，v80 基础过程覆盖约 81%。；题目要求推导或定义积分；v80 有 M24/M25/M26 骨架，但完整推导仍扣少量严谨性分。；仍依赖教材图表或读图；v80 有小查表/查表动作和收口模板，但不是完整数值表。,6.9,10.0,69.0,中高,
Q0578,课本教材题-张扬军文本,D:\虚拟C盘\学习\流体力学\张扬军（车辆学院）\教材\流体力学教材_text.txt,流体力学教材_text.txt,1.4,1.4 ⎝ 0.22 ⎠ 2 × 1.4 ⎢⎣ (1.4 − 1) × 0.22 +2 ⎥⎦ = 14.53 求解上式即可获得管道的最大长度为 d 0.03 lmax = 14.53 = 14.53 × = 21.8(m) λ 0.02 解毕。 科技前沿(12)——连续旋转爆震发动机 习 题 12-1 设 m、n 为常数，试证明：在理想气体等熵流动的任意两个状态点 1、2 之间，它 ·222· 流 体 力 学 的静压之比以及密度之比是温度之比的幂函数，即 p2 p1 = (T2 T1 ) ， ρ2 ρ1 = (T2 T1 ) ，并导 m n 出 m、n 的表达式。 12-2 某人头顶上 1000m 高的空中有一架飞机飞过。当飞机水平前进了 2000m 时，此人 才听到飞机噪声。已知当地大气温度为 280 K ，求飞机的飞行速度、马赫数以及此人最先听 到的声音的声源位置。 12-3 已知一架飞机在观察站上空 H = 500m ，以速度 1836km/h 水平飞行，空气的温度 T = 15℃ ，求飞机飞过观察站正上方到观察站听到飞机声音需多长时间？ 12-4 假设空气做等熵流动，已知滞止压强 p0 = 490kPa ，滞止温度 T0 = 20℃ ，试求：滞 止声速 a0 及 Ma = 0.8 处的声速、流速和压强。 12-5 使一维气流在可逆绝热条件下压强降为 0Pa、温度降为 0K 时，气流速度达到最大 值 Vmax 。定义无量纲速度 τ 为气体运动速度 V 与最大速度 Vmax 的比值，即 τ = ，试求 τ 与 Vmax 马赫数 Ma 之间的关系式，并确定 τ 的取值范围(气体绝热指数为 k )。 12-6 高压蒸汽由收缩喷管流出，在进口断面流速为 200 m/ s ，温度为 350℃ ，绝对压强 为 1MPa 。气流在喷管中被加速，在出口处马赫数 Ma = 0.9 。已知蒸汽 R = 462 J/ ( kg⋅ K ) ，绝 热指数 k = 1.33 ，不计流动损失，求出口速度。 12-7 有 一 个 收 缩 喷 管 ， 气 流 在 进 口 截 面 上 的 参 数 为 p1 = 3 × 105 Pa ， T1 = 340 K ， V1 = 150 m/ s ， d1 = 46mm 。在出口截面上， Ma = 1 ，求出口处的压强、温度和直径(过程视 为等熵流动，气体常数 R = 287J/ ( kg ⋅ K ) ，绝热指数 k = 1.4 )。 12-8 已知储气室参数为 p0 = 1.52 MPa (绝对压强)， T0 = 27℃ ，空气从储气室通过一个 收缩喷管进入大气。设喷管出口面积 A2 = 31.7 mm 2 ，背压 pb = 101kPa (绝对压强)，不计损失。 试求出口压强 p2 及通过喷管的质量流量 Qm 。 12-9 空气稳定且等熵地通,可压缩流/喷管/激波/膨胀波,P3 > 等熵流+Laval；P4 > 激波+膨胀波；Q4 > 第7章题库速解；R2 > 查表衔接；M14 > 查表动作；M26 > 可压查表,P3；P4,先判等熵、阻塞、内激波、斜激波或膨胀波；按 P3/P4 分段写公式；用 M26 明确输入量：等熵/面积用 M，正激波用 M1，斜激波用 M1、theta，PM 用 nu(M)；最后检查 pe/pb 和总压是否跨激波重置。,1. 判定等熵段、阻塞、激波或膨胀波；2. 写 T0/T、p0/p、A/A* 或激波关系；3. 选择亚声/超声支；4. 标出需要查表的 M、β、ν；5. 回代压力、温度、流量并检查 pe/pb。,斜激波图、PM 函数和面积-马赫数完整表仍可能需要教材；v80 把查表输入和后续接公式写得更明确。 v68 已补 M=1/2/3 的等熵、面积、PM 角和正激波锚点；完整斜激波/PM/面积查表仍需教材。 v80 保留喷管/激波/PM 查表动作和 0.528 易错判断，并补 Fanno 等截面绝热摩擦管入口；同时保留 Ma 物理意义、等熵任意两点、最大速度、弱/强斜激波、脱体激波、PM 最大偏转、背压/出口内压易错和波阻概念；复杂波系仍需按图逐段判支路。,主题命中“可压缩流/喷管/激波/膨胀波”，v80 基础过程覆盖约 81%。；题型偏概念简答；v80 已有短答库，但非对应专栏仍扣少量组织分。；题目要求推导或定义积分；v80 有 M24/M25/M26 骨架，但完整推导仍扣少量严谨性分。；仍依赖教材图表或读图；v80 有小查表/查表动作和收口模板，但不是完整数值表。,6.3,10.0,63.0,中高,
Q0579,课本教材题-张扬军文本,D:\虚拟C盘\学习\流体力学\张扬军（车辆学院）\教材\流体力学教材_text.txt,流体力学教材_text.txt,13.1,13.1.1 超声速气流绕凸壁面的流动(膨胀波) 超声速气流在流动的过程中若遇到扰动，就会将微弱扰动波叠加起来形成马赫波。本节 考虑速度为 V1 的超声速气流绕凸壁面的流动，如图 13-1 所示。壁面上 A 点处有一个微小的向 外折转角 dδ ，气流经 A 点后方向将产生微小的偏转。在折转点 A 处将产生一道马赫波(马赫 线) AB ，相应的马赫角 θ1 = arcsin(1 / Ma1 ) 。由于折转点 A 之后，气流通道略有增大，气流通 过马赫波以后将发生微小的膨胀，速度有微小的增加，压强、密度、温度有微小的降低，这 种马赫波也称为微弱膨胀波。 如果壁面 A 点处的折转角为一个有限值 δ ，形成一个有限的凸钝角，那么气流将连续膨 胀和偏转，产生无数条马赫波，形成膨胀波组，如图 13-2 所示。气流的膨胀过程可以看作无 数个微小膨胀的组合，所以在膨胀区 B1 AB2 中流线是弯曲的。若超声速气流沿着多次向外折 转的壁面流动，则在每一次折转角处都要产生一组膨胀波，气流在每组膨胀波内发生膨胀、 加速和偏转，如图 13-3 所示。超声速气流进入低压区时也会产生膨胀波。例如，超声速气流 从喷管流出，当出口截面的压强高于外部的压强时，气流将在喷管外部继续膨胀，在出口处 产生膨胀波组，气流离开喷管后向外侧偏转一个角度 δ ，如图 13-4 所示。当喷管后的压强为 零时，理论上的最大折转角为 π ⎛ k +1 ⎞ δ max = ⎜⎜ − 1⎟ (13.1.1) 2 ⎝ k − 1 ⎟⎠ 图 13-1 超声速气流绕微小凸钝角的流动 图 13-2 超声速气流绕凸钝角的膨胀波组 以上分析是针对理想气体做无摩擦绝热均匀流动这一情况的，每一条马赫波都是直线， 在马赫波上所有参数相等，故马赫线也是等压线。 ·224· 流 体 力 学 图 13-3 超声速气流沿多次折转的壁面的流动 图 13-4 超声速气流进入低压区的流动,可压缩流/喷管/激波/膨胀波,P3 > 等熵流+Laval；P4 > 激波+膨胀波；Q4 > 第7章题库速解；R2 > 查表衔接；M14 > 查表动作；M26 > 可压查表,P3；P4,先判等熵、阻塞、内激波、斜激波或膨胀波；按 P3/P4 分段写公式；用 M26 明确输入量：等熵/面积用 M，正激波用 M1，斜激波用 M1、theta，PM 用 nu(M)；最后检查 pe/pb 和总压是否跨激波重置。,1. 判定等熵段、阻塞、激波或膨胀波；2. 写 T0/T、p0/p、A/A* 或激波关系；3. 选择亚声/超声支；4. 标出需要查表的 M、β、ν；5. 回代压力、温度、流量并检查 pe/pb。,斜激波图、PM 函数和面积-马赫数完整表仍可能需要教材；v80 把查表输入和后续接公式写得更明确。 v68 已补 M=1/2/3 的等熵、面积、PM 角和正激波锚点；完整斜激波/PM/面积查表仍需教材。 v80 保留喷管/激波/PM 查表动作和 0.528 易错判断，并补 Fanno 等截面绝热摩擦管入口；同时保留 Ma 物理意义、等熵任意两点、最大速度、弱/强斜激波、脱体激波、PM 最大偏转、背压/出口内压易错和波阻概念；复杂波系仍需按图逐段判支路。,主题命中“可压缩流/喷管/激波/膨胀波”，v80 基础过程覆盖约 81%。；题目要求推导或定义积分；v80 有 M24/M25/M26 骨架，但完整推导仍扣少量严谨性分。；仍依赖教材图表或读图；v80 有小查表/查表动作和收口模板，但不是完整数值表。,6.9,10.0,69.0,中高,
Q0580,课本教材题-张扬军文本,D:\虚拟C盘\学习\流体力学\张扬军（车辆学院）\教材\流体力学教材_text.txt,流体力学教材_text.txt,13.1,13.1.3 正激波与斜激波的形成 激波面与气流流动方向相互正交的激波为正激波。正激波的激波角为直角。管道中发生 的平面激波或爆炸在均匀静止的空气中产生的球形激波都是正激波。 正激波的形成可用下面的例子来说明。如图 13-9 所示，直管中的活塞突然向右加速运动， 经一段时间后达到速度 V ，再做等速运动。将这一段时间离散化为无数个无穷小的时间间隔。 在第一个时间间隔，活塞运动速度从零变为 dV ，紧靠活塞的气体 A 的压力升高了 dp ，第一 道微弱扰动波以声速 a1 向右运动，气体 A 以速度 dV 向右运动，在第二个时间间隔，活塞速度 从 dV 变为 2dV ，产生第二道微弱扰动波，以声速 aⅡ + dV 向右运动， 使气体 A 的压强变为 2dp ， 速度变为 2dV ，这时第一道微弱扰动波已传到气体 B ，使其压力增加了 dp ，据此类推，活塞 每次加速产生的微弱扰动波都以当地声速相对于气流向右运动，靠近活塞的气体受压缩程度 ·226· 流 体 力 学 较大，温度较高，故而当地声速大于离活塞较远的气体中声速。经过一段时间，后面的微弱 扰动波逐渐追上前面的波并相互叠加形成强度很大的压缩波，就是正激波，所以激波是具有 一定强度的以超声速传播的压缩波。 图 13-9 在直管中正激波的形成 与正激波不同，斜激波的激波角不是直角。斜激波的形成可用图 13-7 来说明。因 A 点的 折转角是一个有限值，在 A 点处将产生无数条微弱的压缩波或马赫波。接下来将要说明这些 压缩波是如何叠加起来的。第一条压缩波 AB1 与气流速度 V1 的夹角为 θ1 = arcsin (1 / Ma1 ) ，最 后一条压缩波 AB2 与 V2 的夹角 θ 2 = arcsin (1 / Ma2 ) 。因 V2 < V1 ，a2 > a1 ，故 Ma2 < Ma1 ，θ 2 > θ1 。 也就是说，最后一条压缩波不仅要在已扰动过的区域内，而且要在 AB1 之前，显然是不可能 的，所以唯一的可能是所有的压缩波叠加起来，形成一条斜激波。,可压缩流/喷管/激波/膨胀波,P3 > 等熵流+Laval；P4 > 激波+膨胀波；Q4 > 第7章题库速解；R2 > 查表衔接；M14 > 查表动作；M26 > 可压查表,P3；P4,先判等熵、阻塞、内激波、斜激波或膨胀波；按 P3/P4 分段写公式；用 M26 明确输入量：等熵/面积用 M，正激波用 M1，斜激波用 M1、theta，PM 用 nu(M)；最后检查 pe/pb 和总压是否跨激波重置。,1. 判定等熵段、阻塞、激波或膨胀波；2. 写 T0/T、p0/p、A/A* 或激波关系；3. 选择亚声/超声支；4. 标出需要查表的 M、β、ν；5. 回代压力、温度、流量并检查 pe/pb。,斜激波图、PM 函数和面积-马赫数完整表仍可能需要教材；v80 把查表输入和后续接公式写得更明确。 v68 已补 M=1/2/3 的等熵、面积、PM 角和正激波锚点；完整斜激波/PM/面积查表仍需教材。 v80 保留喷管/激波/PM 查表动作和 0.528 易错判断，并补 Fanno 等截面绝热摩擦管入口；同时保留 Ma 物理意义、等熵任意两点、最大速度、弱/强斜激波、脱体激波、PM 最大偏转、背压/出口内压易错和波阻概念；复杂波系仍需按图逐段判支路。,主题命中“可压缩流/喷管/激波/膨胀波”，v80 基础过程覆盖约 81%。；题型偏概念简答；v80 已有短答库，但非对应专栏仍扣少量组织分。；仍依赖教材图表或读图；v80 有小查表/查表动作和收口模板，但不是完整数值表。,7.1,10.0,71.0,中高,
Q0581,课本教材题-张扬军文本,D:\虚拟C盘\学习\流体力学\张扬军（车辆学院）\教材\流体力学教材_text.txt,流体力学教材_text.txt,13,(13.2.16) 再根据状态方程以及激波前后密度比公式，可得激波前后温度之比为 2 ( k − 1) kMa12 + 1 T2 =1+ ( Ma12 − 1 ) (13.2.17) T1 ( k + 1) Ma1 2 2 相应的流动马赫数之比为 1 2 + ( k − 1) Ma1 2 Ma22 V22 a12 V22 T1 = 2 2 = 2 = (13.2.18) Ma1 V1 a2 V1 T2 Ma12 2kMa12 − ( k − 1) 2 上面得到的正激波前后参数之比都是用激波前参数表示的，即都是激波前马赫数的函数，所 以通过上述公式，可以求得正激波后的气流参数。 例 题 13-1 已 知 超 声 速 空 气 气 流 中 正 激 波 上 游 的 参 数 p1 = 105 Pa 、 T1 = 283K 、 V1 = 500m/s 。试求激波下游气流的参数 p2 、 T2 、 V2 。,可压缩流/喷管/激波/膨胀波,P3 > 等熵流+Laval；P4 > 激波+膨胀波；Q4 > 第7章题库速解；R2 > 查表衔接；M14 > 查表动作；M26 > 可压查表,P3；P4,先判等熵、阻塞、内激波、斜激波或膨胀波；按 P3/P4 分段写公式；用 M26 明确输入量：等熵/面积用 M，正激波用 M1，斜激波用 M1、theta，PM 用 nu(M)；最后检查 pe/pb 和总压是否跨激波重置。,1. 判定等熵段、阻塞、激波或膨胀波；2. 写 T0/T、p0/p、A/A* 或激波关系；3. 选择亚声/超声支；4. 标出需要查表的 M、β、ν；5. 回代压力、温度、流量并检查 pe/pb。,斜激波图、PM 函数和面积-马赫数完整表仍可能需要教材；v80 把查表输入和后续接公式写得更明确。 v68 已补 M=1/2/3 的等熵、面积、PM 角和正激波锚点；完整斜激波/PM/面积查表仍需教材。 v80 保留喷管/激波/PM 查表动作和 0.528 易错判断，并补 Fanno 等截面绝热摩擦管入口；同时保留 Ma 物理意义、等熵任意两点、最大速度、弱/强斜激波、脱体激波、PM 最大偏转、背压/出口内压易错和波阻概念；复杂波系仍需按图逐段判支路。,主题命中“可压缩流/喷管/激波/膨胀波”，v80 基础过程覆盖约 81%。；仍依赖教材图表或读图；v80 有小查表/查表动作和收口模板，但不是完整数值表。,7.7,10.0,77.0,中高,
Q0582,课本教材题-张扬军文本,D:\虚拟C盘\学习\流体力学\张扬军（车辆学院）\教材\流体力学教材_text.txt,流体力学教材_text.txt,13.2,13.2.2 斜激波前后气流参数的关系 设斜激波前的气流参数为 V1 、 p1 、 ρ1 、 T1 ，波后参数为 V2 、 p2 、 ρ 2 、 T2 。如图 13-11 第 13 章 可压缩流体超声速流动 ·229· 所示，将速度沿垂直和平行于激波面的两个方 向进行分解，并用下标 n 和 t 分别表示分量。那 么激波前后的连续性方程可以写为 ρ1V1n = ρ 2V2 n (13.2.19) 垂直于激波面方向上的动量方程可以写为 p1 − p2 = ρ1V1n (V2 n − V1n ) (13.2.20) 或 p1 + ρ1V12n = p2 + ρ 2V22n (13.2.21) 图 13-11 斜激波 因为激波前后压强和密度满足 p2 > p1 、 ρ 2 > ρ1 ，所以可有 V2 n < V1n ，即气流通过斜激波 后激波面法向速度分量必然减小。由于在平行于激波面方向上压强无变化，有 V2t = V1t ，即 气流通过斜激波后激波面切向速度分量不变。基于斜激波的上述特点，可将斜激波作为相 对于激波面法向的正激波来处理。可以利用 13.2.1 节的公式求出斜激波前后气流参数的关 系，其中激波前马赫数以激波面法向速度分量进行计算： V1 V Ma1n = Ma1 sin β = sin β = 1n (13.2.22) a1 a1 于是可以得到斜激波前后气流参数之比为 ρ2 ( k + 1) Ma12 sin 2 β = (13.2.23) ρ1 2 + ( k − 1) Ma12 sin 2 β p2 2k k − 1 2k ⎛ V12n k − 1 ⎞ = Ma12 sin 2 β − = ⎜ − ⎟ (13.2.24) p1 k + 1 k + 1 k + 1 ⎜⎝ a12 2k ⎟⎠ 2 ( k − 1) kMa12 sin 2 β + 1 T2 =1+ ( Ma12 sin 2 β − 1 ) (13.2.25) T1 ( k + 1) 2 Ma 2 1 sin 2 相应的斜激波后的激波面法向马赫数为 V2 n V2 Ma2 n = = sin ( β − δ ) = Ma2 sin ( β − δ ) (13.2.26) a2 a2 于是可得斜激波前后马赫数关系： 2 + ( k − 1) Ma12 sin 2 β Ma22 sin 2 ( β − δ ) = (13.2.27) 2kMa12 sin 2 β − ( k − 1) 下面介绍斜激波前后速度之间存在的关系。由连续性方程(13.2.19)和激波前后密度比公 式，可得 ρ1 2 ( k − 1)V1n + 2a1 2 2 V1nV2 n = V = (13.2.28) ρ 2 1n k +1 V12n + V12t a2 k + 1 a∗2 根据能量方程有 + 1 = (13.2,可压缩流/喷管/激波/膨胀波,P3 > 等熵流+Laval；P4 > 激波+膨胀波；Q4 > 第7章题库速解；R2 > 查表衔接；M14 > 查表动作；M26 > 可压查表,P3；P4,先判等熵、阻塞、内激波、斜激波或膨胀波；按 P3/P4 分段写公式；用 M26 明确输入量：等熵/面积用 M，正激波用 M1，斜激波用 M1、theta，PM 用 nu(M)；最后检查 pe/pb 和总压是否跨激波重置。,1. 判定等熵段、阻塞、激波或膨胀波；2. 写 T0/T、p0/p、A/A* 或激波关系；3. 选择亚声/超声支；4. 标出需要查表的 M、β、ν；5. 回代压力、温度、流量并检查 pe/pb。,斜激波图、PM 函数和面积-马赫数完整表仍可能需要教材；v80 把查表输入和后续接公式写得更明确。 v68 已补 M=1/2/3 的等熵、面积、PM 角和正激波锚点；完整斜激波/PM/面积查表仍需教材。 v80 保留喷管/激波/PM 查表动作和 0.528 易错判断，并补 Fanno 等截面绝热摩擦管入口；同时保留 Ma 物理意义、等熵任意两点、最大速度、弱/强斜激波、脱体激波、PM 最大偏转、背压/出口内压易错和波阻概念；复杂波系仍需按图逐段判支路。,主题命中“可压缩流/喷管/激波/膨胀波”，v80 基础过程覆盖约 81%。；题型偏概念简答；v80 已有短答库，但非对应专栏仍扣少量组织分。；仍依赖教材图表或读图；v80 有小查表/查表动作和收口模板，但不是完整数值表。,7.1,10.0,71.0,中高,
Q0583,课本教材题-张扬军文本,D:\虚拟C盘\学习\流体力学\张扬军（车辆学院）\教材\流体力学教材_text.txt,流体力学教材_text.txt,13.2,"13.2.3 气流折转角与斜激波角间的关系 从图 13-11 中可以看出，超声速气流通过斜激波后速度方向会发生一定的偏转，气流偏 转的角度称为气流折转角。气流折转角、斜激波角与气流方向之间的关系如下： V2 n V1n tan ( β − δ ) = , tan β = (13.2.33) V2t V1t V2n ρ1 V1n 由连续性方程和 V1t = V2t ，有 = (13.2.34) V2t ρ2 V1t 将式(13.2.33)和式(13.2.34)合并，并将激波前后密度比公式代入，可得斜激波角、气流折转 角和斜激波前气流流动马赫数之间的关系式： 2 + ( k − 1) Ma12 sin 2 β tan ( β − δ ) = (13.2.35) ( k + 1) Ma12 sin β cos β 化简式(13.2.35)，最终可得 Ma12 sin 2 β − 1 tan δ = cot β (13.2.36) 1 + Ma12 ⎡⎣( k + 1) / 2 − sin 2 β ⎤⎦ 若将式(13.2.36)绘制成曲线，如图 13-12 所示，图中每条曲线对应于一个斜激波前的来 流马赫数 Ma1 。根据式(13.2.36)和图 13-12 可得如下结论。 (1)当 Ma12 sin 2 β − 1 = 0 ，即 sin β = 1 / Ma1 = sin θ1 ，斜激波角等于马赫角时，斜激波退化 为微弱扰动波，即马赫波，并且通过斜激波后气流折转角为零；当 cot β = 0 ，即 β = π / 2 时， 斜激波变为正激波，气流折转角为零。 (2)在图 13-12 中，每条曲线都有一个顶点，表示超声速气流通过斜激波所能达到的最大 折转角 δ max 。当气流折转角小于 δ max 时，对于每一个气流折转角 δ ，有两个斜激波角 β 与之 对应，其中 β 取值较大的对应于强斜激波，而 β 取值较小的对应于弱斜激波。对于大部分情 况，斜激波后 β 取较小值。 (3)超声速气流绕顶角为 2δ 的楔形物体，当 δ < δ max 时，从物体的尖端出现两条斜激波。 当 δ > δ max 时，激波离开物体尖端，在前面形成一条曲线脱体激波，如图 13-8 所示。激波面 的中间部分为正激波，后面是亚声速区，离开中间部分以后，波面的角度逐渐趋近于马赫角。 脱体激波可造成较大的损失，当超声速气流流经 δ > δ max 的凹钝角时，也会产生脱体激波，如 图 13-13 所示。 第 13 章 可压缩流体超声速流动 ·231· 图 13-12 在不同 Ma1 下 β 与 δ 关系曲线 (4)在图 13-12 中有一条激波后马赫数为 1 的曲线，曲线上部区域代表波后为亚声速， 下部代表波后为超声速。对于斜激波而言， 在大部分斜激波角范围内，波后仍为超声速， 只是在接近最",可压缩流/喷管/激波/膨胀波,P3 > 等熵流+Laval；P4 > 激波+膨胀波；Q4 > 第7章题库速解；R2 > 查表衔接；M14 > 查表动作；M26 > 可压查表,P3；P4,先判等熵、阻塞、内激波、斜激波或膨胀波；按 P3/P4 分段写公式；用 M26 明确输入量：等熵/面积用 M，正激波用 M1，斜激波用 M1、theta，PM 用 nu(M)；最后检查 pe/pb 和总压是否跨激波重置。,1. 判定等熵段、阻塞、激波或膨胀波；2. 写 T0/T、p0/p、A/A* 或激波关系；3. 选择亚声/超声支；4. 标出需要查表的 M、β、ν；5. 回代压力、温度、流量并检查 pe/pb。,斜激波图、PM 函数和面积-马赫数完整表仍可能需要教材；v80 把查表输入和后续接公式写得更明确。 v68 已补 M=1/2/3 的等熵、面积、PM 角和正激波锚点；完整斜激波/PM/面积查表仍需教材。 v80 保留喷管/激波/PM 查表动作和 0.528 易错判断，并补 Fanno 等截面绝热摩擦管入口；同时保留 Ma 物理意义、等熵任意两点、最大速度、弱/强斜激波、脱体激波、PM 最大偏转、背压/出口内压易错和波阻概念；复杂波系仍需按图逐段判支路。,主题命中“可压缩流/喷管/激波/膨胀波”，v80 基础过程覆盖约 81%。；题目要求推导或定义积分；v80 有 M24/M25/M26 骨架，但完整推导仍扣少量严谨性分。；仍依赖教材图表或读图；v80 有小查表/查表动作和收口模板，但不是完整数值表。,6.9,10.0,69.0,中高,
Q0584,课本教材题-张扬军文本,D:\虚拟C盘\学习\流体力学\张扬军（车辆学院）\教材\流体力学教材_text.txt,流体力学教材_text.txt,0.1,0.1 1.4 + 1 1.4 + 1 通过计算可以得到斜激波角为 β = 79.59° 把已知 Ma1 、 β 和 k 的数值代入气流折转角关系式，有 2cot ( 79.59°) ⎡⎣32 sin 2 ( 79.59°) − 1⎤⎦ tan δ = 2 + 32 × [1.4 + cos(2 × 79.59°)] 可得通过斜激波后气流折转角为 δ = 24.59° 又根据斜激波前后马赫数之间的关系，可得 ·232· 流 体 力 学 2 + (1.4 − 1) × 32 sin 2 ( 79.59°) Ma22 sin 2 (75.59° − 24.59°) = 2 × 1.4 × 32 sin 2 ( 79.59 ) ° − 1.4 + 1 由上式可以得到斜激波后气流的马赫数为 Ma2 = 0.658 由于 Ma2 < 1 ，这是强激波。 解毕。,可压缩流/喷管/激波/膨胀波,P3 > 等熵流+Laval；P4 > 激波+膨胀波；Q4 > 第7章题库速解；R2 > 查表衔接；M14 > 查表动作；M26 > 可压查表,P3；P4,先判等熵、阻塞、内激波、斜激波或膨胀波；按 P3/P4 分段写公式；用 M26 明确输入量：等熵/面积用 M，正激波用 M1，斜激波用 M1、theta，PM 用 nu(M)；最后检查 pe/pb 和总压是否跨激波重置。,1. 判定等熵段、阻塞、激波或膨胀波；2. 写 T0/T、p0/p、A/A* 或激波关系；3. 选择亚声/超声支；4. 标出需要查表的 M、β、ν；5. 回代压力、温度、流量并检查 pe/pb。,斜激波图、PM 函数和面积-马赫数完整表仍可能需要教材；v80 把查表输入和后续接公式写得更明确。 v68 已补 M=1/2/3 的等熵、面积、PM 角和正激波锚点；完整斜激波/PM/面积查表仍需教材。 v80 保留喷管/激波/PM 查表动作和 0.528 易错判断，并补 Fanno 等截面绝热摩擦管入口；同时保留 Ma 物理意义、等熵任意两点、最大速度、弱/强斜激波、脱体激波、PM 最大偏转、背压/出口内压易错和波阻概念；复杂波系仍需按图逐段判支路。,主题命中“可压缩流/喷管/激波/膨胀波”，v80 基础过程覆盖约 81%。；仍依赖教材图表或读图；v80 有小查表/查表动作和收口模板，但不是完整数值表。,7.7,10.0,77.0,中高,
Q0585,课本教材题-张扬军文本,D:\虚拟C盘\学习\流体力学\张扬军（车辆学院）\教材\流体力学教材_text.txt,流体力学教材_text.txt,13.2,"13.2.4 激波压缩与等熵压缩的比较 气流通过激波时受到的骤然压缩与气流等熵压缩过程有显著的区别。通常情况下，理想 气体的等熵压缩过程是一个可逆过程，等熵压缩前后气体的压强比、密度比以及温度比之间 的关系为 p2 ⎛ ρ 2 ⎞ p2 ⎛ T2 ⎞ k −1 =⎜ ⎟ , =⎜ ⎟ p1 ⎝ ρ1 ⎠ p1 ⎝ T1 ⎠ 对于激波骤然压缩过程，激波前后气体的压强比与密度比之间的关系为 k + 1 ρ2 −1 p2 k − 1 ρ1 = (13.2.37) p1 k + 1 ρ2 k − 1 ρ1 再根据理想气体状态方程，可以得到激波压缩前后气体的压强比与温度比之间关系为 2 k + 1 p2 ⎛ p2 ⎞ +⎜ ⎟ T2 k − 1 p1 ⎝ p1 ⎠ = (13.2.38) T1 k + 1 p2 +1 k − 1 p1 将上述等熵压缩过程和激波压缩过程的压强比与密度比、压强比与温度比之间的关系绘制成 曲线，如图 13-14 所示。从图中可以看出，在相同的压强比 p2 / p1 条件下，经过激波压缩后 气体的温度高于等熵压缩后气体的温度，而激波压缩后气体的密度小于等熵压缩后气体的密 图 13-14 激波压缩与等熵压缩的比较曲线 第 13 章 可压缩流体超声速流动 ·233· 度。另外，当压强比 p2 / p1 → ∞ 时，激波压缩前后气体密度比为 ρ2 / ρ1 → ( k + 1) / ( k − 1) ，换 句话说，超声速气流通过激波压缩后，气体的密度只能增大有限倍数。以空气为例，经过激 波压缩后，其密度最多增大 6 倍。这是因为气流经过激波时，部分动能不可逆地变为内能， 使气体温度升高并导致密度减小，因而在总体上使密度的增大受到了抑制。从图 13-14 中还 可以看出，当压强比减小，即 p2 / p1 → 1 时，激波压缩与等熵压缩的区别也相应减小，也就 是说微弱的激波压缩相当于等熵压缩。 接下来讨论激波压缩过程引起的熵增 Δs 。假定气体的初始状态的压强和密度分别为 p1 、 ρ1 ，经过等熵压缩后变为 p2 、 ρ 2 ，而经过激波压缩后变为 p2 s 、 ρ 2 。若气流经等熵压缩过 程，压缩前后气体的熵不变，可得 p p s2 = s1 = cv ln 1k = cv ln 2k (13.2.39) ρ1 ρ2 若气流经过激波压缩，那么压缩后气体的熵变为 s2 s = cv ln 2ks (13.2.40) ρ2 相应的激波压缩前后，气体熵增为 p p p Δs = s2 s − s1 = s2 s − s2 = cv ln 2ks − cv ln 2k = cv ln 2 s (13.2.41) ρ2 ρ2 p2 在相同的密度比条件下，从图 13-14 中可以看出， p2 s > p2 ，故熵增 Δs > 0 。式(13.2.41)可进 ",可压缩流/喷管/激波/膨胀波,P3 > 等熵流+Laval；P4 > 激波+膨胀波；Q4 > 第7章题库速解；R2 > 查表衔接；M14 > 查表动作；M26 > 可压查表,P3；P4,先判等熵、阻塞、内激波、斜激波或膨胀波；按 P3/P4 分段写公式；用 M26 明确输入量：等熵/面积用 M，正激波用 M1，斜激波用 M1、theta，PM 用 nu(M)；最后检查 pe/pb 和总压是否跨激波重置。,1. 判定等熵段、阻塞、激波或膨胀波；2. 写 T0/T、p0/p、A/A* 或激波关系；3. 选择亚声/超声支；4. 标出需要查表的 M、β、ν；5. 回代压力、温度、流量并检查 pe/pb。,斜激波图、PM 函数和面积-马赫数完整表仍可能需要教材；v80 把查表输入和后续接公式写得更明确。 v68 已补 M=1/2/3 的等熵、面积、PM 角和正激波锚点；完整斜激波/PM/面积查表仍需教材。 v80 保留喷管/激波/PM 查表动作和 0.528 易错判断，并补 Fanno 等截面绝热摩擦管入口；同时保留 Ma 物理意义、等熵任意两点、最大速度、弱/强斜激波、脱体激波、PM 最大偏转、背压/出口内压易错和波阻概念；复杂波系仍需按图逐段判支路。,主题命中“可压缩流/喷管/激波/膨胀波”，v80 基础过程覆盖约 81%。；仍依赖教材图表或读图；v80 有小查表/查表动作和收口模板，但不是完整数值表。,7.7,10.0,77.0,中高,
Q0586,课本教材题-张扬军文本,D:\虚拟C盘\学习\流体力学\张扬军（车辆学院）\教材\流体力学教材_text.txt,流体力学教材_text.txt,13,(13.2.42) ⎡ k − 1 k +1 2k ⎛ 2 ⎞ ⎤ ⎛ ⎞ ⎛ ⎞ 1 = cv ln ⎢⎜ ⎟ ⎜ Ma1 sin β − 1⎟ ⎜⎜ 2 2 + 1⎟⎟ ⎥ ⎢⎝ k + 1 ⎠ ⎝ k − 1 ⎠ ⎝ k − 1 Ma1 sin β 2 2 ⎠ ⎥⎦ 当 sin β = 1 / Ma1 = sin θ1 时，斜激波退化为马赫波，此时 Δs = 0 。当 β = π / 2 时，斜激波变为正 激波，此时 Δs 取值最大。这说明，超声速气流通过激波时受到骤然压缩产生熵增，部分动能 不可逆地转化为内能，这可以视为波阻产生的根源。因超声速气流通过激波后，速度降低、 动量减小，故必然受到与流动方向相反的阻力，这一阻力由激波引起，与摩擦无关，所以称 为波阻。从前面的分析可知，最大的波阻发生在正激波中。,可压缩流/喷管/激波/膨胀波,P3 > 等熵流+Laval；P4 > 激波+膨胀波；Q4 > 第7章题库速解；R2 > 查表衔接；M14 > 查表动作；M26 > 可压查表,P3；P4,先判等熵、阻塞、内激波、斜激波或膨胀波；按 P3/P4 分段写公式；用 M26 明确输入量：等熵/面积用 M，正激波用 M1，斜激波用 M1、theta，PM 用 nu(M)；最后检查 pe/pb 和总压是否跨激波重置。,1. 判定等熵段、阻塞、激波或膨胀波；2. 写 T0/T、p0/p、A/A* 或激波关系；3. 选择亚声/超声支；4. 标出需要查表的 M、β、ν；5. 回代压力、温度、流量并检查 pe/pb。,斜激波图、PM 函数和面积-马赫数完整表仍可能需要教材；v80 把查表输入和后续接公式写得更明确。 v68 已补 M=1/2/3 的等熵、面积、PM 角和正激波锚点；完整斜激波/PM/面积查表仍需教材。 v80 保留喷管/激波/PM 查表动作和 0.528 易错判断，并补 Fanno 等截面绝热摩擦管入口；同时保留 Ma 物理意义、等熵任意两点、最大速度、弱/强斜激波、脱体激波、PM 最大偏转、背压/出口内压易错和波阻概念；复杂波系仍需按图逐段判支路。,主题命中“可压缩流/喷管/激波/膨胀波”，v80 基础过程覆盖约 81%。；题型偏概念简答；v80 已有短答库，但非对应专栏仍扣少量组织分。；题目要求推导或定义积分；v80 有 M24/M25/M26 骨架，但完整推导仍扣少量严谨性分。；仍依赖教材图表或读图；v80 有小查表/查表动作和收口模板，但不是完整数值表。,6.3,10.0,63.0,中高,
Q0587,课本教材题-张扬军文本,D:\虚拟C盘\学习\流体力学\张扬军（车辆学院）\教材\流体力学教材_text.txt,流体力学教材_text.txt,12.3,12.3 节讨论了喷管在设计工况下的流动问题。然而，在喷管的实际工作过程中，经常会 发生进、出口参数偏离设计值的情况，这通常称为变工况。本节分析在无摩擦、绝热的条件 下，缩放喷管在非设计工况下的气体流动问题。 通常在设计工况下，缩放喷管中气体压强按照图 13-15 所示的曲线 AOB 变化。压强为设 计值 p1 的气体进入喷管后膨胀并加速，若在喷管最小截面处气流达到临界状态并且在渐扩段 中继续膨胀加速，则在渐扩段中气流可达超声速流动而出口压强下降为设计值 p2 。接下来， 假定进口压强 p1 不变，分三种情况讨论背压 pb 变化时喷管的工作。 ·234· 流 体 力 学 图 13-15 缩放喷管在变工况下的压强分布和流量曲线,可压缩流/喷管/激波/膨胀波,P3 > 等熵流+Laval；P4 > 激波+膨胀波；Q4 > 第7章题库速解；R2 > 查表衔接；M14 > 查表动作；M26 > 可压查表,P3；P4,先判等熵、阻塞、内激波、斜激波或膨胀波；按 P3/P4 分段写公式；用 M26 明确输入量：等熵/面积用 M，正激波用 M1，斜激波用 M1、theta，PM 用 nu(M)；最后检查 pe/pb 和总压是否跨激波重置。,1. 判定等熵段、阻塞、激波或膨胀波；2. 写 T0/T、p0/p、A/A* 或激波关系；3. 选择亚声/超声支；4. 标出需要查表的 M、β、ν；5. 回代压力、温度、流量并检查 pe/pb。,斜激波图、PM 函数和面积-马赫数完整表仍可能需要教材；v80 把查表输入和后续接公式写得更明确。 v68 已补 M=1/2/3 的等熵、面积、PM 角和正激波锚点；完整斜激波/PM/面积查表仍需教材。 v80 保留喷管/激波/PM 查表动作和 0.528 易错判断，并补 Fanno 等截面绝热摩擦管入口；同时保留 Ma 物理意义、等熵任意两点、最大速度、弱/强斜激波、脱体激波、PM 最大偏转、背压/出口内压易错和波阻概念；复杂波系仍需按图逐段判支路。,主题命中“可压缩流/喷管/激波/膨胀波”，v80 基础过程覆盖约 81%。；仍依赖教材图表或读图；v80 有小查表/查表动作和收口模板，但不是完整数值表。,7.7,10.0,77.0,中高,
Q0588,课本教材题-张扬军文本,D:\虚拟C盘\学习\流体力学\张扬军（车辆学院）\教材\流体力学教材_text.txt,流体力学教材_text.txt,13.3,13.3.2 背压高于出口设计压强 这时，可再分为如下两种情况分别进行讨论。 (1) p2 < pb < p2k ，背压高于出口设计压强 p2 ，低于在出口截面上形成正激波时的背压 p2k 。当背压略高于出口设计压强时，超声速气流在出口受到压缩，在出口边缘 A 和 A1 处产 生两道斜激波，如图 13-16(b)所示。气流经斜激波后速度降低、压强升高，并向内侧偏转 δ 角。 背压继续升高，气流向内偏转角逐渐增大。当背压超过某一限值后，出口斜激波将形成拱桥 形激波系，如图 13-16(c)所示。当 pb = p2k 时，在出口截面将会形成正激波。激波位于喷管 出口的下游，出口上游喷管内部的气流参数仍和设计工况一致。 (2) p2k < pb < p2m ，背压大于在出口截面形成正激波时的压强，小于激波在喉部消失的 压强。当背压略高 p2k 时，为了适应正激波后气流压强的进一步升高，正激波将会向喷管内部 第 13 章 可压缩流体超声速流动 ·235· 移动，如图 13-16(d)所示。激波进入喷管内部后，激波前的马赫数与设计工况相比有所减小， 故激波强度会有所降低，波阻相应减弱。气流通过正激波后变为亚声速，在渐扩管段内继续 减速并升压，喷管中气流压强将按照图 13-15 中的曲线 AOK 2 L2 E2 进行变化。这种喷管设计出 口压强低于实际背压的情况称为气流膨胀过度。当背压进一步升高时，激波强度逐渐降低， 激波位置向渐扩喷管上游的喉部位置移动。当背压升高到 p2m 时，激波移动到喉部并消失， 此时气流参数达到临界值。由于背压高于喉部压强，气流在渐扩管段中为亚声速流动。减速 升压并且气流压强在出口处达到 p2m 。喷管内气体沿流动方向的压强变化过程如图 13-15 中 的曲线 AOE 所示。,可压缩流/喷管/激波/膨胀波,P3 > 等熵流+Laval；P4 > 激波+膨胀波；Q4 > 第7章题库速解；R2 > 查表衔接；M14 > 查表动作；M26 > 可压查表,P3；P4,先判等熵、阻塞、内激波、斜激波或膨胀波；按 P3/P4 分段写公式；用 M26 明确输入量：等熵/面积用 M，正激波用 M1，斜激波用 M1、theta，PM 用 nu(M)；最后检查 pe/pb 和总压是否跨激波重置。,1. 判定等熵段、阻塞、激波或膨胀波；2. 写 T0/T、p0/p、A/A* 或激波关系；3. 选择亚声/超声支；4. 标出需要查表的 M、β、ν；5. 回代压力、温度、流量并检查 pe/pb。,斜激波图、PM 函数和面积-马赫数完整表仍可能需要教材；v80 把查表输入和后续接公式写得更明确。 v68 已补 M=1/2/3 的等熵、面积、PM 角和正激波锚点；完整斜激波/PM/面积查表仍需教材。 v80 保留喷管/激波/PM 查表动作和 0.528 易错判断，并补 Fanno 等截面绝热摩擦管入口；同时保留 Ma 物理意义、等熵任意两点、最大速度、弱/强斜激波、脱体激波、PM 最大偏转、背压/出口内压易错和波阻概念；复杂波系仍需按图逐段判支路。,主题命中“可压缩流/喷管/激波/膨胀波”，v80 基础过程覆盖约 81%。；仍依赖教材图表或读图；v80 有小查表/查表动作和收口模板，但不是完整数值表。,7.7,10.0,77.0,中高,
Q0589,课本教材题-张扬军文本,D:\虚拟C盘\学习\流体力学\张扬军（车辆学院）\教材\流体力学教材_text.txt,流体力学教材_text.txt,13.3,13.3.4 背压对喷管中气体流量的影响 如图 13-15 所示，从上面的讨论得知，只要喷管的喉部达到临界状态，那么喷管的流量 就保持为临界流量不变。换句话说，只要出口背压满足 pb < p2m ，即使进一步降低出口背压， 喷管的流量也不再发生变化。然而，若 pb > p2m ，随出口背压的逐渐升高，喷管内的流量将 逐渐减小。当 pb = p1 时，喷管内气体的流量减小为零。 对于渐缩喷管而言，情况要简单一些。假定渐缩喷管的出口设计压强为临界压强，那么 当出口背压等于临界压强时，喷管内气流参数将按照设计参数变化。当出口背压低于临界压 强时，气流在喷管出口处达到临界状态，在喷管外部边缘会发生突然膨胀，该膨胀过程不会 逆流传到喷管内部，因此喷管内气流参数与设计工况相同。当出口背压高于临界压强时，气 流在喷管出口只能为亚声速，在喷管出口处产生的微弱扰动波将会逆流传播到喷管内，从而 引起管内气流的压强、速度等参数的变化。 例题 13-3 缩放喷管的出口面积与喉部面积之比 Ae / At = 12 ，流入空气的滞止压强 p0 = 650 kPa ，滞止温度 T0 = 450 K 。在喷管扩张段气流马赫数为 2.8 的地方有正激波。试确 定出口截面的气流马赫数 Mae 和温度 Te 。,可压缩流/喷管/激波/膨胀波,P3 > 等熵流+Laval；P4 > 激波+膨胀波；Q4 > 第7章题库速解；R2 > 查表衔接；M14 > 查表动作；M26 > 可压查表,P3；P4,先判等熵、阻塞、内激波、斜激波或膨胀波；按 P3/P4 分段写公式；用 M26 明确输入量：等熵/面积用 M，正激波用 M1，斜激波用 M1、theta，PM 用 nu(M)；最后检查 pe/pb 和总压是否跨激波重置。,1. 判定等熵段、阻塞、激波或膨胀波；2. 写 T0/T、p0/p、A/A* 或激波关系；3. 选择亚声/超声支；4. 标出需要查表的 M、β、ν；5. 回代压力、温度、流量并检查 pe/pb。,斜激波图、PM 函数和面积-马赫数完整表仍可能需要教材；v80 把查表输入和后续接公式写得更明确。 v68 已补 M=1/2/3 的等熵、面积、PM 角和正激波锚点；完整斜激波/PM/面积查表仍需教材。 v80 保留喷管/激波/PM 查表动作和 0.528 易错判断，并补 Fanno 等截面绝热摩擦管入口；同时保留 Ma 物理意义、等熵任意两点、最大速度、弱/强斜激波、脱体激波、PM 最大偏转、背压/出口内压易错和波阻概念；复杂波系仍需按图逐段判支路。,主题命中“可压缩流/喷管/激波/膨胀波”，v80 基础过程覆盖约 81%。；仍依赖教材图表或读图；v80 有小查表/查表动作和收口模板，但不是完整数值表。,7.7,10.0,77.0,中高,
Q0590,课本教材题-张扬军文本,D:\虚拟C盘\学习\流体力学\张扬军（车辆学院）\教材\流体力学教材_text.txt,流体力学教材_text.txt,4.67,"4.673 = ⎢ ⎜1 + Mae 2 ⎟ ⎥ Mae ⎣ k + 1 ⎝ 2 ⎠⎦ 求解上式可得到出口截面上的气流马赫数为 Mae = 0.1250 由于气流穿越激波的过程是绝热过程，滞止温度不变， T02 = T01 ，出口截面气流温度为 T0 450 Te = = = 448.6(K) k −1 2 1+ Mae2 1 + 0.2 × 0.1250 2 解毕。 科技前沿(13)——乘波飞机 习 题 13-1 空气在管道中以 Ma = 2.5 流动，压强为 30kPa ，温度为 25℃ 。在管道某截面上存 在一道正激波，试求激波后气流的马赫数、压强、温度和速度。 13-2 若空气通过一道正激波后，其密度增加了一倍，试求激波前后气流流速和压强的 比值。设来流声速为 330m/s 。 13-3 空气以 650m/s 的速度绕流半角为 15° 的楔形物体，今测得来流温度 T1 = 300K ，试 求气流通过激波后的速度。 13-4 空气绕流顶角 2δ = 20° 的二维尖劈，在其顶点处产生斜激波。已知波前来流的参数 Ma1 = 2.5 ， p1 = 85kPa ， T1 = 298K ，求激波角 β 及波后的参数 Ma2 、 p2 和 T2 。 13-5 空气在缩放喷管内流动，已知气流的滞止参数为 p0 = 106 Pa ， T0 = 350K ，出口截 面面积 Ae = 10cm 2 ，背压 pb = 9 × 105 Pa 。如果要求喷管喉部的马赫数达到 Ma1 = 0.5 ，试求喉 部截面面积 A1 。 参 考 文 献 龚安龙, 解静, 刘晓文, 等, 2017. 近空间高超声速气动力数据天地换算研究[J]. 工程力学, 34(10): 229-238. 归柯庭, 汪军, 王秋颖, 2003. 工程流体力学[M]. 北京：科学出版社. 景思睿, 张鸣远, 2001. 流体力学[M]. 西安：西安交通大学出版社. 李永赞, 胡明辅, 李勇, 2008. 热管技术的研究进展及其工程应用[J]. 应用能源技术, (6)：45-48. 刘峰, 崔维成, 李向阳, 2010. 中国首台深海载人潜水器——蛟龙号[J]. 中国科学：地球科学, (12)：1617-1620. 日本机械学会, 2013. 流体力学[M]. 北京：北京大学出版社. 申峰, 刘赵淼, 2012. 显微粒子图像测速技术——微流场可视化测速技术及应用综述[J]. 机械工程学报, 48(4)： 155-168. 田玉冬, 王潇, 张舟云, 等, 2015. 车用电机冷却系统热仿真及其优化[J]. 机械设计与制造, (2)：238-242. 夏泰淳, 2006. 工程流体力学[M]. 上海：上海交通大学出版社. 杨莉, 张庆明, 2006. 超空泡技术的应用现状和发展趋势[J]. 战术导弹技术, (",可压缩流/喷管/激波/膨胀波,P3 > 等熵流+Laval；P4 > 激波+膨胀波；Q4 > 第7章题库速解；R2 > 查表衔接；M14 > 查表动作；M26 > 可压查表,P3；P4,先判等熵、阻塞、内激波、斜激波或膨胀波；按 P3/P4 分段写公式；用 M26 明确输入量：等熵/面积用 M，正激波用 M1，斜激波用 M1、theta，PM 用 nu(M)；最后检查 pe/pb 和总压是否跨激波重置。,1. 判定等熵段、阻塞、激波或膨胀波；2. 写 T0/T、p0/p、A/A* 或激波关系；3. 选择亚声/超声支；4. 标出需要查表的 M、β、ν；5. 回代压力、温度、流量并检查 pe/pb。,斜激波图、PM 函数和面积-马赫数完整表仍可能需要教材；v80 把查表输入和后续接公式写得更明确。 v68 已补 M=1/2/3 的等熵、面积、PM 角和正激波锚点；完整斜激波/PM/面积查表仍需教材。 v80 保留喷管/激波/PM 查表动作和 0.528 易错判断，并补 Fanno 等截面绝热摩擦管入口；同时保留 Ma 物理意义、等熵任意两点、最大速度、弱/强斜激波、脱体激波、PM 最大偏转、背压/出口内压易错和波阻概念；复杂波系仍需按图逐段判支路。,主题命中“可压缩流/喷管/激波/膨胀波”，v80 基础过程覆盖约 81%。；仍依赖教材图表或读图；v80 有小查表/查表动作和收口模板，但不是完整数值表。,7.7,10.0,77.0,中高,
Q0591,课本教材题-张扬军文本,D:\虚拟C盘\学习\流体力学\张扬军（车辆学院）\教材\流体力学教材_text.txt,流体力学教材_text.txt,4.79,"4.79 x − 10-5 δ= ， C Df = 1.312 Rel 2 Rex 10-6 略 10-7 1.70mm；12.1mm δ 0.352 0.0755 10-8 = 1 ， Cf = 1 Rex5 Rex5 10-9 (1) 0.964m；(2) 212.5N 参 考 答 案 ·245· 10-10 (1) 0.177N；(2) 0.207N，1.17 10-11. 老式车：15.06kW；新式车：5.27kW 10-12 ν = 1.255 × 10−3 m2 / s ； ρ = 1.14 × 103 kg/ m3 第 11 章 11-1 (1) 满足连续性条件，是无旋流动；(2) 满足连续性条件，是无旋流动； (3) 不满足连续性条件，是无旋流动；(4) 满足连续性条件，是无旋流动 x2 y3 y 2 11-2 φ= + x2 y − − 2 3 2 11-3 略 1 ⎛ ∂v ∂v ⎞ 1 11-4 (1) vr = 0 ， vθ = Kr ， ω z = ⎜ y − x ⎟ = ( K + K ) = K ( K ≠ 0 有旋， K =0 有势) 2 ⎝ ∂x ∂y ⎠ 2 1 (2) vr = 0 ， vθ = − ，有势流动 11-5 (1) a = −0.12 ， b = 0 ；(2) 4500Pa 1 1 1 1 11-6 (1) φ = x3 + x 2 − xy 2 − y 2 + c ，ψ = − y 3 + x 2 y + xy + c ； 3 2 2 3 1 3 (2) Δq AB = m / s ；(3) 0.47 m H2O 3 11-7 点 (0,0)(m) ， vx = 0 ， v y = −1.06 m/ s ；点 (4,0)(m) ， vx = 0 ， vy = 1.36 m/ s 点 (6,5)(m) ，v x = −0.15 m/ s ，v y = 0.005 m/ s ；流线：( x − 3)2 + y 2 = ( x + 3)2 + y 2 + C 11-8 略 11-9 (1) Γ = −100π (即顺时针)；(2) u = 20 m/ s ， v = 0 (3) ln(0.2 x 2 + y 2 ) + 0.2 y + 1 = 0 11-10 点(0,1)处， V1 = 4.15 m/ s ， p1 = 21Pa ；点(1,1)处， V2 = 5.13m/ s ， p2 = 12.81Pa 11-11 Γ = −21.318m 2 / s ； FL = 28542.4 N ； θ = 187°18' 或 352°41' ， r = 0.6 m Q Q 11-12 φ = v∞ x + ln x 2 + y 2 ；ψ = v∞ y + θ ；略 2π 2π 第 12 章 k 1 12-1 证明略",流体运动学/连续/流线迹线,P1 > 连续性；Q1 > 迹线/流线/脉线；M18 > 往年题可能问法；M23 > 概念短答库；T6 > 常见问法到答案,P1,先判速度场/描述方法；写连续、旋度、流线/迹线微分式；概念题直接用 M18/M23 的一句话答案；应力题转 Q1 张量模板。,1. 先按题干关键词选模型；2. 在 v80 对应页写首个控制方程/公式；3. 把题给几何、单位和边界条件代入；4. 做代数求解或列出需要查图查表的位置；5. 检查单位、方向、绝压/表压或适用条件。,若要求长篇推导或复杂坐标变换，仍需教材细节；v80 已足够支撑多数简答和基础计算过程。 v67 已补推导题固定结构，v69/v80 补截面、边界条件和概念收口检查。 v80 保留新题定位入口、非定常 Bernoulli 推导条件、速度势单值/路径无关证明、Lagrange/Kelvin 可抄证明句、涡管强度 ΩA 守恒、涡量矩模板、自由射流动量通量和 RTT 入口，并补纳维-斯托克斯原词、圆管断面速度分布原词、渐变流测压管水头；更长证明仍需教材措辞。,主题命中“流体运动学/连续/流线迹线”，v80 基础过程覆盖约 85%。；题目要求推导或定义积分；v80 有 M24/M25/M26 骨架，但完整推导仍扣少量严谨性分。,7.7,10.0,77.0,中高,
