label,label_name,count,ratio
0,Health,103,0.2
1,Chipped,103,0.2
2,Miss,123,0.23883495145631067
3,Root,108,0.20970873786407768
4,Surface,78,0.15145631067961166
