"Source","Line","Status","Title","Tokens"
"期末六页A4速查表_v106_严格母题子题六页版.tex","135","likely-covered","母题1 管路/静水/CV/基础读题：题干词到模型到公式链","母题1|管路|静水|CV"
"期末六页A4速查表_v106_严格母题子题六页版.tex","137","likely-covered","两油箱/水池--变径管PVZ主例","两油箱|水池--变径管PVZ主例"
"期末六页A4速查表_v106_严格母题子题六页版.tex","139","likely-covered","两油箱变径管15分真题：两问标准套写","两油箱变径管15分真题|两问标准套写"
"期末六页A4速查表_v106_严格母题子题六页版.tex","141","likely-covered","新卷读题定位法","新卷读题定位法"
"期末六页A4速查表_v106_严格母题子题六页版.tex","146","likely-covered","题干关键词定位","题干关键词定位"
"期末六页A4速查表_v106_严格母题子题六页版.tex","159","likely-covered","常数与基本量","常数与基本量"
"期末六页A4速查表_v106_严格母题子题六页版.tex","164","likely-covered","连续性","连续性"
"期末六页A4速查表_v106_严格母题子题六页版.tex","167","likely-covered","控制体动量/动量守恒模板","控制体动量|动量守恒模板"
"期末六页A4速查表_v106_严格母题子题六页版.tex","178","likely-covered","伯努利/机械能","伯努利|机械能"
"期末六页A4速查表_v106_严格母题子题六页版.tex","184","likely-covered","静水压常见题流程","静水压常见题流程"
"期末六页A4速查表_v106_严格母题子题六页版.tex","188","likely-covered","要求量 首写/公式链 检查点","要求量|首写|公式链|检查点"
"期末六页A4速查表_v106_严格母题子题六页版.tex","196","likely-covered","建模第一句话","建模第一句话"
"期末六页A4速查表_v106_严格母题子题六页版.tex","199","likely-covered","模型首句模板","模型首句模板"
"期末六页A4速查表_v106_严格母题子题六页版.tex","201","likely-covered","速度场题","速度场题"
"期末六页A4速查表_v106_严格母题子题六页版.tex","203","likely-covered","运动描述名词","运动描述名词"
"期末六页A4速查表_v106_严格母题子题六页版.tex","205","likely-covered","旋度/应变/应力","旋度|应变|应力"
"期末六页A4速查表_v106_严格母题子题六页版.tex","207","likely-covered","静水压补充模板","静水压补充模板"
"期末六页A4速查表_v106_严格母题子题六页版.tex","209","likely-covered","量纲分析模板","量纲分析模板"
"期末六页A4速查表_v106_严格母题子题六页版.tex","211","likely-covered","控制体受力图检查","控制体受力图检查"
"期末六页A4速查表_v106_严格母题子题六页版.tex","213","likely-covered","应力张量题","应力张量题"
"期末六页A4速查表_v106_严格母题子题六页版.tex","215","likely-covered","平面受压常用惯性矩","平面受压常用惯性矩"
"期末六页A4速查表_v106_严格母题子题六页版.tex","217","likely-covered","小孔/水箱出流","小孔|水箱出流"
"期末六页A4速查表_v106_严格母题子题六页版.tex","219","likely-covered","U管振荡","U管振荡"
"期末六页A4速查表_v106_严格母题子题六页版.tex","222","likely-covered","母题2 理想不可压无旋势流：基本流、镜像、圆柱、环量","母题2|理想不可压无旋势流|基本流|镜像"
"期末六页A4速查表_v106_严格母题子题六页版.tex","224","likely-covered","基本条件","基本条件"
"期末六页A4速查表_v106_严格母题子题六页版.tex","230","likely-covered","基本流表","基本流表"
"期末六页A4速查表_v106_严格母题子题六页版.tex","240","likely-covered","看到题先搭哪几个基元","看到题先搭哪几个基元"
"期末六页A4速查表_v106_严格母题子题六页版.tex","248","likely-covered","给速度求","给速度求"
"期末六页A4速查表_v106_严格母题子题六页版.tex","253","likely-covered","圆柱绕流","圆柱绕流"
"期末六页A4速查表_v106_严格母题子题六页版.tex","258","likely-covered","圆柱绕流答题模板","圆柱绕流答题模板"
"期末六页A4速查表_v106_严格母题子题六页版.tex","261","likely-covered","半圆柱气膜馆15分：圆柱绕流升力","半圆柱气膜馆15分|圆柱绕流升力"
"期末六页A4速查表_v106_严格母题子题六页版.tex","266","likely-covered","有环量/升力","有环量|升力"
"期末六页A4速查表_v106_严格母题子题六页版.tex","269","likely-covered","镜像法/边角","镜像法|边角"
"期末六页A4速查表_v106_严格母题子题六页版.tex","272","likely-covered","源汇/驻点常用算式","源汇|驻点常用算式"
"期末六页A4速查表_v106_严格母题子题六页版.tex","275","likely-covered","势流模型公式链骨架","势流模型公式链骨架"
"期末六页A4速查表_v106_严格母题子题六页版.tex","284","likely-covered","伯努利用法","伯努利用法"
"期末六页A4速查表_v106_严格母题子题六页版.tex","286","likely-covered","给速度场求势/流函数例式","给速度场求势|流函数例式"
"期末六页A4速查表_v106_严格母题子题六页版.tex","288","likely-covered","源/涡压力题","涡压力题"
"期末六页A4速查表_v106_严格母题子题六页版.tex","290","likely-covered","圆柱绕流公式链","圆柱绕流公式链"
"期末六页A4速查表_v106_严格母题子题六页版.tex","292","likely-covered","保角/边角题","保角|边角题"
"期末六页A4速查表_v106_严格母题子题六页版.tex","295","likely-covered","标准结论句","标准结论句"
"期末六页A4速查表_v106_严格母题子题六页版.tex","300","likely-covered","基本公式","基本公式"
"期末六页A4速查表_v106_严格母题子题六页版.tex","314","likely-covered","临界/阻塞","临界|阻塞"
"期末六页A4速查表_v106_严格母题子题六页版.tex","321","likely-covered","总量、静量、背压别混","总量|静量|背压别混"
"期末六页A4速查表_v106_严格母题子题六页版.tex","324","likely-covered","面积--马赫数","面积--马赫数"
"期末六页A4速查表_v106_严格母题子题六页版.tex","331","likely-covered","质量流量","质量流量"
"期末六页A4速查表_v106_严格母题子题六页版.tex","338","likely-covered","Ma作为中间变量","Ma作为中间变量"
"期末六页A4速查表_v106_严格母题子题六页版.tex","341","likely-covered","Laval 背压状态","Laval|背压状态"
"期末六页A4速查表_v106_严格母题子题六页版.tex","351","likely-covered","收缩喷管题","收缩喷管题"
"期末六页A4速查表_v106_严格母题子题六页版.tex","354","likely-covered","收缩喷管/背压标准步骤","收缩喷管|背压标准步骤"
"期末六页A4速查表_v106_严格母题子题六页版.tex","357","likely-covered","Laval面积/流量题","Laval面积|流量题"
"期末六页A4速查表_v106_严格母题子题六页版.tex","359","likely-covered","Laval面积比标准步骤","Laval面积比标准步骤"
"期末六页A4速查表_v106_严格母题子题六页版.tex","362","likely-covered","文丘里质量流量计","文丘里质量流量计"
"期末六页A4速查表_v106_严格母题子题六页版.tex","364","likely-covered","可压文丘里流量计标准步骤","可压文丘里流量计标准步骤"
"期末六页A4速查表_v106_严格母题子题六页版.tex","366","likely-covered","可压缩题判断树","可压缩题判断树"
"期末六页A4速查表_v106_严格母题子题六页版.tex","368","likely-covered","空气小表：等熵/面积/PM/正激波","空气小表|等熵|面积|PM"
"期末六页A4速查表_v106_严格母题子题六页版.tex","370","likely-covered","答题检查句","答题检查句"
"期末六页A4速查表_v106_严格母题子题六页版.tex","372","likely-covered","可压缩基础题","可压缩基础题"
"期末六页A4速查表_v106_严格母题子题六页版.tex","374","likely-covered","喷管出口状态三句话","喷管出口状态三句话"
"期末六页A4速查表_v106_严格母题子题六页版.tex","376","likely-covered","面积比求M查表替代","面积比求M查表替代"
"期末六页A4速查表_v106_严格母题子题六页版.tex","378","likely-covered","质量流量检查","质量流量检查"
"期末六页A4速查表_v106_严格母题子题六页版.tex","381","likely-covered","母题4 正激波、斜激波、膨胀波","母题4|正激波|斜激波|膨胀波"
"期末六页A4速查表_v106_严格母题子题六页版.tex","383","likely-covered","总判断","总判断"
"期末六页A4速查表_v106_严格母题子题六页版.tex","386","likely-covered","正激波","正激波"
"期末六页A4速查表_v106_严格母题子题六页版.tex","396","likely-covered","斜激波流程","斜激波流程"
"期末六页A4速查表_v106_严格母题子题六页版.tex","399","likely-covered","斜激波无表时","斜激波无表时"
"期末六页A4速查表_v106_严格母题子题六页版.tex","406","likely-covered","膨胀波/Prandtl-Meyer","膨胀波|Prandtl-Meyer"
"期末六页A4速查表_v106_严格母题子题六页版.tex","415","likely-covered","膨胀波后物理量","膨胀波后物理量"
"期末六页A4速查表_v106_严格母题子题六页版.tex","420","likely-covered","Laval管外膨胀模板","Laval管外膨胀模板"
"期末六页A4速查表_v106_严格母题子题六页版.tex","423","likely-covered","Laval管内正激波模板","Laval管内正激波模板"
"期末六页A4速查表_v106_严格母题子题六页版.tex","425","likely-covered","Laval内激波分段链","Laval内激波分段链"
"期末六页A4速查表_v106_严格母题子题六页版.tex","430","likely-covered","激波反射/相交题写法","激波反射|相交题写法"
"期末六页A4速查表_v106_严格母题子题六页版.tex","432","likely-covered","压缩角/膨胀角判断","压缩角|膨胀角判断"
"期末六页A4速查表_v106_严格母题子题六页版.tex","434","likely-covered","Laval背压八状态速记","Laval背压八状态速记"
"期末六页A4速查表_v106_严格母题子题六页版.tex","436","likely-covered","过程分标准句","过程分标准句"
"期末六页A4速查表_v106_严格母题子题六页版.tex","438","likely-covered","正激波常用极限","正激波常用极限"
"期末六页A4速查表_v106_严格母题子题六页版.tex","440","likely-covered","斜激波压力比","斜激波压力比"
"期末六页A4速查表_v106_严格母题子题六页版.tex","442","likely-covered","膨胀波常见题","膨胀波常见题"
"期末六页A4速查表_v106_严格母题子题六页版.tex","444","likely-covered","管外膨胀简答句","管外膨胀简答句"
"期末六页A4速查表_v106_严格母题子题六页版.tex","447","likely-covered","母题5 粘性管流：N-S、H-P、Couette、管内压损","母题5|粘性管流|N-S|H-P"
"期末六页A4速查表_v106_严格母题子题六页版.tex","449","likely-covered","N-S 简化","N-S|简化"
"期末六页A4速查表_v106_严格母题子题六页版.tex","453","likely-covered","H-P 圆管层流","H-P|圆管层流"
"期末六页A4速查表_v106_严格母题子题六页版.tex","458","likely-covered","广义压强写法","广义压强写法"
"期末六页A4速查表_v106_严格母题子题六页版.tex","461","likely-covered","Couette 流","Couette"
"期末六页A4速查表_v106_严格母题子题六页版.tex","466","likely-covered","双层 Couette","双层|Couette"
"期末六页A4速查表_v106_严格母题子题六页版.tex","470","likely-covered","管路损失/管内压损","管路损失|管内压损"
"期末六页A4速查表_v106_严格母题子题六页版.tex","477","likely-covered","管路题统一流程","管路题统一流程"
"期末六页A4速查表_v106_严格母题子题六页版.tex","480","likely-covered","常见模型模板","常见模型模板"
"期末六页A4速查表_v106_严格母题子题六页版.tex","491","likely-covered","平板Poiseuille","平板Poiseuille"
"期末六页A4速查表_v106_严格母题子题六页版.tex","493","likely-covered","Couette--Poiseuille合成","Couette--Poiseuille合成"
"期末六页A4速查表_v106_严格母题子题六页版.tex","495","likely-covered","层流/湍流判定","层流|湍流判定"
"期末六页A4速查表_v106_严格母题子题六页版.tex","497","likely-covered","压力降与剪力平衡","压力降与剪力平衡"
"期末六页A4速查表_v106_严格母题子题六页版.tex","499","likely-covered","管内层流竖直流","管内层流竖直流"
"期末六页A4速查表_v106_严格母题子题六页版.tex","501","likely-covered","层流解析题通用套路","层流解析题通用套路"
"期末六页A4速查表_v106_严格母题子题六页版.tex","503","likely-covered","泵/汽蚀判断","汽蚀判断"
"期末六页A4速查表_v106_严格母题子题六页版.tex","505","likely-covered","局部损失系数","局部损失系数"
"期末六页A4速查表_v106_严格母题子题六页版.tex","508","likely-covered","母题6 边界层、外绕流阻力、综合收口","母题6|边界层|外绕流阻力|综合收口"
"期末六页A4速查表_v106_严格母题子题六页版.tex","510","likely-covered","Prandtl 边界层/Blasius","Prandtl|边界层|Blasius"
"期末六页A4速查表_v106_严格母题子题六页版.tex","517","likely-covered","位移/动量厚度/Von Karman","位移|动量厚度|Von|Karman"
"期末六页A4速查表_v106_严格母题子题六页版.tex","522","likely-covered","常见剖面直接用","常见剖面直接用"
"期末六页A4速查表_v106_严格母题子题六页版.tex","525","likely-covered","平板层流边界层油流","平板层流边界层油流"
"期末六页A4速查表_v106_严格母题子题六页版.tex","528","likely-covered","平板题统一流程","平板题统一流程"
"期末六页A4速查表_v106_严格母题子题六页版.tex","531","likely-covered","湍流近壁三层","湍流近壁三层"
"期末六页A4速查表_v106_严格母题子题六页版.tex","533","likely-covered","壁律题写法","壁律题写法"
"期末六页A4速查表_v106_严格母题子题六页版.tex","536","likely-covered","分离与阻力","分离与阻力"
"期末六页A4速查表_v106_严格母题子题六页版.tex","538","likely-covered","外绕流阻力判断","外绕流阻力判断"
"期末六页A4速查表_v106_严格母题子题六页版.tex","541","likely-covered","高频收口模型","高频收口模型"
"期末六页A4速查表_v106_严格母题子题六页版.tex","553","likely-covered","过程分最小骨架","过程分最小骨架"
"期末六页A4速查表_v106_严格母题子题六页版.tex","555","likely-covered","Von Karman边界层积分模板","Von|Karman边界层积分模板"
"期末六页A4速查表_v106_严格母题子题六页版.tex","557","likely-covered","阻力系数换算","阻力系数换算"
"期末六页A4速查表_v106_严格母题子题六页版.tex","559","likely-covered","边界层题检查","边界层题检查"
"期末六页A4速查表_v106_严格母题子题六页版.tex","561","likely-covered","交卷前检查","交卷前检查"
"期末六页A4速查表_v106_严格母题子题六页版.tex","563","likely-covered","外流阻力典型量","外流阻力典型量"
"期末六页A4速查表_v106_严格母题子题六页版.tex","565","likely-covered","边界层分离答题句","边界层分离答题句"
"期末六页A4速查表_v106_严格母题子题六页版.tex","567","likely-covered","公式许可检查","公式许可检查"
"期末六页A4速查表_v106_严格母题子题六页版.tex","569","likely-covered","查书优先级","查书优先级"
"期末六页A4速查表_v106_严格母题子题六页版.tex","572","likely-covered","静力学、运动学、张量模型速解","静力学|运动学|张量模型速解"
"期末六页A4速查表_v106_严格母题子题六页版.tex","573","likely-covered","压强单位换算","压强单位换算"
"期末六页A4速查表_v106_严格母题子题六页版.tex","575","likely-covered","平面闸门答题骨架","平面闸门答题骨架"
"期末六页A4速查表_v106_严格母题子题六页版.tex","577","likely-covered","曲面闸门答题骨架","曲面闸门答题骨架"
"期末六页A4速查表_v106_严格母题子题六页版.tex","579","likely-covered","相对平衡","相对平衡"
"期末六页A4速查表_v106_严格母题子题六页版.tex","581","likely-covered","浮力和稳定","浮力和稳定"
"期末六页A4速查表_v106_严格母题子题六页版.tex","583","likely-covered","迹线/流线/脉线","迹线|流线|脉线"
"期末六页A4速查表_v106_严格母题子题六页版.tex","585","likely-covered","加速度题模板","加速度题模板"
"期末六页A4速查表_v106_严格母题子题六页版.tex","587","likely-covered","应力张量标准解","应力张量标准解"
"期末六页A4速查表_v106_严格母题子题六页版.tex","589","likely-covered","应力对称原因","应力对称原因"
"期末六页A4速查表_v106_严格母题子题六页版.tex","591","likely-covered","流体微团运动分解","流体微团运动分解"
"期末六页A4速查表_v106_严格母题子题六页版.tex","593","likely-covered","维数分析常用组合","维数分析常用组合"
"期末六页A4速查表_v106_严格母题子题六页版.tex","596","likely-covered","伯努利、动量、能量方程模型速解","伯努利|动量|能量方程模型速解"
"期末六页A4速查表_v106_严格母题子题六页版.tex","597","likely-covered","伯努利适用性","伯努利适用性"
"期末六页A4速查表_v106_严格母题子题六页版.tex","599","likely-covered","皮托管/文丘里/孔板","皮托管|文丘里|孔板"
"期末六页A4速查表_v106_严格母题子题六页版.tex","601","likely-covered","虹吸管","虹吸管"
"期末六页A4速查表_v106_严格母题子题六页版.tex","603","likely-covered","弯管受力","弯管受力"
"期末六页A4速查表_v106_严格母题子题六页版.tex","605","likely-covered","射流冲击平板","射流冲击平板"
"期末六页A4速查表_v106_严格母题子题六页版.tex","607","likely-covered","喷嘴/消防水枪反力","喷嘴|消防水枪反力"
"期末六页A4速查表_v106_严格母题子题六页版.tex","609","likely-covered","水轮机/泵符号","水轮机|泵符号"
"期末六页A4速查表_v106_严格母题子题六页版.tex","611","likely-covered","大水池到大水池","大水池到大水池"
"期末六页A4速查表_v106_严格母题子题六页版.tex","613","likely-covered","压力表截面","压力表截面"
"期末六页A4速查表_v106_严格母题子题六页版.tex","616","likely-covered","势流与理想不可压模型速解","势流与理想不可压模型速解"
"期末六页A4速查表_v106_严格母题子题六页版.tex","617","likely-covered","势函数流函数互求","势函数流函数互求"
"期末六页A4速查表_v106_严格母题子题六页版.tex","619","likely-covered","极坐标速度关系","极坐标速度关系"
"期末六页A4速查表_v106_严格母题子题六页版.tex","621","likely-covered","基本流全表","基本流全表"
"期末六页A4速查表_v106_严格母题子题六页版.tex","623","likely-covered","叠加题总流程","叠加题总流程"
"期末六页A4速查表_v106_严格母题子题六页版.tex","625","likely-covered","半圆柱/半体绕流","半圆柱|半体绕流"
"期末六页A4速查表_v106_严格母题子题六页版.tex","627","likely-covered","镜像法常见组合","镜像法常见组合"
"期末六页A4速查表_v106_严格母题子题六页版.tex","629","likely-covered","圆柱绕流推导","圆柱绕流推导"
"期末六页A4速查表_v106_严格母题子题六页版.tex","631","likely-covered","圆柱压力和阻力","圆柱压力和阻力"
"期末六页A4速查表_v106_严格母题子题六页版.tex","633","likely-covered","有环量圆柱/机翼","有环量圆柱|机翼"
"期末六页A4速查表_v106_严格母题子题六页版.tex","635","likely-covered","边角绕流","边角绕流"
"期末六页A4速查表_v106_严格母题子题六页版.tex","637","likely-covered","势流压力题","势流压力题"
"期末六页A4速查表_v106_严格母题子题六页版.tex","640","likely-covered","可压缩、喷管、激波模型速解","可压缩|喷管|激波模型速解"
"期末六页A4速查表_v106_严格母题子题六页版.tex","641","likely-covered","弹性模量/声速","弹性模量|声速"
"期末六页A4速查表_v106_严格母题子题六页版.tex","643","likely-covered","飞机声音/马赫锥","飞机声音|马赫锥"
"期末六页A4速查表_v106_严格母题子题六页版.tex","645","likely-covered","滞止量题","滞止量题"
"期末六页A4速查表_v106_严格母题子题六页版.tex","647","likely-covered","收缩喷管背压型","收缩喷管背压型"
"期末六页A4速查表_v106_严格母题子题六页版.tex","649","likely-covered","Laval面积比型","Laval面积比型"
"期末六页A4速查表_v106_严格母题子题六页版.tex","651","likely-covered","可压文丘里流量计型","可压文丘里流量计型"
"期末六页A4速查表_v106_严格母题子题六页版.tex","653","likely-covered","正激波关系型","正激波关系型"
"期末六页A4速查表_v106_严格母题子题六页版.tex","655","likely-covered","斜激波/脱体激波型","斜激波|脱体激波型"
"期末六页A4速查表_v106_严格母题子题六页版.tex","657","likely-covered","PM膨胀/管外膨胀型","PM膨胀|管外膨胀型"
"期末六页A4速查表_v106_严格母题子题六页版.tex","659","likely-covered","Laval管内正激波型","Laval管内正激波型"
"期末六页A4速查表_v106_严格母题子题六页版.tex","661","likely-covered","Laval背压图文字版","Laval背压图文字版"
"期末六页A4速查表_v106_严格母题子题六页版.tex","663","likely-covered","激波/膨胀选择","激波|膨胀选择"
"期末六页A4速查表_v106_严格母题子题六页版.tex","666","likely-covered","粘性流动、管流、边界层模型速解","粘性流动|管流|边界层模型速解"
"期末六页A4速查表_v106_严格母题子题六页版.tex","667","likely-covered","N--S简化四句话","N--S简化四句话"
"期末六页A4速查表_v106_严格母题子题六页版.tex","669","likely-covered","平板间层流","平板间层流"
"期末六页A4速查表_v106_严格母题子题六页版.tex","671","likely-covered","两层Couette型","两层Couette型"
"期末六页A4速查表_v106_严格母题子题六页版.tex","673","likely-covered","倾斜平板流程","倾斜平板流程"
"期末六页A4速查表_v106_严格母题子题六页版.tex","675","likely-covered","圆管H--P","圆管H--P"
"期末六页A4速查表_v106_严格母题子题六页版.tex","677","likely-covered","管道湍流壁律","管道湍流壁律"
"期末六页A4速查表_v106_严格母题子题六页版.tex","679","likely-covered","管内边界层厚度题","管内边界层厚度题"
"期末六页A4速查表_v106_严格母题子题六页版.tex","681","likely-covered","管路损失综合题","管路损失综合题"
"期末六页A4速查表_v106_严格母题子题六页版.tex","683","likely-covered","粗糙度使用","粗糙度使用"
"期末六页A4速查表_v106_严格母题子题六页版.tex","685","likely-covered","泵安装高度","泵安装高度"
"期末六页A4速查表_v106_严格母题子题六页版.tex","687","likely-covered","水轮机功率","水轮机功率"
"期末六页A4速查表_v106_严格母题子题六页版.tex","689","likely-covered","平板边界层/Blasius","平板边界层|Blasius"
"期末六页A4速查表_v106_严格母题子题六页版.tex","691","likely-covered","湍流/转捩平板","湍流|转捩平板"
"期末六页A4速查表_v106_严格母题子题六页版.tex","693","likely-covered","平板外绕阻力型","平板外绕阻力型"
"期末六页A4速查表_v106_严格母题子题六页版.tex","695","likely-covered","边界层动量积分","边界层动量积分"
"期末六页A4速查表_v106_严格母题子题六页版.tex","697","likely-covered","分离/绕流阻力","分离|绕流阻力"
"期末六页A4速查表_v106_严格母题子题六页版.tex","699","likely-covered","Stokes小球","Stokes小球"
"期末六页A4速查表_v106_严格母题子题六页版.tex","702","likely-covered","通用题干关键词套写索引","通用题干关键词套写索引"
"期末六页A4速查表_v106_严格母题子题六页版.tex","703","likely-covered","静水压/伯努利/动量","静水压|伯努利|动量"
"期末六页A4速查表_v106_严格母题子题六页版.tex","705","likely-covered","势函数/流函数/圆柱/镜像/机翼","势函数|流函数|圆柱|镜像"
"期末六页A4速查表_v106_严格母题子题六页版.tex","707","likely-covered","速度场/连续/有旋/无旋/剪切板","速度场|连续|有旋|无旋"
"期末六页A4速查表_v106_严格母题子题六页版.tex","709","likely-covered","喷管/背压/阻塞/质量流量","喷管|背压|阻塞|质量流量"
"期末六页A4速查表_v106_严格母题子题六页版.tex","711","likely-covered","激波/斜激波/膨胀波/超声速转角","激波|斜激波|膨胀波|超声速转角"
"期末六页A4速查表_v106_严格母题子题六页版.tex","713","likely-covered","N-S简化/H-P/Couette/两层流体/Stokes","N-S简化|H-P|Couette|两层流体"
"期末六页A4速查表_v106_严格母题子题六页版.tex","715","likely-covered","边界层/壁律/泵吸水/水轮机","边界层|壁律|泵吸水|水轮机"
"期末六页A4速查表_v106_严格母题子题六页版.tex","717","likely-covered","平板边界层/摩擦阻力/分离","平板边界层|摩擦阻力|分离"
"期末六页A4速查表_v106_严格母题子题六页版.tex","719","likely-covered","表值未算出时","表值未算出时"
"期末六页A4速查表_v106_严格母题子题六页版.tex","721","likely-covered","标准卷面模板","标准卷面模板"
"期末六页A4速查表_v106_严格母题子题六页版.tex","724","likely-covered","通用数值题公式链骨架","通用数值题公式链骨架"
"期末六页A4速查表_v106_严格母题子题六页版.tex","725","likely-covered","压缩性/弹性模量","压缩性|弹性模量"
"期末六页A4速查表_v106_严格母题子题六页版.tex","727","likely-covered","马赫锥/扰动传播","马赫锥|扰动传播"
"期末六页A4速查表_v106_严格母题子题六页版.tex","729","likely-covered","Laval出口外膨胀","Laval出口外膨胀"
"期末六页A4速查表_v106_严格母题子题六页版.tex","731","likely-covered","管内湍流壁律厚度","管内湍流壁律厚度"
"期末六页A4速查表_v106_严格母题子题六页版.tex","733","likely-covered","泵吸水安装高度/汽蚀","泵吸水安装高度|汽蚀"
"期末六页A4速查表_v106_严格母题子题六页版.tex","735","likely-covered","水轮机/泵管路功率","水轮机|泵管路功率"
"期末六页A4速查表_v106_严格母题子题六页版.tex","737","likely-covered","平板边界层阻力","平板边界层阻力"
"期末六页A4速查表_v106_严格母题子题六页版.tex","739","likely-covered","应力张量指定平面","应力张量指定平面"
"期末六页A4速查表_v106_严格母题子题六页版.tex","741","likely-covered","圆柱/物面压力积分","圆柱|物面压力积分"
"期末六页A4速查表_v106_严格母题子题六页版.tex","744","likely-covered","教材可查表项目和速查表衔接","教材可查表项目和速查表衔接"
"期末六页A4速查表_v106_严格母题子题六页版.tex","745","likely-covered","Moody图怎么用","Moody图怎么用"
"期末六页A4速查表_v106_严格母题子题六页版.tex","747","likely-covered","面积--马赫数表怎么用","面积--马赫数表怎么用"
"期末六页A4速查表_v106_严格母题子题六页版.tex","749","likely-covered","正激波表怎么用","正激波表怎么用"
"期末六页A4速查表_v106_严格母题子题六页版.tex","751","likely-covered","斜激波表怎么用","斜激波表怎么用"
"期末六页A4速查表_v106_严格母题子题六页版.tex","753","likely-covered","PM函数表怎么用","PM函数表怎么用"
"期末六页A4速查表_v106_严格母题子题六页版.tex","755","likely-covered","阻力系数图怎么用","阻力系数图怎么用"
"期末六页A4速查表_v106_严格母题子题六页版.tex","758","likely-covered","高风险易混概念对照","高风险易混概念对照"
"期末六页A4速查表_v106_严格母题子题六页版.tex","761","likely-covered","喉部、临界、阻塞","喉部|临界|阻塞"
"期末六页A4速查表_v106_严格母题子题六页版.tex","763","likely-covered","亚声速/超声速面积效应","亚声速|超声速面积效应"
"期末六页A4速查表_v106_严格母题子题六页版.tex","765","likely-covered","激波和膨胀波","激波和膨胀波"
"期末六页A4速查表_v106_严格母题子题六页版.tex","767","likely-covered","层流/湍流/边界层","层流|湍流|边界层"
"期末六页A4速查表_v106_严格母题子题六页版.tex","769","likely-covered","平均速度/最大速度/摩擦速度","平均速度|最大速度|摩擦速度"
"期末六页A4速查表_v106_严格母题子题六页版.tex","771","likely-covered","表面积/迎风面积/截面积","表面积|迎风面积|截面积"
"期末六页A4速查表_v106_严格母题子题六页版.tex","773","likely-covered","局部损失/沿程损失","局部损失|沿程损失"
"期末六页A4速查表_v106_严格母题子题六页版.tex","775","likely-covered","绝压/表压","绝压|表压"
"期末六页A4速查表_v106_严格母题子题六页版.tex","778","likely-covered","按题干关键词选公式","按题干关键词选公式"
"期末六页A4速查表_v106_严格母题子题六页版.tex","779","likely-covered","“不可压无旋”","“不可压无旋”"
"期末六页A4速查表_v106_严格母题子题六页版.tex","781","likely-covered","“定常一维绝热”","“定常一维绝热”"
"期末六页A4速查表_v106_严格母题子题六页版.tex","783","likely-covered","“平均时均速度”","“平均时均速度”"
"期末六页A4速查表_v106_严格母题子题六页版.tex","785","likely-covered","“小球Re<1”","“小球Re<1”"
"期末六页A4速查表_v106_严格母题子题六页版.tex","787","likely-covered","“完全发展”","“完全发展”"
"期末六页A4速查表_v106_严格母题子题六页版.tex","789","likely-covered","“无压差Couette”","“无压差Couette”"
"期末六页A4速查表_v106_严格母题子题六页版.tex","791","likely-covered","“逆压梯度”","“逆压梯度”"
"期末六页A4速查表_v106_严格母题子题六页版.tex","793","likely-covered","“背压降低”","“背压降低”"
"期末六页A4速查表_v106_严格母题子题六页版.tex","795","likely-covered","“压力中心/形心”","“压力中心|形心”"
"期末六页A4速查表_v106_严格母题子题六页版.tex","798","likely-covered","计算细节防错","计算细节防错"
"期末六页A4速查表_v106_严格母题子题六页版.tex","799","likely-covered","单位统一","单位统一"
"期末六页A4速查表_v106_严格母题子题六页版.tex","801","likely-covered","截面积","截面积"
"期末六页A4速查表_v106_严格母题子题六页版.tex","803","likely-covered","水头与压力","水头与压力"
"期末六页A4速查表_v106_严格母题子题六页版.tex","805","likely-covered","查表/异常回退","查表|异常回退"
"期末六页A4速查表_v106_严格母题子题六页版.tex","807","likely-covered","答案量纲检查","答案量纲检查"
"期末六页A4速查表_v106_严格母题子题六页版.tex","809","likely-covered","方向检查","方向检查"
"期末六页A4速查表_v106_严格母题子题六页版.tex","811","likely-covered","结果合理性","结果合理性"
"期末六页A4速查表_v106_严格母题子题六页版.tex","814","likely-covered","可直接写的结论句","可直接写的结论句"
"期末六页A4速查表_v106_严格母题子题六页版.tex","815","likely-covered","势流结论句","势流结论句"
"期末六页A4速查表_v106_严格母题子题六页版.tex","817","likely-covered","达朗贝尔佯谬句","达朗贝尔佯谬句"
"期末六页A4速查表_v106_严格母题子题六页版.tex","819","likely-covered","边界层句","边界层句"
"期末六页A4速查表_v106_严格母题子题六页版.tex","821","likely-covered","管流损失句","管流损失句"
"期末六页A4速查表_v106_严格母题子题六页版.tex","823","likely-covered","激波句","激波句"
"期末六页A4速查表_v106_严格母题子题六页版.tex","825","likely-covered","膨胀波句","膨胀波句"
"期末六页A4速查表_v106_严格母题子题六页版.tex","827","likely-covered","阻塞句","阻塞句"
"期末六页A4速查表_v106_严格母题子题六页版.tex","829","likely-covered","湍流句","湍流句"
"期末六页A4速查表_v106_严格母题子题六页版.tex","832","likely-covered","题图识别+查表+公式链","题图识别+查表+公式链"
"期末六页A4速查表_v106_严格母题子题六页版.tex","833","likely-covered","题图一眼选模型","题图一眼选模型"
"期末六页A4速查表_v106_严格母题子题六页版.tex","847","likely-covered","小查表：空气等熵/PM","小查表|空气等熵|PM"
"期末六页A4速查表_v106_严格母题子题六页版.tex","858","likely-covered","小查表：正激波/光滑管","小查表|正激波|光滑管"
"期末六页A4速查表_v106_严格母题子题六页版.tex","861","likely-covered","量纲相似满分模板","量纲相似满分模板"
"期末六页A4速查表_v106_严格母题子题六页版.tex","866","likely-covered","公式链：已知-中间量-目标量","公式链|已知-中间量-目标量"
"期末六页A4速查表_v106_严格母题子题六页版.tex","869","likely-covered","按图像补充的模型第一步","按图像补充的模型第一步"
"期末六页A4速查表_v106_严格母题子题六页版.tex","870","likely-covered","玻璃弯管放水","玻璃弯管放水"
"期末六页A4速查表_v106_严格母题子题六页版.tex","872","likely-covered","半圆柱/圆柱浮起","半圆柱|圆柱浮起"
"期末六页A4速查表_v106_严格母题子题六页版.tex","874","likely-covered","点源靠壁最大速度","点源靠壁最大速度"
"期末六页A4速查表_v106_严格母题子题六页版.tex","876","likely-covered","水下半圆球/半圆柱开孔","水下半圆球|半圆柱开孔"
"期末六页A4速查表_v106_严格母题子题六页版.tex","878","likely-covered","粘性圆管入口发展","粘性圆管入口发展"
"期末六页A4速查表_v106_严格母题子题六页版.tex","880","likely-covered","雷诺输运定理题","雷诺输运定理题"
"期末六页A4速查表_v106_严格母题子题六页版.tex","882","likely-covered","LES/DNS/RANS概念","LES|DNS|RANS概念"
"期末六页A4速查表_v106_严格母题子题六页版.tex","884","likely-covered","雷诺应力","雷诺应力"
"期末六页A4速查表_v106_严格母题子题六页版.tex","886","likely-covered","混合长度","混合长度"
"期末六页A4速查表_v106_严格母题子题六页版.tex","888","likely-covered","边界层厚度种类","边界层厚度种类"
"期末六页A4速查表_v106_严格母题子题六页版.tex","891","likely-covered","动力学/应力题干模型压缩","动力学|应力题干模型压缩"
"期末六页A4速查表_v106_严格母题子题六页版.tex","892","likely-covered","应力张量+指定平面","应力张量+指定平面"
"期末六页A4速查表_v106_严格母题子题六页版.tex","894","likely-covered","圆柱切平面M点应力","圆柱切平面M点应力"
"期末六页A4速查表_v106_严格母题子题六页版.tex","896","likely-covered","给应力分布求平面上一点","给应力分布求平面上一点"
"期末六页A4速查表_v106_严格母题子题六页版.tex","898","likely-covered","由 求体力","求体力"
"期末六页A4速查表_v106_严格母题子题六页版.tex","900","likely-covered","正交曲线坐标散度","正交曲线坐标散度"
"期末六页A4速查表_v106_严格母题子题六页版.tex","903","likely-covered","理想流体/势流题干模型压缩","理想流体|势流题干模型压缩"
"期末六页A4速查表_v106_严格母题子题六页版.tex","904","likely-covered","环形路径速度环量","环形路径速度环量"
"期末六页A4速查表_v106_严格母题子题六页版.tex","906","likely-covered","弯玻璃管放水","弯玻璃管放水"
"期末六页A4速查表_v106_严格母题子题六页版.tex","908","likely-covered","速度场","速度场"
"期末六页A4速查表_v106_严格母题子题六页版.tex","912","likely-covered","平板Couette流量","平板Couette流量"
"期末六页A4速查表_v106_严格母题子题六页版.tex","914","likely-covered","势流方程推导","势流方程推导"
"期末六页A4速查表_v106_严格母题子题六页版.tex","916","likely-covered","均匀流绕圆柱推导题","均匀流绕圆柱推导题"
"期末六页A4速查表_v106_严格母题子题六页版.tex","918","likely-covered","点源/点汇/点涡叠加题","点源|点汇|点涡叠加题"
"期末六页A4速查表_v106_严格母题子题六页版.tex","920","likely-covered","边角流动题","边角流动题"
"期末六页A4速查表_v106_严格母题子题六页版.tex","923","likely-covered","势流应用题干模型压缩","势流应用题干模型压缩"
"期末六页A4速查表_v106_严格母题子题六页版.tex","924","likely-covered","均匀流绕长钝体上坡","均匀流绕长钝体上坡"
"期末六页A4速查表_v106_严格母题子题六页版.tex","926","likely-covered","半圆柱屋顶受升力","半圆柱屋顶受升力"
"期末六页A4速查表_v106_严格母题子题六页版.tex","928","likely-covered","半圆柱水底浮起","半圆柱水底浮起"
"期末六页A4速查表_v106_严格母题子题六页版.tex","930","likely-covered","壁面点源最大速度","壁面点源最大速度"
"期末六页A4速查表_v106_严格母题子题六页版.tex","933","likely-covered","可压缩流动题干模型压缩","可压缩流动题干模型压缩"
"期末六页A4速查表_v106_严格母题子题六页版.tex","934","likely-covered","收缩喷管背压","收缩喷管背压"
"期末六页A4速查表_v106_严格母题子题六页版.tex","936","likely-covered","Laval无激波","Laval无激波"
"期末六页A4速查表_v106_严格母题子题六页版.tex","938","likely-covered","可压文丘里流量计","可压文丘里流量计"
"期末六页A4速查表_v106_严格母题子题六页版.tex","940","likely-covered","喷管背压状态判断","喷管背压状态判断"
"期末六页A4速查表_v106_严格母题子题六页版.tex","942","likely-covered","正激波","正激波"
"期末六页A4速查表_v106_严格母题子题六页版.tex","944","likely-covered","运动正激波撞墙反射","运动正激波撞墙反射"
"期末六页A4速查表_v106_严格母题子题六页版.tex","946","likely-covered","斜激波","斜激波"
"期末六页A4速查表_v106_严格母题子题六页版.tex","948","likely-covered","斜激波方程组","斜激波方程组"
"期末六页A4速查表_v106_严格母题子题六页版.tex","950","likely-covered","脱体激波","脱体激波"
"期末六页A4速查表_v106_严格母题子题六页版.tex","952","likely-covered","管外膨胀","管外膨胀"
"期末六页A4速查表_v106_严格母题子题六页版.tex","954","likely-covered","管内激波","管内激波"
"期末六页A4速查表_v106_严格母题子题六页版.tex","956","likely-covered","风洞/多波相交题","风洞|多波相交题"
"期末六页A4速查表_v106_严格母题子题六页版.tex","958","likely-covered","U型压差计+正激波","U型压差计+正激波"
"期末六页A4速查表_v106_严格母题子题六页版.tex","961","likely-covered","粘性流动题干模型压缩","粘性流动题干模型压缩"
"期末六页A4速查表_v106_严格母题子题六页版.tex","962","likely-covered","Re判层/湍","Re判层"
"期末六页A4速查表_v106_严格母题子题六页版.tex","964","likely-covered","圆管层流压降","圆管层流压降"
"期末六页A4速查表_v106_严格母题子题六页版.tex","966","likely-covered","小球Stokes阻力","小球Stokes阻力"
"期末六页A4速查表_v106_严格母题子题六页版.tex","968","likely-covered","两层流体剪切","两层流体剪切"
"期末六页A4速查表_v106_严格母题子题六页版.tex","970","likely-covered","小球低Re终速","小球低Re终速"
"期末六页A4速查表_v106_严格母题子题六页版.tex","972","likely-covered","管内层流三方向","管内层流三方向"
"期末六页A4速查表_v106_严格母题子题六页版.tex","974","likely-covered","倾斜平板层流","倾斜平板层流"
"期末六页A4速查表_v106_严格母题子题六页版.tex","976","likely-covered","物面条件证明","物面条件证明"
"期末六页A4速查表_v106_严格母题子题六页版.tex","978","likely-covered","流函数Poisson方程","流函数Poisson方程"
"期末六页A4速查表_v106_严格母题子题六页版.tex","980","likely-covered","平板边界层混合","平板边界层混合"
"期末六页A4速查表_v106_严格母题子题六页版.tex","982","likely-covered","圆管湍流平均速度公式","圆管湍流平均速度公式"
"期末六页A4速查表_v106_严格母题子题六页版.tex","985","likely-covered","常见问法到首行公式","常见问法到首行公式"
"期末六页A4速查表_v106_严格母题子题六页版.tex","986","likely-covered","“证明满足连续方程”","“证明满足连续方程”"
"期末六页A4速查表_v106_严格母题子题六页版.tex","988","likely-covered","“判断有旋否”","“判断有旋否”"
"期末六页A4速查表_v106_严格母题子题六页版.tex","990","likely-covered","“写流线方程”","“写流线方程”"
"期末六页A4速查表_v106_严格母题子题六页版.tex","992","likely-covered","“写迹线方程”","“写迹线方程”"
"期末六页A4速查表_v106_严格母题子题六页版.tex","994","likely-covered","“求流量”","“求流量”"
"期末六页A4速查表_v106_严格母题子题六页版.tex","996","likely-covered","“求剪应力”","“求剪应力”"
"期末六页A4速查表_v106_严格母题子题六页版.tex","998","likely-covered","“求压强分布”","“求压强分布”"
"期末六页A4速查表_v106_严格母题子题六页版.tex","1000","likely-covered","“求升力/阻力”","“求升力|阻力”"
"期末六页A4速查表_v106_严格母题子题六页版.tex","1002","likely-covered","“求功率”","“求功率”"
"期末六页A4速查表_v106_严格母题子题六页版.tex","1004","likely-covered","“判断能不能用伯努利”","“判断能不能用伯努利”"
"期末六页A4速查表_v106_严格母题子题六页版.tex","1006","likely-covered","“判断阻塞”","“判断阻塞”"
"期末六页A4速查表_v106_严格母题子题六页版.tex","1008","likely-covered","“判断激波位置”","“判断激波位置”"
"期末六页A4速查表_v106_严格母题子题六页版.tex","1010","likely-covered","“判断边界层层流湍流”","“判断边界层层流湍流”"
"期末六页A4速查表_v106_严格母题子题六页版.tex","1012","likely-covered","“判断分离”","“判断分离”"
"期末六页A4速查表_v106_严格母题子题六页版.tex","1015","likely-covered","通用组合模型：压缩公式链","通用组合模型|压缩公式链"
"期末六页A4速查表_v106_严格母题子题六页版.tex","1016","likely-covered","静水压+铰链","静水压+铰链"
"期末六页A4速查表_v106_严格母题子题六页版.tex","1018","likely-covered","曲面压力+浮力","曲面压力+浮力"
"期末六页A4速查表_v106_严格母题子题六页版.tex","1020","likely-covered","U管+加速度","U管+加速度"
"期末六页A4速查表_v106_严格母题子题六页版.tex","1022","likely-covered","速度场+势函数","速度场+势函数"
"期末六页A4速查表_v106_严格母题子题六页版.tex","1024","likely-covered","速度场+应力","速度场+应力"
"期末六页A4速查表_v106_严格母题子题六页版.tex","1026","likely-covered","伯努利+动量","伯努利+动量"
"期末六页A4速查表_v106_严格母题子题六页版.tex","1028","likely-covered","泵+管路损失","泵+管路损失"
"期末六页A4速查表_v106_严格母题子题六页版.tex","1030","likely-covered","水轮机+压力表","水轮机+压力表"
"期末六页A4速查表_v106_严格母题子题六页版.tex","1032","likely-covered","收缩喷管+背压","收缩喷管+背压"
"期末六页A4速查表_v106_严格母题子题六页版.tex","1034","likely-covered","Laval+面积比","Laval+面积比"
"期末六页A4速查表_v106_严格母题子题六页版.tex","1036","likely-covered","Laval+内激波","Laval+内激波"
"期末六页A4速查表_v106_严格母题子题六页版.tex","1038","likely-covered","斜激波+PM","斜激波+PM"
"期末六页A4速查表_v106_严格母题子题六页版.tex","1040","likely-covered","边界层+平板阻力","边界层+平板阻力"
"期末六页A4速查表_v106_严格母题子题六页版.tex","1042","likely-covered","湍流壁律+管内厚度","湍流壁律+管内厚度"
"期末六页A4速查表_v106_严格母题子题六页版.tex","1044","likely-covered","Stokes小球+沉降","Stokes小球+沉降"
"期末六页A4速查表_v106_严格母题子题六页版.tex","1046","likely-covered","相似准则","相似准则"
"期末六页A4速查表_v106_严格母题子题六页版.tex","1050","likely-covered","流量计","流量计"
"期末六页A4速查表_v106_严格母题子题六页版.tex","1052","likely-covered","水击/声速概念","水击|声速概念"
"期末六页A4速查表_v106_严格母题子题六页版.tex","1054","likely-covered","自由涡","自由涡"
"期末六页A4速查表_v106_严格母题子题六页版.tex","1056","likely-covered","强迫涡","强迫涡"
"期末六页A4速查表_v106_严格母题子题六页版.tex","1058","likely-covered","管嘴出流","管嘴出流"
"期末六页A4速查表_v106_严格母题子题六页版.tex","1060","likely-covered","多出口分流","多出口分流"
"期末六页A4速查表_v106_严格母题子题六页版.tex","1062","likely-covered","压力恢复/扩压器","压力恢复|扩压器"
"期末六页A4速查表_v106_严格母题子题六页版.tex","1064","likely-covered","雷诺平均","雷诺平均"
"期末六页A4速查表_v106_严格母题子题六页版.tex","1067","likely-covered","完整公式清单：按物理量查","完整公式清单|按物理量查"
"期末六页A4速查表_v106_严格母题子题六页版.tex","1068","likely-covered","密度/压强/温度","密度|压强|温度"
"期末六页A4速查表_v106_严格母题子题六页版.tex","1070","likely-covered","速度/流量","速度|流量"
"期末六页A4速查表_v106_严格母题子题六页版.tex","1074","likely-covered","沿程损失","沿程损失"
"期末六页A4速查表_v106_严格母题子题六页版.tex","1076","likely-covered","局部损失","局部损失"
"期末六页A4速查表_v106_严格母题子题六页版.tex","1078","likely-covered","动量通量","动量通量"
"期末六页A4速查表_v106_严格母题子题六页版.tex","1080","likely-covered","能量修正系数","能量修正系数"
"期末六页A4速查表_v106_严格母题子题六页版.tex","1082","likely-covered","剪应力","剪应力"
"期末六页A4速查表_v106_严格母题子题六页版.tex","1084","likely-covered","雷诺数","雷诺数"
"期末六页A4速查表_v106_严格母题子题六页版.tex","1086","likely-covered","马赫数和总量","马赫数和总量"
"期末六页A4速查表_v106_严格母题子题六页版.tex","1088","likely-covered","临界量","临界量"
"期末六页A4速查表_v106_严格母题子题六页版.tex","1090","likely-covered","面积--马赫","面积--马赫"
"期末六页A4速查表_v106_严格母题子题六页版.tex","1092","likely-covered","质量流量可压","质量流量可压"
"期末六页A4速查表_v106_严格母题子题六页版.tex","1094","likely-covered","正激波","正激波"
"期末六页A4速查表_v106_严格母题子题六页版.tex","1096","likely-covered","斜激波","斜激波"
"期末六页A4速查表_v106_严格母题子题六页版.tex","1098","likely-covered","PM/Prandtl-Meyer函数","PM|Prandtl-Meyer函数"
"期末六页A4速查表_v106_严格母题子题六页版.tex","1100","likely-covered","平板层流Blasius","平板层流Blasius"
"期末六页A4速查表_v106_严格母题子题六页版.tex","1102","likely-covered","平板边界层湍流","平板边界层湍流"
"期末六页A4速查表_v106_严格母题子题六页版.tex","1104","likely-covered","边界层积分","边界层积分"
"期末六页A4速查表_v106_严格母题子题六页版.tex","1106","likely-covered","Stokes","Stokes"
"期末六页A4速查表_v106_严格母题子题六页版.tex","1108","likely-covered","势流基本关系","势流基本关系"
"期末六页A4速查表_v106_严格母题子题六页版.tex","1110","likely-covered","圆柱绕流","圆柱绕流"
"期末六页A4速查表_v106_严格母题子题六页版.tex","1112","likely-covered","环量升力","环量升力"
"期末六页A4速查表_v106_严格母题子题六页版.tex","1115","likely-covered","符号解释表：看到符号就知道干什么","符号解释表|看到符号就知道干什么"
"期末六页A4速查表_v106_严格母题子题六页版.tex","1137","likely-covered","分支流程：从条件到公式","分支流程|从条件到公式"
"期末六页A4速查表_v106_严格母题子题六页版.tex","1138","likely-covered","流程A：给速度场","流程A|给速度场"
"期末六页A4速查表_v106_严格母题子题六页版.tex","1140","likely-covered","流程B：给静止液体图","流程B|给静止液体图"
"期末六页A4速查表_v106_严格母题子题六页版.tex","1142","likely-covered","流程C：给管路图","流程C|给管路图"
"期末六页A4速查表_v106_严格母题子题六页版.tex","1144","likely-covered","流程D：给喷管图","流程D|给喷管图"
"期末六页A4速查表_v106_严格母题子题六页版.tex","1146","likely-covered","流程E：给激波图","流程E|给激波图"
"期末六页A4速查表_v106_严格母题子题六页版.tex","1148","likely-covered","流程F：给边界层/平板","流程F|给边界层|平板"
"期末六页A4速查表_v106_严格母题子题六页版.tex","1150","likely-covered","流程G：给层流解析","流程G|给层流解析"
"期末六页A4速查表_v106_严格母题子题六页版.tex","1152","likely-covered","流程H：给相似/量纲","流程H|给相似|量纲"
"期末六页A4速查表_v106_严格母题子题六页版.tex","1155","likely-covered","易错点逐条排雷","易错点逐条排雷"
"期末六页A4速查表_v106_严格母题子题六页版.tex","1156","likely-covered","错1：把背压当出口压","错1|把背压当出口压"
"期末六页A4速查表_v106_严格母题子题六页版.tex","1158","likely-covered","错2：把0.528到处用","错2|把0.528到处用"
"期末六页A4速查表_v106_严格母题子题六页版.tex","1160","likely-covered","错3：激波后继续用原","错3|激波后继续用原"
"期末六页A4速查表_v106_严格母题子题六页版.tex","1162","likely-covered","错4：面积比支路选错","错4|面积比支路选错"
"期末六页A4速查表_v106_严格母题子题六页版.tex","1164","likely-covered","错5：H--P用于湍流","错5|H--P用于湍流"
"期末六页A4速查表_v106_严格母题子题六页版.tex","1166","likely-covered","错6：平板阻力用截面积","错6|平板阻力用截面积"
"期末六页A4速查表_v106_严格母题子题六页版.tex","1168","likely-covered","错7：压力中心公式乱用","错7|压力中心公式乱用"
"期末六页A4速查表_v106_严格母题子题六页版.tex","1170","likely-covered","错8：动量方程标量化","错8|动量方程标量化"
"期末六页A4速查表_v106_严格母题子题六页版.tex","1172","likely-covered","错9：局部损失速度取错","错9|局部损失速度取错"
"期末六页A4速查表_v106_严格母题子题六页版.tex","1174","likely-covered","错10：表压绝压混用","错10|表压绝压混用"
"期末六页A4速查表_v106_严格母题子题六页版.tex","1176","likely-covered","错11：PM压缩也用","错11|PM压缩也用"
"期末六页A4速查表_v106_严格母题子题六页版.tex","1178","likely-covered","错12：边界层厚度和管半径混","错12|边界层厚度和管半径混"
"期末六页A4速查表_v106_严格母题子题六页版.tex","1180","likely-covered","错13：把流函数当势函数","错13|把流函数当势函数"
"期末六页A4速查表_v106_严格母题子题六页版.tex","1182","likely-covered","错14：源涡原点直接用","错14|源涡原点直接用"
"期末六页A4速查表_v106_严格母题子题六页版.tex","1184","likely-covered","错15：忘记单位换算","错15|忘记单位换算"
"期末六页A4速查表_v106_严格母题子题六页版.tex","1187","likely-covered","详细小模板：把答案写得像标准解","详细小模板|把答案写得像标准解"
"期末六页A4速查表_v106_严格母题子题六页版.tex","1188","likely-covered","标准解模板：静水压","标准解模板|静水压"
"期末六页A4速查表_v106_严格母题子题六页版.tex","1190","likely-covered","标准解模板：动量","标准解模板|动量"
"期末六页A4速查表_v106_严格母题子题六页版.tex","1192","likely-covered","标准解模板：管路","标准解模板|管路"
"期末六页A4速查表_v106_严格母题子题六页版.tex","1194","likely-covered","标准解模板：N--S层流","标准解模板|N--S层流"
"期末六页A4速查表_v106_严格母题子题六页版.tex","1196","likely-covered","标准解模板：势流","标准解模板|势流"
"期末六页A4速查表_v106_严格母题子题六页版.tex","1198","likely-covered","标准解模板：喷管","标准解模板|喷管"
"期末六页A4速查表_v106_严格母题子题六页版.tex","1200","likely-covered","标准解模板：激波","标准解模板|激波"
"期末六页A4速查表_v106_严格母题子题六页版.tex","1202","likely-covered","标准解模板：边界层","标准解模板|边界层"
"期末六页A4速查表_v106_严格母题子题六页版.tex","1204","likely-covered","标准解模板：相似","标准解模板|相似"
"期末六页A4速查表_v106_严格母题子题六页版.tex","1207","likely-covered","补充模型：自由面与涡","补充模型|自由面与涡"
"期末六页A4速查表_v106_严格母题子题六页版.tex","1208","likely-covered","自由涡液面","自由涡液面"
"期末六页A4速查表_v106_严格母题子题六页版.tex","1210","likely-covered","强迫涡液面","强迫涡液面"
"期末六页A4速查表_v106_严格母题子题六页版.tex","1212","likely-covered","复合涡","复合涡"
"期末六页A4速查表_v106_严格母题子题六页版.tex","1214","likely-covered","Rankine卵形","Rankine卵形"
"期末六页A4速查表_v106_严格母题子题六页版.tex","1216","likely-covered","偶极子物理意义","偶极子物理意义"
"期末六页A4速查表_v106_严格母题子题六页版.tex","1218","likely-covered","机翼升力","机翼升力"
"期末六页A4速查表_v106_严格母题子题六页版.tex","1221","likely-covered","查表与优先级索引","查表与优先级索引"
"期末六页A4速查表_v106_严格母题子题六页版.tex","1222","likely-covered","教材查找建议","教材查找建议"
"期末六页A4速查表_v106_严格母题子题六页版.tex","1224","likely-covered","考试先后顺序","考试先后顺序"
"期末六页A4速查表_v106_严格母题子题六页版.tex","1226","likely-covered","数值题通用检查","数值题通用检查"
"期末六页A4速查表_v106_严格母题子题六页版.tex","1228","likely-covered","概念题通用答法","概念题通用答法"
"期末六页A4速查表_v106_严格母题子题六页版.tex","1230","likely-covered","证明题通用答法","证明题通用答法"
"期末六页A4速查表_v106_严格母题子题六页版.tex","1232","likely-covered","图像题通用答法","图像题通用答法"
"期末六页A4速查表_v106_严格母题子题六页版.tex","1234","likely-covered","答题纸三行骨架","答题纸三行骨架"
"期末六页A4速查表_v106_严格母题子题六页版.tex","1237","likely-covered","高频小问速答","高频小问速答"
"期末六页A4速查表_v106_严格母题子题六页版.tex","1238","likely-covered","为什么应力张量对称","为什么应力张量对称"
"期末六页A4速查表_v106_严格母题子题六页版.tex","1240","likely-covered","为什么有流函数","为什么有流函数"
"期末六页A4速查表_v106_严格母题子题六页版.tex","1242","likely-covered","为什么有势函数","为什么有势函数"
"期末六页A4速查表_v106_严格母题子题六页版.tex","1244","likely-covered","为什么Laplace","为什么Laplace"
"期末六页A4速查表_v106_严格母题子题六页版.tex","1246","likely-covered","为什么Bernoulli沿流线","为什么Bernoulli沿流线"
"期末六页A4速查表_v106_严格母题子题六页版.tex","1248","likely-covered","为什么圆柱理想阻力为0","为什么圆柱理想阻力为0"
"期末六页A4速查表_v106_严格母题子题六页版.tex","1250","likely-covered","为什么边界层存在","为什么边界层存在"
"期末六页A4速查表_v106_严格母题子题六页版.tex","1252","likely-covered","为什么逆压梯度会分离","为什么逆压梯度会分离"
"期末六页A4速查表_v106_严格母题子题六页版.tex","1254","likely-covered","为什么湍流阻力大","为什么湍流阻力大"
"期末六页A4速查表_v106_严格母题子题六页版.tex","1256","likely-covered","为什么阻塞","为什么阻塞"
"期末六页A4速查表_v106_严格母题子题六页版.tex","1258","likely-covered","为什么激波总压下降","为什么激波总压下降"
"期末六页A4速查表_v106_严格母题子题六页版.tex","1260","likely-covered","为什么膨胀波等熵","为什么膨胀波等熵"
"期末六页A4速查表_v106_严格母题子题六页版.tex","1262","likely-covered","为什么斜激波用法向马赫数","为什么斜激波用法向马赫数"
"期末六页A4速查表_v106_严格母题子题六页版.tex","1264","likely-covered","为什么Laval能超声速","为什么Laval能超声速"
"期末六页A4速查表_v106_严格母题子题六页版.tex","1266","likely-covered","为什么粗糙度层流不用","为什么粗糙度层流不用"
"期末六页A4速查表_v106_严格母题子题六页版.tex","1268","likely-covered","为什么平板局部/平均系数不同","为什么平板局部|平均系数不同"
"期末六页A4速查表_v106_严格母题子题六页版.tex","1270","likely-covered","为什么两层流体剪应力连续","为什么两层流体剪应力连续"
"期末六页A4速查表_v106_严格母题子题六页版.tex","1272","likely-covered","为什么H--P抛物线","为什么H--P抛物线"
"期末六页A4速查表_v106_严格母题子题六页版.tex","1274","likely-covered","为什么Stokes阻力与速度一次方成正比","为什么Stokes阻力与速度一次方成正比"
"期末六页A4速查表_v106_严格母题子题六页版.tex","1276","likely-covered","为什么管路损失用速度头","为什么管路损失用速度头"
"期末六页A4速查表_v106_严格母题子题六页版.tex","1278","likely-covered","为什么压力中心低于形心","为什么压力中心低于形心"
"期末六页A4速查表_v106_严格母题子题六页版.tex","1280","likely-covered","为什么动量方程要控制体","为什么动量方程要控制体"
"期末六页A4速查表_v106_严格母题子题六页版.tex","1282","likely-covered","为什么流量要积分","为什么流量要积分"
"期末六页A4速查表_v106_严格母题子题六页版.tex","1284","likely-covered","为什么表压可为负","为什么表压可为负"
"期末六页A4速查表_v106_严格母题子题六页版.tex","1286","likely-covered","为什么马赫数重要","为什么马赫数重要"
"期末六页A4速查表_v106_严格母题子题六页版.tex","1288","likely-covered","为什么扩压器易分离","为什么扩压器易分离"
"期末六页A4速查表_v106_严格母题子题六页版.tex","1290","likely-covered","为什么泵入口最危险","为什么泵入口最危险"
"期末六页A4速查表_v106_严格母题子题六页版.tex","1292","likely-covered","为什么水轮机要扣损失","为什么水轮机要扣损失"
"期末六页A4速查表_v106_严格母题子题六页版.tex","1294","likely-covered","为什么圆管湍流用壁律","为什么圆管湍流用壁律"
"期末六页A4速查表_v106_严格母题子题六页版.tex","1296","likely-covered","为什么位移厚度叫位移","为什么位移厚度叫位移"
"期末六页A4速查表_v106_严格母题子题六页版.tex","1298","likely-covered","为什么动量厚度重要","为什么动量厚度重要"
"期末六页A4速查表_v106_严格母题子题六页版.tex","1300","likely-covered","为什么答案要写假设","为什么答案要写假设"
"期末六页A4速查表_v106_严格母题子题六页版.tex","1303","likely-covered","速算区：不用重新推的中间结果","速算区|不用重新推的中间结果"
"期末六页A4速查表_v106_严格母题子题六页版.tex","1304","likely-covered","常用平方/根号","常用平方|根号"
"期末六页A4速查表_v106_严格母题子题六页版.tex","1306","likely-covered","常用水柱压强","常用水柱压强"
"期末六页A4速查表_v106_严格母题子题六页版.tex","1308","likely-covered","常用圆管面积","常用圆管面积"
"期末六页A4速查表_v106_严格母题子题六页版.tex","1310","likely-covered","空气等熵速算","空气等熵速算"
"期末六页A4速查表_v106_严格母题子题六页版.tex","1312","likely-covered","空气临界速算","空气临界速算"
"期末六页A4速查表_v106_严格母题子题六页版.tex","1314","likely-covered","正激波空气","正激波空气"
"期末六页A4速查表_v106_严格母题子题六页版.tex","1316","likely-covered","正激波空气","正激波空气"
"期末六页A4速查表_v106_严格母题子题六页版.tex","1318","likely-covered","层流圆管速算","层流圆管速算"
"期末六页A4速查表_v106_严格母题子题六页版.tex","1320","likely-covered","H--P压降速算","H--P压降速算"
"期末六页A4速查表_v106_严格母题子题六页版.tex","1322","likely-covered","平板层流厚度速算","平板层流厚度速算"
"期末六页A4速查表_v106_严格母题子题六页版.tex","1324","likely-covered","平板层流阻力速算","平板层流阻力速算"
"期末六页A4速查表_v106_严格母题子题六页版.tex","1326","likely-covered","湍流平板阻力速算","湍流平板阻力速算"
"期末六页A4速查表_v106_严格母题子题六页版.tex","1328","likely-covered","壁律厚度速算","壁律厚度速算"
"期末六页A4速查表_v106_严格母题子题六页版.tex","1330","likely-covered","Stokes终速速算","Stokes终速速算"
"期末六页A4速查表_v106_严格母题子题六页版.tex","1332","likely-covered","动量力速算","动量力速算"
"期末六页A4速查表_v106_严格母题子题六页版.tex","1334","likely-covered","泵功率速算","泵功率速算"
"期末六页A4速查表_v106_严格母题子题六页版.tex","1336","likely-covered","粗糙度速算","粗糙度速算"
"期末六页A4速查表_v106_严格母题子题六页版.tex","1338","likely-covered","声速速算","声速速算"
"期末六页A4速查表_v106_严格母题子题六页版.tex","1340","likely-covered","马赫角速算","马赫角速算"
"期末六页A4速查表_v106_严格母题子题六页版.tex","1342","likely-covered","PM函数使用提醒","PM函数使用提醒"
"期末六页A4速查表_v106_严格母题子题六页版.tex","1344","likely-covered","斜激波弱解检查","斜激波弱解检查"
"期末六页A4速查表_v106_严格母题子题六页版.tex","1346","likely-covered","喷管状态数量级","喷管状态数量级"
"期末六页A4速查表_v106_严格母题子题六页版.tex","1348","likely-covered","管路答案数量级","管路答案数量级"
"期末六页A4速查表_v106_严格母题子题六页版.tex","1350","likely-covered","压力中心数量级","压力中心数量级"
"期末六页A4速查表_v106_严格母题子题六页版.tex","1352","likely-covered","圆管层流剪应力","圆管层流剪应力"
"期末六页A4速查表_v106_严格母题子题六页版.tex","1354","likely-covered","局部损失数量级","局部损失数量级"
"期末六页A4速查表_v106_严格母题子题六页版.tex","1356","likely-covered","不可压近似","不可压近似"
"期末六页A4速查表_v106_严格母题子题六页版.tex","1358","likely-covered","题目读数顺序","题目读数顺序"
"期末六页A4速查表_v106_严格母题子题六页版.tex","1360","likely-covered","交卷前记忆卡","交卷前记忆卡"
"期末六页A4速查表_v106_严格母题子题六页版.tex","1363","likely-covered","展开型模板：按流程仿写","展开型模板|按流程仿写"
"期末六页A4速查表_v106_严格母题子题六页版.tex","1364","likely-covered","模板：速度场流程","模板|速度场流程"
"期末六页A4速查表_v106_严格母题子题六页版.tex","1366","likely-covered","模板：流线流程","模板|流线流程"
"期末六页A4速查表_v106_严格母题子题六页版.tex","1368","likely-covered","模板：迹线流程","模板|迹线流程"
"期末六页A4速查表_v106_严格母题子题六页版.tex","1370","likely-covered","模板：应力流程","模板|应力流程"
"期末六页A4速查表_v106_严格母题子题六页版.tex","1372","likely-covered","模板：闸门流程","模板|闸门流程"
"期末六页A4速查表_v106_严格母题子题六页版.tex","1374","likely-covered","模板：曲面流程","模板|曲面流程"
"期末六页A4速查表_v106_严格母题子题六页版.tex","1376","likely-covered","模板：弯管流程","模板|弯管流程"
"期末六页A4速查表_v106_严格母题子题六页版.tex","1378","likely-covered","模板：泵流程","模板|泵流程"
"期末六页A4速查表_v106_严格母题子题六页版.tex","1380","likely-covered","模板：水轮机流程","模板|水轮机流程"
"期末六页A4速查表_v106_严格母题子题六页版.tex","1382","likely-covered","模板：圆管层流流程","模板|圆管层流流程"
"期末六页A4速查表_v106_严格母题子题六页版.tex","1384","likely-covered","模板：平板Couette流程","模板|平板Couette流程"
"期末六页A4速查表_v106_严格母题子题六页版.tex","1386","likely-covered","模板：两层流流程","模板|两层流流程"
"期末六页A4速查表_v106_严格母题子题六页版.tex","1388","likely-covered","模板：势流叠加流程","模板|势流叠加流程"
"期末六页A4速查表_v106_严格母题子题六页版.tex","1390","likely-covered","模板：圆柱有环量流程","模板|圆柱有环量流程"
"期末六页A4速查表_v106_严格母题子题六页版.tex","1392","likely-covered","模板：Laval喷管流程","模板|Laval喷管流程"
"期末六页A4速查表_v106_严格母题子题六页版.tex","1394","likely-covered","模板：正激波流程","模板|正激波流程"
"期末六页A4速查表_v106_严格母题子题六页版.tex","1396","likely-covered","模板：斜激波流程","模板|斜激波流程"
"期末六页A4速查表_v106_严格母题子题六页版.tex","1398","likely-covered","模板：膨胀波流程","模板|膨胀波流程"
"期末六页A4速查表_v106_严格母题子题六页版.tex","1400","likely-covered","模板：Blasius平板边界层","模板|Blasius平板边界层"
"期末六页A4速查表_v106_严格母题子题六页版.tex","1402","likely-covered","模板：动量积分边界层","模板|动量积分边界层"
"期末六页A4速查表_v106_严格母题子题六页版.tex","1404","likely-covered","模板：Stokes小球流程","模板|Stokes小球流程"
"期末六页A4速查表_v106_严格母题子题六页版.tex","1407","likely-covered","过程分骨架：算不完也能写","过程分骨架|算不完也能写"
"期末六页A4速查表_v106_严格母题子题六页版.tex","1408","likely-covered","压强题骨架","压强题骨架"
"期末六页A4速查表_v106_严格母题子题六页版.tex","1410","likely-covered","速度场题骨架","速度场题骨架"
"期末六页A4速查表_v106_严格母题子题六页版.tex","1412","likely-covered","管路题骨架","管路题骨架"
"期末六页A4速查表_v106_严格母题子题六页版.tex","1414","likely-covered","喷管题骨架","喷管题骨架"
"期末六页A4速查表_v106_严格母题子题六页版.tex","1416","likely-covered","激波题骨架","激波题骨架"
"期末六页A4速查表_v106_严格母题子题六页版.tex","1418","likely-covered","边界层题骨架","边界层题骨架"
"期末六页A4速查表_v106_严格母题子题六页版.tex","1420","likely-covered","粘性解析题骨架","粘性解析题骨架"
"期末六页A4速查表_v106_严格母题子题六页版.tex","1422","likely-covered","概念题骨架","概念题骨架"
"期末六页A4速查表_v106_严格母题子题六页版.tex","1424","likely-covered","证明题骨架","证明题骨架"
"期末六页A4速查表_v106_严格母题子题六页版.tex","1426","likely-covered","单位题骨架","单位题骨架"
"期末六页A4速查表_v106_严格母题子题六页版.tex","1429","likely-covered","高频模型一行公式链","高频模型一行公式链"
"期末六页A4速查表_v106_严格母题子题六页版.tex","1430","likely-covered","静水矩形窗","静水矩形窗"
"期末六页A4速查表_v106_严格母题子题六页版.tex","1432","likely-covered","静水圆形舱门","静水圆形舱门"
"期末六页A4速查表_v106_严格母题子题六页版.tex","1434","likely-covered","浮力/吃水","浮力|吃水"
"期末六页A4速查表_v106_严格母题子题六页版.tex","1436","likely-covered","非恒定小孔出流","非恒定小孔出流"
"期末六页A4速查表_v106_严格母题子题六页版.tex","1438","likely-covered","皮托/静压管测速","皮托|静压管测速"
"期末六页A4速查表_v106_严格母题子题六页版.tex","1440","likely-covered","文丘里不可压流量","文丘里不可压流量"
"期末六页A4速查表_v106_严格母题子题六页版.tex","1442","likely-covered","喷嘴反力","喷嘴反力"
"期末六页A4速查表_v106_严格母题子题六页版.tex","1444","likely-covered","喷嘴法兰/螺栓","喷嘴法兰|螺栓"
"期末六页A4速查表_v106_严格母题子题六页版.tex","1446","likely-covered","平板拖曳阻力","平板拖曳阻力"
"期末六页A4速查表_v106_严格母题子题六页版.tex","1448","likely-covered","小球低Re阻力","小球低Re阻力"
"期末六页A4速查表_v106_严格母题子题六页版.tex","1450","likely-covered","小球二次阻力终速","小球二次阻力终速"
"期末六页A4速查表_v106_严格母题子题六页版.tex","1452","likely-covered","圆管层流流量","圆管层流流量"
"期末六页A4速查表_v106_严格母题子题六页版.tex","1454","likely-covered","管内平均/最大速度","管内平均|最大速度"
"期末六页A4速查表_v106_严格母题子题六页版.tex","1456","likely-covered","局部突扩","局部突扩"
"期末六页A4速查表_v106_严格母题子题六页版.tex","1458","likely-covered","泵效率/轴功率","泵效率|轴功率"
"期末六页A4速查表_v106_严格母题子题六页版.tex","1460","likely-covered","水轮机效率/输出","水轮机效率|输出"
"期末六页A4速查表_v106_严格母题子题六页版.tex","1462","likely-covered","自由涡压差","自由涡压差"
"期末六页A4速查表_v106_严格母题子题六页版.tex","1464","likely-covered","强迫涡压差","强迫涡压差"
"期末六页A4速查表_v106_严格母题子题六页版.tex","1468","likely-covered","滞止温度","滞止温度"
"期末六页A4速查表_v106_严格母题子题六页版.tex","1470","likely-covered","收缩管最大流量","收缩管最大流量"
"期末六页A4速查表_v106_严格母题子题六页版.tex","1472","likely-covered","正激波后速度链","正激波后速度链"
"期末六页A4速查表_v106_严格母题子题六页版.tex","1474","likely-covered","PM膨胀压力比","PM膨胀压力比"
"期末六页A4速查表_v106_严格母题子题六页版.tex","1476","likely-covered","斜激波波角检查","斜激波波角检查"
"期末六页A4速查表_v106_严格母题子题六页版.tex","1478","likely-covered","边界层位移厚度","边界层位移厚度"
"期末六页A4速查表_v106_严格母题子题六页版.tex","1480","likely-covered","边界层动量厚度","边界层动量厚度"
"期末六页A4速查表_v106_严格母题子题六页版.tex","1482","likely-covered","壁面剪应力","壁面剪应力"
"期末六页A4速查表_v106_严格母题子题六页版.tex","1484","likely-covered","两板间流量","两板间流量"
"期末六页A4速查表_v106_严格母题子题六页版.tex","1486","likely-covered","薄板两侧油膜剪力","薄板两侧油膜剪力"
"期末六页A4速查表_v106_严格母题子题六页版.tex","1488","likely-covered","活塞/环隙油膜","活塞|环隙油膜"
"期末六页A4速查表_v106_严格母题子题六页版.tex","1490","likely-covered","两层流体剪力","两层流体剪力"
"期末六页A4速查表_v106_严格母题子题六页版.tex","1492","likely-covered","气球受风偏角","气球受风偏角"
"期末六页A4速查表_v106_严格母题子题六页版.tex","1494","likely-covered","雷诺应力符号","雷诺应力符号"
"期末六页A4速查表_v106_严格母题子题六页版.tex","1496","likely-covered","模型律","模型律"
"期末六页A4速查表_v106_严格母题子题六页版.tex","1498","likely-covered","模型力/压强换算","模型力|压强换算"
"期末六页A4速查表_v106_严格母题子题六页版.tex","1500","likely-covered","答案末尾检查","答案末尾检查"
"期末六页A4速查表_v106_严格母题子题六页版.tex","1503","likely-covered","第六页补全：专题判断与查表子链","第六页补全|专题判断与查表子链"
"期末六页A4速查表_v106_严格母题子题六页版.tex","1504","likely-covered","喷管查表子链1","喷管查表子链1"
"期末六页A4速查表_v106_严格母题子题六页版.tex","1506","likely-covered","喷管查表子链2","喷管查表子链2"
"期末六页A4速查表_v106_严格母题子题六页版.tex","1508","likely-covered","激波查表子链","激波查表子链"
"期末六页A4速查表_v106_严格母题子题六页版.tex","1510","likely-covered","斜激波查表子链","斜激波查表子链"
"期末六页A4速查表_v106_严格母题子题六页版.tex","1512","likely-covered","PM查表子链","PM查表子链"
"期末六页A4速查表_v106_严格母题子题六页版.tex","1514","likely-covered","Moody查图子链","Moody查图子链"
"期末六页A4速查表_v106_严格母题子题六页版.tex","1516","likely-covered","阻力图查图子链","阻力图查图子链"
"期末六页A4速查表_v106_严格母题子题六页版.tex","1518","likely-covered","物性表查表子链","物性表查表子链"
"期末六页A4速查表_v106_严格母题子题六页版.tex","1520","likely-covered","惯性矩查表子链","惯性矩查表子链"
"期末六页A4速查表_v106_严格母题子题六页版.tex","1522","likely-covered","三角函数角度","三角函数角度"
"期末六页A4速查表_v106_严格母题子题六页版.tex","1525","likely-covered","题目图像再识别","题目图像再识别"
"期末六页A4速查表_v106_严格母题子题六页版.tex","1527","likely-covered","图像：有大水面+管道+泵","图像|有大水面+管道+泵"
"期末六页A4速查表_v106_严格母题子题六页版.tex","1529","likely-covered","图像：管道变径","图像|管道变径"
"期末六页A4速查表_v106_严格母题子题六页版.tex","1531","likely-covered","图像：管道弯头","图像|管道弯头"
"期末六页A4速查表_v106_严格母题子题六页版.tex","1533","likely-covered","图像：喷口射流","图像|喷口射流"
"期末六页A4速查表_v106_严格母题子题六页版.tex","1535","likely-covered","图像：Laval喷管压力曲线","图像|Laval喷管压力曲线"
"期末六页A4速查表_v106_严格母题子题六页版.tex","1537","likely-covered","图像：楔形物体","图像|楔形物体"
"期末六页A4速查表_v106_严格母题子题六页版.tex","1539","likely-covered","图像：凹角/凸角","图像|凹角|凸角"
"期末六页A4速查表_v106_严格母题子题六页版.tex","1541","likely-covered","图像：平板外流","图像|平板外流"
"期末六页A4速查表_v106_严格母题子题六页版.tex","1543","likely-covered","图像：圆柱/球外绕","图像|圆柱|球外绕"
"期末六页A4速查表_v106_严格母题子题六页版.tex","1545","likely-covered","图像：两平板夹流体","图像|两平板夹流体"
"期末六页A4速查表_v106_严格母题子题六页版.tex","1547","likely-covered","图像：同心圆管/环隙","图像|同心圆管|环隙"
"期末六页A4速查表_v106_严格母题子题六页版.tex","1549","likely-covered","图像：旋转容器","图像|旋转容器"
"期末六页A4速查表_v106_严格母题子题六页版.tex","1551","likely-covered","图像：自由涡水面","图像|自由涡水面"
"期末六页A4速查表_v106_严格母题子题六页版.tex","1553","likely-covered","图像：U形管振荡","图像|U形管振荡"
"期末六页A4速查表_v106_严格母题子题六页版.tex","1556","likely-covered","新卷通用定位矩阵：关键词 模型","新卷通用定位矩阵|关键词|模型"
"期末六页A4速查表_v106_严格母题子题六页版.tex","1557","likely-covered","第一眼先判“物质模型”","第一眼先判“物质模型”"
"期末六页A4速查表_v106_严格母题子题六页版.tex","1559","likely-covered","题目问“求什么”","题目问“求什么”"
"期末六页A4速查表_v106_严格母题子题六页版.tex","1561","likely-covered","题干给速度场","题干给速度场"
"期末六页A4速查表_v106_严格母题子题六页版.tex","1563","likely-covered","题干给容器、液面、压差计、闸门","题干给容器|液面|压差计|闸门"
"期末六页A4速查表_v106_严格母题子题六页版.tex","1565","likely-covered","题干给管路、泵、阀、弯头、粗糙度","题干给管路|弯头|粗糙度"
"期末六页A4速查表_v106_严格母题子题六页版.tex","1567","likely-covered","题干给喷嘴、射流、弯管受力","题干给喷嘴|射流|弯管受力"
"期末六页A4速查表_v106_严格母题子题六页版.tex","1569","likely-covered","题干给 、源汇、圆柱、壁面","题干给|源汇|圆柱|壁面"
"期末六页A4速查表_v106_严格母题子题六页版.tex","1571","likely-covered","题干给","题干给"
"期末六页A4速查表_v106_严格母题子题六页版.tex","1573","likely-covered","题干给 或外绕物","题干给|或外绕物"
"期末六页A4速查表_v106_严格母题子题六页版.tex","1575","likely-covered","题干给模型、相似、无量纲","题干给模型|相似|无量纲"
"期末六页A4速查表_v106_严格母题子题六页版.tex","1578","likely-covered","新卷薄弱题通用补丁","新卷薄弱题通用补丁"
"期末六页A4速查表_v106_严格母题子题六页版.tex","1579","likely-covered","运动学长题","运动学长题"
"期末六页A4速查表_v106_严格母题子题六页版.tex","1581","likely-covered","连续/流函数/势函数证明","连续|流函数|势函数证明"
"期末六页A4速查表_v106_严格母题子题六页版.tex","1583","likely-covered","相似律换算","相似律换算"
"期末六页A4速查表_v106_严格母题子题六页版.tex","1585","likely-covered","Buckingham易错","Buckingham易错"
"期末六页A4速查表_v106_严格母题子题六页版.tex","1587","likely-covered","边界层积分长题","边界层积分长题"
"期末六页A4速查表_v106_严格母题子题六页版.tex","1589","likely-covered","有压梯度/分离","有压梯度|分离"
"期末六页A4速查表_v106_严格母题子题六页版.tex","1591","likely-covered","可压查表小表","可压查表小表"
"期末六页A4速查表_v106_严格母题子题六页版.tex","1593","likely-covered","外绕流阻力图","外绕流阻力图"
"期末六页A4速查表_v106_严格母题子题六页版.tex","1595","likely-covered","概念长答加分","概念长答加分"
"期末六页A4速查表_v106_严格母题子题六页版.tex","1598","likely-covered","带教材查表/模型定位：补过程分","带教材查表|模型定位|补过程分"
"期末六页A4速查表_v106_严格母题子题六页版.tex","1599","likely-covered","查教材表三行格式","查教材表三行格式"
"期末六页A4速查表_v106_严格母题子题六页版.tex","1601","likely-covered","模型冲突先判","模型冲突先判"
"期末六页A4速查表_v106_严格母题子题六页版.tex","1603","likely-covered","可压缩题查表入口","可压缩题查表入口"
"期末六页A4速查表_v106_严格母题子题六页版.tex","1612","likely-covered","粘性/阻力查表入口","粘性|阻力查表入口"
"期末六页A4速查表_v106_严格母题子题六页版.tex","1621","likely-covered","题干图像/文字不全时","题干图像|文字不全时"
"期末六页A4速查表_v106_严格母题子题六页版.tex","1623","likely-covered","平板层流/矩形板摩擦型","平板层流|矩形板摩擦型"
"期末六页A4速查表_v106_严格母题子题六页版.tex","1625","likely-covered","Laval管外膨胀/内激波/多波型","Laval管外膨胀|内激波|多波型"
"期末六页A4速查表_v106_严格母题子题六页版.tex","1627","likely-covered","复杂题考场流程","复杂题考场流程"
"期末六页A4速查表_v106_严格母题子题六页版.tex","1630","likely-covered","数值替换模板","数值替换模板"
"期末六页A4速查表_v106_严格母题子题六页版.tex","1631","likely-covered","模板：先写符号后代数","模板|先写符号后代数"
"期末六页A4速查表_v106_严格母题子题六页版.tex","1633","likely-covered","模板：面积换算","模板|面积换算"
"期末六页A4速查表_v106_严格母题子题六页版.tex","1635","likely-covered","模板：速度换算","模板|速度换算"
"期末六页A4速查表_v106_严格母题子题六页版.tex","1637","likely-covered","模板：压强水头","模板|压强水头"
"期末六页A4速查表_v106_严格母题子题六页版.tex","1639","likely-covered","模板：雷诺数","模板|雷诺数"
"期末六页A4速查表_v106_严格母题子题六页版.tex","1641","likely-covered","模板：损失水头","模板|损失水头"
"期末六页A4速查表_v106_严格母题子题六页版.tex","1643","likely-covered","模板：功率","模板|功率"
"期末六页A4速查表_v106_严格母题子题六页版.tex","1645","likely-covered","模板：风管/风扇","模板|风管|风扇"
"期末六页A4速查表_v106_严格母题子题六页版.tex","1647","likely-covered","模板：真空度/负表压","模板|真空度|负表压"
"期末六页A4速查表_v106_严格母题子题六页版.tex","1649","likely-covered","模板：等熵压比","模板|等熵压比"
"期末六页A4速查表_v106_严格母题子题六页版.tex","1651","likely-covered","模板：质量流量","模板|质量流量"
"期末六页A4速查表_v106_严格母题子题六页版.tex","1653","likely-covered","模板：压力中心","模板|压力中心"
"期末六页A4速查表_v106_严格母题子题六页版.tex","1655","likely-covered","模板：Stokes","模板|Stokes"
"期末六页A4速查表_v106_严格母题子题六页版.tex","1657","likely-covered","长推导/概念证明保分骨架","长推导|概念证明保分骨架"
"期末六页A4速查表_v106_严格母题子题六页版.tex","1658","likely-covered","证明题关键词卡","证明题关键词卡"
"期末六页A4速查表_v106_严格母题子题六页版.tex","1660","likely-covered","流函数存在与物理意义","流函数存在与物理意义"
"期末六页A4速查表_v106_严格母题子题六页版.tex","1662","likely-covered","速度势与单值性","速度势与单值性"
"期末六页A4速查表_v106_严格母题子题六页版.tex","1664","likely-covered","Kelvin定理推出Lagrange定理","Kelvin定理推出Lagrange定理"
"期末六页A4速查表_v106_严格母题子题六页版.tex","1666","likely-covered","涡线、涡管、涡通量","涡线|涡管|涡通量"
"期末六页A4速查表_v106_严格母题子题六页版.tex","1668","likely-covered","Helmholtz涡定理答句","Helmholtz涡定理答句"
"期末六页A4速查表_v106_严格母题子题六页版.tex","1670","likely-covered","涡量矩/随体守恒题","涡量矩|随体守恒题"
"期末六页A4速查表_v106_严格母题子题六页版.tex","1672","likely-covered","相似律严格答法","相似律严格答法"
"期末六页A4速查表_v106_严格母题子题六页版.tex","1674","likely-covered","Buckingham 写法","Buckingham|写法"
"期末六页A4速查表_v106_严格母题子题六页版.tex","1676","likely-covered","边界层积分推导入口","边界层积分推导入口"
"期末六页A4速查表_v106_严格母题子题六页版.tex","1678","likely-covered","水击/水波最小保分","水击|水波最小保分"
"期末六页A4速查表_v106_严格母题子题六页版.tex","1680","likely-covered","坐标、单位、负号","坐标|单位|负号"
"期末六页A4速查表_v106_严格母题子题六页版.tex","1683","likely-covered","题图决策卡","题图决策卡"
"期末六页A4速查表_v106_严格母题子题六页版.tex","1684","likely-covered","图里有“自由液面”","图里有“自由液面”"
"期末六页A4速查表_v106_严格母题子题六页版.tex","1686","likely-covered","图里有“压力表”","图里有“压力表”"
"期末六页A4速查表_v106_严格母题子题六页版.tex","1688","likely-covered","图里有“U形压差计”","图里有“U形压差计”"
"期末六页A4速查表_v106_严格母题子题六页版.tex","1690","likely-covered","图里有“铰链+拉杆”","图里有“铰链+拉杆”"
"期末六页A4速查表_v106_严格母题子题六页版.tex","1692","likely-covered","图里有“弯头/喷嘴出口”","图里有“弯头|喷嘴出口”"
"期末六页A4速查表_v106_严格母题子题六页版.tex","1694","likely-covered","图里有“泵在吸水侧”","图里有“泵在吸水侧”"
"期末六页A4速查表_v106_严格母题子题六页版.tex","1696","likely-covered","图里有“水轮机”","图里有“水轮机”"
"期末六页A4速查表_v106_严格母题子题六页版.tex","1698","likely-covered","图里有“突然扩大/缩小”","图里有“突然扩大|缩小”"
"期末六页A4速查表_v106_严格母题子题六页版.tex","1700","likely-covered","图里有“圆管层流”","图里有“圆管层流”"
"期末六页A4速查表_v106_严格母题子题六页版.tex","1702","likely-covered","图里有“平板零攻角”","图里有“平板零攻角”"
"期末六页A4速查表_v106_严格母题子题六页版.tex","1704","likely-covered","图里有“圆柱/球绕流”","图里有“圆柱|球绕流”"
"期末六页A4速查表_v106_严格母题子题六页版.tex","1706","likely-covered","图里有“喉部”","图里有“喉部”"
"期末六页A4速查表_v106_严格母题子题六页版.tex","1708","likely-covered","图里有“背压 ”","图里有“背压"
"期末六页A4速查表_v106_严格母题子题六页版.tex","1710","likely-covered","图里有“正激波”","图里有“正激波”"
"期末六页A4速查表_v106_严格母题子题六页版.tex","1712","likely-covered","图里有“斜面压缩角”","图里有“斜面压缩角”"
"期末六页A4速查表_v106_严格母题子题六页版.tex","1714","likely-covered","图里有“凸角膨胀”","图里有“凸角膨胀”"
"期末六页A4速查表_v106_严格母题子题六页版.tex","1717","likely-covered","题图常见误判","题图常见误判"
"期末六页A4速查表_v106_严格母题子题六页版.tex","1718","likely-covered","喷管出口线","喷管出口线"
"期末六页A4速查表_v106_严格母题子题六页版.tex","1720","likely-covered","喉部面积","喉部面积"
"期末六页A4速查表_v106_严格母题子题六页版.tex","1722","likely-covered","平均速度","平均速度"
"期末六页A4速查表_v106_严格母题子题六页版.tex","1724","likely-covered","表压零点","表压零点"
"期末六页A4速查表_v106_严格母题子题六页版.tex","1726","likely-covered","方向符号","方向符号"
"期末六页A4速查表_v106_严格母题子题六页版.tex","1728","likely-covered","摩擦面积","摩擦面积"
"期末六页A4速查表_v106_严格母题子题六页版.tex","1730","likely-covered","局部损失速度","局部损失速度"
"期末六页A4速查表_v106_严格母题子题六页版.tex","1732","likely-covered","激波查表","激波查表"
"期末六页A4速查表_v106_严格母题子题六页版.tex","1734","likely-covered","应力题","应力题"
"期末六页A4速查表_v106_严格母题子题六页版.tex","1737","likely-covered","概念短答库：照三句写","概念短答库|照三句写"
"期末六页A4速查表_v106_严格母题子题六页版.tex","1738","likely-covered","简答题首句索引","简答题首句索引"
"期末六页A4速查表_v106_严格母题子题六页版.tex","1740","likely-covered","连续介质","连续介质"
"期末六页A4速查表_v106_严格母题子题六页版.tex","1742","likely-covered","欧拉/拉格朗日","欧拉|拉格朗日"
"期末六页A4速查表_v106_严格母题子题六页版.tex","1744","likely-covered","控制体/系统/质量动量能量守恒","控制体|系统|质量动量能量守恒"
"期末六页A4速查表_v106_严格母题子题六页版.tex","1747","likely-covered","当地/迁移/随体导数","当地|迁移|随体导数"
"期末六页A4速查表_v106_严格母题子题六页版.tex","1749","likely-covered","层流/湍流/渐变流","层流|湍流|渐变流"
"期末六页A4速查表_v106_严格母题子题六页版.tex","1751","likely-covered","Re/Fr冲突/水波/水击","Re|Fr冲突|水波|水击"
"期末六页A4速查表_v106_严格母题子题六页版.tex","1753","likely-covered","孔板/自由射流","孔板|自由射流"
"期末六页A4速查表_v106_严格母题子题六页版.tex","1755","likely-covered","阻力危机/减阻","阻力危机|减阻"
"期末六页A4速查表_v106_严格母题子题六页版.tex","1757","likely-covered","势函数/流函数/阻塞/激波","势函数|流函数|阻塞|激波"
"期末六页A4速查表_v106_严格母题子题六页版.tex","1760","likely-covered","边界层特点/积分题/指数律","边界层特点|积分题|指数律"
"期末六页A4速查表_v106_严格母题子题六页版.tex","1761","likely-covered","三个厚度","三个厚度"
"期末六页A4速查表_v106_严格母题子题六页版.tex","1767","likely-covered","常见速度剖面结果/1/n指数律","常见速度剖面结果|n指数律"
"期末六页A4速查表_v106_严格母题子题六页版.tex","1774","likely-covered","Karman--Pohlhausen配边界","Karman--Pohlhausen配边界"
"期末六页A4速查表_v106_严格母题子题六页版.tex","1776","likely-covered","平板阻力","平板阻力"
"期末六页A4速查表_v106_严格母题子题六页版.tex","1778","likely-covered","分离判断","分离判断"
"期末六页A4速查表_v106_严格母题子题六页版.tex","1781","likely-covered","量纲相似+推导骨架","量纲相似+推导骨架"
"期末六页A4速查表_v106_严格母题子题六页版.tex","1782","likely-covered","量纲齐次/Rayleigh写法","量纲齐次|Rayleigh写法"
"期末六页A4速查表_v106_严格母题子题六页版.tex","1784","likely-covered","Buckingham /相似准则流程","Buckingham|相似准则流程"
"期末六页A4速查表_v106_严格母题子题六页版.tex","1795","likely-covered","一维N--S/H--P骨架","一维N--S|H--P骨架"
"期末六页A4速查表_v106_严格母题子题六页版.tex","1799","likely-covered","边界条件翻译表","边界条件翻译表"
"期末六页A4速查表_v106_严格母题子题六页版.tex","1802","likely-covered","高频计算/查表/控制体收口","高频计算|查表|控制体收口"
"期末六页A4速查表_v106_严格母题子题六页版.tex","1811","likely-covered","新题反向定位/收口","新题反向定位|收口"
"期末六页A4速查表_v106_严格母题子题六页版.tex","1817","likely-covered","高频易错硬判","高频易错硬判"
"期末六页A4速查表_v106_严格母题子题六页版.tex","1822","likely-covered","公式禁用快判","公式禁用快判"
"期末六页A4速查表_v108_母题层级强化版.tex","136","likely-covered","母题1 管路/静水/CV/基础读题：题干词到模型到公式链","母题1|管路|静水|CV"
"期末六页A4速查表_v108_母题层级强化版.tex","139","likely-covered","两油箱/水池--变径管PVZ主例","两油箱|水池--变径管PVZ主例"
"期末六页A4速查表_v108_母题层级强化版.tex","141","likely-covered","两油箱变径管15分真题：两问标准套写","两油箱变径管15分真题|两问标准套写"
"期末六页A4速查表_v108_母题层级强化版.tex","143","likely-covered","新卷读题定位法","新卷读题定位法"
"期末六页A4速查表_v108_母题层级强化版.tex","148","likely-covered","题干关键词定位","题干关键词定位"
"期末六页A4速查表_v108_母题层级强化版.tex","161","likely-covered","常数与基本量","常数与基本量"
"期末六页A4速查表_v108_母题层级强化版.tex","166","likely-covered","连续性","连续性"
"期末六页A4速查表_v108_母题层级强化版.tex","169","likely-covered","控制体动量/动量守恒模板","控制体动量|动量守恒模板"
"期末六页A4速查表_v108_母题层级强化版.tex","180","likely-covered","伯努利/机械能","伯努利|机械能"
"期末六页A4速查表_v108_母题层级强化版.tex","186","likely-covered","静水压常见题流程","静水压常见题流程"
"期末六页A4速查表_v108_母题层级强化版.tex","190","likely-covered","要求量 首写/公式链 检查点","要求量|首写|公式链|检查点"
"期末六页A4速查表_v108_母题层级强化版.tex","198","likely-covered","建模第一句话","建模第一句话"
"期末六页A4速查表_v108_母题层级强化版.tex","201","likely-covered","模型首句模板","模型首句模板"
"期末六页A4速查表_v108_母题层级强化版.tex","203","likely-covered","速度场题","速度场题"
"期末六页A4速查表_v108_母题层级强化版.tex","205","likely-covered","运动描述名词","运动描述名词"
"期末六页A4速查表_v108_母题层级强化版.tex","207","likely-covered","旋度/应变/应力","旋度|应变|应力"
"期末六页A4速查表_v108_母题层级强化版.tex","209","likely-covered","静水压补充模板","静水压补充模板"
"期末六页A4速查表_v108_母题层级强化版.tex","211","likely-covered","量纲分析模板","量纲分析模板"
"期末六页A4速查表_v108_母题层级强化版.tex","213","likely-covered","控制体受力图检查","控制体受力图检查"
"期末六页A4速查表_v108_母题层级强化版.tex","215","likely-covered","应力张量题","应力张量题"
"期末六页A4速查表_v108_母题层级强化版.tex","217","likely-covered","圆柱切平面M点应力","圆柱切平面M点应力"
"期末六页A4速查表_v108_母题层级强化版.tex","220","likely-covered","平面受压常用惯性矩","平面受压常用惯性矩"
"期末六页A4速查表_v108_母题层级强化版.tex","222","likely-covered","小孔/水箱出流","小孔|水箱出流"
"期末六页A4速查表_v108_母题层级强化版.tex","224","likely-covered","U管振荡","U管振荡"
"期末六页A4速查表_v108_母题层级强化版.tex","228","likely-covered","静力学、运动学、张量模型速解","静力学|运动学|张量模型速解"
"期末六页A4速查表_v108_母题层级强化版.tex","229","likely-covered","压强单位换算","压强单位换算"
"期末六页A4速查表_v108_母题层级强化版.tex","231","likely-covered","平面闸门答题骨架","平面闸门答题骨架"
"期末六页A4速查表_v108_母题层级强化版.tex","233","likely-covered","曲面闸门答题骨架","曲面闸门答题骨架"
"期末六页A4速查表_v108_母题层级强化版.tex","235","likely-covered","相对平衡","相对平衡"
"期末六页A4速查表_v108_母题层级强化版.tex","237","likely-covered","浮力和稳定","浮力和稳定"
"期末六页A4速查表_v108_母题层级强化版.tex","239","likely-covered","迹线/流线/脉线","迹线|流线|脉线"
"期末六页A4速查表_v108_母题层级强化版.tex","241","likely-covered","加速度题模板","加速度题模板"
"期末六页A4速查表_v108_母题层级强化版.tex","243","likely-covered","应力张量标准解","应力张量标准解"
"期末六页A4速查表_v108_母题层级强化版.tex","245","likely-covered","应力对称原因","应力对称原因"
"期末六页A4速查表_v108_母题层级强化版.tex","247","likely-covered","流体微团运动分解","流体微团运动分解"
"期末六页A4速查表_v108_母题层级强化版.tex","249","likely-covered","维数分析常用组合","维数分析常用组合"
"期末六页A4速查表_v108_母题层级强化版.tex","251","likely-covered","伯努利、动量、能量方程模型速解","伯努利|动量|能量方程模型速解"
"期末六页A4速查表_v108_母题层级强化版.tex","252","likely-covered","伯努利适用性","伯努利适用性"
"期末六页A4速查表_v108_母题层级强化版.tex","254","likely-covered","皮托管/文丘里/孔板","皮托管|文丘里|孔板"
"期末六页A4速查表_v108_母题层级强化版.tex","256","likely-covered","虹吸管","虹吸管"
"期末六页A4速查表_v108_母题层级强化版.tex","258","likely-covered","弯管受力","弯管受力"
"期末六页A4速查表_v108_母题层级强化版.tex","260","likely-covered","射流冲击平板","射流冲击平板"
"期末六页A4速查表_v108_母题层级强化版.tex","262","likely-covered","喷嘴/消防水枪反力","喷嘴|消防水枪反力"
"期末六页A4速查表_v108_母题层级强化版.tex","264","likely-covered","水轮机/泵符号","水轮机|泵符号"
"期末六页A4速查表_v108_母题层级强化版.tex","266","likely-covered","大水池到大水池","大水池到大水池"
"期末六页A4速查表_v108_母题层级强化版.tex","268","likely-covered","压力表截面","压力表截面"
"期末六页A4速查表_v108_母题层级强化版.tex","270","likely-covered","管路损失综合题","管路损失综合题"
"期末六页A4速查表_v108_母题层级强化版.tex","272","likely-covered","粗糙度使用","粗糙度使用"
"期末六页A4速查表_v108_母题层级强化版.tex","274","likely-covered","泵安装高度","泵安装高度"
"期末六页A4速查表_v108_母题层级强化版.tex","276","likely-covered","水轮机功率","水轮机功率"
"期末六页A4速查表_v108_母题层级强化版.tex","278","likely-covered","通用题干关键词套写索引","通用题干关键词套写索引"
"期末六页A4速查表_v108_母题层级强化版.tex","279","likely-covered","静水压/伯努利/动量","静水压|伯努利|动量"
"期末六页A4速查表_v108_母题层级强化版.tex","281","likely-covered","表值未算出时","表值未算出时"
"期末六页A4速查表_v108_母题层级强化版.tex","283","likely-covered","标准卷面模板","标准卷面模板"
"期末六页A4速查表_v108_母题层级强化版.tex","285","likely-covered","通用数值题公式链骨架","通用数值题公式链骨架"
"期末六页A4速查表_v108_母题层级强化版.tex","286","likely-covered","泵吸水安装高度/汽蚀","泵吸水安装高度|汽蚀"
"期末六页A4速查表_v108_母题层级强化版.tex","288","likely-covered","水轮机/泵管路功率","水轮机|泵管路功率"
"期末六页A4速查表_v108_母题层级强化版.tex","290","likely-covered","应力张量指定平面","应力张量指定平面"
"期末六页A4速查表_v108_母题层级强化版.tex","292","likely-covered","教材可查表项目和速查表衔接","教材可查表项目和速查表衔接"
"期末六页A4速查表_v108_母题层级强化版.tex","293","likely-covered","Moody图怎么用","Moody图怎么用"
"期末六页A4速查表_v108_母题层级强化版.tex","295","likely-covered","高风险易混概念对照","高风险易混概念对照"
"期末六页A4速查表_v108_母题层级强化版.tex","298","likely-covered","平均速度/最大速度/摩擦速度","平均速度|最大速度|摩擦速度"
"期末六页A4速查表_v108_母题层级强化版.tex","300","likely-covered","表面积/迎风面积/截面积","表面积|迎风面积|截面积"
"期末六页A4速查表_v108_母题层级强化版.tex","302","likely-covered","局部损失/沿程损失","局部损失|沿程损失"
"期末六页A4速查表_v108_母题层级强化版.tex","304","likely-covered","绝压/表压","绝压|表压"
"期末六页A4速查表_v108_母题层级强化版.tex","306","likely-covered","按题干关键词选公式","按题干关键词选公式"
"期末六页A4速查表_v108_母题层级强化版.tex","307","likely-covered","“定常一维绝热”","“定常一维绝热”"
"期末六页A4速查表_v108_母题层级强化版.tex","309","likely-covered","“平均时均速度”","“平均时均速度”"
"期末六页A4速查表_v108_母题层级强化版.tex","311","likely-covered","“完全发展”","“完全发展”"
"期末六页A4速查表_v108_母题层级强化版.tex","313","likely-covered","“逆压梯度”","“逆压梯度”"
"期末六页A4速查表_v108_母题层级强化版.tex","315","likely-covered","“压力中心/形心”","“压力中心|形心”"
"期末六页A4速查表_v108_母题层级强化版.tex","317","likely-covered","计算细节防错","计算细节防错"
"期末六页A4速查表_v108_母题层级强化版.tex","318","likely-covered","单位统一","单位统一"
"期末六页A4速查表_v108_母题层级强化版.tex","320","likely-covered","截面积","截面积"
"期末六页A4速查表_v108_母题层级强化版.tex","322","likely-covered","水头与压力","水头与压力"
"期末六页A4速查表_v108_母题层级强化版.tex","324","likely-covered","查表/异常回退","查表|异常回退"
"期末六页A4速查表_v108_母题层级强化版.tex","326","likely-covered","方向检查","方向检查"
"期末六页A4速查表_v108_母题层级强化版.tex","328","likely-covered","结果合理性","结果合理性"
"期末六页A4速查表_v108_母题层级强化版.tex","330","likely-covered","可直接写的结论句","可直接写的结论句"
"期末六页A4速查表_v108_母题层级强化版.tex","331","likely-covered","湍流句","湍流句"
"期末六页A4速查表_v108_母题层级强化版.tex","333","likely-covered","题图识别+查表+公式链","题图识别+查表+公式链"
"期末六页A4速查表_v108_母题层级强化版.tex","334","likely-covered","题图一眼选模型","题图一眼选模型"
"期末六页A4速查表_v108_母题层级强化版.tex","347","likely-covered","公式链：已知-中间量-目标量","公式链|已知-中间量-目标量"
"期末六页A4速查表_v108_母题层级强化版.tex","349","likely-covered","按图像补充的模型第一步","按图像补充的模型第一步"
"期末六页A4速查表_v108_母题层级强化版.tex","350","likely-covered","玻璃弯管放水","玻璃弯管放水"
"期末六页A4速查表_v108_母题层级强化版.tex","352","likely-covered","雷诺输运定理题","雷诺输运定理题"
"期末六页A4速查表_v108_母题层级强化版.tex","354","likely-covered","动力学/应力题干模型压缩","动力学|应力题干模型压缩"
"期末六页A4速查表_v108_母题层级强化版.tex","355","likely-covered","应力张量+指定平面","应力张量+指定平面"
"期末六页A4速查表_v108_母题层级强化版.tex","357","likely-covered","给应力分布求平面上一点","给应力分布求平面上一点"
"期末六页A4速查表_v108_母题层级强化版.tex","359","likely-covered","由 求体力","求体力"
"期末六页A4速查表_v108_母题层级强化版.tex","361","likely-covered","正交曲线坐标散度","正交曲线坐标散度"
"期末六页A4速查表_v108_母题层级强化版.tex","363","likely-covered","弯玻璃管放水","弯玻璃管放水"
"期末六页A4速查表_v108_母题层级强化版.tex","365","likely-covered","速度场","速度场"
"期末六页A4速查表_v108_母题层级强化版.tex","369","likely-covered","均匀流绕长钝体上坡","均匀流绕长钝体上坡"
"期末六页A4速查表_v108_母题层级强化版.tex","371","likely-covered","风洞/多波相交题","风洞|多波相交题"
"期末六页A4速查表_v108_母题层级强化版.tex","373","likely-covered","Re判层/湍","Re判层"
"期末六页A4速查表_v108_母题层级强化版.tex","375","likely-covered","“证明满足连续方程”","“证明满足连续方程”"
"期末六页A4速查表_v108_母题层级强化版.tex","377","likely-covered","“判断有旋否”","“判断有旋否”"
"期末六页A4速查表_v108_母题层级强化版.tex","379","likely-covered","“写流线方程”","“写流线方程”"
"期末六页A4速查表_v108_母题层级强化版.tex","381","likely-covered","“写迹线方程”","“写迹线方程”"
"期末六页A4速查表_v108_母题层级强化版.tex","383","likely-covered","“求流量”","“求流量”"
"期末六页A4速查表_v108_母题层级强化版.tex","385","likely-covered","“求压强分布”","“求压强分布”"
"期末六页A4速查表_v108_母题层级强化版.tex","387","likely-covered","“求功率”","“求功率”"
"期末六页A4速查表_v108_母题层级强化版.tex","389","likely-covered","“判断能不能用伯努利”","“判断能不能用伯努利”"
"期末六页A4速查表_v108_母题层级强化版.tex","391","likely-covered","静水压+铰链","静水压+铰链"
"期末六页A4速查表_v108_母题层级强化版.tex","393","likely-covered","曲面压力+浮力","曲面压力+浮力"
"期末六页A4速查表_v108_母题层级强化版.tex","395","likely-covered","U管+加速度","U管+加速度"
"期末六页A4速查表_v108_母题层级强化版.tex","397","likely-covered","速度场+应力","速度场+应力"
"期末六页A4速查表_v108_母题层级强化版.tex","399","likely-covered","伯努利+动量","伯努利+动量"
"期末六页A4速查表_v108_母题层级强化版.tex","401","likely-covered","泵+管路损失","泵+管路损失"
"期末六页A4速查表_v108_母题层级强化版.tex","403","likely-covered","水轮机+压力表","水轮机+压力表"
"期末六页A4速查表_v108_母题层级强化版.tex","405","likely-covered","流量计","流量计"
"期末六页A4速查表_v108_母题层级强化版.tex","407","likely-covered","自由涡","自由涡"
"期末六页A4速查表_v108_母题层级强化版.tex","409","likely-covered","强迫涡","强迫涡"
"期末六页A4速查表_v108_母题层级强化版.tex","411","likely-covered","管嘴出流","管嘴出流"
"期末六页A4速查表_v108_母题层级强化版.tex","413","likely-covered","多出口分流","多出口分流"
"期末六页A4速查表_v108_母题层级强化版.tex","415","likely-covered","压力恢复/扩压器","压力恢复|扩压器"
"期末六页A4速查表_v108_母题层级强化版.tex","417","likely-covered","密度/压强/温度","密度|压强|温度"
"期末六页A4速查表_v108_母题层级强化版.tex","419","likely-covered","速度/流量","速度|流量"
"期末六页A4速查表_v108_母题层级强化版.tex","423","likely-covered","沿程损失","沿程损失"
"期末六页A4速查表_v108_母题层级强化版.tex","425","likely-covered","局部损失","局部损失"
"期末六页A4速查表_v108_母题层级强化版.tex","427","likely-covered","动量通量","动量通量"
"期末六页A4速查表_v108_母题层级强化版.tex","429","likely-covered","能量修正系数","能量修正系数"
"期末六页A4速查表_v108_母题层级强化版.tex","431","likely-covered","雷诺数","雷诺数"
"期末六页A4速查表_v108_母题层级强化版.tex","433","likely-covered","符号解释表：看到符号就知道干什么","符号解释表|看到符号就知道干什么"
"期末六页A4速查表_v108_母题层级强化版.tex","448","likely-covered","流程A：给速度场","流程A|给速度场"
"期末六页A4速查表_v108_母题层级强化版.tex","450","likely-covered","流程B：给静止液体图","流程B|给静止液体图"
"期末六页A4速查表_v108_母题层级强化版.tex","452","likely-covered","流程C：给管路图","流程C|给管路图"
"期末六页A4速查表_v108_母题层级强化版.tex","454","likely-covered","错2：把0.528到处用","错2|把0.528到处用"
"期末六页A4速查表_v108_母题层级强化版.tex","456","likely-covered","错4：面积比支路选错","错4|面积比支路选错"
"期末六页A4速查表_v108_母题层级强化版.tex","458","likely-covered","错7：压力中心公式乱用","错7|压力中心公式乱用"
"期末六页A4速查表_v108_母题层级强化版.tex","460","likely-covered","错8：动量方程标量化","错8|动量方程标量化"
"期末六页A4速查表_v108_母题层级强化版.tex","462","likely-covered","错9：局部损失速度取错","错9|局部损失速度取错"
"期末六页A4速查表_v108_母题层级强化版.tex","464","likely-covered","错10：表压绝压混用","错10|表压绝压混用"
"期末六页A4速查表_v108_母题层级强化版.tex","466","likely-covered","错14：源涡原点直接用","错14|源涡原点直接用"
"期末六页A4速查表_v108_母题层级强化版.tex","468","likely-covered","错15：忘记单位换算","错15|忘记单位换算"
"期末六页A4速查表_v108_母题层级强化版.tex","470","likely-covered","标准解模板：静水压","标准解模板|静水压"
"期末六页A4速查表_v108_母题层级强化版.tex","472","likely-covered","标准解模板：动量","标准解模板|动量"
"期末六页A4速查表_v108_母题层级强化版.tex","474","likely-covered","标准解模板：管路","标准解模板|管路"
"期末六页A4速查表_v108_母题层级强化版.tex","476","likely-covered","补充模型：自由面与涡","补充模型|自由面与涡"
"期末六页A4速查表_v108_母题层级强化版.tex","477","likely-covered","自由涡液面","自由涡液面"
"期末六页A4速查表_v108_母题层级强化版.tex","479","likely-covered","强迫涡液面","强迫涡液面"
"期末六页A4速查表_v108_母题层级强化版.tex","481","likely-covered","复合涡","复合涡"
"期末六页A4速查表_v108_母题层级强化版.tex","483","likely-covered","教材查找建议","教材查找建议"
"期末六页A4速查表_v108_母题层级强化版.tex","485","likely-covered","考试先后顺序","考试先后顺序"
"期末六页A4速查表_v108_母题层级强化版.tex","487","likely-covered","数值题通用检查","数值题通用检查"
"期末六页A4速查表_v108_母题层级强化版.tex","489","likely-covered","概念题通用答法","概念题通用答法"
"期末六页A4速查表_v108_母题层级强化版.tex","491","likely-covered","证明题通用答法","证明题通用答法"
"期末六页A4速查表_v108_母题层级强化版.tex","493","likely-covered","图像题通用答法","图像题通用答法"
"期末六页A4速查表_v108_母题层级强化版.tex","495","likely-covered","答题纸三行骨架","答题纸三行骨架"
"期末六页A4速查表_v108_母题层级强化版.tex","497","likely-covered","高频小问速答","高频小问速答"
"期末六页A4速查表_v108_母题层级强化版.tex","498","likely-covered","为什么应力张量对称","为什么应力张量对称"
"期末六页A4速查表_v108_母题层级强化版.tex","500","likely-covered","为什么Laplace","为什么Laplace"
"期末六页A4速查表_v108_母题层级强化版.tex","502","likely-covered","为什么Bernoulli沿流线","为什么Bernoulli沿流线"
"期末六页A4速查表_v108_母题层级强化版.tex","504","likely-covered","为什么粗糙度层流不用","为什么粗糙度层流不用"
"期末六页A4速查表_v108_母题层级强化版.tex","506","likely-covered","为什么平板局部/平均系数不同","为什么平板局部|平均系数不同"
"期末六页A4速查表_v108_母题层级强化版.tex","508","likely-covered","为什么管路损失用速度头","为什么管路损失用速度头"
"期末六页A4速查表_v108_母题层级强化版.tex","510","likely-covered","为什么压力中心低于形心","为什么压力中心低于形心"
"期末六页A4速查表_v108_母题层级强化版.tex","512","likely-covered","为什么动量方程要控制体","为什么动量方程要控制体"
"期末六页A4速查表_v108_母题层级强化版.tex","514","likely-covered","为什么流量要积分","为什么流量要积分"
"期末六页A4速查表_v108_母题层级强化版.tex","516","likely-covered","为什么表压可为负","为什么表压可为负"
"期末六页A4速查表_v108_母题层级强化版.tex","518","likely-covered","为什么泵入口最危险","为什么泵入口最危险"
"期末六页A4速查表_v108_母题层级强化版.tex","520","likely-covered","为什么水轮机要扣损失","为什么水轮机要扣损失"
"期末六页A4速查表_v108_母题层级强化版.tex","522","likely-covered","为什么答案要写假设","为什么答案要写假设"
"期末六页A4速查表_v108_母题层级强化版.tex","524","likely-covered","常用平方/根号","常用平方|根号"
"期末六页A4速查表_v108_母题层级强化版.tex","526","likely-covered","常用水柱压强","常用水柱压强"
"期末六页A4速查表_v108_母题层级强化版.tex","528","likely-covered","常用圆管面积","常用圆管面积"
"期末六页A4速查表_v108_母题层级强化版.tex","530","likely-covered","空气等熵速算","空气等熵速算"
"期末六页A4速查表_v108_母题层级强化版.tex","532","likely-covered","层流圆管速算","层流圆管速算"
"期末六页A4速查表_v108_母题层级强化版.tex","534","likely-covered","动量力速算","动量力速算"
"期末六页A4速查表_v108_母题层级强化版.tex","536","likely-covered","泵功率速算","泵功率速算"
"期末六页A4速查表_v108_母题层级强化版.tex","538","likely-covered","粗糙度速算","粗糙度速算"
"期末六页A4速查表_v108_母题层级强化版.tex","540","likely-covered","管路答案数量级","管路答案数量级"
"期末六页A4速查表_v108_母题层级强化版.tex","542","likely-covered","压力中心数量级","压力中心数量级"
"期末六页A4速查表_v108_母题层级强化版.tex","544","likely-covered","局部损失数量级","局部损失数量级"
"期末六页A4速查表_v108_母题层级强化版.tex","546","likely-covered","题目读数顺序","题目读数顺序"
"期末六页A4速查表_v108_母题层级强化版.tex","548","likely-covered","交卷前记忆卡","交卷前记忆卡"
"期末六页A4速查表_v108_母题层级强化版.tex","550","likely-covered","模板：速度场流程","模板|速度场流程"
"期末六页A4速查表_v108_母题层级强化版.tex","552","likely-covered","模板：流线流程","模板|流线流程"
"期末六页A4速查表_v108_母题层级强化版.tex","554","likely-covered","模板：迹线流程","模板|迹线流程"
"期末六页A4速查表_v108_母题层级强化版.tex","556","likely-covered","模板：应力流程","模板|应力流程"
"期末六页A4速查表_v108_母题层级强化版.tex","558","likely-covered","模板：闸门流程","模板|闸门流程"
"期末六页A4速查表_v108_母题层级强化版.tex","560","likely-covered","模板：曲面流程","模板|曲面流程"
"期末六页A4速查表_v108_母题层级强化版.tex","562","likely-covered","模板：泵流程","模板|泵流程"
"期末六页A4速查表_v108_母题层级强化版.tex","564","likely-covered","模板：水轮机流程","模板|水轮机流程"
"期末六页A4速查表_v108_母题层级强化版.tex","566","likely-covered","压强题骨架","压强题骨架"
"期末六页A4速查表_v108_母题层级强化版.tex","568","likely-covered","速度场题骨架","速度场题骨架"
"期末六页A4速查表_v108_母题层级强化版.tex","570","likely-covered","管路题骨架","管路题骨架"
"期末六页A4速查表_v108_母题层级强化版.tex","572","likely-covered","概念题骨架","概念题骨架"
"期末六页A4速查表_v108_母题层级强化版.tex","574","likely-covered","证明题骨架","证明题骨架"
"期末六页A4速查表_v108_母题层级强化版.tex","576","likely-covered","单位题骨架","单位题骨架"
"期末六页A4速查表_v108_母题层级强化版.tex","578","likely-covered","静水矩形窗","静水矩形窗"
"期末六页A4速查表_v108_母题层级强化版.tex","580","likely-covered","静水圆形舱门","静水圆形舱门"
"期末六页A4速查表_v108_母题层级强化版.tex","582","likely-covered","浮力/吃水","浮力|吃水"
"期末六页A4速查表_v108_母题层级强化版.tex","584","likely-covered","非恒定小孔出流","非恒定小孔出流"
"期末六页A4速查表_v108_母题层级强化版.tex","586","likely-covered","皮托/静压管测速","皮托|静压管测速"
"期末六页A4速查表_v108_母题层级强化版.tex","588","likely-covered","喷嘴反力","喷嘴反力"
"期末六页A4速查表_v108_母题层级强化版.tex","590","likely-covered","喷嘴法兰/螺栓","喷嘴法兰|螺栓"
"期末六页A4速查表_v108_母题层级强化版.tex","592","likely-covered","局部突扩","局部突扩"
"期末六页A4速查表_v108_母题层级强化版.tex","594","likely-covered","泵效率/轴功率","泵效率|轴功率"
"期末六页A4速查表_v108_母题层级强化版.tex","596","likely-covered","水轮机效率/输出","水轮机效率|输出"
"期末六页A4速查表_v108_母题层级强化版.tex","598","likely-covered","自由涡压差","自由涡压差"
"期末六页A4速查表_v108_母题层级强化版.tex","600","likely-covered","强迫涡压差","强迫涡压差"
"期末六页A4速查表_v108_母题层级强化版.tex","602","likely-covered","气球受风偏角","气球受风偏角"
"期末六页A4速查表_v108_母题层级强化版.tex","604","likely-covered","答案末尾检查","答案末尾检查"
"期末六页A4速查表_v108_母题层级强化版.tex","606","likely-covered","Moody查图子链","Moody查图子链"
"期末六页A4速查表_v108_母题层级强化版.tex","608","likely-covered","物性表查表子链","物性表查表子链"
"期末六页A4速查表_v108_母题层级强化版.tex","610","likely-covered","惯性矩查表子链","惯性矩查表子链"
"期末六页A4速查表_v108_母题层级强化版.tex","612","likely-covered","三角函数角度","三角函数角度"
"期末六页A4速查表_v108_母题层级强化版.tex","614","likely-covered","题目图像再识别","题目图像再识别"
"期末六页A4速查表_v108_母题层级强化版.tex","616","likely-covered","图像：有大水面+管道+泵","图像|有大水面+管道+泵"
"期末六页A4速查表_v108_母题层级强化版.tex","618","likely-covered","图像：管道变径","图像|管道变径"
"期末六页A4速查表_v108_母题层级强化版.tex","620","likely-covered","图像：管道弯头","图像|管道弯头"
"期末六页A4速查表_v108_母题层级强化版.tex","622","likely-covered","图像：喷口射流","图像|喷口射流"
"期末六页A4速查表_v108_母题层级强化版.tex","624","likely-covered","图像：两平板夹流体","图像|两平板夹流体"
"期末六页A4速查表_v108_母题层级强化版.tex","626","likely-covered","图像：同心圆管/环隙","图像|同心圆管|环隙"
"期末六页A4速查表_v108_母题层级强化版.tex","628","likely-covered","图像：旋转容器","图像|旋转容器"
"期末六页A4速查表_v108_母题层级强化版.tex","630","likely-covered","图像：自由涡水面","图像|自由涡水面"
"期末六页A4速查表_v108_母题层级强化版.tex","632","likely-covered","图像：U形管振荡","图像|U形管振荡"
"期末六页A4速查表_v108_母题层级强化版.tex","634","likely-covered","第一眼先判“物质模型”","第一眼先判“物质模型”"
"期末六页A4速查表_v108_母题层级强化版.tex","636","likely-covered","题目问“求什么”","题目问“求什么”"
"期末六页A4速查表_v108_母题层级强化版.tex","638","likely-covered","题干给速度场","题干给速度场"
"期末六页A4速查表_v108_母题层级强化版.tex","640","likely-covered","题干给容器、液面、压差计、闸门","题干给容器|液面|压差计|闸门"
"期末六页A4速查表_v108_母题层级强化版.tex","642","likely-covered","题干给管路、泵、阀、弯头、粗糙度","题干给管路|弯头|粗糙度"
"期末六页A4速查表_v108_母题层级强化版.tex","644","likely-covered","题干给喷嘴、射流、弯管受力","题干给喷嘴|射流|弯管受力"
"期末六页A4速查表_v108_母题层级强化版.tex","646","likely-covered","运动学长题","运动学长题"
"期末六页A4速查表_v108_母题层级强化版.tex","648","likely-covered","概念长答加分","概念长答加分"
"期末六页A4速查表_v108_母题层级强化版.tex","650","likely-covered","带教材查表/模型定位：补过程分","带教材查表|模型定位|补过程分"
"期末六页A4速查表_v108_母题层级强化版.tex","651","likely-covered","查教材表三行格式","查教材表三行格式"
"期末六页A4速查表_v108_母题层级强化版.tex","653","likely-covered","模型冲突先判","模型冲突先判"
"期末六页A4速查表_v108_母题层级强化版.tex","655","likely-covered","题干图像/文字不全时","题干图像|文字不全时"
"期末六页A4速查表_v108_母题层级强化版.tex","657","likely-covered","平板层流/矩形板摩擦型","平板层流|矩形板摩擦型"
"期末六页A4速查表_v108_母题层级强化版.tex","659","likely-covered","复杂题考场流程","复杂题考场流程"
"期末六页A4速查表_v108_母题层级强化版.tex","661","likely-covered","模板：先写符号后代数","模板|先写符号后代数"
"期末六页A4速查表_v108_母题层级强化版.tex","663","likely-covered","模板：面积换算","模板|面积换算"
"期末六页A4速查表_v108_母题层级强化版.tex","665","likely-covered","模板：速度换算","模板|速度换算"
"期末六页A4速查表_v108_母题层级强化版.tex","667","likely-covered","模板：压强水头","模板|压强水头"
"期末六页A4速查表_v108_母题层级强化版.tex","669","likely-covered","模板：雷诺数","模板|雷诺数"
"期末六页A4速查表_v108_母题层级强化版.tex","671","likely-covered","模板：损失水头","模板|损失水头"
"期末六页A4速查表_v108_母题层级强化版.tex","673","likely-covered","模板：功率","模板|功率"
"期末六页A4速查表_v108_母题层级强化版.tex","675","likely-covered","模板：风管/风扇","模板|风管|风扇"
"期末六页A4速查表_v108_母题层级强化版.tex","677","likely-covered","模板：真空度/负表压","模板|真空度|负表压"
"期末六页A4速查表_v108_母题层级强化版.tex","679","likely-covered","模板：压力中心","模板|压力中心"
"期末六页A4速查表_v108_母题层级强化版.tex","681","likely-covered","长推导/概念证明保分骨架","长推导|概念证明保分骨架"
"期末六页A4速查表_v108_母题层级强化版.tex","682","likely-covered","证明题关键词卡","证明题关键词卡"
"期末六页A4速查表_v108_母题层级强化版.tex","684","likely-covered","速度势与单值性","速度势与单值性"
"期末六页A4速查表_v108_母题层级强化版.tex","686","likely-covered","Kelvin定理推出Lagrange定理","Kelvin定理推出Lagrange定理"
"期末六页A4速查表_v108_母题层级强化版.tex","688","likely-covered","涡线、涡管、涡通量","涡线|涡管|涡通量"
"期末六页A4速查表_v108_母题层级强化版.tex","690","likely-covered","Helmholtz涡定理答句","Helmholtz涡定理答句"
"期末六页A4速查表_v108_母题层级强化版.tex","692","likely-covered","涡量矩/随体守恒题","涡量矩|随体守恒题"
"期末六页A4速查表_v108_母题层级强化版.tex","694","likely-covered","坐标、单位、负号","坐标|单位|负号"
"期末六页A4速查表_v108_母题层级强化版.tex","696","likely-covered","题图决策卡","题图决策卡"
"期末六页A4速查表_v108_母题层级强化版.tex","697","likely-covered","图里有“自由液面”","图里有“自由液面”"
"期末六页A4速查表_v108_母题层级强化版.tex","699","likely-covered","图里有“压力表”","图里有“压力表”"
"期末六页A4速查表_v108_母题层级强化版.tex","701","likely-covered","图里有“U形压差计”","图里有“U形压差计”"
"期末六页A4速查表_v108_母题层级强化版.tex","703","likely-covered","图里有“铰链+拉杆”","图里有“铰链+拉杆”"
"期末六页A4速查表_v108_母题层级强化版.tex","705","likely-covered","图里有“弯头/喷嘴出口”","图里有“弯头|喷嘴出口”"
"期末六页A4速查表_v108_母题层级强化版.tex","707","likely-covered","图里有“泵在吸水侧”","图里有“泵在吸水侧”"
"期末六页A4速查表_v108_母题层级强化版.tex","709","likely-covered","图里有“水轮机”","图里有“水轮机”"
"期末六页A4速查表_v108_母题层级强化版.tex","711","likely-covered","图里有“突然扩大/缩小”","图里有“突然扩大|缩小”"
"期末六页A4速查表_v108_母题层级强化版.tex","713","likely-covered","图里有“平板零攻角”","图里有“平板零攻角”"
"期末六页A4速查表_v108_母题层级强化版.tex","715","likely-covered","平均速度","平均速度"
"期末六页A4速查表_v108_母题层级强化版.tex","717","likely-covered","表压零点","表压零点"
"期末六页A4速查表_v108_母题层级强化版.tex","719","likely-covered","方向符号","方向符号"
"期末六页A4速查表_v108_母题层级强化版.tex","721","likely-covered","摩擦面积","摩擦面积"
"期末六页A4速查表_v108_母题层级强化版.tex","723","likely-covered","局部损失速度","局部损失速度"
"期末六页A4速查表_v108_母题层级强化版.tex","725","likely-covered","应力题","应力题"
"期末六页A4速查表_v108_母题层级强化版.tex","727","likely-covered","简答题首句索引","简答题首句索引"
"期末六页A4速查表_v108_母题层级强化版.tex","729","likely-covered","连续介质","连续介质"
"期末六页A4速查表_v108_母题层级强化版.tex","731","likely-covered","欧拉/拉格朗日","欧拉|拉格朗日"
"期末六页A4速查表_v108_母题层级强化版.tex","733","likely-covered","控制体/系统/质量动量能量守恒","控制体|系统|质量动量能量守恒"
"期末六页A4速查表_v108_母题层级强化版.tex","736","likely-covered","当地/迁移/随体导数","当地|迁移|随体导数"
"期末六页A4速查表_v108_母题层级强化版.tex","738","likely-covered","层流/湍流/渐变流","层流|湍流|渐变流"
"期末六页A4速查表_v108_母题层级强化版.tex","740","likely-covered","孔板/自由射流","孔板|自由射流"
"期末六页A4速查表_v108_母题层级强化版.tex","742","likely-covered","常见速度剖面结果/1/n指数律","常见速度剖面结果|n指数律"
"期末六页A4速查表_v108_母题层级强化版.tex","749","likely-covered","边界条件翻译表","边界条件翻译表"
"期末六页A4速查表_v108_母题层级强化版.tex","751","likely-covered","高频计算/查表/控制体收口","高频计算|查表|控制体收口"
"期末六页A4速查表_v108_母题层级强化版.tex","760","likely-covered","新题反向定位/收口","新题反向定位|收口"
"期末六页A4速查表_v108_母题层级强化版.tex","766","likely-covered","高频易错硬判","高频易错硬判"
"期末六页A4速查表_v108_母题层级强化版.tex","771","likely-covered","公式禁用快判","公式禁用快判"
"期末六页A4速查表_v108_母题层级强化版.tex","775","likely-covered","母题2 理想不可压无旋势流：基本流、镜像、圆柱、环量","母题2|理想不可压无旋势流|基本流|镜像"
"期末六页A4速查表_v108_母题层级强化版.tex","778","likely-covered","基本条件","基本条件"
"期末六页A4速查表_v108_母题层级强化版.tex","784","likely-covered","基本流表","基本流表"
"期末六页A4速查表_v108_母题层级强化版.tex","794","likely-covered","看到题先搭哪几个基元","看到题先搭哪几个基元"
"期末六页A4速查表_v108_母题层级强化版.tex","802","likely-covered","给速度求","给速度求"
"期末六页A4速查表_v108_母题层级强化版.tex","807","likely-covered","圆柱绕流","圆柱绕流"
"期末六页A4速查表_v108_母题层级强化版.tex","812","likely-covered","圆柱绕流答题模板","圆柱绕流答题模板"
"期末六页A4速查表_v108_母题层级强化版.tex","815","likely-covered","半圆柱气膜馆15分：圆柱绕流升力","半圆柱气膜馆15分|圆柱绕流升力"
"期末六页A4速查表_v108_母题层级强化版.tex","820","likely-covered","有环量/升力","有环量|升力"
"期末六页A4速查表_v108_母题层级强化版.tex","823","likely-covered","镜像法/边角","镜像法|边角"
"期末六页A4速查表_v108_母题层级强化版.tex","826","likely-covered","源汇/驻点常用算式","源汇|驻点常用算式"
"期末六页A4速查表_v108_母题层级强化版.tex","829","likely-covered","势流模型公式链骨架","势流模型公式链骨架"
"期末六页A4速查表_v108_母题层级强化版.tex","838","likely-covered","伯努利用法","伯努利用法"
"期末六页A4速查表_v108_母题层级强化版.tex","840","likely-covered","给速度场求势/流函数例式","给速度场求势|流函数例式"
"期末六页A4速查表_v108_母题层级强化版.tex","842","likely-covered","源/涡压力题","涡压力题"
"期末六页A4速查表_v108_母题层级强化版.tex","844","likely-covered","圆柱绕流公式链","圆柱绕流公式链"
"期末六页A4速查表_v108_母题层级强化版.tex","846","likely-covered","保角/边角题","保角|边角题"
"期末六页A4速查表_v108_母题层级强化版.tex","849","likely-covered","标准结论句","标准结论句"
"期末六页A4速查表_v108_母题层级强化版.tex","853","likely-covered","势函数流函数互求","势函数流函数互求"
"期末六页A4速查表_v108_母题层级强化版.tex","855","likely-covered","极坐标速度关系","极坐标速度关系"
"期末六页A4速查表_v108_母题层级强化版.tex","857","likely-covered","基本流全表","基本流全表"
"期末六页A4速查表_v108_母题层级强化版.tex","859","likely-covered","叠加题总流程","叠加题总流程"
"期末六页A4速查表_v108_母题层级强化版.tex","861","likely-covered","半圆柱/半体绕流","半圆柱|半体绕流"
"期末六页A4速查表_v108_母题层级强化版.tex","863","likely-covered","镜像法常见组合","镜像法常见组合"
"期末六页A4速查表_v108_母题层级强化版.tex","865","likely-covered","圆柱绕流推导","圆柱绕流推导"
"期末六页A4速查表_v108_母题层级强化版.tex","867","likely-covered","圆柱压力和阻力","圆柱压力和阻力"
"期末六页A4速查表_v108_母题层级强化版.tex","869","likely-covered","有环量圆柱/机翼","有环量圆柱|机翼"
"期末六页A4速查表_v108_母题层级强化版.tex","871","likely-covered","边角绕流","边角绕流"
"期末六页A4速查表_v108_母题层级强化版.tex","873","likely-covered","势流压力题","势流压力题"
"期末六页A4速查表_v108_母题层级强化版.tex","875","likely-covered","势函数/流函数/圆柱/镜像/机翼","势函数|流函数|圆柱|镜像"
"期末六页A4速查表_v108_母题层级强化版.tex","877","likely-covered","速度场/连续/有旋/无旋/剪切板","速度场|连续|有旋|无旋"
"期末六页A4速查表_v108_母题层级强化版.tex","879","likely-covered","圆柱/物面压力积分","圆柱|物面压力积分"
"期末六页A4速查表_v108_母题层级强化版.tex","881","likely-covered","势流结论句","势流结论句"
"期末六页A4速查表_v108_母题层级强化版.tex","883","likely-covered","达朗贝尔佯谬句","达朗贝尔佯谬句"
"期末六页A4速查表_v108_母题层级强化版.tex","885","likely-covered","半圆柱/圆柱浮起","半圆柱|圆柱浮起"
"期末六页A4速查表_v108_母题层级强化版.tex","887","likely-covered","点源靠壁最大速度","点源靠壁最大速度"
"期末六页A4速查表_v108_母题层级强化版.tex","889","likely-covered","水下半圆球/半圆柱开孔","水下半圆球|半圆柱开孔"
"期末六页A4速查表_v108_母题层级强化版.tex","892","likely-covered","理想流体/势流题干模型压缩","理想流体|势流题干模型压缩"
"期末六页A4速查表_v108_母题层级强化版.tex","893","likely-covered","环形路径速度环量","环形路径速度环量"
"期末六页A4速查表_v108_母题层级强化版.tex","895","likely-covered","势流方程推导","势流方程推导"
"期末六页A4速查表_v108_母题层级强化版.tex","897","likely-covered","均匀流绕圆柱推导题","均匀流绕圆柱推导题"
"期末六页A4速查表_v108_母题层级强化版.tex","899","likely-covered","点源/点汇/点涡叠加题","点源|点汇|点涡叠加题"
"期末六页A4速查表_v108_母题层级强化版.tex","901","likely-covered","边角流动题","边角流动题"
"期末六页A4速查表_v108_母题层级强化版.tex","903","likely-covered","势流应用题干模型压缩","势流应用题干模型压缩"
"期末六页A4速查表_v108_母题层级强化版.tex","904","likely-covered","半圆柱屋顶受升力","半圆柱屋顶受升力"
"期末六页A4速查表_v108_母题层级强化版.tex","906","likely-covered","半圆柱水底浮起","半圆柱水底浮起"
"期末六页A4速查表_v108_母题层级强化版.tex","908","likely-covered","壁面点源最大速度","壁面点源最大速度"
"期末六页A4速查表_v108_母题层级强化版.tex","910","likely-covered","流函数Poisson方程","流函数Poisson方程"
"期末六页A4速查表_v108_母题层级强化版.tex","912","likely-covered","速度场+势函数","速度场+势函数"
"期末六页A4速查表_v108_母题层级强化版.tex","916","likely-covered","势流基本关系","势流基本关系"
"期末六页A4速查表_v108_母题层级强化版.tex","918","likely-covered","圆柱绕流","圆柱绕流"
"期末六页A4速查表_v108_母题层级强化版.tex","920","likely-covered","环量升力","环量升力"
"期末六页A4速查表_v108_母题层级强化版.tex","922","likely-covered","错13：把流函数当势函数","错13|把流函数当势函数"
"期末六页A4速查表_v108_母题层级强化版.tex","924","likely-covered","标准解模板：势流","标准解模板|势流"
"期末六页A4速查表_v108_母题层级强化版.tex","926","likely-covered","Rankine卵形","Rankine卵形"
"期末六页A4速查表_v108_母题层级强化版.tex","928","likely-covered","偶极子物理意义","偶极子物理意义"
"期末六页A4速查表_v108_母题层级强化版.tex","930","likely-covered","机翼升力","机翼升力"
"期末六页A4速查表_v108_母题层级强化版.tex","932","likely-covered","为什么有流函数","为什么有流函数"
"期末六页A4速查表_v108_母题层级强化版.tex","934","likely-covered","为什么有势函数","为什么有势函数"
"期末六页A4速查表_v108_母题层级强化版.tex","936","likely-covered","为什么圆柱理想阻力为0","为什么圆柱理想阻力为0"
"期末六页A4速查表_v108_母题层级强化版.tex","938","likely-covered","模板：势流叠加流程","模板|势流叠加流程"
"期末六页A4速查表_v108_母题层级强化版.tex","940","likely-covered","模板：圆柱有环量流程","模板|圆柱有环量流程"
"期末六页A4速查表_v108_母题层级强化版.tex","942","likely-covered","图像：圆柱/球外绕","图像|圆柱|球外绕"
"期末六页A4速查表_v108_母题层级强化版.tex","944","likely-covered","题干给 、源汇、圆柱、壁面","题干给|源汇|圆柱|壁面"
"期末六页A4速查表_v108_母题层级强化版.tex","946","likely-covered","连续/流函数/势函数证明","连续|流函数|势函数证明"
"期末六页A4速查表_v108_母题层级强化版.tex","948","likely-covered","流函数存在与物理意义","流函数存在与物理意义"
"期末六页A4速查表_v108_母题层级强化版.tex","950","likely-covered","图里有“圆柱/球绕流”","图里有“圆柱|球绕流”"
"期末六页A4速查表_v108_母题层级强化版.tex","956","likely-covered","基本公式","基本公式"
"期末六页A4速查表_v108_母题层级强化版.tex","970","likely-covered","临界/阻塞","临界|阻塞"
"期末六页A4速查表_v108_母题层级强化版.tex","977","likely-covered","总量、静量、背压别混","总量|静量|背压别混"
"期末六页A4速查表_v108_母题层级强化版.tex","980","likely-covered","面积--马赫数","面积--马赫数"
"期末六页A4速查表_v108_母题层级强化版.tex","987","likely-covered","质量流量","质量流量"
"期末六页A4速查表_v108_母题层级强化版.tex","994","likely-covered","Ma作为中间变量","Ma作为中间变量"
"期末六页A4速查表_v108_母题层级强化版.tex","997","likely-covered","Laval 背压状态","Laval|背压状态"
"期末六页A4速查表_v108_母题层级强化版.tex","1007","likely-covered","收缩喷管题","收缩喷管题"
"期末六页A4速查表_v108_母题层级强化版.tex","1010","likely-covered","收缩喷管/背压标准步骤","收缩喷管|背压标准步骤"
"期末六页A4速查表_v108_母题层级强化版.tex","1013","likely-covered","Laval面积/流量题","Laval面积|流量题"
"期末六页A4速查表_v108_母题层级强化版.tex","1015","likely-covered","Laval面积比标准步骤","Laval面积比标准步骤"
"期末六页A4速查表_v108_母题层级强化版.tex","1018","likely-covered","文丘里质量流量计","文丘里质量流量计"
"期末六页A4速查表_v108_母题层级强化版.tex","1020","likely-covered","可压文丘里流量计标准步骤","可压文丘里流量计标准步骤"
"期末六页A4速查表_v108_母题层级强化版.tex","1022","likely-covered","可压缩题判断树","可压缩题判断树"
"期末六页A4速查表_v108_母题层级强化版.tex","1024","likely-covered","空气小表：等熵/面积/PM/正激波","空气小表|等熵|面积|PM"
"期末六页A4速查表_v108_母题层级强化版.tex","1026","likely-covered","答题检查句","答题检查句"
"期末六页A4速查表_v108_母题层级强化版.tex","1028","likely-covered","可压缩基础题","可压缩基础题"
"期末六页A4速查表_v108_母题层级强化版.tex","1030","likely-covered","喷管出口状态三句话","喷管出口状态三句话"
"期末六页A4速查表_v108_母题层级强化版.tex","1032","likely-covered","面积比求M查表替代","面积比求M查表替代"
"期末六页A4速查表_v108_母题层级强化版.tex","1034","likely-covered","质量流量检查","质量流量检查"
"期末六页A4速查表_v108_母题层级强化版.tex","1038","likely-covered","势流与理想不可压模型速解","势流与理想不可压模型速解"
"期末六页A4速查表_v108_母题层级强化版.tex","1039","likely-covered","弹性模量/声速","弹性模量|声速"
"期末六页A4速查表_v108_母题层级强化版.tex","1041","likely-covered","飞机声音/马赫锥","飞机声音|马赫锥"
"期末六页A4速查表_v108_母题层级强化版.tex","1043","likely-covered","滞止量题","滞止量题"
"期末六页A4速查表_v108_母题层级强化版.tex","1045","likely-covered","收缩喷管背压型","收缩喷管背压型"
"期末六页A4速查表_v108_母题层级强化版.tex","1047","likely-covered","Laval面积比型","Laval面积比型"
"期末六页A4速查表_v108_母题层级强化版.tex","1049","likely-covered","可压文丘里流量计型","可压文丘里流量计型"
"期末六页A4速查表_v108_母题层级强化版.tex","1051","likely-covered","Laval背压图文字版","Laval背压图文字版"
"期末六页A4速查表_v108_母题层级强化版.tex","1053","likely-covered","喷管/背压/阻塞/质量流量","喷管|背压|阻塞|质量流量"
"期末六页A4速查表_v108_母题层级强化版.tex","1055","likely-covered","压缩性/弹性模量","压缩性|弹性模量"
"期末六页A4速查表_v108_母题层级强化版.tex","1057","likely-covered","马赫锥/扰动传播","马赫锥|扰动传播"
"期末六页A4速查表_v108_母题层级强化版.tex","1059","likely-covered","面积--马赫数表怎么用","面积--马赫数表怎么用"
"期末六页A4速查表_v108_母题层级强化版.tex","1061","likely-covered","喉部、临界、阻塞","喉部|临界|阻塞"
"期末六页A4速查表_v108_母题层级强化版.tex","1063","likely-covered","亚声速/超声速面积效应","亚声速|超声速面积效应"
"期末六页A4速查表_v108_母题层级强化版.tex","1065","likely-covered","“不可压无旋”","“不可压无旋”"
"期末六页A4速查表_v108_母题层级强化版.tex","1067","likely-covered","“背压降低”","“背压降低”"
"期末六页A4速查表_v108_母题层级强化版.tex","1069","likely-covered","阻塞句","阻塞句"
"期末六页A4速查表_v108_母题层级强化版.tex","1071","likely-covered","可压缩流动题干模型压缩","可压缩流动题干模型压缩"
"期末六页A4速查表_v108_母题层级强化版.tex","1072","likely-covered","收缩喷管背压","收缩喷管背压"
"期末六页A4速查表_v108_母题层级强化版.tex","1074","likely-covered","可压文丘里流量计","可压文丘里流量计"
"期末六页A4速查表_v108_母题层级强化版.tex","1076","likely-covered","喷管背压状态判断","喷管背压状态判断"
"期末六页A4速查表_v108_母题层级强化版.tex","1078","likely-covered","“判断阻塞”","“判断阻塞”"
"期末六页A4速查表_v108_母题层级强化版.tex","1080","likely-covered","收缩喷管+背压","收缩喷管+背压"
"期末六页A4速查表_v108_母题层级强化版.tex","1082","likely-covered","Laval+面积比","Laval+面积比"
"期末六页A4速查表_v108_母题层级强化版.tex","1084","likely-covered","水击/声速概念","水击|声速概念"
"期末六页A4速查表_v108_母题层级强化版.tex","1086","likely-covered","马赫数和总量","马赫数和总量"
"期末六页A4速查表_v108_母题层级强化版.tex","1088","likely-covered","临界量","临界量"
"期末六页A4速查表_v108_母题层级强化版.tex","1090","likely-covered","面积--马赫","面积--马赫"
"期末六页A4速查表_v108_母题层级强化版.tex","1092","likely-covered","质量流量可压","质量流量可压"
"期末六页A4速查表_v108_母题层级强化版.tex","1098","likely-covered","流程D：给喷管图","流程D|给喷管图"
"期末六页A4速查表_v108_母题层级强化版.tex","1100","likely-covered","错1：把背压当出口压","错1|把背压当出口压"
"期末六页A4速查表_v108_母题层级强化版.tex","1102","likely-covered","标准解模板：喷管","标准解模板|喷管"
"期末六页A4速查表_v108_母题层级强化版.tex","1104","likely-covered","为什么阻塞","为什么阻塞"
"期末六页A4速查表_v108_母题层级强化版.tex","1106","likely-covered","为什么Laval能超声速","为什么Laval能超声速"
"期末六页A4速查表_v108_母题层级强化版.tex","1108","likely-covered","为什么马赫数重要","为什么马赫数重要"
"期末六页A4速查表_v108_母题层级强化版.tex","1110","likely-covered","空气临界速算","空气临界速算"
"期末六页A4速查表_v108_母题层级强化版.tex","1112","likely-covered","声速速算","声速速算"
"期末六页A4速查表_v108_母题层级强化版.tex","1114","likely-covered","马赫角速算","马赫角速算"
"期末六页A4速查表_v108_母题层级强化版.tex","1116","likely-covered","喷管状态数量级","喷管状态数量级"
"期末六页A4速查表_v108_母题层级强化版.tex","1118","likely-covered","不可压近似","不可压近似"
"期末六页A4速查表_v108_母题层级强化版.tex","1120","likely-covered","模板：Laval喷管流程","模板|Laval喷管流程"
"期末六页A4速查表_v108_母题层级强化版.tex","1122","likely-covered","喷管题骨架","喷管题骨架"
"期末六页A4速查表_v108_母题层级强化版.tex","1124","likely-covered","文丘里不可压流量","文丘里不可压流量"
"期末六页A4速查表_v108_母题层级强化版.tex","1128","likely-covered","滞止温度","滞止温度"
"期末六页A4速查表_v108_母题层级强化版.tex","1130","likely-covered","收缩管最大流量","收缩管最大流量"
"期末六页A4速查表_v108_母题层级强化版.tex","1132","likely-covered","喷管查表子链1","喷管查表子链1"
"期末六页A4速查表_v108_母题层级强化版.tex","1134","likely-covered","喷管查表子链2","喷管查表子链2"
"期末六页A4速查表_v108_母题层级强化版.tex","1136","likely-covered","图像：Laval喷管压力曲线","图像|Laval喷管压力曲线"
"期末六页A4速查表_v108_母题层级强化版.tex","1138","likely-covered","题干给","题干给"
"期末六页A4速查表_v108_母题层级强化版.tex","1140","likely-covered","可压查表小表","可压查表小表"
"期末六页A4速查表_v108_母题层级强化版.tex","1142","likely-covered","可压缩题查表入口","可压缩题查表入口"
"期末六页A4速查表_v108_母题层级强化版.tex","1151","likely-covered","模板：等熵压比","模板|等熵压比"
"期末六页A4速查表_v108_母题层级强化版.tex","1153","likely-covered","模板：质量流量","模板|质量流量"
"期末六页A4速查表_v108_母题层级强化版.tex","1155","likely-covered","图里有“喉部”","图里有“喉部”"
"期末六页A4速查表_v108_母题层级强化版.tex","1157","likely-covered","图里有“背压 ”","图里有“背压"
"期末六页A4速查表_v108_母题层级强化版.tex","1159","likely-covered","喷管出口线","喷管出口线"
"期末六页A4速查表_v108_母题层级强化版.tex","1161","likely-covered","喉部面积","喉部面积"
"期末六页A4速查表_v108_母题层级强化版.tex","1164","likely-covered","母题4 正激波、斜激波、膨胀波","母题4|正激波|斜激波|膨胀波"
"期末六页A4速查表_v108_母题层级强化版.tex","1167","likely-covered","总判断","总判断"
"期末六页A4速查表_v108_母题层级强化版.tex","1170","likely-covered","正激波","正激波"
"期末六页A4速查表_v108_母题层级强化版.tex","1180","likely-covered","斜激波流程","斜激波流程"
"期末六页A4速查表_v108_母题层级强化版.tex","1183","likely-covered","斜激波无表时","斜激波无表时"
"期末六页A4速查表_v108_母题层级强化版.tex","1190","likely-covered","膨胀波/Prandtl-Meyer","膨胀波|Prandtl-Meyer"
"期末六页A4速查表_v108_母题层级强化版.tex","1199","likely-covered","膨胀波后物理量","膨胀波后物理量"
"期末六页A4速查表_v108_母题层级强化版.tex","1204","likely-covered","Laval管外膨胀模板","Laval管外膨胀模板"
"期末六页A4速查表_v108_母题层级强化版.tex","1207","likely-covered","Laval管内正激波模板","Laval管内正激波模板"
"期末六页A4速查表_v108_母题层级强化版.tex","1209","likely-covered","Laval内激波分段链","Laval内激波分段链"
"期末六页A4速查表_v108_母题层级强化版.tex","1214","likely-covered","激波反射/相交题写法","激波反射|相交题写法"
"期末六页A4速查表_v108_母题层级强化版.tex","1216","likely-covered","压缩角/膨胀角判断","压缩角|膨胀角判断"
"期末六页A4速查表_v108_母题层级强化版.tex","1218","likely-covered","Laval背压八状态速记","Laval背压八状态速记"
"期末六页A4速查表_v108_母题层级强化版.tex","1220","likely-covered","过程分标准句","过程分标准句"
"期末六页A4速查表_v108_母题层级强化版.tex","1222","likely-covered","正激波常用极限","正激波常用极限"
"期末六页A4速查表_v108_母题层级强化版.tex","1224","likely-covered","斜激波压力比","斜激波压力比"
"期末六页A4速查表_v108_母题层级强化版.tex","1226","likely-covered","膨胀波常见题","膨胀波常见题"
"期末六页A4速查表_v108_母题层级强化版.tex","1228","likely-covered","管外膨胀简答句","管外膨胀简答句"
"期末六页A4速查表_v108_母题层级强化版.tex","1232","likely-covered","可压缩、喷管、激波模型速解","可压缩|喷管|激波模型速解"
"期末六页A4速查表_v108_母题层级强化版.tex","1233","likely-covered","正激波关系型","正激波关系型"
"期末六页A4速查表_v108_母题层级强化版.tex","1235","likely-covered","斜激波/脱体激波型","斜激波|脱体激波型"
"期末六页A4速查表_v108_母题层级强化版.tex","1237","likely-covered","PM膨胀/管外膨胀型","PM膨胀|管外膨胀型"
"期末六页A4速查表_v108_母题层级强化版.tex","1239","likely-covered","Laval管内正激波型","Laval管内正激波型"
"期末六页A4速查表_v108_母题层级强化版.tex","1241","likely-covered","激波/膨胀选择","激波|膨胀选择"
"期末六页A4速查表_v108_母题层级强化版.tex","1243","likely-covered","激波/斜激波/膨胀波/超声速转角","激波|斜激波|膨胀波|超声速转角"
"期末六页A4速查表_v108_母题层级强化版.tex","1245","likely-covered","Laval出口外膨胀","Laval出口外膨胀"
"期末六页A4速查表_v108_母题层级强化版.tex","1247","likely-covered","正激波表怎么用","正激波表怎么用"
"期末六页A4速查表_v108_母题层级强化版.tex","1249","likely-covered","斜激波表怎么用","斜激波表怎么用"
"期末六页A4速查表_v108_母题层级强化版.tex","1251","likely-covered","PM函数表怎么用","PM函数表怎么用"
"期末六页A4速查表_v108_母题层级强化版.tex","1253","likely-covered","激波和膨胀波","激波和膨胀波"
"期末六页A4速查表_v108_母题层级强化版.tex","1255","likely-covered","激波句","激波句"
"期末六页A4速查表_v108_母题层级强化版.tex","1257","likely-covered","膨胀波句","膨胀波句"
"期末六页A4速查表_v108_母题层级强化版.tex","1259","likely-covered","小查表：空气等熵/PM","小查表|空气等熵|PM"
"期末六页A4速查表_v108_母题层级强化版.tex","1269","likely-covered","小查表：正激波/光滑管","小查表|正激波|光滑管"
"期末六页A4速查表_v108_母题层级强化版.tex","1271","likely-covered","Laval无激波","Laval无激波"
"期末六页A4速查表_v108_母题层级强化版.tex","1273","likely-covered","正激波","正激波"
"期末六页A4速查表_v108_母题层级强化版.tex","1275","likely-covered","运动正激波撞墙反射","运动正激波撞墙反射"
"期末六页A4速查表_v108_母题层级强化版.tex","1277","likely-covered","斜激波","斜激波"
"期末六页A4速查表_v108_母题层级强化版.tex","1279","likely-covered","斜激波方程组","斜激波方程组"
"期末六页A4速查表_v108_母题层级强化版.tex","1281","likely-covered","脱体激波","脱体激波"
"期末六页A4速查表_v108_母题层级强化版.tex","1283","likely-covered","管外膨胀","管外膨胀"
"期末六页A4速查表_v108_母题层级强化版.tex","1285","likely-covered","管内激波","管内激波"
"期末六页A4速查表_v108_母题层级强化版.tex","1287","likely-covered","U型压差计+正激波","U型压差计+正激波"
"期末六页A4速查表_v108_母题层级强化版.tex","1289","likely-covered","“判断激波位置”","“判断激波位置”"
"期末六页A4速查表_v108_母题层级强化版.tex","1291","likely-covered","Laval+内激波","Laval+内激波"
"期末六页A4速查表_v108_母题层级强化版.tex","1293","likely-covered","斜激波+PM","斜激波+PM"
"期末六页A4速查表_v108_母题层级强化版.tex","1295","likely-covered","正激波","正激波"
"期末六页A4速查表_v108_母题层级强化版.tex","1297","likely-covered","斜激波","斜激波"
"期末六页A4速查表_v108_母题层级强化版.tex","1299","likely-covered","PM/Prandtl-Meyer函数","PM|Prandtl-Meyer函数"
"期末六页A4速查表_v108_母题层级强化版.tex","1301","likely-covered","流程E：给激波图","流程E|给激波图"
"期末六页A4速查表_v108_母题层级强化版.tex","1303","likely-covered","错3：激波后继续用原","错3|激波后继续用原"
"期末六页A4速查表_v108_母题层级强化版.tex","1305","likely-covered","错11：PM压缩也用","错11|PM压缩也用"
"期末六页A4速查表_v108_母题层级强化版.tex","1307","likely-covered","标准解模板：激波","标准解模板|激波"
"期末六页A4速查表_v108_母题层级强化版.tex","1309","likely-covered","为什么激波总压下降","为什么激波总压下降"
"期末六页A4速查表_v108_母题层级强化版.tex","1311","likely-covered","为什么膨胀波等熵","为什么膨胀波等熵"
"期末六页A4速查表_v108_母题层级强化版.tex","1313","likely-covered","为什么斜激波用法向马赫数","为什么斜激波用法向马赫数"
"期末六页A4速查表_v108_母题层级强化版.tex","1315","likely-covered","正激波空气","正激波空气"
"期末六页A4速查表_v108_母题层级强化版.tex","1317","likely-covered","正激波空气","正激波空气"
"期末六页A4速查表_v108_母题层级强化版.tex","1319","likely-covered","PM函数使用提醒","PM函数使用提醒"
"期末六页A4速查表_v108_母题层级强化版.tex","1321","likely-covered","斜激波弱解检查","斜激波弱解检查"
"期末六页A4速查表_v108_母题层级强化版.tex","1323","likely-covered","模板：正激波流程","模板|正激波流程"
"期末六页A4速查表_v108_母题层级强化版.tex","1325","likely-covered","模板：斜激波流程","模板|斜激波流程"
"期末六页A4速查表_v108_母题层级强化版.tex","1327","likely-covered","模板：膨胀波流程","模板|膨胀波流程"
"期末六页A4速查表_v108_母题层级强化版.tex","1329","likely-covered","激波题骨架","激波题骨架"
"期末六页A4速查表_v108_母题层级强化版.tex","1331","likely-covered","正激波后速度链","正激波后速度链"
"期末六页A4速查表_v108_母题层级强化版.tex","1333","likely-covered","PM膨胀压力比","PM膨胀压力比"
"期末六页A4速查表_v108_母题层级强化版.tex","1335","likely-covered","斜激波波角检查","斜激波波角检查"
"期末六页A4速查表_v108_母题层级强化版.tex","1337","likely-covered","激波查表子链","激波查表子链"
"期末六页A4速查表_v108_母题层级强化版.tex","1339","likely-covered","斜激波查表子链","斜激波查表子链"
"期末六页A4速查表_v108_母题层级强化版.tex","1341","likely-covered","PM查表子链","PM查表子链"
"期末六页A4速查表_v108_母题层级强化版.tex","1343","likely-covered","图像：楔形物体","图像|楔形物体"
"期末六页A4速查表_v108_母题层级强化版.tex","1345","likely-covered","图像：凹角/凸角","图像|凹角|凸角"
"期末六页A4速查表_v108_母题层级强化版.tex","1347","likely-covered","Laval管外膨胀/内激波/多波型","Laval管外膨胀|内激波|多波型"
"期末六页A4速查表_v108_母题层级强化版.tex","1349","likely-covered","图里有“正激波”","图里有“正激波”"
"期末六页A4速查表_v108_母题层级强化版.tex","1351","likely-covered","图里有“斜面压缩角”","图里有“斜面压缩角”"
"期末六页A4速查表_v108_母题层级强化版.tex","1353","likely-covered","图里有“凸角膨胀”","图里有“凸角膨胀”"
"期末六页A4速查表_v108_母题层级强化版.tex","1355","likely-covered","激波查表","激波查表"
"期末六页A4速查表_v108_母题层级强化版.tex","1357","likely-covered","势函数/流函数/阻塞/激波","势函数|流函数|阻塞|激波"
"期末六页A4速查表_v108_母题层级强化版.tex","1360","likely-covered","母题5 粘性管流：N-S、H-P、Couette、管内压损","母题5|粘性管流|N-S|H-P"
"期末六页A4速查表_v108_母题层级强化版.tex","1363","likely-covered","N-S 简化","N-S|简化"
"期末六页A4速查表_v108_母题层级强化版.tex","1367","likely-covered","H-P 圆管层流","H-P|圆管层流"
"期末六页A4速查表_v108_母题层级强化版.tex","1372","likely-covered","广义压强写法","广义压强写法"
"期末六页A4速查表_v108_母题层级强化版.tex","1375","likely-covered","Couette 流","Couette"
"期末六页A4速查表_v108_母题层级强化版.tex","1380","likely-covered","双层 Couette","双层|Couette"
"期末六页A4速查表_v108_母题层级强化版.tex","1384","likely-covered","管路损失/管内压损","管路损失|管内压损"
"期末六页A4速查表_v108_母题层级强化版.tex","1391","likely-covered","管路题统一流程","管路题统一流程"
"期末六页A4速查表_v108_母题层级强化版.tex","1394","likely-covered","常见模型模板","常见模型模板"
"期末六页A4速查表_v108_母题层级强化版.tex","1405","likely-covered","平板Poiseuille","平板Poiseuille"
"期末六页A4速查表_v108_母题层级强化版.tex","1407","likely-covered","Couette--Poiseuille合成","Couette--Poiseuille合成"
"期末六页A4速查表_v108_母题层级强化版.tex","1409","likely-covered","层流/湍流判定","层流|湍流判定"
"期末六页A4速查表_v108_母题层级强化版.tex","1411","likely-covered","压力降与剪力平衡","压力降与剪力平衡"
"期末六页A4速查表_v108_母题层级强化版.tex","1413","likely-covered","管内层流竖直流","管内层流竖直流"
"期末六页A4速查表_v108_母题层级强化版.tex","1415","likely-covered","层流解析题通用套路","层流解析题通用套路"
"期末六页A4速查表_v108_母题层级强化版.tex","1417","likely-covered","泵/汽蚀判断","汽蚀判断"
"期末六页A4速查表_v108_母题层级强化版.tex","1419","likely-covered","局部损失系数","局部损失系数"
"期末六页A4速查表_v108_母题层级强化版.tex","1423","likely-covered","粘性流动、管流、边界层模型速解","粘性流动|管流|边界层模型速解"
"期末六页A4速查表_v108_母题层级强化版.tex","1424","likely-covered","N--S简化四句话","N--S简化四句话"
"期末六页A4速查表_v108_母题层级强化版.tex","1426","likely-covered","平板间层流","平板间层流"
"期末六页A4速查表_v108_母题层级强化版.tex","1428","likely-covered","两层Couette型","两层Couette型"
"期末六页A4速查表_v108_母题层级强化版.tex","1430","likely-covered","倾斜平板流程","倾斜平板流程"
"期末六页A4速查表_v108_母题层级强化版.tex","1432","likely-covered","圆管H--P","圆管H--P"
"期末六页A4速查表_v108_母题层级强化版.tex","1434","likely-covered","管道湍流壁律","管道湍流壁律"
"期末六页A4速查表_v108_母题层级强化版.tex","1436","likely-covered","管内边界层厚度题","管内边界层厚度题"
"期末六页A4速查表_v108_母题层级强化版.tex","1438","likely-covered","Stokes小球","Stokes小球"
"期末六页A4速查表_v108_母题层级强化版.tex","1440","likely-covered","N-S简化/H-P/Couette/两层流体/Stokes","N-S简化|H-P|Couette|两层流体"
"期末六页A4速查表_v108_母题层级强化版.tex","1442","likely-covered","边界层/壁律/泵吸水/水轮机","边界层|壁律|泵吸水|水轮机"
"期末六页A4速查表_v108_母题层级强化版.tex","1444","likely-covered","管内湍流壁律厚度","管内湍流壁律厚度"
"期末六页A4速查表_v108_母题层级强化版.tex","1446","likely-covered","“小球Re<1”","“小球Re<1”"
"期末六页A4速查表_v108_母题层级强化版.tex","1448","likely-covered","“无压差Couette”","“无压差Couette”"
"期末六页A4速查表_v108_母题层级强化版.tex","1450","likely-covered","管流损失句","管流损失句"
"期末六页A4速查表_v108_母题层级强化版.tex","1452","likely-covered","粘性圆管入口发展","粘性圆管入口发展"
"期末六页A4速查表_v108_母题层级强化版.tex","1454","likely-covered","LES/DNS/RANS概念","LES|DNS|RANS概念"
"期末六页A4速查表_v108_母题层级强化版.tex","1456","likely-covered","雷诺应力","雷诺应力"
"期末六页A4速查表_v108_母题层级强化版.tex","1458","likely-covered","混合长度","混合长度"
"期末六页A4速查表_v108_母题层级强化版.tex","1460","likely-covered","平板Couette流量","平板Couette流量"
"期末六页A4速查表_v108_母题层级强化版.tex","1462","likely-covered","粘性流动题干模型压缩","粘性流动题干模型压缩"
"期末六页A4速查表_v108_母题层级强化版.tex","1463","likely-covered","圆管层流压降","圆管层流压降"
"期末六页A4速查表_v108_母题层级强化版.tex","1465","likely-covered","小球Stokes阻力","小球Stokes阻力"
"期末六页A4速查表_v108_母题层级强化版.tex","1467","likely-covered","两层流体剪切","两层流体剪切"
"期末六页A4速查表_v108_母题层级强化版.tex","1469","likely-covered","小球低Re终速","小球低Re终速"
"期末六页A4速查表_v108_母题层级强化版.tex","1471","likely-covered","管内层流三方向","管内层流三方向"
"期末六页A4速查表_v108_母题层级强化版.tex","1473","likely-covered","倾斜平板层流","倾斜平板层流"
"期末六页A4速查表_v108_母题层级强化版.tex","1475","likely-covered","物面条件证明","物面条件证明"
"期末六页A4速查表_v108_母题层级强化版.tex","1477","likely-covered","圆管湍流平均速度公式","圆管湍流平均速度公式"
"期末六页A4速查表_v108_母题层级强化版.tex","1479","likely-covered","“求剪应力”","“求剪应力”"
"期末六页A4速查表_v108_母题层级强化版.tex","1481","likely-covered","湍流壁律+管内厚度","湍流壁律+管内厚度"
"期末六页A4速查表_v108_母题层级强化版.tex","1483","likely-covered","Stokes小球+沉降","Stokes小球+沉降"
"期末六页A4速查表_v108_母题层级强化版.tex","1485","likely-covered","雷诺平均","雷诺平均"
"期末六页A4速查表_v108_母题层级强化版.tex","1487","likely-covered","剪应力","剪应力"
"期末六页A4速查表_v108_母题层级强化版.tex","1489","likely-covered","Stokes","Stokes"
"期末六页A4速查表_v108_母题层级强化版.tex","1491","likely-covered","流程G：给层流解析","流程G|给层流解析"
"期末六页A4速查表_v108_母题层级强化版.tex","1493","likely-covered","错5：H--P用于湍流","错5|H--P用于湍流"
"期末六页A4速查表_v108_母题层级强化版.tex","1495","likely-covered","标准解模板：N--S层流","标准解模板|N--S层流"
"期末六页A4速查表_v108_母题层级强化版.tex","1497","likely-covered","为什么两层流体剪应力连续","为什么两层流体剪应力连续"
"期末六页A4速查表_v108_母题层级强化版.tex","1499","likely-covered","为什么H--P抛物线","为什么H--P抛物线"
"期末六页A4速查表_v108_母题层级强化版.tex","1501","likely-covered","为什么Stokes阻力与速度一次方成正比","为什么Stokes阻力与速度一次方成正比"
"期末六页A4速查表_v108_母题层级强化版.tex","1503","likely-covered","为什么圆管湍流用壁律","为什么圆管湍流用壁律"
"期末六页A4速查表_v108_母题层级强化版.tex","1505","likely-covered","H--P压降速算","H--P压降速算"
"期末六页A4速查表_v108_母题层级强化版.tex","1507","likely-covered","壁律厚度速算","壁律厚度速算"
"期末六页A4速查表_v108_母题层级强化版.tex","1509","likely-covered","Stokes终速速算","Stokes终速速算"
"期末六页A4速查表_v108_母题层级强化版.tex","1511","likely-covered","圆管层流剪应力","圆管层流剪应力"
"期末六页A4速查表_v108_母题层级强化版.tex","1513","likely-covered","模板：弯管流程","模板|弯管流程"
"期末六页A4速查表_v108_母题层级强化版.tex","1515","likely-covered","模板：圆管层流流程","模板|圆管层流流程"
"期末六页A4速查表_v108_母题层级强化版.tex","1517","likely-covered","模板：平板Couette流程","模板|平板Couette流程"
"期末六页A4速查表_v108_母题层级强化版.tex","1519","likely-covered","模板：两层流流程","模板|两层流流程"
"期末六页A4速查表_v108_母题层级强化版.tex","1521","likely-covered","模板：Stokes小球流程","模板|Stokes小球流程"
"期末六页A4速查表_v108_母题层级强化版.tex","1523","likely-covered","粘性解析题骨架","粘性解析题骨架"
"期末六页A4速查表_v108_母题层级强化版.tex","1525","likely-covered","小球低Re阻力","小球低Re阻力"
"期末六页A4速查表_v108_母题层级强化版.tex","1527","likely-covered","小球二次阻力终速","小球二次阻力终速"
"期末六页A4速查表_v108_母题层级强化版.tex","1529","likely-covered","圆管层流流量","圆管层流流量"
"期末六页A4速查表_v108_母题层级强化版.tex","1531","likely-covered","管内平均/最大速度","管内平均|最大速度"
"期末六页A4速查表_v108_母题层级强化版.tex","1533","likely-covered","壁面剪应力","壁面剪应力"
"期末六页A4速查表_v108_母题层级强化版.tex","1535","likely-covered","两板间流量","两板间流量"
"期末六页A4速查表_v108_母题层级强化版.tex","1537","likely-covered","薄板两侧油膜剪力","薄板两侧油膜剪力"
"期末六页A4速查表_v108_母题层级强化版.tex","1539","likely-covered","活塞/环隙油膜","活塞|环隙油膜"
"期末六页A4速查表_v108_母题层级强化版.tex","1541","likely-covered","两层流体剪力","两层流体剪力"
"期末六页A4速查表_v108_母题层级强化版.tex","1543","likely-covered","雷诺应力符号","雷诺应力符号"
"期末六页A4速查表_v108_母题层级强化版.tex","1545","likely-covered","粘性/阻力查表入口","粘性|阻力查表入口"
"期末六页A4速查表_v108_母题层级强化版.tex","1554","likely-covered","模板：Stokes","模板|Stokes"
"期末六页A4速查表_v108_母题层级强化版.tex","1556","likely-covered","图里有“圆管层流”","图里有“圆管层流”"
"期末六页A4速查表_v108_母题层级强化版.tex","1558","likely-covered","一维N--S/H--P骨架","一维N--S|H--P骨架"
"期末六页A4速查表_v108_母题层级强化版.tex","1563","likely-covered","母题6 边界层、外绕流阻力、综合收口","母题6|边界层|外绕流阻力|综合收口"
"期末六页A4速查表_v108_母题层级强化版.tex","1566","likely-covered","Prandtl 边界层/Blasius","Prandtl|边界层|Blasius"
"期末六页A4速查表_v108_母题层级强化版.tex","1573","likely-covered","位移/动量厚度/Von Karman","位移|动量厚度|Von|Karman"
"期末六页A4速查表_v108_母题层级强化版.tex","1578","likely-covered","常见剖面直接用","常见剖面直接用"
"期末六页A4速查表_v108_母题层级强化版.tex","1581","likely-covered","平板层流边界层油流","平板层流边界层油流"
"期末六页A4速查表_v108_母题层级强化版.tex","1584","likely-covered","平板题统一流程","平板题统一流程"
"期末六页A4速查表_v108_母题层级强化版.tex","1587","likely-covered","湍流近壁三层","湍流近壁三层"
"期末六页A4速查表_v108_母题层级强化版.tex","1589","likely-covered","壁律题写法","壁律题写法"
"期末六页A4速查表_v108_母题层级强化版.tex","1592","likely-covered","分离与阻力","分离与阻力"
"期末六页A4速查表_v108_母题层级强化版.tex","1594","likely-covered","外绕流阻力判断","外绕流阻力判断"
"期末六页A4速查表_v108_母题层级强化版.tex","1597","likely-covered","高频收口模型","高频收口模型"
"期末六页A4速查表_v108_母题层级强化版.tex","1609","likely-covered","过程分最小骨架","过程分最小骨架"
"期末六页A4速查表_v108_母题层级强化版.tex","1611","likely-covered","Von Karman边界层积分模板","Von|Karman边界层积分模板"
"期末六页A4速查表_v108_母题层级强化版.tex","1613","likely-covered","阻力系数换算","阻力系数换算"
"期末六页A4速查表_v108_母题层级强化版.tex","1615","likely-covered","边界层题检查","边界层题检查"
"期末六页A4速查表_v108_母题层级强化版.tex","1617","likely-covered","交卷前检查","交卷前检查"
"期末六页A4速查表_v108_母题层级强化版.tex","1619","likely-covered","外流阻力典型量","外流阻力典型量"
"期末六页A4速查表_v108_母题层级强化版.tex","1621","likely-covered","边界层分离答题句","边界层分离答题句"
"期末六页A4速查表_v108_母题层级强化版.tex","1623","likely-covered","公式许可检查","公式许可检查"
"期末六页A4速查表_v108_母题层级强化版.tex","1625","likely-covered","查书优先级","查书优先级"
"期末六页A4速查表_v108_母题层级强化版.tex","1628","likely-covered","平板边界层/Blasius","平板边界层|Blasius"
"期末六页A4速查表_v108_母题层级强化版.tex","1630","likely-covered","湍流/转捩平板","湍流|转捩平板"
"期末六页A4速查表_v108_母题层级强化版.tex","1632","likely-covered","平板外绕阻力型","平板外绕阻力型"
"期末六页A4速查表_v108_母题层级强化版.tex","1634","likely-covered","边界层动量积分","边界层动量积分"
"期末六页A4速查表_v108_母题层级强化版.tex","1636","likely-covered","分离/绕流阻力","分离|绕流阻力"
"期末六页A4速查表_v108_母题层级强化版.tex","1638","likely-covered","平板边界层/摩擦阻力/分离","平板边界层|摩擦阻力|分离"
"期末六页A4速查表_v108_母题层级强化版.tex","1640","likely-covered","平板边界层阻力","平板边界层阻力"
"期末六页A4速查表_v108_母题层级强化版.tex","1642","likely-covered","阻力系数图怎么用","阻力系数图怎么用"
"期末六页A4速查表_v108_母题层级强化版.tex","1644","likely-covered","层流/湍流/边界层","层流|湍流|边界层"
"期末六页A4速查表_v108_母题层级强化版.tex","1646","likely-covered","答案量纲检查","答案量纲检查"
"期末六页A4速查表_v108_母题层级强化版.tex","1648","likely-covered","边界层句","边界层句"
"期末六页A4速查表_v108_母题层级强化版.tex","1650","likely-covered","量纲相似满分模板","量纲相似满分模板"
"期末六页A4速查表_v108_母题层级强化版.tex","1654","likely-covered","边界层厚度种类","边界层厚度种类"
"期末六页A4速查表_v108_母题层级强化版.tex","1656","likely-covered","平板边界层混合","平板边界层混合"
"期末六页A4速查表_v108_母题层级强化版.tex","1658","likely-covered","“求升力/阻力”","“求升力|阻力”"
"期末六页A4速查表_v108_母题层级强化版.tex","1660","likely-covered","“判断边界层层流湍流”","“判断边界层层流湍流”"
"期末六页A4速查表_v108_母题层级强化版.tex","1662","likely-covered","“判断分离”","“判断分离”"
"期末六页A4速查表_v108_母题层级强化版.tex","1664","likely-covered","边界层+平板阻力","边界层+平板阻力"
"期末六页A4速查表_v108_母题层级强化版.tex","1666","likely-covered","相似准则","相似准则"
"期末六页A4速查表_v108_母题层级强化版.tex","1668","likely-covered","平板层流Blasius","平板层流Blasius"
"期末六页A4速查表_v108_母题层级强化版.tex","1670","likely-covered","平板边界层湍流","平板边界层湍流"
"期末六页A4速查表_v108_母题层级强化版.tex","1672","likely-covered","边界层积分","边界层积分"
"期末六页A4速查表_v108_母题层级强化版.tex","1676","likely-covered","流程F：给边界层/平板","流程F|给边界层|平板"
"期末六页A4速查表_v108_母题层级强化版.tex","1678","likely-covered","流程H：给相似/量纲","流程H|给相似|量纲"
"期末六页A4速查表_v108_母题层级强化版.tex","1680","likely-covered","错6：平板阻力用截面积","错6|平板阻力用截面积"
"期末六页A4速查表_v108_母题层级强化版.tex","1682","likely-covered","错12：边界层厚度和管半径混","错12|边界层厚度和管半径混"
"期末六页A4速查表_v108_母题层级强化版.tex","1684","likely-covered","标准解模板：边界层","标准解模板|边界层"
"期末六页A4速查表_v108_母题层级强化版.tex","1686","likely-covered","标准解模板：相似","标准解模板|相似"
"期末六页A4速查表_v108_母题层级强化版.tex","1688","likely-covered","为什么边界层存在","为什么边界层存在"
"期末六页A4速查表_v108_母题层级强化版.tex","1690","likely-covered","为什么逆压梯度会分离","为什么逆压梯度会分离"
"期末六页A4速查表_v108_母题层级强化版.tex","1692","likely-covered","为什么湍流阻力大","为什么湍流阻力大"
"期末六页A4速查表_v108_母题层级强化版.tex","1694","likely-covered","为什么扩压器易分离","为什么扩压器易分离"
"期末六页A4速查表_v108_母题层级强化版.tex","1696","likely-covered","为什么位移厚度叫位移","为什么位移厚度叫位移"
"期末六页A4速查表_v108_母题层级强化版.tex","1698","likely-covered","为什么动量厚度重要","为什么动量厚度重要"
"期末六页A4速查表_v108_母题层级强化版.tex","1700","likely-covered","平板层流厚度速算","平板层流厚度速算"
"期末六页A4速查表_v108_母题层级强化版.tex","1702","likely-covered","平板层流阻力速算","平板层流阻力速算"
"期末六页A4速查表_v108_母题层级强化版.tex","1704","likely-covered","湍流平板阻力速算","湍流平板阻力速算"
"期末六页A4速查表_v108_母题层级强化版.tex","1706","likely-covered","模板：Blasius平板边界层","模板|Blasius平板边界层"
"期末六页A4速查表_v108_母题层级强化版.tex","1708","likely-covered","模板：动量积分边界层","模板|动量积分边界层"
"期末六页A4速查表_v108_母题层级强化版.tex","1710","likely-covered","边界层题骨架","边界层题骨架"
"期末六页A4速查表_v108_母题层级强化版.tex","1712","likely-covered","平板拖曳阻力","平板拖曳阻力"
"期末六页A4速查表_v108_母题层级强化版.tex","1714","likely-covered","边界层位移厚度","边界层位移厚度"
"期末六页A4速查表_v108_母题层级强化版.tex","1716","likely-covered","边界层动量厚度","边界层动量厚度"
"期末六页A4速查表_v108_母题层级强化版.tex","1718","likely-covered","模型律","模型律"
"期末六页A4速查表_v108_母题层级强化版.tex","1720","likely-covered","模型力/压强换算","模型力|压强换算"
"期末六页A4速查表_v108_母题层级强化版.tex","1722","likely-covered","阻力图查图子链","阻力图查图子链"
"期末六页A4速查表_v108_母题层级强化版.tex","1724","likely-covered","图像：平板外流","图像|平板外流"
"期末六页A4速查表_v108_母题层级强化版.tex","1726","likely-covered","题干给 或外绕物","题干给|或外绕物"
"期末六页A4速查表_v108_母题层级强化版.tex","1728","likely-covered","题干给模型、相似、无量纲","题干给模型|相似|无量纲"
"期末六页A4速查表_v108_母题层级强化版.tex","1730","likely-covered","相似律换算","相似律换算"
"期末六页A4速查表_v108_母题层级强化版.tex","1732","likely-covered","Buckingham易错","Buckingham易错"
"期末六页A4速查表_v108_母题层级强化版.tex","1734","likely-covered","边界层积分长题","边界层积分长题"
"期末六页A4速查表_v108_母题层级强化版.tex","1736","likely-covered","有压梯度/分离","有压梯度|分离"
"期末六页A4速查表_v108_母题层级强化版.tex","1738","likely-covered","外绕流阻力图","外绕流阻力图"
"期末六页A4速查表_v108_母题层级强化版.tex","1740","likely-covered","相似律严格答法","相似律严格答法"
"期末六页A4速查表_v108_母题层级强化版.tex","1742","likely-covered","Buckingham 写法","Buckingham|写法"
"期末六页A4速查表_v108_母题层级强化版.tex","1744","likely-covered","边界层积分推导入口","边界层积分推导入口"
"期末六页A4速查表_v108_母题层级强化版.tex","1746","likely-covered","水击/水波最小保分","水击|水波最小保分"
"期末六页A4速查表_v108_母题层级强化版.tex","1748","likely-covered","Re/Fr冲突/水波/水击","Re|Fr冲突|水波|水击"
"期末六页A4速查表_v108_母题层级强化版.tex","1750","likely-covered","阻力危机/减阻","阻力危机|减阻"
"期末六页A4速查表_v108_母题层级强化版.tex","1752","likely-covered","边界层特点/积分题/指数律","边界层特点|积分题|指数律"
"期末六页A4速查表_v108_母题层级强化版.tex","1753","likely-covered","三个厚度","三个厚度"
"期末六页A4速查表_v108_母题层级强化版.tex","1759","likely-covered","Karman--Pohlhausen配边界","Karman--Pohlhausen配边界"
"期末六页A4速查表_v108_母题层级强化版.tex","1761","likely-covered","平板阻力","平板阻力"
"期末六页A4速查表_v108_母题层级强化版.tex","1763","likely-covered","分离判断","分离判断"
"期末六页A4速查表_v108_母题层级强化版.tex","1765","likely-covered","量纲齐次/Rayleigh写法","量纲齐次|Rayleigh写法"
"期末六页A4速查表_v108_母题层级强化版.tex","1767","likely-covered","Buckingham /相似准则流程","Buckingham|相似准则流程"
"期末六页A4速查表_重整版五_母题子题全集版.tex","80","likely-covered","母题1：水池/油箱/管路/泵阀/水轮机综合","母题1|水池|油箱|管路"
"期末六页A4速查表_重整版五_母题子题全集版.tex","82","likely-covered","两油箱变径突扩管 15 分真题","两油箱变径突扩管|15|分真题"
"期末六页A4速查表_重整版五_母题子题全集版.tex","84","likely-covered","看到什么用","看到什么用"
"期末六页A4速查表_重整版五_母题子题全集版.tex","86","likely-covered","求流量","求流量"
"期末六页A4速查表_重整版五_母题子题全集版.tex","92","likely-covered","求 A/B 点压强","点压强"
"期末六页A4速查表_重整版五_母题子题全集版.tex","96","likely-covered","求泵安装高度/汽蚀","求泵安装高度|汽蚀"
"期末六页A4速查表_重整版五_母题子题全集版.tex","100","likely-covered","求泵功率/水轮机功率","求泵功率|水轮机功率"
"期末六页A4速查表_重整版五_母题子题全集版.tex","104","likely-covered","串联/并联管路","串联|并联管路"
"期末六页A4速查表_重整版五_母题子题全集版.tex","108","likely-covered","Moody/Colebrook","Moody|Colebrook"
"期末六页A4速查表_重整版五_母题子题全集版.tex","112","likely-covered","常见扣分","常见扣分"
"期末六页A4速查表_重整版五_母题子题全集版.tex","115","likely-covered","母题2：静水压/测压计/闸门/曲面/浮力","母题2|静水压|测压计|闸门"
"期末六页A4速查表_重整版五_母题子题全集版.tex","116","likely-covered","看到什么用","看到什么用"
"期末六页A4速查表_重整版五_母题子题全集版.tex","118","likely-covered","U 管/多管测压计","多管测压计"
"期末六页A4速查表_重整版五_母题子题全集版.tex","120","likely-covered","密闭容器油水分层","密闭容器油水分层"
"期末六页A4速查表_重整版五_母题子题全集版.tex","122","likely-covered","平面闸门","平面闸门"
"期末六页A4速查表_重整版五_母题子题全集版.tex","126","likely-covered","曲面压力","曲面压力"
"期末六页A4速查表_重整版五_母题子题全集版.tex","130","likely-covered","浮力/稳定","浮力|稳定"
"期末六页A4速查表_重整版五_母题子题全集版.tex","132","likely-covered","常见扣分","常见扣分"
"期末六页A4速查表_重整版五_母题子题全集版.tex","135","likely-covered","母题3：CV 动量，弯管/喷嘴/射流/叶片","母题3|CV|动量|弯管"
"期末六页A4速查表_重整版五_母题子题全集版.tex","136","likely-covered","看到什么用","看到什么用"
"期末六页A4速查表_重整版五_母题子题全集版.tex","138","likely-covered","弯管/变径管受力","弯管|变径管受力"
"期末六页A4速查表_重整版五_母题子题全集版.tex","142","likely-covered","喷嘴/消防水枪/固定板","喷嘴|消防水枪|固定板"
"期末六页A4速查表_重整版五_母题子题全集版.tex","144","likely-covered","射流冲击平板","射流冲击平板"
"期末六页A4速查表_重整版五_母题子题全集版.tex","146","likely-covered","运动叶片/水轮机","运动叶片|水轮机"
"期末六页A4速查表_重整版五_母题子题全集版.tex","149","likely-covered","常见扣分","常见扣分"
"期末六页A4速查表_重整版五_母题子题全集版.tex","156","likely-covered","母题4：势流叠加，源/汇/涡/偶极子/镜像","母题4|势流叠加|偶极子|镜像"
"期末六页A4速查表_重整版五_母题子题全集版.tex","158","likely-covered","看到什么用","看到什么用"
"期末六页A4速查表_重整版五_母题子题全集版.tex","160","likely-covered","基本流叠加","基本流叠加"
"期末六页A4速查表_重整版五_母题子题全集版.tex","175","likely-covered","壁面镜像","壁面镜像"
"期末六页A4速查表_重整版五_母题子题全集版.tex","177","likely-covered","点源+均匀流半体","点源+均匀流半体"
"期末六页A4速查表_重整版五_母题子题全集版.tex","179","likely-covered","环量/流量","环量|流量"
"期末六页A4速查表_重整版五_母题子题全集版.tex","181","likely-covered","常见扣分","常见扣分"
"期末六页A4速查表_重整版五_母题子题全集版.tex","184","likely-covered","母题5：圆柱/半圆柱势流，压力积分与升力","母题5|圆柱|半圆柱势流|压力积分与升力"
"期末六页A4速查表_重整版五_母题子题全集版.tex","185","likely-covered","半圆柱气膜馆 15 分真题","半圆柱气膜馆|15|分真题"
"期末六页A4速查表_重整版五_母题子题全集版.tex","187","likely-covered","看到什么用","看到什么用"
"期末六页A4速查表_重整版五_母题子题全集版.tex","193","likely-covered","压力分布","压力分布"
"期末六页A4速查表_重整版五_母题子题全集版.tex","201","likely-covered","有环量圆柱","有环量圆柱"
"期末六页A4速查表_重整版五_母题子题全集版.tex","205","likely-covered","达朗贝尔佯谬/机翼","达朗贝尔佯谬|机翼"
"期末六页A4速查表_重整版五_母题子题全集版.tex","207","likely-covered","常见扣分","常见扣分"
"期末六页A4速查表_重整版五_母题子题全集版.tex","210","likely-covered","母题6：运动学、流函数/势函数、非定常伯努利","母题6|运动学|流函数|势函数"
"期末六页A4速查表_重整版五_母题子题全集版.tex","213","likely-covered","求速度势/流函数","求速度势|流函数"
"期末六页A4速查表_重整版五_母题子题全集版.tex","215","likely-covered","流线/迹线","流线|迹线"
"期末六页A4速查表_重整版五_母题子题全集版.tex","217","likely-covered","U 管水柱振荡","管水柱振荡"
"期末六页A4速查表_重整版五_母题子题全集版.tex","220","likely-covered","膨胀/收缩球","膨胀|收缩球"
"期末六页A4速查表_重整版五_母题子题全集版.tex","224","likely-covered","常见扣分","常见扣分"
"期末六页A4速查表_重整版五_母题子题全集版.tex","231","likely-covered","母题7：可压缩基本链，等熵、临界、质量流量","母题7|可压缩基本链|等熵|临界"
"期末六页A4速查表_重整版五_母题子题全集版.tex","233","likely-covered","看到什么用","看到什么用"
"期末六页A4速查表_重整版五_母题子题全集版.tex","251","likely-covered","0.528 易错","0.528|易错"
"期末六页A4速查表_重整版五_母题子题全集版.tex","254","likely-covered","母题8：Laval 喷管背压状态 + 汞柱 + 正激波","母题8|Laval|喷管背压状态|汞柱"
"期末六页A4速查表_重整版五_母题子题全集版.tex","255","likely-covered","Laval 汞柱真题","Laval|汞柱真题"
"期末六页A4速查表_重整版五_母题子题全集版.tex","257","likely-covered","测压计反推背压","测压计反推背压"
"期末六页A4速查表_重整版五_母题子题全集版.tex","261","likely-covered","面积比求出口两支","面积比求出口两支"
"期末六页A4速查表_重整版五_母题子题全集版.tex","264","likely-covered","三个关键背压","三个关键背压"
"期末六页A4速查表_重整版五_母题子题全集版.tex","271","likely-covered","判断激波位置","判断激波位置"
"期末六页A4速查表_重整版五_母题子题全集版.tex","273","likely-covered","设计工况汞柱","设计工况汞柱"
"期末六页A4速查表_重整版五_母题子题全集版.tex","276","likely-covered","常见扣分","常见扣分"
"期末六页A4速查表_重整版五_母题子题全集版.tex","279","likely-covered","母题9：喷管其他子题，渐缩/最大流量/内激波","母题9|喷管其他子题|渐缩|最大流量"
"期末六页A4速查表_重整版五_母题子题全集版.tex","280","likely-covered","渐缩喷管","渐缩喷管"
"期末六页A4速查表_重整版五_母题子题全集版.tex","282","likely-covered","给最大流量反求入口 Ma 或面积","给最大流量反求入口|Ma|或面积"
"期末六页A4速查表_重整版五_母题子题全集版.tex","286","likely-covered","激波在管内给定位置","激波在管内给定位置"
"期末六页A4速查表_重整版五_母题子题全集版.tex","288","likely-covered","查表动作","查表动作"
"期末六页A4速查表_重整版五_母题子题全集版.tex","295","likely-covered","母题10：正激波、斜激波、PM 膨胀波","母题10|正激波|斜激波|PM"
"期末六页A4速查表_重整版五_母题子题全集版.tex","297","likely-covered","看到什么用","看到什么用"
"期末六页A4速查表_重整版五_母题子题全集版.tex","299","likely-covered","正激波","正激波"
"期末六页A4速查表_重整版五_母题子题全集版.tex","306","likely-covered","斜激波","斜激波"
"期末六页A4速查表_重整版五_母题子题全集版.tex","312","likely-covered","PM 膨胀波","PM|膨胀波"
"期末六页A4速查表_重整版五_母题子题全集版.tex","318","likely-covered","外喷管欠/过膨胀","外喷管欠|过膨胀"
"期末六页A4速查表_重整版五_母题子题全集版.tex","320","likely-covered","查表动作","查表动作"
"期末六页A4速查表_重整版五_母题子题全集版.tex","322","likely-covered","常见扣分","常见扣分"
"期末六页A4速查表_重整版五_母题子题全集版.tex","326","likely-covered","阻塞为什么流量不再增大","阻塞为什么流量不再增大"
"期末六页A4速查表_重整版五_母题子题全集版.tex","328","likely-covered","背压、出口内压、喉部压强","背压|出口内压|喉部压强"
"期末六页A4速查表_重整版五_母题子题全集版.tex","336","likely-covered","看到什么用","看到什么用"
"期末六页A4速查表_重整版五_母题子题全集版.tex","338","likely-covered","Buckingham 定理","Buckingham|定理"
"期末六页A4速查表_重整版五_母题子题全集版.tex","342","likely-covered","模型相似","模型相似"
"期末六页A4速查表_重整版五_母题子题全集版.tex","346","likely-covered","Re/Fr 不能同时满足","Re|Fr|不能同时满足"
"期末六页A4速查表_重整版五_母题子题全集版.tex","348","likely-covered","常见扣分","常见扣分"
"期末六页A4速查表_重整版五_母题子题全集版.tex","351","likely-covered","母题13：水击/水波/声速小题","母题13|水击|水波|声速小题"
"期末六页A4速查表_重整版五_母题子题全集版.tex","356","likely-covered","声速/马赫数","声速|马赫数"
"期末六页A4速查表_重整版五_母题子题全集版.tex","358","likely-covered","线性水波","线性水波"
"期末六页A4速查表_重整版五_母题子题全集版.tex","365","likely-covered","母题14：粘性精确解，N-S 简化到速度分布","母题14|粘性精确解|N-S|简化到速度分布"
"期末六页A4速查表_重整版五_母题子题全集版.tex","367","likely-covered","看到什么用","看到什么用"
"期末六页A4速查表_重整版五_母题子题全集版.tex","373","likely-covered","普通 Couette","普通|Couette"
"期末六页A4速查表_重整版五_母题子题全集版.tex","375","likely-covered","Poiseuille 平板/圆管","Poiseuille|平板|圆管"
"期末六页A4速查表_重整版五_母题子题全集版.tex","379","likely-covered","两层 Couette","两层|Couette"
"期末六页A4速查表_重整版五_母题子题全集版.tex","383","likely-covered","倾斜平板","倾斜平板"
"期末六页A4速查表_重整版五_母题子题全集版.tex","387","likely-covered","小球 Stokes 终速","小球|Stokes|终速"
"期末六页A4速查表_重整版五_母题子题全集版.tex","391","likely-covered","常见扣分","常见扣分"
"期末六页A4速查表_重整版五_母题子题全集版.tex","394","likely-covered","母题15：管内层流/湍流、壁面律、摩擦系数","母题15|管内层流|湍流|壁面律"
"期末六页A4速查表_重整版五_母题子题全集版.tex","395","likely-covered","看到什么用","看到什么用"
"期末六页A4速查表_重整版五_母题子题全集版.tex","400","likely-covered","层流圆管","层流圆管"
"期末六页A4速查表_重整版五_母题子题全集版.tex","407","likely-covered","常见扣分","常见扣分"
"期末六页A4速查表_重整版五_母题子题全集版.tex","410","likely-covered","母题16：管路工程题与泵/水轮机","母题16|管路工程题与泵|水轮机"
"期末六页A4速查表_重整版五_母题子题全集版.tex","413","likely-covered","吸水高度","吸水高度"
"期末六页A4速查表_重整版五_母题子题全集版.tex","417","likely-covered","水轮机输出功率","水轮机输出功率"
"期末六页A4速查表_重整版五_母题子题全集版.tex","419","likely-covered","粗糙管反推粗糙度","粗糙管反推粗糙度"
"期末六页A4速查表_重整版五_母题子题全集版.tex","421","likely-covered","常见扣分","常见扣分"
"期末六页A4速查表_重整版五_母题子题全集版.tex","428","likely-covered","母题17：边界层、外绕流阻力、终端速度","母题17|边界层|外绕流阻力|终端速度"
"期末六页A4速查表_重整版五_母题子题全集版.tex","430","likely-covered","看到什么用","看到什么用"
"期末六页A4速查表_重整版五_母题子题全集版.tex","432","likely-covered","平板层流边界层","平板层流边界层"
"期末六页A4速查表_重整版五_母题子题全集版.tex","443","likely-covered","终端速度","终端速度"
"期末六页A4速查表_重整版五_母题子题全集版.tex","447","likely-covered","边界层概念","边界层概念"
"期末六页A4速查表_重整版五_母题子题全集版.tex","449","likely-covered","常见扣分","常见扣分"
"期末六页A4速查表_重整版五_母题子题全集版.tex","452","likely-covered","母题18：应力张量、变形率、N-S 概念","母题18|应力张量|变形率|N-S"
"期末六页A4速查表_重整版五_母题子题全集版.tex","453","likely-covered","看到什么用","看到什么用"
"期末六页A4速查表_重整版五_母题子题全集版.tex","455","likely-covered","应力向量","应力向量"
"期末六页A4速查表_重整版五_母题子题全集版.tex","459","likely-covered","曲面上一点应力","曲面上一点应力"
"期末六页A4速查表_重整版五_母题子题全集版.tex","461","likely-covered","散度求体力","散度求体力"
"期末六页A4速查表_重整版五_母题子题全集版.tex","463","likely-covered","为什么应力张量对称","为什么应力张量对称"
"期末六页A4速查表_重整版五_母题子题全集版.tex","465","likely-covered","常见扣分","常见扣分"
"期末六页A4速查表_重整版五_母题子题全集版.tex","497","likely-covered","母题21：若题目是证明/解释题","母题21|若题目是证明|解释题"
"期末六页A4速查表_重整版五_母题子题全集版.tex","498","likely-covered","答题骨架","答题骨架"
"期末六页A4速查表_重整版五_母题子题全集版.tex","500","likely-covered","老师终课关键词归位","老师终课关键词归位"
"期末六页A4速查表_v106_严格母题子题六页版.tex","298","weak-or-missing","母题3 可压缩等熵流与Laval喷管","母题3|可压缩等熵流与Laval喷管"
"期末六页A4速查表_v108_母题层级强化版.tex","953","weak-or-missing","母题3 可压缩等熵流与Laval喷管","母题3|可压缩等熵流与Laval喷管"
"期末六页A4速查表_重整版五_母题子题全集版.tex","189","weak-or-missing","无环量圆柱速度","无环量圆柱速度"
"期末六页A4速查表_重整版五_母题子题全集版.tex","196","weak-or-missing","半圆柱升力","半圆柱升力"
"期末六页A4速查表_重整版五_母题子题全集版.tex","211","weak-or-missing","给速度场判不可压/无旋","给速度场判不可压|无旋"
"期末六页A4速查表_重整版五_母题子题全集版.tex","304","weak-or-missing","正激波性质","正激波性质"
"期末六页A4速查表_重整版五_母题子题全集版.tex","325","weak-or-missing","母题11：可压缩概念题归位","母题11|可压缩概念题归位"
"期末六页A4速查表_重整版五_母题子题全集版.tex","330","weak-or-missing","总压为什么跨激波下降","总压为什么跨激波下降"
"期末六页A4速查表_重整版五_母题子题全集版.tex","332","weak-or-missing","激波/膨胀波判断","激波|膨胀波判断"
"期末六页A4速查表_重整版五_母题子题全集版.tex","335","weak-or-missing","母题12：量纲分析与相似准则","母题12|量纲分析与相似准则"
"期末六页A4速查表_重整版五_母题子题全集版.tex","369","weak-or-missing","通用落笔","通用落笔"
"期末六页A4速查表_重整版五_母题子题全集版.tex","397","weak-or-missing","流态判断","流态判断"
"期末六页A4速查表_重整版五_母题子题全集版.tex","403","weak-or-missing","湍流壁面分区","湍流壁面分区"
"期末六页A4速查表_重整版五_母题子题全集版.tex","405","weak-or-missing","第1题边界层厚度类","第1题边界层厚度类"
"期末六页A4速查表_重整版五_母题子题全集版.tex","411","weak-or-missing","离心泵吸水管最大安装高度","离心泵吸水管最大安装高度"
"期末六页A4速查表_重整版五_母题子题全集版.tex","436","weak-or-missing","平板湍流/混合边界层","平板湍流|混合边界层"
"期末六页A4速查表_重整版五_母题子题全集版.tex","440","weak-or-missing","球/圆柱外绕流阻力","圆柱外绕流阻力"
"期末六页A4速查表_重整版五_母题子题全集版.tex","468","weak-or-missing","母题19：新卷快速定位总索引","母题19|新卷快速定位总索引"
"期末六页A4速查表_重整版五_母题子题全集版.tex","483","weak-or-missing","母题20：最终易错检查卡","母题20|最终易错检查卡"
